func,file,src,line_no,verb,family,recipe,coverage,distance,status,verdict,text
func_80017FA0,code6cac,regfix.txt,38,subst,register-rename,register-alloc-pure-c,COVERED,13,parked,C,"func_80017FA0: subst ""\$3"" ""$1"" @ 8"
func_80017FA0,code6cac,regfix.txt,39,subst,register+displacement,register-alloc-pure-c,PARTIAL,13,parked,C,"func_80017FA0: subst ""0\(\$3\)"" ""0xb8($1)"" @ 10"
func_80017FA0,code6cac,regfix.txt,40,delete,delete-instruction,store-const-reload-cse,PARTIAL,13,parked,C,func_80017FA0: delete @ 9
func_80017FA0,code6cac,regfix.txt,42,subst,instruction-suppress-to-nop,dead-store-fake-exception,PARTIAL,13,parked,C,"func_80017FA0: subst ""lui.*"" ""nop"" @ 55"
func_80017FA0,code6cac,regfix.txt,43,subst,scratchpad-abs-address,scratchpad-gte,COVERED,13,parked,C,"func_80017FA0: subst ""ori.*"" ""lui $1,0x1f80"" @ 57"
func_80017FA0,code6cac,regfix.txt,44,subst,register+displacement,register-alloc-pure-c,PARTIAL,13,parked,C,"func_80017FA0: subst ""0\(\$3\)"" ""0x60($1)"" @ 58"
CD_datasync,system,regfix.txt,71,swap,register-swap-range,register-alloc-pure-c,COVERED,18,parked,C,CD_datasync: $16 <-> $18
CD_datasync,system,regfix.txt,72,swap,register-swap-range,register-alloc-pure-c,COVERED,18,parked,C,CD_datasync: $16 <-> $17
CD_datasync,system,regfix.txt,74,subst,memory-displacement,defeat-combine-symbol-fold,PARTIAL,18,parked,C,"CD_datasync: subst "",24\("" "",32("" @ 1"
CD_datasync,system,regfix.txt,75,subst,memory-displacement,defeat-combine-symbol-fold,PARTIAL,18,parked,C,"CD_datasync: subst "",32\("" "",28("" @ 6"
CD_datasync,system,regfix.txt,76,subst,memory-displacement,defeat-combine-symbol-fold,PARTIAL,18,parked,C,"CD_datasync: subst "",28\("" "",24("" @ 8"
CD_datasync,system,regfix.txt,78,swap,register-swap-range,register-alloc-pure-c,COVERED,18,parked,C,CD_datasync: $2 <-> $3 @ 35-35
CD_datasync,system,regfix.txt,79,swap,register-swap-range,register-alloc-pure-c,COVERED,18,parked,C,CD_datasync: $2 <-> $3 @ 38-39
CD_datasync,system,regfix.txt,81,swap,register-swap-range,register-alloc-pure-c,COVERED,18,parked,C,CD_datasync: $2 <-> $4 @ 36-36
CD_datasync,system,regfix.txt,82,swap,register-swap-range,register-alloc-pure-c,COVERED,18,parked,C,CD_datasync: $2 <-> $4 @ 40-42
CD_datasync,system,regfix.txt,84,subst,register-rename,register-alloc-pure-c,COVERED,18,parked,C,"CD_datasync: subst ""0\(\$3\)"" ""0($2)"" @ 44"
CD_datasync,system,regfix.txt,86,reorder,reorder-scheduling,loop-exit-work-inside-loop-sched-fence,COVERED,18,parked,C,"CD_datasync: reorder 36,35,37,38,39,40,44,43,41,45,46,47,48,42 @ 35-48"
CD_datasync,system,regfix.txt,88,subst,memory-displacement,defeat-combine-symbol-fold,PARTIAL,18,parked,C,"CD_datasync: subst "",32\("" "",28("" @ 70"
CD_datasync,system,regfix.txt,89,subst,memory-displacement,defeat-combine-symbol-fold,PARTIAL,18,parked,C,"CD_datasync: subst "",28\("" "",24("" @ 71"
CD_datasync,system,regfix.txt,90,subst,memory-displacement,defeat-combine-symbol-fold,PARTIAL,18,parked,C,"CD_datasync: subst "",24\("" "",32("" @ 72"
CD_datasync,system,regfix.txt,92,reorder,reorder-scheduling,loop-exit-work-inside-loop-sched-fence,COVERED,18,parked,C,"CD_datasync: reorder 72,70,71 @ 70-72"
func_80083794,ings2,regfix.txt,101,swap,register-swap-range,register-alloc-pure-c,COVERED,23,parked,C,func_80083794: $2 <-> $8 @ 0-7
func_80083794,ings2,regfix.txt,102,reorder,reorder-scheduling,loop-exit-work-inside-loop-sched-fence,COVERED,23,parked,C,"func_80083794: reorder 2,3,5,4 @ 2-5"
func_80083794,ings2,regfix.txt,103,subst,register+displacement,register-alloc-pure-c,PARTIAL,23,parked,C,"func_80083794: subst ""\$31,8"" ""$16,4"" @ 2"
func_80083794,ings2,regfix.txt,104,subst,memory-displacement,defeat-combine-symbol-fold,PARTIAL,23,parked,C,"func_80083794: subst "",4\("" "",8("" @ 3"
func_80083794,ings2,regfix.txt,105,subst,register+displacement,register-alloc-pure-c,PARTIAL,23,parked,C,"func_80083794: subst ""\$16,0\("" ""$31,0xc("" @ 5"
func_80083794,ings2,regfix.txt,106,subst,opcode-change,proven-spelling-class-reconstruction,PARTIAL,23,parked,C,"func_80083794: subst ""addiu"" ""ori"" @ 6"
func_80083794,ings2,regfix.txt,107,subst,memory-displacement,defeat-combine-symbol-fold,PARTIAL,23,parked,C,"func_80083794: subst "",8\("" "",0xc("" @ 18"
func_80083794,ings2,regfix.txt,108,subst,memory-displacement,defeat-combine-symbol-fold,PARTIAL,23,parked,C,"func_80083794: subst "",4\("" "",8("" @ 19"
func_80083794,ings2,regfix.txt,109,subst,memory-displacement,defeat-combine-symbol-fold,PARTIAL,23,parked,C,"func_80083794: subst "",0\("" "",4("" @ 20"
motion_Close,ings2,regfix.txt,112,swap,register-swap-range,register-alloc-pure-c,COVERED,21,parked,C,motion_Close: $2 <-> $8 @ 0-4
motion_Close,ings2,regfix.txt,113,insert,nop-scheduling-insert,maspsx-label-nop-gate,COVERED,21,parked,C,"motion_Close: insert ""nop"" @ 6"
motion_Close,ings2,regfix.txt,114,reorder,reorder-scheduling,loop-exit-work-inside-loop-sched-fence,COVERED,21,parked,C,"motion_Close: reorder 2,3,5,4 @ 2-5"
motion_Close,ings2,regfix.txt,115,subst,register+displacement,register-alloc-pure-c,PARTIAL,21,parked,C,"motion_Close: subst ""\$31,8"" ""$16,4"" @ 2"
motion_Close,ings2,regfix.txt,116,subst,memory-displacement,defeat-combine-symbol-fold,PARTIAL,21,parked,C,"motion_Close: subst "",4\("" "",8("" @ 3"
motion_Close,ings2,regfix.txt,117,subst,register+displacement,register-alloc-pure-c,PARTIAL,21,parked,C,"motion_Close: subst ""\$16,0\("" ""$31,0xc("" @ 5"
motion_Close,ings2,regfix.txt,118,subst,memory-displacement,defeat-combine-symbol-fold,PARTIAL,21,parked,C,"motion_Close: subst "",8\("" "",0xc("" @ 16"
motion_Close,ings2,regfix.txt,119,subst,memory-displacement,defeat-combine-symbol-fold,PARTIAL,21,parked,C,"motion_Close: subst "",4\("" "",8("" @ 17"
motion_Close,ings2,regfix.txt,120,subst,memory-displacement,defeat-combine-symbol-fold,PARTIAL,21,parked,C,"motion_Close: subst "",0\("" "",4("" @ 18"
func_8003800C,code6cac_c_mid,regfix.txt,122,swap,register-swap-range,register-alloc-pure-c,COVERED,9,parked,C,func_8003800C: $4 <-> $5 @ 7-15
func_8003800C,code6cac_c_mid,regfix.txt,125,subst,opcode-change,proven-spelling-class-reconstruction,PARTIAL,9,parked,C,"func_8003800C: subst ""addu	\$4,\$9,\$zero"" ""lui $8,0x8000"" @ 55"
func_8003800C,code6cac_c_mid,regfix.txt,126,subst,opcode-change,proven-spelling-class-reconstruction,PARTIAL,9,parked,C,"func_8003800C: subst ""addu	\$6,\$4,\$zero"" ""lui $7,0x001f"" @ 56"
func_8003800C,code6cac_c_mid,regfix.txt,127,subst,opcode-change,proven-spelling-class-reconstruction,PARTIAL,9,parked,C,"func_8003800C: subst ""lui	\$8,.*"" ""ori $7,$7,0xffff"" @ 57"
func_8003800C,code6cac_c_mid,regfix.txt,128,subst,opcode-change,proven-spelling-class-reconstruction,PARTIAL,9,parked,C,"func_8003800C: subst ""lui	\$7,.*"" ""addu $4,$9,$zero"" @ 58"
func_8003800C,code6cac_c_mid,regfix.txt,129,subst,opcode-change,proven-spelling-class-reconstruction,PARTIAL,9,parked,C,"func_8003800C: subst ""ori	\$7,\$7,0xffff"" ""addu $6,$4,$zero"" @ 59"
func_8003800C,code6cac_c_mid,regfix.txt,131,insert,nop-scheduling-insert,maspsx-label-nop-gate,COVERED,9,parked,C,"func_8003800C: insert ""nop"" @ 53"
func_8003800C,code6cac_c_mid,regfix.txt,133,reorder,reorder-scheduling,loop-exit-work-inside-loop-sched-fence,COVERED,9,parked,C,"func_8003800C: reorder 55,54 @ 54-55"
func_80034F88,code6cac_b,regfix.txt,147,subst,register-rename,register-alloc-pure-c,COVERED,24,parked,C,"func_80034F88: subst ""la\t\$5,"" ""la	$3,"" @ 4"
func_80034F88,code6cac_b,regfix.txt,148,subst,register-rename,register-alloc-pure-c,COVERED,24,parked,C,"func_80034F88: subst ""\$3,0\(\$5\)"" ""$4,0($3)"" @ 5"
func_80034F88,code6cac_b,regfix.txt,149,subst,register-rename,register-alloc-pure-c,COVERED,24,parked,C,"func_80034F88: subst ""\$6,\$2"" ""$5,$2"" @ 6"
func_80034F88,code6cac_b,regfix.txt,150,subst,register-rename,register-alloc-pure-c,COVERED,24,parked,C,"func_80034F88: subst ""\$3,\$3"" ""$4,$4"" @ 7"
func_80034F88,code6cac_b,regfix.txt,151,subst,register-rename,register-alloc-pure-c,COVERED,24,parked,C,"func_80034F88: subst ""\$3,0\(\$5\)"" ""$4,0($3)"" @ 8"
func_80034F88,code6cac_b,regfix.txt,152,subst,register-rename,register-alloc-pure-c,COVERED,24,parked,C,"func_80034F88: subst ""0\(\$5\)"" ""0($3)"" @ 9"
func_80034F88,code6cac_b,regfix.txt,153,subst,register-rename,register-alloc-pure-c,COVERED,24,parked,C,"func_80034F88: subst ""32\(\$6\)"" ""32($5)"" @ 10"
func_80034F88,code6cac_b,regfix.txt,154,subst,register-rename,register-alloc-pure-c,COVERED,24,parked,C,"func_80034F88: subst ""\$3,\$4"" ""$2,$4"" @ 14"
func_80034F88,code6cac_b,regfix.txt,155,subst,register-rename,register-alloc-pure-c,COVERED,24,parked,C,"func_80034F88: subst ""\$3,\$4"" ""$2,$4"" @ 15"
func_80034F88,code6cac_b,regfix.txt,156,subst,register-rename,register-alloc-pure-c,COVERED,24,parked,C,"func_80034F88: subst ""\$3,0\(\$5\)"" ""$2,0($3)"" @ 16"
func_80034F88,code6cac_b,regfix.txt,157,subst,register-rename,register-alloc-pure-c,COVERED,24,parked,C,"func_80034F88: subst ""\$4,0\(\$5\)"" ""$3,0($4)"" @ 17"
func_80034F88,code6cac_b,regfix.txt,158,subst,register-rename,register-alloc-pure-c,COVERED,24,parked,C,"func_80034F88: subst ""32\(\$6\)"" ""32($5)"" @ 18"
func_80034F88,code6cac_b,regfix.txt,159,subst,register-rename,register-alloc-pure-c,COVERED,24,parked,C,"func_80034F88: subst ""\$3,\$4"" ""$2,$3"" @ 22"
func_80034F88,code6cac_b,regfix.txt,160,subst,register-rename,register-alloc-pure-c,COVERED,24,parked,C,"func_80034F88: subst ""\$3,\$4"" ""$2,$3"" @ 23"
func_80034F88,code6cac_b,regfix.txt,161,subst,register-rename,register-alloc-pure-c,COVERED,24,parked,C,"func_80034F88: subst ""\$3,0\(\$5\)"" ""$2,0($4)"" @ 24"
func_80034F88,code6cac_b,regfix.txt,162,subst,register-rename,register-alloc-pure-c,COVERED,24,parked,C,"func_80034F88: subst ""\$4,0\(\$5\)"" ""$3,0($4)"" @ 25"
func_80034F88,code6cac_b,regfix.txt,163,subst,register-rename,register-alloc-pure-c,COVERED,24,parked,C,"func_80034F88: subst ""32\(\$6\)"" ""32($5)"" @ 26"
func_80034F88,code6cac_b,regfix.txt,164,subst,register-rename,register-alloc-pure-c,COVERED,24,parked,C,"func_80034F88: subst ""\$3,\$4"" ""$2,$3"" @ 30"
func_80034F88,code6cac_b,regfix.txt,165,subst,register-rename,register-alloc-pure-c,COVERED,24,parked,C,"func_80034F88: subst ""\$3,\$4"" ""$2,$3"" @ 31"
func_80034F88,code6cac_b,regfix.txt,166,subst,register-rename,register-alloc-pure-c,COVERED,24,parked,C,"func_80034F88: subst ""\$3,0\(\$5\)"" ""$2,0($4)"" @ 32"
func_80034F88,code6cac_b,regfix.txt,167,subst,register-rename,register-alloc-pure-c,COVERED,24,parked,C,"func_80034F88: subst ""\$2,\$3,\$6"" ""$2,$5,$3"" @ 34"
func_80034F88,code6cac_b,regfix.txt,168,subst,register-rename,register-alloc-pure-c,COVERED,24,parked,C,"func_80034F88: subst ""\$2,\$3,\$6"" ""$2,$5,$3"" @ 40"
func_80034F88,code6cac_b,regfix.txt,169,delete,delete-instruction,store-const-reload-cse,PARTIAL,24,parked,C,func_80034F88: delete @ 27
func_80034F88,code6cac_b,regfix.txt,170,delete,delete-instruction,store-const-reload-cse,PARTIAL,24,parked,C,func_80034F88: delete @ 19
func_80034F88,code6cac_b,regfix.txt,171,delete,delete-instruction,store-const-reload-cse,PARTIAL,24,parked,C,func_80034F88: delete @ 11
func_80034F88,code6cac_b,regfix.txt,172,insert,instruction-injection-insert,lost-codegen-insert-cheat,COVERED-FORBIDDEN,24,parked,C,"func_80034F88: insert ""la	$4,D_80106A73"" @ 15"
func_80034F88,code6cac_b,regfix.txt,173,insert,instruction-injection-insert,lost-codegen-insert-cheat,COVERED-FORBIDDEN,24,parked,C,"func_80034F88: insert ""la	$4,D_80106A73"" @ 23"
func_80034F88,code6cac_b,regfix.txt,174,reorder,reorder-scheduling,loop-exit-work-inside-loop-sched-fence,COVERED,24,parked,C,"func_80034F88: reorder 10,9 @ 9-10"
func_80034F88,code6cac_b,regfix.txt,175,reorder,reorder-scheduling,loop-exit-work-inside-loop-sched-fence,COVERED,24,parked,C,"func_80034F88: reorder 18,17 @ 17-18"
func_80034F88,code6cac_b,regfix.txt,176,reorder,reorder-scheduling,loop-exit-work-inside-loop-sched-fence,COVERED,24,parked,C,"func_80034F88: reorder 26,25 @ 25-26"
func_800858D0,main,regfix.txt,192,swap,register-swap-range,register-alloc-pure-c,COVERED,27,active,C,func_800858D0: $3 <-> $5 @ 26-32
func_800858D0,main,regfix.txt,193,subst,memory-displacement,defeat-combine-symbol-fold,PARTIAL,27,active,C,"func_800858D0: subst ""104"" ""96"" @ 0"
func_800858D0,main,regfix.txt,194,subst,memory-displacement,defeat-combine-symbol-fold,PARTIAL,27,active,C,"func_800858D0: subst "",96\("" "",88("" @ 14"
func_800858D0,main,regfix.txt,195,subst,opcode-change,proven-spelling-class-reconstruction,PARTIAL,27,active,C,"func_800858D0: subst ""sll\t\$3,\$18,\$3"" ""addiu	$3,$zero,24"" @ 33"
func_800858D0,main,regfix.txt,196,subst,register-rename,register-alloc-pure-c,COVERED,27,active,C,"func_800858D0: subst ""\$19,"" ""$3,"" @ 34"
func_800858D0,main,regfix.txt,197,subst,register-rename,register-alloc-pure-c,COVERED,27,active,C,"func_800858D0: subst ""sw\t\$3,16"" ""sw	$2,16"" @ 41"
func_800858D0,main,regfix.txt,198,subst,memory-displacement,defeat-combine-symbol-fold,PARTIAL,27,active,C,"func_800858D0: subst "",96\("" "",88("" @ 53"
func_800858D0,main,regfix.txt,199,subst,memory-displacement,defeat-combine-symbol-fold,PARTIAL,27,active,C,"func_800858D0: subst ""104"" ""96"" @ 58"
func_800858D0,main,regfix.txt,200,delete,delete-instruction,store-const-reload-cse,PARTIAL,27,active,C,func_800858D0: delete @ 15
func_800858D0,main,regfix.txt,201,delete,delete-instruction,store-const-reload-cse,PARTIAL,27,active,C,func_800858D0: delete @ 16
func_800858D0,main,regfix.txt,202,delete,delete-instruction,store-const-reload-cse,PARTIAL,27,active,C,func_800858D0: delete @ 23
func_800858D0,main,regfix.txt,203,delete,delete-instruction,store-const-reload-cse,PARTIAL,27,active,C,func_800858D0: delete @ 24
func_800858D0,main,regfix.txt,204,delete,delete-instruction,store-const-reload-cse,PARTIAL,27,active,C,func_800858D0: delete @ 54
func_800858D0,main,regfix.txt,205,delete,delete-instruction,store-const-reload-cse,PARTIAL,27,active,C,func_800858D0: delete @ 55
func_800858D0,main,regfix.txt,206,insert,multi-insn-insert,OPEN,OPEN,27,active,C,"func_800858D0: insert ""sllv $2,$2,$5\n.set	noreorder"" @ 36"
func_800858D0,main,regfix.txt,207,insert,instruction-injection-insert,lost-codegen-insert-cheat,COVERED-FORBIDDEN,27,active,C,"func_800858D0: insert ""addiu $2,$zero,1"" @ 36"
func_800858D0,main,regfix.txt,208,reorder,reorder-scheduling,loop-exit-work-inside-loop-sched-fence,COVERED,27,active,C,"func_800858D0: reorder 3,4,5,1,2 @ 1-5"
func_800858D0,main,regfix.txt,209,reorder,reorder-scheduling,loop-exit-work-inside-loop-sched-fence,COVERED,27,active,C,"func_800858D0: reorder 17,19,18,16 @ 16-19"
func_80030580,code6cac_b,regfix.txt,213,reorder,reorder-scheduling,loop-exit-work-inside-loop-sched-fence,COVERED,38,active,C,"func_80030580: reorder 5,6,4 @ 4-6"
func_800307D0,code6cac_b,regfix.txt,226,subst,opcode-change,proven-spelling-class-reconstruction,PARTIAL,9,parked,C,"func_800307D0: subst ""addu	\$4,\$0,\$zero"" ""sll	$2,$17,1"" @ 18"
func_800307D0,code6cac_b,regfix.txt,227,subst,register-rename,register-alloc-pure-c,COVERED,9,parked,C,"func_800307D0: subst ""lh	\$4,"" ""lh	$2,"" @ 19"
func_800307D0,code6cac_b,regfix.txt,228,subst,register-rename,register-alloc-pure-c,COVERED,9,parked,C,"func_800307D0: subst ""xor	\$17,\$4,\$3"" ""xor	$2,$2,$3"" @ 22"
func_800307D0,code6cac_b,regfix.txt,229,subst,register-rename,register-alloc-pure-c,COVERED,9,parked,C,"func_800307D0: subst ""sltu	\$17,\$17,"" ""sltu	$17,$2,"" @ 23"
func_800307D0,code6cac_b,regfix.txt,230,subst,register-rename,register-alloc-pure-c,COVERED,9,parked,C,"func_800307D0: subst ""sll	\$4,"" ""sll	$2,"" @ 24"
func_800307D0,code6cac_b,regfix.txt,231,subst,register-rename,register-alloc-pure-c,COVERED,9,parked,C,"func_800307D0: subst ""\$18,\$16,\$4"" ""$18,$2,$16"" @ 25"
func_800307D0,code6cac_b,regfix.txt,232,subst,register+displacement,register-alloc-pure-c,PARTIAL,9,parked,C,"func_800307D0: subst ""addu	\$3,\$18,818"" ""addu	$3,$18,$zero"" @ 37"
func_800307D0,code6cac_b,regfix.txt,233,subst,memory-displacement,defeat-combine-symbol-fold,PARTIAL,9,parked,C,"func_800307D0: subst ""lhu	\$2,2\(\$3\)"" ""lhu	$2,820($3)"" @ 38"
func_800307D0,code6cac_b,regfix.txt,234,subst,memory-displacement,defeat-combine-symbol-fold,PARTIAL,9,parked,C,"func_800307D0: subst ""sh	\$2,0\(\$3\)"" ""sh	$2,818($3)"" @ 40"
func_80019310,code6cac,regfix.txt,256,insert,nop-scheduling-insert,maspsx-label-nop-gate,COVERED,44,active,ASM-PARTIAL,"func_80019310: insert ""nop"" @ 3"
func_80019310,code6cac,regfix.txt,258,reorder,reorder-scheduling,loop-exit-work-inside-loop-sched-fence,COVERED,44,active,ASM-PARTIAL,"func_80019310: reorder 2,1 @ 1-2"
func_80040B44,text1a_pre,regfix.txt,264,swap,register-swap-range,register-alloc-pure-c,COVERED,32,active,C,func_80040B44: $10 <-> $11
func_80040B44,text1a_pre,regfix.txt,266,swap,register-swap-range,register-alloc-pure-c,COVERED,32,active,C,func_80040B44: $4 <-> $5 @ 5-12
func_80040B44,text1a_pre,regfix.txt,268,subst,register-rename,register-alloc-pure-c,COVERED,32,active,C,"func_80040B44: subst ""\$5,\$zero"" ""$4,$zero"" @ 13"
func_80040B44,text1a_pre,regfix.txt,269,subst,register-rename,register-alloc-pure-c,COVERED,32,active,C,"func_80040B44: subst ""\$5,\$5,-1"" ""$4,$4,-1"" @ 16"
func_80040B44,text1a_pre,regfix.txt,270,subst,register-rename,register-alloc-pure-c,COVERED,32,active,C,"func_80040B44: subst ""\$5,"" ""$4,"" @ 17"
func_80040B44,text1a_pre,regfix.txt,272,subst,register-rename,register-alloc-pure-c,COVERED,32,active,C,"func_80040B44: subst ""\$4,\$14"" ""$2,$14"" @ 14"
func_80040B44,text1a_pre,regfix.txt,273,subst,register-rename,register-alloc-pure-c,COVERED,32,active,C,"func_80040B44: subst ""6708\(\$4\)"" ""6708($2)"" @ 15"
func_80040B44,text1a_pre,regfix.txt,274,subst,register-rename,register-alloc-pure-c,COVERED,32,active,C,"func_80040B44: subst ""\$4,\$4,-4"" ""$2,$2,-4"" @ 18"
func_80040B44,text1a_pre,regfix.txt,276,subst,frame-reg-rename,register-alloc-pure-c,COVERED,32,active,C,"func_80040B44: subst ""\$5,\$sp,\$2"" ""$5,$2,$sp"" @ 31"
func_80040B44,text1a_pre,regfix.txt,277,subst,operand-order-swap,compare-operand-order-register,COVERED,32,active,C,"func_80040B44: subst ""\$3,\$15,\$3"" ""$3,$3,$15"" @ 41"
func_80040B44,text1a_pre,regfix.txt,278,subst,operand-order-swap,compare-operand-order-register,COVERED,32,active,C,"func_80040B44: subst ""\$2,\$14,\$2"" ""$2,$2,$14"" @ 43"
func_80040B44,text1a_pre,regfix.txt,279,subst,operand-order-swap,compare-operand-order-register,COVERED,32,active,C,"func_80040B44: subst ""\$6,\$15,\$2"" ""$6,$2,$15"" @ 54"
func_80040B44,text1a_pre,regfix.txt,280,subst,operand-order-swap,compare-operand-order-register,COVERED,32,active,C,"func_80040B44: subst ""\$2,\$14,\$2"" ""$2,$2,$14"" @ 81"
func_80040B44,text1a_pre,regfix.txt,282,insert_after,instruction-injection-insert,lost-codegen-insert-cheat,COVERED-FORBIDDEN,32,active,C,"func_80040B44: insert_after ""addu $11,$11,-2"" @ 87"
func_80040B44,text1a_pre,regfix.txt,284,reorder,reorder-scheduling,loop-exit-work-inside-loop-sched-fence,COVERED,32,active,C,"func_80040B44: reorder 24,27,25,26 @ 24-27"
func_800430E4,text1a_c,regfix.txt,287,swap,register-swap-range,register-alloc-pure-c,COVERED,52,active,C,func_800430E4: $14 <-> $10
func_800430E4,text1a_c,regfix.txt,288,swap,register-swap-range,register-alloc-pure-c,COVERED,52,active,C,func_800430E4: $12 <-> $8 @ 18-20
func_800430E4,text1a_c,regfix.txt,289,swap,register-swap-range,register-alloc-pure-c,COVERED,52,active,C,func_800430E4: $12 <-> $8 @ 74-74
func_800430E4,text1a_c,regfix.txt,290,swap,register-swap-range,register-alloc-pure-c,COVERED,52,active,C,func_800430E4: $15 <-> $11 @ 2-2
func_800430E4,text1a_c,regfix.txt,291,swap,register-swap-range,register-alloc-pure-c,COVERED,52,active,C,func_800430E4: $15 <-> $11 @ 71-71
func_800430E4,text1a_c,regfix.txt,292,swap,register-swap-range,register-alloc-pure-c,COVERED,52,active,C,func_800430E4: $11 <-> $5 @ 22-38
func_800430E4,text1a_c,regfix.txt,293,swap,register-swap-range,register-alloc-pure-c,COVERED,52,active,C,func_800430E4: $13 <-> $9 @ 3-4
func_800430E4,text1a_c,regfix.txt,294,swap,register-swap-range,register-alloc-pure-c,COVERED,52,active,C,func_800430E4: $13 <-> $9 @ 26-38
func_800430E4,text1a_c,regfix.txt,295,swap,register-swap-range,register-alloc-pure-c,COVERED,52,active,C,func_800430E4: $13 <-> $9 @ 72-72
func_800430E4,text1a_c,regfix.txt,302,subst,scratchpad-abs-address,scratchpad-gte,COVERED,52,active,C,"func_800430E4: subst ""lhu\t\$3,0\(\$5\)"" ""lhu $3,0x1F8003A6"" @ 43"
func_800430E4,text1a_c,regfix.txt,303,subst,scratchpad-abs-address,scratchpad-gte,COVERED,52,active,C,"func_800430E4: subst ""lhu\t\$2,0\(\$8\)"" ""lhu $2,0x1F8003A8"" @ 46"
func_800430E4,text1a_c,regfix.txt,304,subst,scratchpad-abs-address,scratchpad-gte,COVERED,52,active,C,"func_800430E4: subst ""sh\t\$3,0\(\$5\)"" ""sh $3,0x1F8003A6"" @ 50"
func_800430E4,text1a_c,regfix.txt,305,subst,scratchpad-abs-address,scratchpad-gte,COVERED,52,active,C,"func_800430E4: subst ""lhu\t\$3,0\(\$9\)"" ""lhu $3,0x1F8003AA"" @ 51"
func_800430E4,text1a_c,regfix.txt,306,subst,scratchpad-abs-address,scratchpad-gte,COVERED,52,active,C,"func_800430E4: subst ""sh\t\$2,0\(\$8\)"" ""sh $2,0x1F8003A8"" @ 53"
func_800430E4,text1a_c,regfix.txt,307,subst,scratchpad-abs-address,scratchpad-gte,COVERED,52,active,C,"func_800430E4: subst ""lw\t\$2,0\(\$14\)"" ""lw $2,0x1F8003B8"" @ 54"
func_800430E4,text1a_c,regfix.txt,308,subst,scratchpad-abs-address,scratchpad-gte,COVERED,52,active,C,"func_800430E4: subst ""sh\t\$3,0\(\$9\)"" ""sh $3,0x1F8003AA"" @ 58"
func_800430E4,text1a_c,regfix.txt,309,subst,scratchpad-abs-address,scratchpad-gte,COVERED,52,active,C,"func_800430E4: subst ""sw\t\$2,0\(\$14\)"" ""sw $2,0x1F8003B8"" @ 59"
func_800430E4,text1a_c,regfix.txt,311,delete,delete-instruction,store-const-reload-cse,PARTIAL,52,active,C,func_800430E4: delete @ 7
func_800430E4,text1a_c,regfix.txt,312,delete,delete-instruction,store-const-reload-cse,PARTIAL,52,active,C,func_800430E4: delete @ 8
func_800430E4,text1a_c,regfix.txt,313,delete,delete-instruction,store-const-reload-cse,PARTIAL,52,active,C,func_800430E4: delete @ 9
func_800430E4,text1a_c,regfix.txt,314,delete,delete-instruction,store-const-reload-cse,PARTIAL,52,active,C,func_800430E4: delete @ 10
func_800430E4,text1a_c,regfix.txt,315,delete,delete-instruction,store-const-reload-cse,PARTIAL,52,active,C,func_800430E4: delete @ 11
func_800430E4,text1a_c,regfix.txt,316,delete,delete-instruction,store-const-reload-cse,PARTIAL,52,active,C,func_800430E4: delete @ 12
func_800430E4,text1a_c,regfix.txt,317,delete,delete-instruction,store-const-reload-cse,PARTIAL,52,active,C,func_800430E4: delete @ 13
func_800430E4,text1a_c,regfix.txt,318,delete,delete-instruction,store-const-reload-cse,PARTIAL,52,active,C,func_800430E4: delete @ 14
func_80041688,text1a_post,regfix.txt,323,subst,register+displacement,register-alloc-pure-c,PARTIAL,8,parked,C,"func_80041688: subst ""\$4,24\(\$16\)"" ""$3,26($16)"" @ 68"
func_80041688,text1a_post,regfix.txt,324,subst,register+displacement,register-alloc-pure-c,PARTIAL,8,parked,C,"func_80041688: subst ""\$2,25\(\$16\)"" ""$4,24($16)"" @ 69"
func_80041688,text1a_post,regfix.txt,325,subst,register+displacement,register-alloc-pure-c,PARTIAL,8,parked,C,"func_80041688: subst ""\$3,26\(\$16\)"" ""$2,25($16)"" @ 70"
func_8003C714,code6cac_c2,regfix.txt,343,swap,register-swap-range,register-alloc-pure-c,COVERED,33,active,C,func_8003C714: $10 <-> $9 @ 20-66
func_8003C714,code6cac_c2,regfix.txt,344,subst,register-rename,register-alloc-pure-c,COVERED,33,active,C,"func_8003C714: subst ""\$9"" ""$2"" @ 19"
func_8003C714,code6cac_c2,regfix.txt,345,delete,delete-instruction,store-const-reload-cse,PARTIAL,33,active,C,func_8003C714: delete @ 13
func_8003C714,code6cac_c2,regfix.txt,346,delete,delete-instruction,store-const-reload-cse,PARTIAL,33,active,C,func_8003C714: delete @ 14
func_8003C714,code6cac_c2,regfix.txt,347,delete,delete-instruction,store-const-reload-cse,PARTIAL,33,active,C,func_8003C714: delete @ 18
func_8003C714,code6cac_c2,regfix.txt,348,insert,instruction-injection-insert,lost-codegen-insert-cheat,COVERED-FORBIDDEN,33,active,C,"func_8003C714: insert ""lui	$2,(0x91a2b3c5 >> 16) & 0xFFFF"" @ 15"
func_8003C714,code6cac_c2,regfix.txt,349,insert_after,instruction-injection-insert,lost-codegen-insert-cheat,COVERED-FORBIDDEN,33,active,C,"func_8003C714: insert_after ""ori	$2,$2,0xb3c5"" @ 16"
func_8003C714,code6cac_c2,regfix.txt,350,reorder,reorder-scheduling,loop-exit-work-inside-loop-sched-fence,COVERED,33,active,C,"func_8003C714: reorder 13,14,11,12 @ 11-14"
func_80035280,code6cac_b,regfix.txt,391,swap,register-swap-range,register-alloc-pure-c,COVERED,49,active,C,func_80035280: $10 <-> $11 @ 47-92
func_80035280,code6cac_b,regfix.txt,392,subst,register-rename,register-alloc-pure-c,COVERED,49,active,C,"func_80035280: subst ""\$10"" ""$2"" @ 46"
func_80035280,code6cac_b,regfix.txt,393,delete,delete-instruction,store-const-reload-cse,PARTIAL,49,active,C,func_80035280: delete @ 39
func_80035280,code6cac_b,regfix.txt,394,delete,delete-instruction,store-const-reload-cse,PARTIAL,49,active,C,func_80035280: delete @ 40
func_80035280,code6cac_b,regfix.txt,395,delete,delete-instruction,store-const-reload-cse,PARTIAL,49,active,C,func_80035280: delete @ 45
func_80035280,code6cac_b,regfix.txt,396,insert,instruction-injection-insert,lost-codegen-insert-cheat,COVERED-FORBIDDEN,49,active,C,"func_80035280: insert ""lui	$2,(0x91a2b3c5 >> 16) & 0xFFFF"" @ 42"
func_80035280,code6cac_b,regfix.txt,397,insert_after,instruction-injection-insert,lost-codegen-insert-cheat,COVERED-FORBIDDEN,49,active,C,"func_80035280: insert_after ""ori	$2,$2,0xb3c5"" @ 43"
func_80035280,code6cac_b,regfix.txt,406,swap,register-swap-range,register-alloc-pure-c,COVERED,49,active,C,func_80035280: $5 <-> $2 @ 8-26
func_80035280,code6cac_b,regfix.txt,407,swap,register-swap-range,register-alloc-pure-c,COVERED,49,active,C,func_80035280: $5 <-> $3 @ 8-26
func_80035280,code6cac_b,regfix.txt,408,swap,register-swap-range,register-alloc-pure-c,COVERED,49,active,C,func_80035280: $5 <-> $4 @ 8-26
func_80035280,code6cac_b,regfix.txt,409,subst,register-rename,register-alloc-pure-c,COVERED,49,active,C,"func_80035280: subst ""\$4"" ""$5"" @ 5"
func_80035280,code6cac_b,regfix.txt,410,subst,register-rename,register-alloc-pure-c,COVERED,49,active,C,"func_80035280: subst ""\$4"" ""$5"" @ 6"
func_80035280,code6cac_b,regfix.txt,418,subst,register-rename,register-alloc-pure-c,COVERED,49,active,C,"func_80035280: subst ""\$5"" ""$4"" @ 70"
func_80035280,code6cac_b,regfix.txt,419,subst,register-rename,register-alloc-pure-c,COVERED,49,active,C,"func_80035280: subst ""\$5"" ""$4"" @ 71"
func_80035280,code6cac_b,regfix.txt,420,subst,register+displacement,register-alloc-pure-c,PARTIAL,49,active,C,"func_80035280: subst ""addu\s+\$8,\$8,36"" ""addu	$5,$8,$0"" @ 43"
func_80035280,code6cac_b,regfix.txt,421,subst,register+displacement,register-alloc-pure-c,PARTIAL,49,active,C,"func_80035280: subst ""-3\(\$8\)"" ""33($5)"" @ 52"
func_80035280,code6cac_b,regfix.txt,422,subst,register+displacement,register-alloc-pure-c,PARTIAL,49,active,C,"func_80035280: subst ""-2\(\$8\)"" ""34($5)"" @ 71"
func_80035280,code6cac_b,regfix.txt,423,subst,register+displacement,register-alloc-pure-c,PARTIAL,49,active,C,"func_80035280: subst ""-1\(\$8\)"" ""35($5)"" @ 96"
func_80035280,code6cac_b,regfix.txt,424,subst,register+displacement,register-alloc-pure-c,PARTIAL,49,active,C,"func_80035280: subst ""0\(\$8\)"" ""36($5)"" @ 99"
func_80035280,code6cac_b,regfix.txt,425,subst,register-rename,register-alloc-pure-c,COVERED,49,active,C,"func_80035280: subst ""\$8,\$8,4"" ""$5,$5,4"" @ 102"
func_80035280,code6cac_b,regfix.txt,429,subst,operand-order-swap,compare-operand-order-register,COVERED,49,active,C,"func_80035280: subst ""addu\s+\$3,\$7,\$8"" ""addu	$3,$8,$7"" @ 27"
func_80035280,code6cac_b,regfix.txt,433,reorder,reorder-scheduling,loop-exit-work-inside-loop-sched-fence,COVERED,49,active,C,"func_80035280: reorder 38,39,40,37,41 @ 37-41"
func_80032314,code6cac_b,regfix.txt,447,subst,register-rename,register-alloc-pure-c,COVERED,27,active,ASM-PARTIAL,"func_80032314: subst ""addu\s+\$4,\$5,\$4"" ""addu $2,$5,$4"" @ 57"
func_80032314,code6cac_b,regfix.txt,448,subst,register-rename,register-alloc-pure-c,COVERED,27,active,ASM-PARTIAL,"func_80032314: subst ""mflo\s+\$2"" ""mflo $3"" @ 58"
func_80032314,code6cac_b,regfix.txt,449,subst,register-rename,register-alloc-pure-c,COVERED,27,active,ASM-PARTIAL,"func_80032314: subst ""addu\s+\$4,\$4,\$2"" ""addu $4,$2,$3"" @ 59"
func_80032314,code6cac_b,regfix.txt,450,subst,register-rename,register-alloc-pure-c,COVERED,27,active,ASM-PARTIAL,"func_80032314: subst ""and\s+\$3,\$3,\$2"" ""and $2,$3,$2"" @ 76"
func_80032314,code6cac_b,regfix.txt,451,subst,register-rename,register-alloc-pure-c,COVERED,27,active,ASM-PARTIAL,"func_80032314: subst ""addiu\s+\$2,\$zero,22"" ""addiu $3,$zero,22"" @ 77"
func_80032314,code6cac_b,regfix.txt,452,subst,register-rename,register-alloc-pure-c,COVERED,27,active,ASM-PARTIAL,"func_80032314: subst ""subu\s+\$2,\$2,\$3"" ""subu $3,$3,$2"" @ 78"
func_80032314,code6cac_b,regfix.txt,453,subst,register-rename,register-alloc-pure-c,COVERED,27,active,ASM-PARTIAL,"func_80032314: subst ""srl\s+\$4,\$4,\$2"" ""srl $2,$4,$3"" @ 79"
func_80032314,code6cac_b,regfix.txt,454,subst,register-rename,register-alloc-pure-c,COVERED,27,active,ASM-PARTIAL,"func_80032314: subst ""addu\s+\$at,\$at,\$4"" ""addu $at,$at,$2"" @ 81"
func_80032314,code6cac_b,regfix.txt,455,subst,register-rename,register-alloc-pure-c,COVERED,27,active,ASM-PARTIAL,"func_80032314: subst ""srl\s+\$2,\$2,1"" ""srl $3,$3,1"" @ 83"
func_80032314,code6cac_b,regfix.txt,456,subst,register-rename,register-alloc-pure-c,COVERED,27,active,ASM-PARTIAL,"func_80032314: subst ""addiu\s+\$3,\$zero,19"" ""addiu $2,$zero,19"" @ 84"
func_80032314,code6cac_b,regfix.txt,457,subst,register-rename,register-alloc-pure-c,COVERED,27,active,ASM-PARTIAL,"func_80032314: subst ""subu\s+\$3,\$3,\$2"" ""subu $2,$2,$3"" @ 85"
func_80032314,code6cac_b,regfix.txt,458,subst,register-rename,register-alloc-pure-c,COVERED,27,active,ASM-PARTIAL,"func_80032314: subst ""srl\s+\$4,\$4,\$3"" ""srl $4,$4,$2"" @ 87"
func_8002BEA0,code6cac_b,regfix.txt,469,subst,register-rename,register-alloc-pure-c,COVERED,9,parked,ASM-PARTIAL,"func_8002BEA0: subst ""mfhi\s+\$13"" ""mfhi	$24"" @ 52"
func_8002BEA0,code6cac_b,regfix.txt,470,subst,register-rename,register-alloc-pure-c,COVERED,9,parked,ASM-PARTIAL,"func_8002BEA0: subst ""sra\s+\$3,\$13,5"" ""sra	$3,$24,5"" @ 53"
func_8002BEA0,code6cac_b,regfix.txt,471,delete,delete-instruction,store-const-reload-cse,PARTIAL,9,parked,ASM-PARTIAL,func_8002BEA0: delete @ 65
func_8002BEA0,code6cac_b,regfix.txt,472,delete,delete-instruction,store-const-reload-cse,PARTIAL,9,parked,ASM-PARTIAL,func_8002BEA0: delete @ 62
func_8002BEA0,code6cac_b,regfix.txt,473,insert_after,instruction-injection-insert,lost-codegen-insert-cheat,COVERED-FORBIDDEN,9,parked,ASM-PARTIAL,"func_8002BEA0: insert_after ""addiu\t$2,$zero,1000"" @ 63"
func_8002BEA0,code6cac_b,regfix.txt,474,reorder,reorder-scheduling,loop-exit-work-inside-loop-sched-fence,COVERED,9,parked,ASM-PARTIAL,"func_8002BEA0: reorder 36,33,34,35 @ 33-36"
func_8002BEA0,code6cac_b,regfix.txt,475,reorder,reorder-scheduling,loop-exit-work-inside-loop-sched-fence,COVERED,9,parked,ASM-PARTIAL,"func_8002BEA0: reorder 44,45,43 @ 43-45"
func_80045878,text1a_c,regfix.txt,483,insert_after,instruction-injection-insert,lost-codegen-insert-cheat,COVERED-FORBIDDEN,10,parked,C,"func_80045878: insert_after ""addiu $19,$18,3"" @ 30"
func_80045878,text1a_c,regfix.txt,485,subst,register+displacement,register-alloc-pure-c,PARTIAL,10,parked,C,"func_80045878: subst ""addu\s+\$2,\$18,3"" ""addu $2,$17,$zero"" @ 86"
func_80045878,text1a_c,regfix.txt,486,subst,opcode-change,proven-spelling-class-reconstruction,PARTIAL,10,parked,C,"func_80045878: subst ""sh\s+\$2,22\(\$17\)"" ""addiu $3,$18,3"" @ 87"
func_80045878,text1a_c,regfix.txt,487,subst,opcode-change,proven-spelling-class-reconstruction,PARTIAL,10,parked,C,"func_80045878: subst ""addu\s+\$2,\$18,\$zero"" ""sh $3,22($2)"" @ 88"
func_80045878,text1a_c,regfix.txt,488,subst,opcode-change,proven-spelling-class-reconstruction,PARTIAL,10,parked,C,"func_80045878: subst ""sh\s+\$2,4\(\$17\)"" ""ori $3,$zero,32768"" @ 89"
func_80045878,text1a_c,regfix.txt,489,subst,register+displacement,register-alloc-pure-c,PARTIAL,10,parked,C,"func_80045878: subst ""sh\s+\$2,20\(\$17\)"" ""sh $18,4($2)"" @ 90"
func_80045878,text1a_c,regfix.txt,490,subst,register+displacement,register-alloc-pure-c,PARTIAL,10,parked,C,"func_80045878: subst ""sh\s+\$2,16\(\$17\)"" ""sh $21,8($2)"" @ 91"
func_80045878,text1a_c,regfix.txt,491,subst,opcode-change,proven-spelling-class-reconstruction,PARTIAL,10,parked,C,"func_80045878: subst ""ori\s+\$2,\$zero,32768"" ""sh $18,20($2)"" @ 92"
func_80045878,text1a_c,regfix.txt,492,subst,register+displacement,register-alloc-pure-c,PARTIAL,10,parked,C,"func_80045878: subst ""sh\s+\$21,8\(\$17\)"" ""sh $18,16($2)"" @ 93"
func_80045878,text1a_c,regfix.txt,493,subst,register-rename,register-alloc-pure-c,COVERED,10,parked,C,"func_80045878: subst ""sw\s+\$2,24\(\$17\)"" ""sw $3,24($2)"" @ 94"
func_8001F938,code6cac,regfix.txt,500,swap,register-swap-range,register-alloc-pure-c,COVERED,11,parked,C,func_8001F938: $3 <-> $5 @ 1-1
func_8001F938,code6cac,regfix.txt,501,swap,register-swap-range,register-alloc-pure-c,COVERED,11,parked,C,func_8001F938: $3 <-> $5 @ 7-7
func_8001F938,code6cac,regfix.txt,502,swap,register-swap-range,register-alloc-pure-c,COVERED,11,parked,C,func_8001F938: $3 <-> $5 @ 11-11
func_8001F938,code6cac,regfix.txt,503,swap,register-swap-range,register-alloc-pure-c,COVERED,11,parked,C,func_8001F938: $3 <-> $5 @ 15-15
func_8001F938,code6cac,regfix.txt,505,insert,instruction-injection-insert,lost-codegen-insert-cheat,COVERED-FORBIDDEN,11,parked,C,"func_8001F938: insert ""andi $3,$5,0xFFFF"" @ 3"
func_8001F938,code6cac,regfix.txt,510,subst,lost-codegen-nop-fill,shared-end-label,COVERED-FORBIDDEN,11,parked,C,"func_8001F938: subst ""nop"" ""lhu\t$3,624($4)"" @ 74"
func_8001F938,code6cac,regfix.txt,511,subst,opcode-change,proven-spelling-class-reconstruction,PARTIAL,11,parked,C,"func_8001F938: subst ""addu\s+\$3,\$2,\$zero"" ""slt\t$2,$2,4"" @ 75"
func_8001F938,code6cac,regfix.txt,512,subst,branch-label-retarget,switch-vs-ifchain-branch-sense,PARTIAL,11,parked,C,"func_8001F938: subst ""slt\s+\$2,\$2,4"" ""bne\t$2,$0,.LfuncF938_join"" @ 76"
func_8001F938,code6cac,regfix.txt,513,subst,branch-label-retarget,switch-vs-ifchain-branch-sense,PARTIAL,11,parked,C,"func_8001F938: subst ""beq\s+\$2,\$0,\.L\d+"" ""sll\t$2,$3,16"" @ 77"
func_8001F938,code6cac,regfix.txt,514,subst,register-rename,register-alloc-pure-c,COVERED,11,parked,C,"func_8001F938: subst ""addiu\s+\$5,\$zero,3"" ""addiu\t$3,$zero,3"" @ 78"
func_8001F938,code6cac,regfix.txt,515,subst,width-sign-opcode-change,halfword-index-srl-sra,COVERED,11,parked,C,"func_8001F938: subst ""andi\s+\$5,\$3,0xffff"" ""sll\t$2,$3,16"" @ 79"
func_8001F938,code6cac,regfix.txt,516,delete,delete-instruction,store-const-reload-cse,PARTIAL,11,parked,C,func_8001F938: delete @ 80
func_8001F938,code6cac,regfix.txt,518,insert_label,label-insert,jtbl-rodata-split-infrastructure,PARTIAL,11,parked,C,"func_8001F938: insert_label "".LfuncF938_join:"" @ 80"
func_8003F824,config,regfix.txt,524,swap,register-swap-range,register-alloc-pure-c,COVERED,61,active,C,func_8003F824: $3 <-> $4 @ 18-19
func_8003F824,config,regfix.txt,525,swap,register-swap-range,register-alloc-pure-c,COVERED,61,active,C,func_8003F824: $3 <-> $4 @ 28-32
func_8003F824,config,regfix.txt,526,subst,branch-label-retarget,switch-vs-ifchain-branch-sense,PARTIAL,61,active,C,"func_8003F824: subst ""\.L\d+"" ""{lbl#6}"" @ 34"
func_8003F824,config,regfix.txt,528,subst,branch-label-retarget,switch-vs-ifchain-branch-sense,PARTIAL,61,active,C,"func_8003F824: subst ""\.L\d+"" ""{lbl#3}+4"" @ 39"
func_8003F824,config,regfix.txt,529,subst,register-rename,register-alloc-pure-c,COVERED,61,active,C,"func_8003F824: subst ""addu.*"" ""addu\t$5,$17,$zero"" @ 40"
func_8003F824,config,regfix.txt,530,subst,register+displacement,register-alloc-pure-c,PARTIAL,61,active,C,"func_8003F824: subst ""lh.*"" ""lh\t$3,0($19)"" @ 43"
func_8003F824,config,regfix.txt,531,subst,lost-codegen-nop-fill,shared-end-label,COVERED-FORBIDDEN,61,active,C,"func_8003F824: subst ""nop.*"" ""addu\t$6,$16,$zero"" @ 44"
func_8003F824,config,regfix.txt,532,insert,lost-codegen-move-insert,shared-end-label,COVERED-FORBIDDEN,61,active,C,"func_8003F824: insert ""addu\t$5,$17,$zero"" @ 43"
func_8003F824,config,regfix.txt,533,subst,register+displacement,register-alloc-pure-c,PARTIAL,61,active,C,"func_8003F824: subst ""lw.*"" ""lw\t$16,6708($2)"" @ 54"
func_8003F824,config,regfix.txt,534,subst,register+displacement,register-alloc-pure-c,PARTIAL,61,active,C,"func_8003F824: subst ""sw.*"" ""sw\t$6,24($18)"" @ 56"
func_8003F824,config,regfix.txt,535,subst,register+displacement,register-alloc-pure-c,PARTIAL,61,active,C,"func_8003F824: subst ""sw.*"" ""sw\t$16,20($18)"" @ 58"
func_8003F824,config,regfix.txt,536,subst,register-rename,register-alloc-pure-c,COVERED,61,active,C,"func_8003F824: subst ""addu.*"" ""addu\t$3,$3,$19"" @ 62"
func_8003F824,config,regfix.txt,537,subst,register+displacement,register-alloc-pure-c,PARTIAL,61,active,C,"func_8003F824: subst ""sb.*"" ""sb\t$3,0($16)"" @ 72"
func_8003F824,config,regfix.txt,539,subst,register+displacement,register-alloc-pure-c,PARTIAL,61,active,C,"func_8003F824: subst ""lh.*"" ""lh\t$2,0($17)"" @ 95"
func_8003F824,config,regfix.txt,540,reorder,reorder-scheduling,loop-exit-work-inside-loop-sched-fence,COVERED,61,active,C,"func_8003F824: reorder 97,98,96 @ 96-98"
func_8003F824,config,regfix.txt,541,subst,opcode-change,proven-spelling-class-reconstruction,PARTIAL,61,active,C,"func_8003F824: subst ""lh.*"" ""addiu\t$3,$zero,-2"" @ 99"
func_8003F824,config,regfix.txt,542,subst,lost-codegen-nop-fill,shared-end-label,COVERED-FORBIDDEN,61,active,C,"func_8003F824: subst ""nop.*"" ""lh\t$2,0($17)"" @ 100"
func_8003F824,config,regfix.txt,546,subst,branch-label-retarget,switch-vs-ifchain-branch-sense,PARTIAL,61,active,C,"func_8003F824: subst ""bne.*"" ""bne\t$2,$3,.L26"" @ 101"
func_8003F824,config,regfix.txt,547,reorder,reorder-scheduling,loop-exit-work-inside-loop-sched-fence,COVERED,61,active,C,"func_8003F824: reorder 102,103,101 @ 101-103"
func_8003F824,config,regfix.txt,548,subst,register+displacement,register-alloc-pure-c,PARTIAL,61,active,C,"func_8003F824: subst ""lh.*"" ""lh\t$3,0($17)"" @ 105"
func_8003F824,config,regfix.txt,549,subst,register+displacement,register-alloc-pure-c,PARTIAL,61,active,C,"func_8003F824: subst ""lhu.*"" ""lhu\t$4,0($17)"" @ 106"
func_8003F824,config,regfix.txt,550,subst,branch-label-retarget,switch-vs-ifchain-branch-sense,PARTIAL,61,active,C,"func_8003F824: subst ""bne.*"" ""bne\t$3,$2,{lbl#2}"" @ 107"
func_80023648,code6cac,regfix.txt,575,subst,register-rename,register-alloc-pure-c,COVERED,30,active,C,"func_80023648: subst ""\$3,0\(\$3\)"" ""$6,0($3)"" @ 35"
func_80023648,code6cac,regfix.txt,576,subst,register-rename,register-alloc-pure-c,COVERED,30,active,C,"func_80023648: subst ""\$3,"" ""$6,"" @ 43"
func_80023648,code6cac,regfix.txt,577,subst,register-rename,register-alloc-pure-c,COVERED,30,active,C,"func_80023648: subst "",\$3,\$zero"" "",$6,$zero"" @ 44"
func_80023648,code6cac,regfix.txt,578,subst,register-rename,register-alloc-pure-c,COVERED,30,active,C,"func_80023648: subst "",\$3,3"" "",$6,3"" @ 45"
func_80023648,code6cac,regfix.txt,579,subst,register-rename,register-alloc-pure-c,COVERED,30,active,C,"func_80023648: subst "",\$3"" "",$6"" @ 55"
func_80023648,code6cac,regfix.txt,580,subst,register-rename,register-alloc-pure-c,COVERED,30,active,C,"func_80023648: subst ""\$3,336"" ""$6,336"" @ 67"
func_80023648,code6cac,regfix.txt,581,subst,register-rename,register-alloc-pure-c,COVERED,30,active,C,"func_80023648: subst ""\$3,"" ""$6,"" @ 69"
func_80023648,code6cac,regfix.txt,582,subst,register-rename,register-alloc-pure-c,COVERED,30,active,C,"func_80023648: subst "",\$3,"" "",$6,"" @ 70"
func_80023648,code6cac,regfix.txt,583,subst,register-rename,register-alloc-pure-c,COVERED,30,active,C,"func_80023648: subst ""\$3,\$0,\$3"" ""$6,$0,$6"" @ 71"
func_80023648,code6cac,regfix.txt,584,subst,register-rename,register-alloc-pure-c,COVERED,30,active,C,"func_80023648: subst "",\$3,"" "",$6,"" @ 72"
func_80023648,code6cac,regfix.txt,585,subst,register-rename,register-alloc-pure-c,COVERED,30,active,C,"func_80023648: subst ""\$3,\$zero"" ""$6,$zero"" @ 75"
func_80023648,code6cac,regfix.txt,587,subst,register-rename,register-alloc-pure-c,COVERED,30,active,C,"func_80023648: subst ""\$4,26"" ""$3,26"" @ 77"
func_80023648,code6cac,regfix.txt,588,subst,register-rename,register-alloc-pure-c,COVERED,30,active,C,"func_80023648: subst ""\$4,"" ""$3,"" @ 79"
func_80023648,code6cac,regfix.txt,589,subst,register-rename,register-alloc-pure-c,COVERED,30,active,C,"func_80023648: subst ""\$4,\$4,15"" ""$3,$3,15"" @ 81"
func_80023648,code6cac,regfix.txt,590,subst,register-rename,register-alloc-pure-c,COVERED,30,active,C,"func_80023648: subst ""\$4,\$4,4"" ""$3,$3,4"" @ 82"
func_80023648,code6cac,regfix.txt,592,subst,register-rename,register-alloc-pure-c,COVERED,30,active,C,"func_80023648: subst ""\$5,\$2,\$3"" ""$4,$2,$6"" @ 78"
func_80023648,code6cac,regfix.txt,594,subst,register-rename,register-alloc-pure-c,COVERED,30,active,C,"func_80023648: subst ""\$5,334"" ""$4,334"" @ 80"
func_80023648,code6cac,regfix.txt,595,subst,register-rename,register-alloc-pure-c,COVERED,30,active,C,"func_80023648: subst "",\$5,\$4"" "",$4,$3"" @ 84"
func_80023648,code6cac,regfix.txt,596,subst,register-rename,register-alloc-pure-c,COVERED,30,active,C,"func_80023648: subst ""\$5,26"" ""$4,26"" @ 89"
func_80023648,code6cac,regfix.txt,597,subst,register-rename,register-alloc-pure-c,COVERED,30,active,C,"func_80023648: subst ""\$5,\$2"" ""$4,$2"" @ 95"
func_80023648,code6cac,regfix.txt,599,subst,register-rename,register-alloc-pure-c,COVERED,30,active,C,"func_80023648: subst ""\$6"" ""$7"" @ 98"
func_80023648,code6cac,regfix.txt,600,subst,register-rename,register-alloc-pure-c,COVERED,30,active,C,"func_80023648: subst ""\$6,"" ""$7,"" @ 99"
func_80023648,code6cac,regfix.txt,601,subst,register-rename,register-alloc-pure-c,COVERED,30,active,C,"func_80023648: subst ""\$6"" ""$7"" @ 117"
func_80023648,code6cac,regfix.txt,602,subst,register-rename,register-alloc-pure-c,COVERED,30,active,C,"func_80023648: subst ""\$6"" ""$7"" @ 128"
func_80023648,code6cac,regfix.txt,603,subst,register-rename,register-alloc-pure-c,COVERED,30,active,C,"func_80023648: subst ""\$6,"" ""$7,"" @ 129"
func_80023648,code6cac,regfix.txt,604,subst,register-rename,register-alloc-pure-c,COVERED,30,active,C,"func_80023648: subst ""\$6"" ""$7"" @ 138"
func_80023648,code6cac,regfix.txt,605,subst,register-rename,register-alloc-pure-c,COVERED,30,active,C,"func_80023648: subst ""\$6,"" ""$7,"" @ 139"
func_80023648,code6cac,regfix.txt,607,subst,register-rename,register-alloc-pure-c,COVERED,30,active,C,"func_80023648: subst ""\$5,\$6,"" ""$6,$7,"" @ 121"
func_80023648,code6cac,regfix.txt,608,subst,register-rename,register-alloc-pure-c,COVERED,30,active,C,"func_80023648: subst "",\$5"" "",$6"" @ 122"
func_80023648,code6cac,regfix.txt,609,subst,register-rename,register-alloc-pure-c,COVERED,30,active,C,"func_80023648: subst "",\$5"" "",$6"" @ 136"
func_80022F34,code6cac,regfix.txt,614,subst,memory-displacement,defeat-combine-symbol-fold,PARTIAL,11,parked,C,"func_80022F34: subst "",40"" "",32"" @ 0"
func_80022F34,code6cac,regfix.txt,615,subst,memory-displacement,defeat-combine-symbol-fold,PARTIAL,11,parked,C,"func_80022F34: subst "",24\("" "",16("" @ 1"
func_80022F34,code6cac,regfix.txt,616,subst,memory-displacement,defeat-combine-symbol-fold,PARTIAL,11,parked,C,"func_80022F34: subst "",32\("" "",24("" @ 3"
func_80022F34,code6cac,regfix.txt,617,subst,memory-displacement,defeat-combine-symbol-fold,PARTIAL,11,parked,C,"func_80022F34: subst "",28\("" "",20("" @ 5"
func_80022F34,code6cac,regfix.txt,618,subst,memory-displacement,defeat-combine-symbol-fold,PARTIAL,11,parked,C,"func_80022F34: subst "",36\("" "",28("" @ 7"
func_80022F34,code6cac,regfix.txt,620,subst,memory-displacement,defeat-combine-symbol-fold,PARTIAL,11,parked,C,"func_80022F34: subst "",36\("" "",28("" @ 59"
func_80022F34,code6cac,regfix.txt,621,subst,memory-displacement,defeat-combine-symbol-fold,PARTIAL,11,parked,C,"func_80022F34: subst "",32\("" "",24("" @ 60"
func_80022F34,code6cac,regfix.txt,622,subst,memory-displacement,defeat-combine-symbol-fold,PARTIAL,11,parked,C,"func_80022F34: subst "",28\("" "",20("" @ 61"
func_80022F34,code6cac,regfix.txt,623,subst,memory-displacement,defeat-combine-symbol-fold,PARTIAL,11,parked,C,"func_80022F34: subst "",24\("" "",16("" @ 62"
func_80022F34,code6cac,regfix.txt,624,subst,memory-displacement,defeat-combine-symbol-fold,PARTIAL,11,parked,C,"func_80022F34: subst "",40"" "",32"" @ 63"
func_80022F34,code6cac,regfix.txt,626,insert,nop-scheduling-insert,maspsx-label-nop-gate,COVERED,11,parked,C,"func_80022F34: insert ""nop"" @ 36"
func_800861BC,main,regfix.txt,643,subst,register-rename,register-alloc-pure-c,COVERED,37,active,C,"func_800861BC: subst ""\$8"" ""$3"" @ 4"
func_800861BC,main,regfix.txt,644,subst,register-rename,register-alloc-pure-c,COVERED,37,active,C,"func_800861BC: subst ""\$9"" ""$8"" @ 2"
func_800861BC,main,regfix.txt,645,subst,register-rename,register-alloc-pure-c,COVERED,37,active,C,"func_800861BC: subst ""\$8"" ""$3"" @ 6"
func_800861BC,main,regfix.txt,647,subst,register+displacement,register-alloc-pure-c,PARTIAL,37,active,C,"func_800861BC: subst ""-2\(\$8\)"" ""0($9)"" @ 19"
func_800861BC,main,regfix.txt,648,subst,register-rename,register-alloc-pure-c,COVERED,37,active,C,"func_800861BC: subst ""\$9"" ""$8"" @ 21"
func_800861BC,main,regfix.txt,650,subst,branch-label-retarget,switch-vs-ifchain-branch-sense,PARTIAL,37,active,C,"func_800861BC: subst ""beq"" ""blez"" @ 31"
func_800861BC,main,regfix.txt,651,subst,register-rename,register-alloc-pure-c,COVERED,37,active,C,"func_800861BC: subst "",\$0"" """" @ 31"
func_800861BC,main,regfix.txt,653,subst,register-rename,register-alloc-pure-c,COVERED,37,active,C,"func_800861BC: subst ""\$3,\$3,\$2"" ""$2,$2,$3"" @ 40"
func_800861BC,main,regfix.txt,654,subst,register-rename,register-alloc-pure-c,COVERED,37,active,C,"func_800861BC: subst ""\$2,"" ""$3,"" @ 41"
func_800861BC,main,regfix.txt,655,subst,register-rename,register-alloc-pure-c,COVERED,37,active,C,"func_800861BC: subst ""\$3,12\(\$3\)"" ""$2,12($2)"" @ 42"
func_800861BC,main,regfix.txt,656,subst,register-rename,register-alloc-pure-c,COVERED,37,active,C,"func_800861BC: subst ""\$2,\$2,1"" ""$3,$3,1"" @ 44"
func_800861BC,main,regfix.txt,658,subst,register-rename,register-alloc-pure-c,COVERED,37,active,C,"func_800861BC: subst ""\$3,\$3,\$2"" ""$2,$2,$3"" @ 52"
func_800861BC,main,regfix.txt,659,subst,register-rename,register-alloc-pure-c,COVERED,37,active,C,"func_800861BC: subst ""\$2,"" ""$3,"" @ 53"
func_800861BC,main,regfix.txt,660,subst,register-rename,register-alloc-pure-c,COVERED,37,active,C,"func_800861BC: subst ""\$3,14\(\$3\)"" ""$2,14($2)"" @ 54"
func_800861BC,main,regfix.txt,661,subst,register-rename,register-alloc-pure-c,COVERED,37,active,C,"func_800861BC: subst ""\$2,\$2,1"" ""$3,$3,1"" @ 55"
func_800861BC,main,regfix.txt,663,subst,operand-order-swap,compare-operand-order-register,COVERED,37,active,C,"func_800861BC: subst ""\$3,D_80102A7E\(\$2\)"" ""$2,D_80102A7E($3)"" @ 56"
func_800861BC,main,regfix.txt,665,subst,register-rename,register-alloc-pure-c,COVERED,37,active,C,"func_800861BC: subst ""\$5,"" ""$2,"" @ 70"
func_800861BC,main,regfix.txt,666,subst,register-rename,register-alloc-pure-c,COVERED,37,active,C,"func_800861BC: subst ""\$2,0\(\$8\)"" ""$3,0($5)"" @ 71"
func_800861BC,main,regfix.txt,667,subst,register-rename,register-alloc-pure-c,COVERED,37,active,C,"func_800861BC: subst ""\$3,16\(\$5\)"" ""$2,16($2)"" @ 72"
func_800861BC,main,regfix.txt,668,subst,register-rename,register-alloc-pure-c,COVERED,37,active,C,"func_800861BC: subst ""\$2,\$2,1"" ""$3,$3,1"" @ 73"
func_800861BC,main,regfix.txt,669,subst,operand-order-swap,compare-operand-order-register,COVERED,37,active,C,"func_800861BC: subst ""\$3,D_80102A80\(\$2\)"" ""$2,D_80102A80($3)"" @ 74"
func_800861BC,main,regfix.txt,671,subst,register-rename,register-alloc-pure-c,COVERED,37,active,C,"func_800861BC: subst ""\$5,"" ""$2,"" @ 80"
func_800861BC,main,regfix.txt,672,subst,register-rename,register-alloc-pure-c,COVERED,37,active,C,"func_800861BC: subst ""0\(\$8\)"" ""0($5)"" @ 81"
func_800861BC,main,regfix.txt,673,subst,register-rename,register-alloc-pure-c,COVERED,37,active,C,"func_800861BC: subst ""18\(\$5\)"" ""18($2)"" @ 82"
func_800861BC,main,regfix.txt,675,subst,width-sign-opcode-change,halfword-index-srl-sra,COVERED,37,active,C,"func_800861BC: subst ""lhu"" ""lh"" @ 87"
func_800861BC,main,regfix.txt,677,insert,instruction-injection-insert,lost-codegen-insert-cheat,COVERED-FORBIDDEN,37,active,C,"func_800861BC: insert ""addiu $sp,$sp,-8"" @ 0"
func_800861BC,main,regfix.txt,678,insert,instruction-injection-insert,lost-codegen-insert-cheat,COVERED-FORBIDDEN,37,active,C,"func_800861BC: insert ""addiu $sp,$sp,8"" @ 94"
func_800861BC,main,regfix.txt,680,insert_after,instruction-injection-insert,lost-codegen-insert-cheat,COVERED-FORBIDDEN,37,active,C,"func_800861BC: insert_after ""addiu $9,$3,-2"" @ 5"
func_800861BC,main,regfix.txt,682,insert_after,instruction-injection-insert,lost-codegen-insert-cheat,COVERED-FORBIDDEN,37,active,C,"func_800861BC: insert_after ""la $5,D_8010280C"" @ 64"
func_800861BC,main,regfix.txt,684,reorder,reorder-scheduling,loop-exit-work-inside-loop-sched-fence,COVERED,37,active,C,"func_800861BC: reorder 2,5,6,3,4,1 @ 1-6"
func_80041188,text1a_pre,regfix.txt,704,subst,operand-order-swap,compare-operand-order-register,COVERED,27,active,C,"func_80041188: subst ""\$3,\$17,\$16"" ""$3,$16,$17"" @ 30"
func_80041188,text1a_pre,regfix.txt,707,subst,frame-stack-offset,phantom-slot-frame-lever,COVERED,27,active,C,"func_80041188: subst ""addu\t\$21,\$21,4"" ""addu\t$4,$sp,16"" @ 32"
func_80041188,text1a_pre,regfix.txt,708,subst,frame-stack-offset,phantom-slot-frame-lever,COVERED,27,active,C,"func_80041188: subst ""addu\t\$4,\$sp,16"" ""addu\t$5,$23,$zero"" @ 35"
func_80041188,text1a_pre,regfix.txt,709,subst,register+displacement,register-alloc-pure-c,PARTIAL,27,active,C,"func_80041188: subst ""addu\t\$5,\$23,\$zero"" ""addu\t$21,$21,4"" @ 39"
func_80041188,text1a_pre,regfix.txt,712,subst,register-rename,register-alloc-pure-c,COVERED,27,active,C,"func_80041188: subst ""\$3,\$18,\$16"" ""$16,$16,$18"" @ 43"
func_80041188,text1a_pre,regfix.txt,713,subst,register-rename,register-alloc-pure-c,COVERED,27,active,C,"func_80041188: subst ""\$2,0\(\$3\)"" ""$2,0($16)"" @ 44"
func_80041188,text1a_pre,regfix.txt,714,subst,register-rename,register-alloc-pure-c,COVERED,27,active,C,"func_80041188: subst ""\$2,2\(\$3\)"" ""$2,2($16)"" @ 47"
func_80041188,text1a_pre,regfix.txt,715,subst,register-rename,register-alloc-pure-c,COVERED,27,active,C,"func_80041188: subst ""\$2,4\(\$3\)"" ""$2,4($16)"" @ 51"
func_80041188,text1a_pre,regfix.txt,719,subst,register-rename,register-alloc-pure-c,COVERED,27,active,C,"func_80041188: subst ""\$22,\$23,32"" ""$19,$23,32"" @ 70"
func_80041188,text1a_pre,regfix.txt,721,subst,register-rename,register-alloc-pure-c,COVERED,27,active,C,"func_80041188: subst ""\$19,\$8,1872"" ""$16,$8,1872"" @ 71"
func_80041188,text1a_pre,regfix.txt,724,subst,register-rename,register-alloc-pure-c,COVERED,27,active,C,"func_80041188: subst ""\$7,\$19,76"" ""$7,$16,76"" @ 76"
func_80041188,text1a_pre,regfix.txt,725,subst,register-rename,register-alloc-pure-c,COVERED,27,active,C,"func_80041188: subst ""\$7,\$19,56"" ""$7,$16,56"" @ 112"
func_80041188,text1a_pre,regfix.txt,726,subst,register-rename,register-alloc-pure-c,COVERED,27,active,C,"func_80041188: subst ""\$2,6\(\$19\)"" ""$2,6($16)"" @ 114"
func_80041188,text1a_pre,regfix.txt,727,subst,register-rename,register-alloc-pure-c,COVERED,27,active,C,"func_80041188: subst ""\$19,\$19,104"" ""$16,$16,104"" @ 117"
func_80041188,text1a_pre,regfix.txt,732,subst,register-rename,register-alloc-pure-c,COVERED,27,active,C,"func_80041188: subst ""\$5,\$22,\$zero"" ""$5,$19,$zero"" @ 97"
func_80041188,text1a_pre,regfix.txt,733,subst,register-rename,register-alloc-pure-c,COVERED,27,active,C,"func_80041188: subst ""\$5,\$22,\$zero"" ""$5,$19,$zero"" @ 109"
func_80041BF4,text1a_post,regfix.txt,736,swap,register-swap-range,register-alloc-pure-c,COVERED,41,active,C,func_80041BF4: $23 <-> $fp @ 16-119
func_80041BF4,text1a_post,regfix.txt,737,swap,register-swap-range,register-alloc-pure-c,COVERED,41,active,C,func_80041BF4: $23 <-> $21 @ 44-102
func_80041BF4,text1a_post,regfix.txt,739,subst,memory-displacement,defeat-combine-symbol-fold,PARTIAL,41,active,C,"func_80041BF4: subst "",72"" "",88"" @ 0"
func_80041BF4,text1a_post,regfix.txt,740,subst,memory-displacement,defeat-combine-symbol-fold,PARTIAL,41,active,C,"func_80041BF4: subst "",32\("" "",48("" @ 1"
func_80041BF4,text1a_post,regfix.txt,741,subst,memory-displacement,defeat-combine-symbol-fold,PARTIAL,41,active,C,"func_80041BF4: subst "",36\("" "",52("" @ 3"
func_80041BF4,text1a_post,regfix.txt,742,subst,memory-displacement,defeat-combine-symbol-fold,PARTIAL,41,active,C,"func_80041BF4: subst "",40\("" "",56("" @ 5"
func_80041BF4,text1a_post,regfix.txt,743,subst,memory-displacement,defeat-combine-symbol-fold,PARTIAL,41,active,C,"func_80041BF4: subst "",68\("" "",84("" @ 8"
func_80041BF4,text1a_post,regfix.txt,744,subst,memory-displacement,defeat-combine-symbol-fold,PARTIAL,41,active,C,"func_80041BF4: subst "",64\("" "",80("" @ 9"
func_80041BF4,text1a_post,regfix.txt,745,subst,memory-displacement,defeat-combine-symbol-fold,PARTIAL,41,active,C,"func_80041BF4: subst "",60\("" "",76("" @ 10"
func_80041BF4,text1a_post,regfix.txt,746,subst,memory-displacement,defeat-combine-symbol-fold,PARTIAL,41,active,C,"func_80041BF4: subst "",56\("" "",72("" @ 11"
func_80041BF4,text1a_post,regfix.txt,747,subst,memory-displacement,defeat-combine-symbol-fold,PARTIAL,41,active,C,"func_80041BF4: subst "",52\("" "",68("" @ 12"
func_80041BF4,text1a_post,regfix.txt,748,subst,memory-displacement,defeat-combine-symbol-fold,PARTIAL,41,active,C,"func_80041BF4: subst "",48\("" "",64("" @ 13"
func_80041BF4,text1a_post,regfix.txt,749,subst,memory-displacement,defeat-combine-symbol-fold,PARTIAL,41,active,C,"func_80041BF4: subst "",44\("" "",60("" @ 15"
func_80041BF4,text1a_post,regfix.txt,750,subst,memory-displacement,defeat-combine-symbol-fold,PARTIAL,41,active,C,"func_80041BF4: subst "",68\("" "",84("" @ 120"
func_80041BF4,text1a_post,regfix.txt,751,subst,memory-displacement,defeat-combine-symbol-fold,PARTIAL,41,active,C,"func_80041BF4: subst "",64\("" "",80("" @ 121"
func_80041BF4,text1a_post,regfix.txt,752,subst,memory-displacement,defeat-combine-symbol-fold,PARTIAL,41,active,C,"func_80041BF4: subst "",60\("" "",76("" @ 122"
func_80041BF4,text1a_post,regfix.txt,753,subst,memory-displacement,defeat-combine-symbol-fold,PARTIAL,41,active,C,"func_80041BF4: subst "",56\("" "",72("" @ 123"
func_80041BF4,text1a_post,regfix.txt,754,subst,memory-displacement,defeat-combine-symbol-fold,PARTIAL,41,active,C,"func_80041BF4: subst "",52\("" "",68("" @ 124"
func_80041BF4,text1a_post,regfix.txt,755,subst,memory-displacement,defeat-combine-symbol-fold,PARTIAL,41,active,C,"func_80041BF4: subst "",48\("" "",64("" @ 125"
func_80041BF4,text1a_post,regfix.txt,756,subst,memory-displacement,defeat-combine-symbol-fold,PARTIAL,41,active,C,"func_80041BF4: subst "",44\("" "",60("" @ 126"
func_80041BF4,text1a_post,regfix.txt,757,subst,memory-displacement,defeat-combine-symbol-fold,PARTIAL,41,active,C,"func_80041BF4: subst "",40\("" "",56("" @ 127"
func_80041BF4,text1a_post,regfix.txt,758,subst,memory-displacement,defeat-combine-symbol-fold,PARTIAL,41,active,C,"func_80041BF4: subst "",36\("" "",52("" @ 128"
func_80041BF4,text1a_post,regfix.txt,759,subst,memory-displacement,defeat-combine-symbol-fold,PARTIAL,41,active,C,"func_80041BF4: subst "",32\("" "",48("" @ 129"
func_80041BF4,text1a_post,regfix.txt,760,subst,memory-displacement,defeat-combine-symbol-fold,PARTIAL,41,active,C,"func_80041BF4: subst "",72"" "",88"" @ 130"
func_80041BF4,text1a_post,regfix.txt,762,subst,register-rename,register-alloc-pure-c,COVERED,41,active,C,"func_80041BF4: subst ""\$3,\$5"" ""$2,$5"" @ 85"
func_80041BF4,text1a_post,regfix.txt,764,subst,register-rename,register-alloc-pure-c,COVERED,41,active,C,"func_80041BF4: subst ""\$2,\$2,\$21"" ""$2,$3,$21"" @ 86"
func_80041BF4,text1a_post,regfix.txt,766,subst,register-rename,register-alloc-pure-c,COVERED,41,active,C,"func_80041BF4: subst ""\$21,0"" ""$2,0"" @ 106"
func_80041BF4,text1a_post,regfix.txt,768,subst,register-rename,register-alloc-pure-c,COVERED,41,active,C,"func_80041BF4: subst ""\$21"" ""$2"" @ 107"
func_80041BF4,text1a_post,regfix.txt,770,subst,register-rename,register-alloc-pure-c,COVERED,41,active,C,"func_80041BF4: subst ""\$3,"" ""$2,"" @ 108"
func_80041BF4,text1a_post,regfix.txt,772,subst,register-rename,register-alloc-pure-c,COVERED,41,active,C,"func_80041BF4: subst ""\$3,"" ""$8,"" @ 115"
func_80041BF4,text1a_post,regfix.txt,773,subst,register-rename,register-alloc-pure-c,COVERED,41,active,C,"func_80041BF4: subst "",\$3"" "",$8"" @ 116"
func_80041BF4,text1a_post,regfix.txt,775,delete,delete-instruction,store-const-reload-cse,PARTIAL,41,active,C,func_80041BF4: delete @ 84
func_80041BF4,text1a_post,regfix.txt,777,insert_after,loadstore-insert,store-before-jal,PARTIAL,41,active,C,"func_80041BF4: insert_after ""lhu $3,0($16)"" @ 105"
func_80042C80,text1a_c,regfix.txt,832,subst,memory-displacement,defeat-combine-symbol-fold,PARTIAL,58,active,C,"func_80042C80: subst ""56"" ""48"" @ 0"
func_80042C80,text1a_c,regfix.txt,833,subst,memory-displacement,defeat-combine-symbol-fold,PARTIAL,58,active,C,"func_80042C80: subst ""52"" ""44"" @ 1"
func_80042C80,text1a_c,regfix.txt,834,subst,memory-displacement,defeat-combine-symbol-fold,PARTIAL,58,active,C,"func_80042C80: subst ""48"" ""40"" @ 2"
func_80042C80,text1a_c,regfix.txt,835,subst,register-rename,register-alloc-pure-c,COVERED,58,active,C,"func_80042C80: subst ""\$7"" ""$6"" @ 3"
func_80042C80,text1a_c,regfix.txt,836,subst,register-rename,register-alloc-pure-c,COVERED,58,active,C,"func_80042C80: subst ""\$6"" ""$8"" @ 4"
func_80042C80,text1a_c,regfix.txt,837,subst,register-rename,register-alloc-pure-c,COVERED,58,active,C,"func_80042C80: subst ""\$7"" ""$6"" @ 5"
func_80042C80,text1a_c,regfix.txt,838,subst,register-rename,register-alloc-pure-c,COVERED,58,active,C,"func_80042C80: subst ""\$6"" ""$8"" @ 10"
func_80042C80,text1a_c,regfix.txt,839,subst,register-rename,register-alloc-pure-c,COVERED,58,active,C,"func_80042C80: subst ""\$9"" ""$10"" @ 17"
func_80042C80,text1a_c,regfix.txt,840,subst,register-rename,register-alloc-pure-c,COVERED,58,active,C,"func_80042C80: subst ""\$8"" ""$9"" @ 20"
func_80042C80,text1a_c,regfix.txt,841,subst,register-rename,register-alloc-pure-c,COVERED,58,active,C,"func_80042C80: subst ""\$9,\$8"" ""$10,$9"" @ 22"
func_80042C80,text1a_c,regfix.txt,842,subst,register-rename,register-alloc-pure-c,COVERED,58,active,C,"func_80042C80: subst ""\$7,\$7"" ""$6,$6"" @ 23"
func_80042C80,text1a_c,regfix.txt,843,subst,register-rename,register-alloc-pure-c,COVERED,58,active,C,"func_80042C80: subst ""\$7,\$7"" ""$6,$6"" @ 24"
func_80042C80,text1a_c,regfix.txt,844,subst,register-rename,register-alloc-pure-c,COVERED,58,active,C,"func_80042C80: subst ""\$7"" ""$6"" @ 27"
func_80042C80,text1a_c,regfix.txt,845,subst,width-sign-opcode-change,halfword-index-srl-sra,COVERED,58,active,C,"func_80042C80: subst ""lh\t\$7"" ""lhu\t$11"" @ 28"
func_80042C80,text1a_c,regfix.txt,846,subst,width-sign-opcode-change,halfword-index-srl-sra,COVERED,58,active,C,"func_80042C80: subst ""lh\t\$10"" ""lhu\t$7"" @ 34"
func_80042C80,text1a_c,regfix.txt,847,subst,register-rename,register-alloc-pure-c,COVERED,58,active,C,"func_80042C80: subst ""\$10,\$7"" ""$7,$6"" @ 36"
func_80042C80,text1a_c,regfix.txt,848,subst,register-rename,register-alloc-pure-c,COVERED,58,active,C,"func_80042C80: subst ""\$6,\$6"" ""$8,$8"" @ 37"
func_80042C80,text1a_c,regfix.txt,849,subst,register-rename,register-alloc-pure-c,COVERED,58,active,C,"func_80042C80: subst ""\$6,\$6"" ""$8,$8"" @ 38"
func_80042C80,text1a_c,regfix.txt,850,subst,register-rename,register-alloc-pure-c,COVERED,58,active,C,"func_80042C80: subst ""\$6"" ""$8"" @ 40"
func_80042C80,text1a_c,regfix.txt,851,subst,width-sign-opcode-change,halfword-index-srl-sra,COVERED,58,active,C,"func_80042C80: subst ""lh\t"" ""lhu\t"" @ 41"
func_80042C80,text1a_c,regfix.txt,852,subst,register-rename,register-alloc-pure-c,COVERED,58,active,C,"func_80042C80: subst ""\$11"" ""$8"" @ 43"
func_80042C80,text1a_c,regfix.txt,853,subst,register-rename,register-alloc-pure-c,COVERED,58,active,C,"func_80042C80: subst ""\$9,\$11"" ""$10,$8"" @ 45"
func_80042C80,text1a_c,regfix.txt,854,subst,register-rename,register-alloc-pure-c,COVERED,58,active,C,"func_80042C80: subst ""\$6,\$2"" ""$2,$2"" @ 47"
func_80042C80,text1a_c,regfix.txt,855,subst,register-rename,register-alloc-pure-c,COVERED,58,active,C,"func_80042C80: subst ""\$6,\$8"" ""$2,$9"" @ 49"
func_80042C80,text1a_c,regfix.txt,856,subst,register-rename,register-alloc-pure-c,COVERED,58,active,C,"func_80042C80: subst ""\$6,\$11"" ""$2,$8"" @ 65"
func_80042C80,text1a_c,regfix.txt,857,subst,register-rename,register-alloc-pure-c,COVERED,58,active,C,"func_80042C80: subst "",\$8"" "",$9"" @ 69"
func_80042C80,text1a_c,regfix.txt,858,subst,register-rename,register-alloc-pure-c,COVERED,58,active,C,"func_80042C80: subst ""\$7"" ""$6"" @ 71"
func_80042C80,text1a_c,regfix.txt,859,subst,register-rename,register-alloc-pure-c,COVERED,58,active,C,"func_80042C80: subst ""\$11"" ""$12"" @ 74"
func_80042C80,text1a_c,regfix.txt,860,subst,register-rename,register-alloc-pure-c,COVERED,58,active,C,"func_80042C80: subst ""\$10"" ""$7"" @ 75"
func_80042C80,text1a_c,regfix.txt,861,subst,register-rename,register-alloc-pure-c,COVERED,58,active,C,"func_80042C80: subst ""\$9"" ""$10"" @ 77"
func_80042C80,text1a_c,regfix.txt,862,subst,register-rename,register-alloc-pure-c,COVERED,58,active,C,"func_80042C80: subst ""\$6"" ""$8"" @ 78"
func_80042C80,text1a_c,regfix.txt,863,subst,register-rename,register-alloc-pure-c,COVERED,58,active,C,"func_80042C80: subst ""\$11"" ""$12"" @ 79"
func_80042C80,text1a_c,regfix.txt,864,subst,register-rename,register-alloc-pure-c,COVERED,58,active,C,"func_80042C80: subst "",\$8"" "",$9"" @ 81"
func_80042C80,text1a_c,regfix.txt,865,subst,register-rename,register-alloc-pure-c,COVERED,58,active,C,"func_80042C80: subst "",\$7"" "",$6"" @ 85"
func_80042C80,text1a_c,regfix.txt,866,subst,register-rename,register-alloc-pure-c,COVERED,58,active,C,"func_80042C80: subst ""\$10"" ""$7"" @ 89"
func_80042C80,text1a_c,regfix.txt,867,subst,register-rename,register-alloc-pure-c,COVERED,58,active,C,"func_80042C80: subst ""\$11"" ""$6"" @ 90"
func_80042C80,text1a_c,regfix.txt,868,subst,register-rename,register-alloc-pure-c,COVERED,58,active,C,"func_80042C80: subst "",\$9"" "",$10"" @ 97"
func_80042C80,text1a_c,regfix.txt,869,subst,register-rename,register-alloc-pure-c,COVERED,58,active,C,"func_80042C80: subst ""\$7,"" ""$11,"" @ 98"
func_80042C80,text1a_c,regfix.txt,870,subst,register-rename,register-alloc-pure-c,COVERED,58,active,C,"func_80042C80: subst ""\$9"" ""$10"" @ 103"
func_80042C80,text1a_c,regfix.txt,871,subst,register-rename,register-alloc-pure-c,COVERED,58,active,C,"func_80042C80: subst "",\$6,"" "",$8,"" @ 104"
func_80042C80,text1a_c,regfix.txt,872,subst,register-rename,register-alloc-pure-c,COVERED,58,active,C,"func_80042C80: subst ""\$10,\$8"" ""$7,$9"" @ 106"
func_80042C80,text1a_c,regfix.txt,873,subst,register-rename,register-alloc-pure-c,COVERED,58,active,C,"func_80042C80: subst "",\$9,"" "",$10,"" @ 107"
func_80042C80,text1a_c,regfix.txt,874,subst,register-rename,register-alloc-pure-c,COVERED,58,active,C,"func_80042C80: subst ""\$11"" ""$6"" @ 115"
func_80042C80,text1a_c,regfix.txt,875,subst,memory-displacement,defeat-combine-symbol-fold,PARTIAL,58,active,C,"func_80042C80: subst ""52"" ""44"" @ 122"
func_80042C80,text1a_c,regfix.txt,876,subst,memory-displacement,defeat-combine-symbol-fold,PARTIAL,58,active,C,"func_80042C80: subst ""48"" ""40"" @ 123"
func_80042C80,text1a_c,regfix.txt,877,subst,memory-displacement,defeat-combine-symbol-fold,PARTIAL,58,active,C,"func_80042C80: subst ""56"" ""48"" @ 124"
func_80042C80,text1a_c,regfix.txt,878,delete,delete-instruction,store-const-reload-cse,PARTIAL,58,active,C,func_80042C80: delete @ 31
func_80042C80,text1a_c,regfix.txt,879,delete,delete-instruction,store-const-reload-cse,PARTIAL,58,active,C,func_80042C80: delete @ 35
func_80042C80,text1a_c,regfix.txt,880,delete,delete-instruction,store-const-reload-cse,PARTIAL,58,active,C,func_80042C80: delete @ 44
func_80042C80,text1a_c,regfix.txt,881,delete,delete-instruction,store-const-reload-cse,PARTIAL,58,active,C,func_80042C80: delete @ 55
func_80042C80,text1a_c,regfix.txt,882,delete,delete-instruction,store-const-reload-cse,PARTIAL,58,active,C,func_80042C80: delete @ 56
func_80042C80,text1a_c,regfix.txt,883,delete,delete-instruction,store-const-reload-cse,PARTIAL,58,active,C,func_80042C80: delete @ 57
func_80042C80,text1a_c,regfix.txt,884,insert,loadstore-insert,store-before-jal,PARTIAL,58,active,C,"func_80042C80: insert ""lhu $3,%lo(Judge)($at)"" @ 52"
func_80042C80,text1a_c,regfix.txt,885,insert,lost-codegen-move-insert,shared-end-label,COVERED-FORBIDDEN,58,active,C,"func_80042C80: insert ""addu $at,$at,$3"" @ 52"
func_80042C80,text1a_c,regfix.txt,886,insert,instruction-injection-insert,lost-codegen-insert-cheat,COVERED-FORBIDDEN,58,active,C,"func_80042C80: insert ""lui $at,%hi(Judge)"" @ 52"
func_80042C80,text1a_c,regfix.txt,887,insert_after,instruction-injection-insert,lost-codegen-insert-cheat,COVERED-FORBIDDEN,58,active,C,"func_80042C80: insert_after ""sra $6,$6,16"" @ 30"
func_80042C80,text1a_c,regfix.txt,888,insert_after,instruction-injection-insert,lost-codegen-insert-cheat,COVERED-FORBIDDEN,58,active,C,"func_80042C80: insert_after ""sll $6,$11,16"" @ 30"
func_80042C80,text1a_c,regfix.txt,889,insert_after,instruction-injection-insert,lost-codegen-insert-cheat,COVERED-FORBIDDEN,58,active,C,"func_80042C80: insert_after ""sra $7,$7,16"" @ 33"
func_80042C80,text1a_c,regfix.txt,890,insert_after,instruction-injection-insert,lost-codegen-insert-cheat,COVERED-FORBIDDEN,58,active,C,"func_80042C80: insert_after ""sll $7,$7,16"" @ 33"
func_80042C80,text1a_c,regfix.txt,891,insert_after,instruction-injection-insert,lost-codegen-insert-cheat,COVERED-FORBIDDEN,58,active,C,"func_80042C80: insert_after ""mflo $16"" @ 33"
func_80042C80,text1a_c,regfix.txt,892,insert_after,instruction-injection-insert,lost-codegen-insert-cheat,COVERED-FORBIDDEN,58,active,C,"func_80042C80: insert_after ""sll $4,$4,16"" @ 39"
func_80042C80,text1a_c,regfix.txt,893,insert_after,nop-scheduling-insert,maspsx-label-nop-gate,COVERED,58,active,C,"func_80042C80: insert_after ""nop"" @ 39"
func_80042C80,text1a_c,regfix.txt,894,insert_after,instruction-injection-insert,lost-codegen-insert-cheat,COVERED-FORBIDDEN,58,active,C,"func_80042C80: insert_after ""sra $4,$4,16"" @ 40"
func_80027640,code6cac_b,regfix.txt,936,subst,register-rename,register-alloc-pure-c,COVERED,35,active,C,"func_80027640: subst ""addu\t\$2,\$6,\$3"" ""addu\t$3,$6,$3"" @ 69"
func_80027640,code6cac_b,regfix.txt,937,subst,register-rename,register-alloc-pure-c,COVERED,35,active,C,"func_80027640: subst ""mult\t\$2,\$5"" ""mult\t$3,$5"" @ 71"
func_80027640,code6cac_b,regfix.txt,938,subst,register-rename,register-alloc-pure-c,COVERED,35,active,C,"func_80027640: subst ""sra\t\$2,\$2,31"" ""sra\t$3,$3,31"" @ 72"
func_80027640,code6cac_b,regfix.txt,939,subst,register-rename,register-alloc-pure-c,COVERED,35,active,C,"func_80027640: subst ""mfhi\t\$3"" ""mfhi\t$9"" @ 73"
func_80027640,code6cac_b,regfix.txt,940,subst,register-rename,register-alloc-pure-c,COVERED,35,active,C,"func_80027640: subst ""sra\t\$3,\$3,5"" ""sra\t$2,$9,5"" @ 74"
func_80027640,code6cac_b,regfix.txt,941,subst,register-rename,register-alloc-pure-c,COVERED,35,active,C,"func_80027640: subst ""subu\t\$4,\$3,\$2"" ""subu\t$2,$2,$3"" @ 76"
func_80027640,code6cac_b,regfix.txt,944,subst,register-rename,register-alloc-pure-c,COVERED,35,active,C,"func_80027640: subst ""addu\t\$2,\$4,\$2"" ""addu\t$4,$4,$2"" @ 83"
func_80027640,code6cac_b,regfix.txt,945,subst,register-rename,register-alloc-pure-c,COVERED,35,active,C,"func_80027640: subst ""lh\t\$3,0\(\$2\)"" ""lh\t$2,0($4)"" @ 84"
func_80027640,code6cac_b,regfix.txt,946,subst,frame-reg-rename,register-alloc-pure-c,COVERED,35,active,C,"func_80027640: subst ""sw\t\$3,16\(\$sp\)"" ""sw\t$2,16($sp)"" @ 86"
func_80027640,code6cac_b,regfix.txt,947,subst,operand-order-swap,compare-operand-order-register,COVERED,35,active,C,"func_80027640: subst ""lh\t\$4,4\(\$2\)"" ""lh\t$2,4($4)"" @ 87"
func_80027640,code6cac_b,regfix.txt,950,subst,frame-reg-rename,register-alloc-pure-c,COVERED,35,active,C,"func_80027640: subst ""sw\t\$4,24\(\$sp\)"" ""sw\t$2,24($sp)"" @ 88"
func_80027640,code6cac_b,regfix.txt,951,subst,frame-reg-rename,register-alloc-pure-c,COVERED,35,active,C,"func_80027640: subst ""lw\t\$3,16\(\$sp\)"" ""lw\t$4,16($sp)"" @ 89"
func_80027640,code6cac_b,regfix.txt,952,subst,register-rename,register-alloc-pure-c,COVERED,35,active,C,"func_80027640: subst ""subu\t\$3,\$3,\$2"" ""subu\t$4,$4,$2"" @ 92"
func_80027640,code6cac_b,regfix.txt,953,subst,frame-reg-rename,register-alloc-pure-c,COVERED,35,active,C,"func_80027640: subst ""sw\t\$3,16\(\$sp\)"" ""sw\t$4,16($sp)"" @ 93"
func_80027640,code6cac_b,regfix.txt,954,subst,register-rename,register-alloc-pure-c,COVERED,35,active,C,"func_80027640: subst ""lw\t\$2,252\(\$17\)"" ""lw\t$3,252($17)"" @ 94"
func_80027640,code6cac_b,regfix.txt,955,subst,register-rename,register-alloc-pure-c,COVERED,35,active,C,"func_80027640: subst ""subu\t\$2,\$4,\$2"" ""subu\t$2,$2,$3"" @ 96"
func_80027640,code6cac_b,regfix.txt,956,subst,register-rename,register-alloc-pure-c,COVERED,35,active,C,"func_80027640: subst ""addu\t\$2,\$2,\$3"" ""addu\t$2,$2,$4"" @ 100"
func_80027640,code6cac_b,regfix.txt,959,insert,loadstore-insert,store-before-jal,PARTIAL,35,active,C,"func_80027640: insert ""lw\t$2,24($sp)"" @ 93"
func_80027640,code6cac_b,regfix.txt,961,insert,nop-scheduling-insert,maspsx-label-nop-gate,COVERED,35,active,C,"func_80027640: insert ""nop"" @ 88"
func_8008BF04,main,regfix.txt,1000,swap,register-swap-range,register-alloc-pure-c,COVERED,41,active,C,func_8008BF04: $19 <-> $20 @ 0-134
func_8008BF04,main,regfix.txt,1002,swap,register-swap-range,register-alloc-pure-c,COVERED,41,active,C,func_8008BF04: $16 <-> $17 @ 68-121
func_8008BF04,main,regfix.txt,1004,subst,memory-displacement,defeat-combine-symbol-fold,PARTIAL,41,active,C,"func_8008BF04: subst ""32"" ""28"" @ 1"
func_8008BF04,main,regfix.txt,1005,subst,memory-displacement,defeat-combine-symbol-fold,PARTIAL,41,active,C,"func_8008BF04: subst ""28"" ""32"" @ 5"
func_8008BF04,main,regfix.txt,1007,fill_delay,fill-delay-slot,hoist-call-arg-local-flips-jal-delay,COVERED,41,active,C,func_8008BF04: fill_delay @ 66 <- 68
func_8008BF04,main,regfix.txt,1010,swap,register-swap-range,register-alloc-pure-c,COVERED,41,active,C,func_8008BF04: $3 <-> $6 @ 39-44
func_80038170,code6cac_c_mid,regfix.txt,1019,reorder,reorder-scheduling,loop-exit-work-inside-loop-sched-fence,COVERED,14,parked,C,"func_80038170: reorder 10,11,13,12,9 @ 9-13"
func_8003A728,code6cac_c_mid,regfix.txt,1023,subst,register-rename,register-alloc-pure-c,COVERED,38,active,C,"func_8003A728: subst ""\$3,"" ""$2,"" @ 31"
func_8003A728,code6cac_c_mid,regfix.txt,1024,subst,register-rename,register-alloc-pure-c,COVERED,38,active,C,"func_8003A728: subst ""\$3,"" ""$2,"" @ 34"
func_8003A728,code6cac_c_mid,regfix.txt,1025,reorder,reorder-scheduling,loop-exit-work-inside-loop-sched-fence,COVERED,38,active,C,"func_8003A728: reorder 32,31 @ 31-32"
func_8003A728,code6cac_c_mid,regfix.txt,1028,subst,opcode-change,proven-spelling-class-reconstruction,PARTIAL,38,active,C,"func_8003A728: subst ""addu\s+\$4,\$18,\$zero"" ""andi $4,$16,0xffff"" @ 85"
func_8003A728,code6cac_c_mid,regfix.txt,1032,subst,lost-codegen-nop-fill,shared-end-label,COVERED-FORBIDDEN,38,active,C,"func_8003A728: subst ""nop"" ""sll $2,$3,16"" @ 123"
func_8003A728,code6cac_c_mid,regfix.txt,1033,subst,instruction-suppress-to-nop,dead-store-fake-exception,PARTIAL,38,active,C,"func_8003A728: subst ""sll\s+\$3,\$3,16"" ""nop"" @ 125"
func_8003A728,code6cac_c_mid,regfix.txt,1034,subst,register-rename,register-alloc-pure-c,COVERED,38,active,C,"func_8003A728: subst ""lhu\s+\$2,%gp_rel\(D_800A3698\)"" ""lhu $16,%gp_rel(D_800A3698)"" @ 124"
func_8003A728,code6cac_c_mid,regfix.txt,1035,subst,register-rename,register-alloc-pure-c,COVERED,38,active,C,"func_8003A728: subst ""or\s+\$3,\$3,\$2"" ""or $2,$2,$16"" @ 126"
func_8003A728,code6cac_c_mid,regfix.txt,1036,subst,register-rename,register-alloc-pure-c,COVERED,38,active,C,"func_8003A728: subst ""\$3,8\(\$17\)"" ""$2,8($17)"" @ 127"
func_8003A728,code6cac_c_mid,regfix.txt,1039,subst,register-rename,register-alloc-pure-c,COVERED,38,active,C,"func_8003A728: subst ""lhu\s+\$2,%gp_rel\(D_800A36D0\)"" ""lhu $16,%gp_rel(D_800A36D0)"" @ 131"
func_8003A728,code6cac_c_mid,regfix.txt,1040,subst,register-rename,register-alloc-pure-c,COVERED,38,active,C,"func_8003A728: subst ""sll\s+\$2,\$2,16"" ""sll $2,$16,16"" @ 133"
CD_sync,system,regfix.txt,1084,subst,register-rename,register-alloc-pure-c,COVERED,7,parked,C,"CD_sync: subst ""lbu\t\$3,0\(\$18\)"" ""lbu\t$4,0($18)"" @ 39"
CD_sync,system,regfix.txt,1085,subst,register-rename,register-alloc-pure-c,COVERED,7,parked,C,"CD_sync: subst ""sll\t\$3,\$3,2"" ""sll\t$4,$4,2"" @ 41"
CD_sync,system,regfix.txt,1086,subst,register-rename,register-alloc-pure-c,COVERED,7,parked,C,"CD_sync: subst ""addu\t\$3,\$3,\$19"" ""addu\t$4,$4,$19"" @ 42"
CD_sync,system,regfix.txt,1087,subst,register-rename,register-alloc-pure-c,COVERED,7,parked,C,"CD_sync: subst ""lw\t\$7,0\(\$3\)"" ""lw\t$7,0($4)"" @ 45"
CD_sync,system,regfix.txt,1088,reorder,reorder-scheduling,loop-exit-work-inside-loop-sched-fence,COVERED,7,parked,C,"CD_sync: reorder 39,40,48,43,44,41,46,47,42,49,50,51,52,53,45 @ 39-53"
CD_ready,system,regfix.txt,1092,swap,register-swap-range,register-alloc-pure-c,COVERED,56,active,C,CD_ready: $21 <-> $23
CD_ready,system,regfix.txt,1093,swap,register-swap-range,register-alloc-pure-c,COVERED,56,active,C,CD_ready: $21 <-> $22
CD_ready,system,regfix.txt,1095,swap,register-swap-range,register-alloc-pure-c,COVERED,56,active,C,CD_ready: $17 <-> $20
CD_ready,system,regfix.txt,1096,swap,register-swap-range,register-alloc-pure-c,COVERED,56,active,C,CD_ready: $17 <-> $19
CD_ready,system,regfix.txt,1097,swap,register-swap-range,register-alloc-pure-c,COVERED,56,active,C,CD_ready: $17 <-> $18
CD_ready,system,regfix.txt,1100,subst,register-rename,register-alloc-pure-c,COVERED,56,active,C,"CD_ready: subst ""lbu\t\$2,0\(\$18\)"" ""lbu\t$4,0($18)"" @ 41"
CD_ready,system,regfix.txt,1101,subst,register-rename,register-alloc-pure-c,COVERED,56,active,C,"CD_ready: subst ""lbu\t\$3,1\(\$18\)"" ""lbu\t$2,1($18)"" @ 42"
CD_ready,system,regfix.txt,1102,subst,register-rename,register-alloc-pure-c,COVERED,56,active,C,"CD_ready: subst ""sll\t\$2,\$2,2"" ""sll\t$4,$4,2"" @ 44"
CD_ready,system,regfix.txt,1103,subst,register-rename,register-alloc-pure-c,COVERED,56,active,C,"CD_ready: subst ""addu\t\$2,\$2,\$21"" ""addu\t$4,$4,$21"" @ 45"
CD_ready,system,regfix.txt,1104,subst,register-rename,register-alloc-pure-c,COVERED,56,active,C,"CD_ready: subst ""sll\t\$3,\$3,2"" ""sll\t$2,$2,2"" @ 46"
CD_ready,system,regfix.txt,1105,subst,register-rename,register-alloc-pure-c,COVERED,56,active,C,"CD_ready: subst ""addu\t\$3,\$3,\$21"" ""addu\t$2,$2,$21"" @ 47"
CD_ready,system,regfix.txt,1106,subst,register-rename,register-alloc-pure-c,COVERED,56,active,C,"CD_ready: subst ""lw\t\$7,0\(\$2\)"" ""lw\t$7,0($4)"" @ 48"
CD_ready,system,regfix.txt,1107,subst,register-rename,register-alloc-pure-c,COVERED,56,active,C,"CD_ready: subst ""lw\t\$3,0\(\$3\)"" ""lw\t$3,0($2)"" @ 50"
CD_ready,system,regfix.txt,1108,reorder,reorder-scheduling,loop-exit-work-inside-loop-sched-fence,COVERED,56,active,C,"CD_ready: reorder 41,42,43,46,47,44,50,49,45,51,52,53,54,55,48 @ 41-55"
CD_ready,system,regfix.txt,1111,subst,frame-stack-offset,phantom-slot-frame-lever,COVERED,56,active,C,"CD_ready: subst ""sw\t\$23,44\(\$sp\)"" ""sw\t$23,52($sp)"" @ 1"
CD_ready,system,regfix.txt,1112,subst,frame-stack-offset,phantom-slot-frame-lever,COVERED,56,active,C,"CD_ready: subst ""sw\t\$20,28\(\$sp\)"" ""sw\t$20,40($sp)"" @ 2"
CD_ready,system,regfix.txt,1113,subst,frame-stack-offset,phantom-slot-frame-lever,COVERED,56,active,C,"CD_ready: subst ""sw\t\$22,52\(\$sp\)"" ""sw\t$22,48($sp)"" @ 7"
CD_ready,system,regfix.txt,1114,subst,frame-stack-offset,phantom-slot-frame-lever,COVERED,56,active,C,"CD_ready: subst ""sw\t\$21,48\(\$sp\)"" ""sw\t$21,44($sp)"" @ 8"
CD_ready,system,regfix.txt,1115,subst,frame-stack-offset,phantom-slot-frame-lever,COVERED,56,active,C,"CD_ready: subst ""sw\t\$19,40\(\$sp\)"" ""sw\t$19,36($sp)"" @ 9"
CD_ready,system,regfix.txt,1116,subst,frame-stack-offset,phantom-slot-frame-lever,COVERED,56,active,C,"CD_ready: subst ""sw\t\$18,36\(\$sp\)"" ""sw\t$18,32($sp)"" @ 10"
CD_ready,system,regfix.txt,1117,subst,frame-stack-offset,phantom-slot-frame-lever,COVERED,56,active,C,"CD_ready: subst ""sw\t\$17,32\(\$sp\)"" ""sw\t$17,28($sp)"" @ 11"
CD_ready,system,regfix.txt,1121,subst,frame-reg-rename,register-alloc-pure-c,COVERED,56,active,C,"CD_ready: subst ""lw\t\$22,52\(\$sp\)"" ""lw\t$23,52($sp)"" @ 145"
CD_ready,system,regfix.txt,1122,subst,frame-reg-rename,register-alloc-pure-c,COVERED,56,active,C,"CD_ready: subst ""lw\t\$21,48\(\$sp\)"" ""lw\t$22,48($sp)"" @ 146"
CD_ready,system,regfix.txt,1123,subst,frame-reg-rename,register-alloc-pure-c,COVERED,56,active,C,"CD_ready: subst ""lw\t\$23,44\(\$sp\)"" ""lw\t$21,44($sp)"" @ 147"
CD_ready,system,regfix.txt,1124,subst,frame-reg-rename,register-alloc-pure-c,COVERED,56,active,C,"CD_ready: subst ""lw\t\$19,40\(\$sp\)"" ""lw\t$20,40($sp)"" @ 148"
CD_ready,system,regfix.txt,1125,subst,frame-reg-rename,register-alloc-pure-c,COVERED,56,active,C,"CD_ready: subst ""lw\t\$18,36\(\$sp\)"" ""lw\t$19,36($sp)"" @ 149"
CD_ready,system,regfix.txt,1126,subst,frame-reg-rename,register-alloc-pure-c,COVERED,56,active,C,"CD_ready: subst ""lw\t\$17,32\(\$sp\)"" ""lw\t$18,32($sp)"" @ 150"
CD_ready,system,regfix.txt,1127,subst,frame-reg-rename,register-alloc-pure-c,COVERED,56,active,C,"CD_ready: subst ""lw\t\$20,28\(\$sp\)"" ""lw\t$17,28($sp)"" @ 151"
CD_ready,system,regfix.txt,1130,subst,register-rename,register-alloc-pure-c,COVERED,56,active,C,"CD_ready: subst ""lbu\t\$6"" ""lbu\t$2"" @ 106"
CD_ready,system,regfix.txt,1131,subst,register-rename,register-alloc-pure-c,COVERED,56,active,C,"CD_ready: subst ""lbu\t\$6"" ""lbu\t$2"" @ 124"
CD_ready,system,regfix.txt,1132,subst,instruction-suppress-to-nop,dead-store-fake-exception,PARTIAL,56,active,C,"CD_ready: subst ""addu.*"" ""nop"" @ 127"
CD_ready,system,regfix.txt,1133,subst,branch-label-retarget,switch-vs-ifchain-branch-sense,PARTIAL,56,active,C,"CD_ready: subst ""\.L\d+"" "".L999"" @ 111"
CD_ready,system,regfix.txt,1134,subst,branch-label-retarget,switch-vs-ifchain-branch-sense,PARTIAL,56,active,C,"CD_ready: subst ""\.L\d+"" "".L999"" @ 129"
CD_ready,system,regfix.txt,1135,subst,branch-label-retarget,switch-vs-ifchain-branch-sense,PARTIAL,56,active,C,"CD_ready: subst ""j"" "".L999:\n\tj"" @ 139"
CD_ready,system,regfix.txt,1136,subst,lost-codegen-nop-fill,shared-end-label,COVERED-FORBIDDEN,56,active,C,"CD_ready: subst ""nop"" ""addu\t$2,$0,$zero"" @ 142"
CD_ready,system,regfix.txt,1137,delete,delete-instruction,store-const-reload-cse,PARTIAL,56,active,C,CD_ready: delete @ 143
CD_ready,system,regfix.txt,1138,insert,instruction-injection-insert,lost-codegen-insert-cheat,COVERED-FORBIDDEN,56,active,C,"CD_ready: insert ""andi\t$6,$2,0x00FF"" @ 108"
CD_ready,system,regfix.txt,1139,insert,instruction-injection-insert,lost-codegen-insert-cheat,COVERED-FORBIDDEN,56,active,C,"CD_ready: insert ""andi\t$6,$2,0x00FF"" @ 126"
CD_ready,system,regfix.txt,1140,insert,lost-codegen-move-insert,shared-end-label,COVERED-FORBIDDEN,56,active,C,"CD_ready: insert ""addu\t$5,$20,$zero"" @ 130"
CD_ready,system,regfix.txt,1141,reorder,reorder-scheduling,loop-exit-work-inside-loop-sched-fence,COVERED,56,active,C,"CD_ready: reorder 3,2 @ 2-3"
CD_ready,system,regfix.txt,1142,reorder,reorder-scheduling,loop-exit-work-inside-loop-sched-fence,COVERED,56,active,C,"CD_ready: reorder 113,111,112,114,115,116 @ 111-116"
CD_ready,system,regfix.txt,1143,reorder,reorder-scheduling,loop-exit-work-inside-loop-sched-fence,COVERED,56,active,C,"CD_ready: reorder 133,132,130,131,134,135 @ 130-135"
func_80016E60,ings,regfix.txt,1189,subst,register-rename,register-alloc-pure-c,COVERED,36,active,C,"func_80016E60: subst "".*"" ""addu\t$4,$0,$zero"" @ 66"
func_8002D518,code6cac_b,regfix.txt,1196,reorder,reorder-scheduling,loop-exit-work-inside-loop-sched-fence,COVERED,33,active,ASM-PARTIAL,"func_8002D518: reorder 76,77,78,75 @ 75-78"
func_8002D518,code6cac_b,regfix.txt,1198,subst,register-rename,register-alloc-pure-c,COVERED,33,active,ASM-PARTIAL,"func_8002D518: subst ""\$6,\$8,\$6"" ""$5,$8,$6"" @ 75"
func_8002D518,code6cac_b,regfix.txt,1199,subst,register-rename,register-alloc-pure-c,COVERED,33,active,ASM-PARTIAL,"func_8002D518: subst ""\$6,"" ""$5,"" @ 80"
func_8002D518,code6cac_b,regfix.txt,1201,subst,register-rename,register-alloc-pure-c,COVERED,33,active,ASM-PARTIAL,"func_8002D518: subst ""subu\t\$4"" ""subu\t$6"" @ 84"
func_8002D518,code6cac_b,regfix.txt,1202,subst,register-rename,register-alloc-pure-c,COVERED,33,active,ASM-PARTIAL,"func_8002D518: subst ""\$4"" ""$6"" @ 85"
func_8002D518,code6cac_b,regfix.txt,1203,subst,register-rename,register-alloc-pure-c,COVERED,33,active,ASM-PARTIAL,"func_8002D518: subst "",\$4,"" "",$6,"" @ 86"
func_8002D518,code6cac_b,regfix.txt,1205,subst,register-rename,register-alloc-pure-c,COVERED,33,active,ASM-PARTIAL,"func_8002D518: subst ""addu\t\$6"" ""addu\t$2"" @ 88"
func_8002D518,code6cac_b,regfix.txt,1207,subst,lost-codegen-nop-fill,shared-end-label,COVERED-FORBIDDEN,33,active,ASM-PARTIAL,"func_8002D518: subst ""nop.*"" ""addu\t$4,$6,$zero"" @ 90"
func_8002D518,code6cac_b,regfix.txt,1209,subst,register-rename,register-alloc-pure-c,COVERED,33,active,ASM-PARTIAL,"func_8002D518: subst "",\$4"" "",$6"" @ 92"
func_8002D518,code6cac_b,regfix.txt,1211,subst,register-rename,register-alloc-pure-c,COVERED,33,active,ASM-PARTIAL,"func_8002D518: subst ""srl\t\$2"" ""srl\t$6"" @ 95"
func_8002D518,code6cac_b,regfix.txt,1213,subst,branch-label-retarget,switch-vs-ifchain-branch-sense,PARTIAL,33,active,ASM-PARTIAL,"func_8002D518: subst ""bltz\t\$4"" ""bltz\t$6"" @ 96"
func_8002D518,code6cac_b,regfix.txt,1215,subst,register-rename,register-alloc-pure-c,COVERED,33,active,ASM-PARTIAL,"func_8002D518: subst ""srl\t\$2"" ""srl\t$6"" @ 115"
func_8002D518,code6cac_b,regfix.txt,1217,subst,register-rename,register-alloc-pure-c,COVERED,33,active,ASM-PARTIAL,"func_8002D518: subst ""\$5,\$2"" ""$6,$6"" @ 116"
func_8002D518,code6cac_b,regfix.txt,1219,subst,register-rename,register-alloc-pure-c,COVERED,33,active,ASM-PARTIAL,"func_8002D518: subst ""\$4,\$6"" ""$3,$5"" @ 118"
func_8002D518,code6cac_b,regfix.txt,1221,subst,register-rename,register-alloc-pure-c,COVERED,33,active,ASM-PARTIAL,"func_8002D518: subst ""\$3,\$2,\$5"" ""$4,$2,$6"" @ 119"
func_8002D518,code6cac_b,regfix.txt,1223,subst,register-rename,register-alloc-pure-c,COVERED,33,active,ASM-PARTIAL,"func_8002D518: subst ""\$3,\$3"" ""$4,$4"" @ 120"
func_8002D518,code6cac_b,regfix.txt,1225,reorder,reorder-scheduling,loop-exit-work-inside-loop-sched-fence,COVERED,33,active,ASM-PARTIAL,"func_8002D518: reorder 119,120,118 @ 118-120"
func_8002D518,code6cac_b,regfix.txt,1227,subst,operand-order-swap,compare-operand-order-register,COVERED,33,active,ASM-PARTIAL,"func_8002D518: subst "",\$3,\$4"" "",$4,$3"" @ 121"
func_8002D518,code6cac_b,regfix.txt,1229,subst,register-rename,register-alloc-pure-c,COVERED,33,active,ASM-PARTIAL,"func_8002D518: subst ""\$4"" ""$3"" @ 122"
func_8002D518,code6cac_b,regfix.txt,1231,subst,register-rename,register-alloc-pure-c,COVERED,33,active,ASM-PARTIAL,"func_8002D518: subst ""\$4,"" ""$3,"" @ 126"
func_8002D518,code6cac_b,regfix.txt,1233,subst,register-rename,register-alloc-pure-c,COVERED,33,active,ASM-PARTIAL,"func_8002D518: subst ""\$3,"" ""$4,"" @ 128"
func_8002D518,code6cac_b,regfix.txt,1235,subst,register-rename,register-alloc-pure-c,COVERED,33,active,ASM-PARTIAL,"func_8002D518: subst ""\$3"" ""$4"" @ 131"
func_8002D518,code6cac_b,regfix.txt,1237,subst,register-rename,register-alloc-pure-c,COVERED,33,active,ASM-PARTIAL,"func_8002D518: subst ""\$5"" ""$6"" @ 132"
func_8002D518,code6cac_b,regfix.txt,1239,subst,register-rename,register-alloc-pure-c,COVERED,33,active,ASM-PARTIAL,"func_8002D518: subst "",\$4"" "",$3"" @ 134"
func_8002D518,code6cac_b,regfix.txt,1241,subst,register-rename,register-alloc-pure-c,COVERED,33,active,ASM-PARTIAL,"func_8002D518: subst ""\$4"" ""$3"" @ 135"
func_8002D518,code6cac_b,regfix.txt,1243,subst,register-rename,register-alloc-pure-c,COVERED,33,active,ASM-PARTIAL,"func_8002D518: subst ""\$4,"" ""$3,"" @ 139"
func_8002D518,code6cac_b,regfix.txt,1245,subst,register-rename,register-alloc-pure-c,COVERED,33,active,ASM-PARTIAL,"func_8002D518: subst ""\$4"" ""$3"" @ 144"
func_8002D518,code6cac_b,regfix.txt,1247,subst,branch-label-retarget,switch-vs-ifchain-branch-sense,PARTIAL,33,active,ASM-PARTIAL,"func_8002D518: subst ""bltz\t\$3"" ""bltz\t$4"" @ 145"
func_8002D518,code6cac_b,regfix.txt,1249,subst,register-rename,register-alloc-pure-c,COVERED,33,active,ASM-PARTIAL,"func_8002D518: subst ""addu\t\$6"" ""addu\t$5"" @ 146"
func_8002D518,code6cac_b,regfix.txt,1251,subst,register-rename,register-alloc-pure-c,COVERED,33,active,ASM-PARTIAL,"func_8002D518: subst ""\$6,\$4"" ""$5,$3"" @ 147"
func_8002D518,code6cac_b,regfix.txt,1253,subst,register-rename,register-alloc-pure-c,COVERED,33,active,ASM-PARTIAL,"func_8002D518: subst ""\$6"" ""$5"" @ 148"
func_800238C4,code6cac,regfix.txt,1256,subst,lost-codegen-nop-fill,shared-end-label,COVERED-FORBIDDEN,48,active,C,"func_800238C4: subst ""nop"" ""addiu\t$2,$zero,1"" @ 24"
func_800238C4,code6cac,regfix.txt,1257,delete,delete-instruction,store-const-reload-cse,PARTIAL,48,active,C,func_800238C4: delete @ 25
func_800238C4,code6cac,regfix.txt,1258,subst,lost-codegen-nop-fill,shared-end-label,COVERED-FORBIDDEN,48,active,C,"func_800238C4: subst ""nop"" ""addiu\t$2,$zero,40"" @ 27"
func_800238C4,code6cac,regfix.txt,1259,delete,delete-instruction,store-const-reload-cse,PARTIAL,48,active,C,func_800238C4: delete @ 28
func_800238C4,code6cac,regfix.txt,1262,swap,register-swap-range,register-alloc-pure-c,COVERED,48,active,C,func_800238C4: $17 <-> $18 @ 43-55
func_800238C4,code6cac,regfix.txt,1263,swap,register-swap-range,register-alloc-pure-c,COVERED,48,active,C,func_800238C4: $17 <-> $18 @ 88-88
func_800238C4,code6cac,regfix.txt,1264,swap,register-swap-range,register-alloc-pure-c,COVERED,48,active,C,func_800238C4: $17 <-> $18 @ 101-101
func_800238C4,code6cac,regfix.txt,1265,swap,register-swap-range,register-alloc-pure-c,COVERED,48,active,C,func_800238C4: $17 <-> $18 @ 152-186
func_800238C4,code6cac,regfix.txt,1268,subst,register-rename,register-alloc-pure-c,COVERED,48,active,C,"func_800238C4: subst ""\$8"" ""$3"" @ 74"
func_800238C4,code6cac,regfix.txt,1269,subst,register-rename,register-alloc-pure-c,COVERED,48,active,C,"func_800238C4: subst ""\$8"" ""$3"" @ 76"
func_800238C4,code6cac,regfix.txt,1270,subst,branch-label-retarget,switch-vs-ifchain-branch-sense,PARTIAL,48,active,C,"func_800238C4: subst ""\.L[0-9]+"" "".Lcam_rnd1"" @ 76"
func_800238C4,code6cac,regfix.txt,1271,subst,instruction-suppress-to-nop,dead-store-fake-exception,PARTIAL,48,active,C,"func_800238C4: subst ""sra\t\$3,\$8,3"" ""nop"" @ 77"
func_800238C4,code6cac,regfix.txt,1272,subst,register-rename,register-alloc-pure-c,COVERED,48,active,C,"func_800238C4: subst ""\$8"" ""$3"" @ 78"
func_800238C4,code6cac,regfix.txt,1273,subst,register-rename,register-alloc-pure-c,COVERED,48,active,C,"func_800238C4: subst ""\$8"" ""$3"" @ 78"
func_800238C4,code6cac,regfix.txt,1274,subst,register-rename,register-alloc-pure-c,COVERED,48,active,C,"func_800238C4: subst ""\$8"" ""$3"" @ 79"
func_800238C4,code6cac,regfix.txt,1275,insert,instruction-injection-insert,lost-codegen-insert-cheat,COVERED-FORBIDDEN,48,active,C,"func_800238C4: insert "".Lcam_rnd1:"" @ 77"
func_800238C4,code6cac,regfix.txt,1278,subst,register-rename,register-alloc-pure-c,COVERED,48,active,C,"func_800238C4: subst ""\$3"" ""$4"" @ 103"
func_800238C4,code6cac,regfix.txt,1279,subst,register-rename,register-alloc-pure-c,COVERED,48,active,C,"func_800238C4: subst ""\$17"" ""$4"" @ 106"
func_800238C4,code6cac,regfix.txt,1280,subst,register-rename,register-alloc-pure-c,COVERED,48,active,C,"func_800238C4: subst ""\$3"" ""$4"" @ 106"
func_800238C4,code6cac,regfix.txt,1281,subst,frame-stack-offset,phantom-slot-frame-lever,COVERED,48,active,C,"func_800238C4: subst ""sll\t\$4,\$17,16"" ""sh\t$4,72($sp)"" @ 107"
func_800238C4,code6cac,regfix.txt,1282,subst,frame-stack-offset,phantom-slot-frame-lever,COVERED,48,active,C,"func_800238C4: subst ""sh\t\$17,72\(\$sp\)"" ""sll\t$4,$4,16"" @ 108"
func_800238C4,code6cac,regfix.txt,1283,subst,register-rename,register-alloc-pure-c,COVERED,48,active,C,"func_800238C4: subst ""\$17"" ""$4"" @ 111"
func_800238C4,code6cac,regfix.txt,1284,subst,register-rename,register-alloc-pure-c,COVERED,48,active,C,"func_800238C4: subst ""\$17"" ""$4"" @ 114"
func_800238C4,code6cac,regfix.txt,1285,subst,register-rename,register-alloc-pure-c,COVERED,48,active,C,"func_800238C4: subst ""\$17"" ""$4"" @ 117"
func_800238C4,code6cac,regfix.txt,1288,subst,register-rename,register-alloc-pure-c,COVERED,48,active,C,"func_800238C4: subst ""\$19"" ""$3"" @ 121"
func_800238C4,code6cac,regfix.txt,1289,subst,register-rename,register-alloc-pure-c,COVERED,48,active,C,"func_800238C4: subst ""\$19"" ""$3"" @ 123"
func_800238C4,code6cac,regfix.txt,1290,subst,register-rename,register-alloc-pure-c,COVERED,48,active,C,"func_800238C4: subst ""\$19"" ""$3"" @ 126"
func_800238C4,code6cac,regfix.txt,1293,subst,register-rename,register-alloc-pure-c,COVERED,48,active,C,"func_800238C4: subst ""\$17"" ""$19"" @ 130"
func_800238C4,code6cac,regfix.txt,1294,subst,register-rename,register-alloc-pure-c,COVERED,48,active,C,"func_800238C4: subst ""\$19"" ""$18"" @ 131"
func_800238C4,code6cac,regfix.txt,1297,subst,register-rename,register-alloc-pure-c,COVERED,48,active,C,"func_800238C4: subst ""\$17"" ""$2"" @ 134"
func_800238C4,code6cac,regfix.txt,1298,subst,register-rename,register-alloc-pure-c,COVERED,48,active,C,"func_800238C4: subst ""\$17"" ""$2"" @ 136"
func_800238C4,code6cac,regfix.txt,1299,subst,register-rename,register-alloc-pure-c,COVERED,48,active,C,"func_800238C4: subst ""\$17"" ""$2"" @ 138"
func_800238C4,code6cac,regfix.txt,1300,subst,register-rename,register-alloc-pure-c,COVERED,48,active,C,"func_800238C4: subst ""\$17"" ""$2"" @ 138"
func_800238C4,code6cac,regfix.txt,1303,subst,register-rename,register-alloc-pure-c,COVERED,48,active,C,"func_800238C4: subst ""\$19"" ""$3"" @ 139"
func_800238C4,code6cac,regfix.txt,1304,subst,register-rename,register-alloc-pure-c,COVERED,48,active,C,"func_800238C4: subst ""\$19"" ""$3"" @ 141"
func_800238C4,code6cac,regfix.txt,1305,subst,register-rename,register-alloc-pure-c,COVERED,48,active,C,"func_800238C4: subst ""\$19"" ""$3"" @ 143"
func_800238C4,code6cac,regfix.txt,1306,subst,register-rename,register-alloc-pure-c,COVERED,48,active,C,"func_800238C4: subst ""\$19"" ""$3"" @ 143"
func_800238C4,code6cac,regfix.txt,1309,subst,register-rename,register-alloc-pure-c,COVERED,48,active,C,"func_800238C4: subst ""\$17"" ""$19"" @ 142"
func_800238C4,code6cac,regfix.txt,1310,subst,register-rename,register-alloc-pure-c,COVERED,48,active,C,"func_800238C4: subst ""\$17"" ""$2"" @ 142"
func_800238C4,code6cac,regfix.txt,1311,subst,register-rename,register-alloc-pure-c,COVERED,48,active,C,"func_800238C4: subst ""\$19"" ""$18"" @ 144"
func_800238C4,code6cac,regfix.txt,1312,subst,register-rename,register-alloc-pure-c,COVERED,48,active,C,"func_800238C4: subst ""\$19"" ""$3"" @ 144"
func_800238C4,code6cac,regfix.txt,1315,swap,register-swap-range,register-alloc-pure-c,COVERED,48,active,C,func_800238C4: $2 <-> $3 @ 181-184
func_800238C4,code6cac,regfix.txt,1318,subst,width-sign-opcode-change,halfword-index-srl-sra,COVERED,48,active,C,"func_800238C4: subst ""sb\t\$2,D_800A3769"" ""lhu\t$3,4($16)"" @ 187"
func_800238C4,code6cac,regfix.txt,1319,subst,width-sign-opcode-change,halfword-index-srl-sra,COVERED,48,active,C,"func_800238C4: subst ""lhu\t\$2,4\(\$16\)"" ""sb\t$2,D_800A3769"" @ 188"
func_800238C4,code6cac,regfix.txt,1320,subst,register-rename,register-alloc-pure-c,COVERED,48,active,C,"func_800238C4: subst ""\$2"" ""$3"" @ 189"
func_800238C4,code6cac,regfix.txt,1323,subst,register-rename,register-alloc-pure-c,COVERED,48,active,C,"func_800238C4: subst ""\$17"" ""$19"" @ 206"
func_800238C4,code6cac,regfix.txt,1324,subst,register-rename,register-alloc-pure-c,COVERED,48,active,C,"func_800238C4: subst ""\$19"" ""$18"" @ 207"
func_8003D52C,code6cac_c2,regfix.txt,1327,insert,loadstore-insert,store-before-jal,PARTIAL,38,active,C,"func_8003D52C: insert ""sw	$21,1340($29)"" @ 19"
func_8003DE14,code6cac_c2,regfix.txt,1383,swap,register-swap-range,register-alloc-pure-c,COVERED,119,active,C,func_8003DE14: $6 <-> $7 @ 54-133
func_8003DE14,code6cac_c2,regfix.txt,1384,swap,register-swap-range,register-alloc-pure-c,COVERED,119,active,C,func_8003DE14: $12 <-> $13 @ 71-140
func_8003DE14,code6cac_c2,regfix.txt,1387,subst,register-rename,register-alloc-pure-c,COVERED,119,active,C,"func_8003DE14: subst ""or\t\$3,\$4,\$3"" ""or\t$2,$2,$3"" @ 40"
func_8003DE14,code6cac_c2,regfix.txt,1388,subst,register-rename,register-alloc-pure-c,COVERED,119,active,C,"func_8003DE14: subst ""\$3"" ""$4"" @ 43"
func_8003DE14,code6cac_c2,regfix.txt,1389,subst,register-rename,register-alloc-pure-c,COVERED,119,active,C,"func_8003DE14: subst ""\$4"" ""$22"" @ 47"
func_8003DE14,code6cac_c2,regfix.txt,1391,subst,register-rename,register-alloc-pure-c,COVERED,119,active,C,"func_8003DE14: subst ""\$3,\$8"" ""$4,$8"" @ 89"
func_8003DE14,code6cac_c2,regfix.txt,1392,subst,register-rename,register-alloc-pure-c,COVERED,119,active,C,"func_8003DE14: subst ""\$3,\$0"" ""$4,$0"" @ 90"
func_8003DE14,code6cac_c2,regfix.txt,1394,subst,register-rename,register-alloc-pure-c,COVERED,119,active,C,"func_8003DE14: subst ""\$2"" ""$5"" @ 95"
func_8003DE14,code6cac_c2,regfix.txt,1395,subst,register-rename,register-alloc-pure-c,COVERED,119,active,C,"func_8003DE14: subst ""\$2"" ""$5"" @ 96"
func_8003DE14,code6cac_c2,regfix.txt,1397,subst,register-rename,register-alloc-pure-c,COVERED,119,active,C,"func_8003DE14: subst ""\$3"" ""$4"" @ 102"
func_8003DE14,code6cac_c2,regfix.txt,1398,subst,register-rename,register-alloc-pure-c,COVERED,119,active,C,"func_8003DE14: subst ""\$2"" ""$3"" @ 103"
func_8003DE14,code6cac_c2,regfix.txt,1399,subst,register-rename,register-alloc-pure-c,COVERED,119,active,C,"func_8003DE14: subst ""\$2"" ""$3"" @ 104"
func_8003DE14,code6cac_c2,regfix.txt,1401,subst,register-rename,register-alloc-pure-c,COVERED,119,active,C,"func_8003DE14: subst ""\$4"" ""$3"" @ 109"
func_8003DE14,code6cac_c2,regfix.txt,1403,subst,register-rename,register-alloc-pure-c,COVERED,119,active,C,"func_8003DE14: subst ""\$3"" ""$4"" @ 110"
func_8003DE14,code6cac_c2,regfix.txt,1404,subst,register-rename,register-alloc-pure-c,COVERED,119,active,C,"func_8003DE14: subst ""\$2"" ""$4"" @ 111"
func_8003DE14,code6cac_c2,regfix.txt,1405,subst,register-rename,register-alloc-pure-c,COVERED,119,active,C,"func_8003DE14: subst ""\$2"" ""$4"" @ 112"
func_8003DE14,code6cac_c2,regfix.txt,1406,subst,register-rename,register-alloc-pure-c,COVERED,119,active,C,"func_8003DE14: subst ""\$2"" ""$4"" @ 113"
func_8003DE14,code6cac_c2,regfix.txt,1408,subst,register-rename,register-alloc-pure-c,COVERED,119,active,C,"func_8003DE14: subst ""\$5"" ""$2"" @ 118"
func_8003DE14,code6cac_c2,regfix.txt,1410,subst,register-rename,register-alloc-pure-c,COVERED,119,active,C,"func_8003DE14: subst ""\$5,\$5"" ""$5,$2"" @ 119"
func_8003DE14,code6cac_c2,regfix.txt,1412,subst,register-rename,register-alloc-pure-c,COVERED,119,active,C,"func_8003DE14: subst ""addu\t\$4,\$9,\$4"" ""addu\t$2,$9,$3"" @ 121"
func_8003DE14,code6cac_c2,regfix.txt,1414,subst,register-rename,register-alloc-pure-c,COVERED,119,active,C,"func_8003DE14: subst ""sra\t\$4,\$4"" ""sra\t$3,$2"" @ 122"
func_8003DE14,code6cac_c2,regfix.txt,1416,subst,register-rename,register-alloc-pure-c,COVERED,119,active,C,"func_8003DE14: subst ""\$4,\$4"" ""$3,$3"" @ 123"
func_8003DE14,code6cac_c2,regfix.txt,1418,subst,register-rename,register-alloc-pure-c,COVERED,119,active,C,"func_8003DE14: subst ""\$3"" ""$15"" @ 124"
func_8003DE14,code6cac_c2,regfix.txt,1420,subst,register-rename,register-alloc-pure-c,COVERED,119,active,C,"func_8003DE14: subst ""addu\t\$3,\$2,\$3"" ""addu\t$2,$4,$15"" @ 125"
func_8003DE14,code6cac_c2,regfix.txt,1422,subst,register-rename,register-alloc-pure-c,COVERED,119,active,C,"func_8003DE14: subst ""sra\t\$3,\$3"" ""sra\t$4,$2"" @ 126"
func_8003DE14,code6cac_c2,regfix.txt,1424,subst,register-rename,register-alloc-pure-c,COVERED,119,active,C,"func_8003DE14: subst ""\$4"" ""$3"" @ 129"
func_8003DE14,code6cac_c2,regfix.txt,1426,subst,register-rename,register-alloc-pure-c,COVERED,119,active,C,"func_8003DE14: subst ""\$3,\$3"" ""$3,$4"" @ 130"
func_8003DE14,code6cac_c2,regfix.txt,1428,subst,register-rename,register-alloc-pure-c,COVERED,119,active,C,"func_8003DE14: subst ""\$3,4"" ""$2,4"" @ 134"
func_8003DE14,code6cac_c2,regfix.txt,1429,subst,register-rename,register-alloc-pure-c,COVERED,119,active,C,"func_8003DE14: subst ""\$2,6"" ""$3,6"" @ 135"
func_8003DE14,code6cac_c2,regfix.txt,1431,subst,operand-order-swap,compare-operand-order-register,COVERED,119,active,C,"func_8003DE14: subst ""\$3,\$2"" ""$2,$3"" @ 137"
func_8003DE14,code6cac_c2,regfix.txt,1433,subst,branch-label-retarget,switch-vs-ifchain-branch-sense,PARTIAL,119,active,C,"func_8003DE14: subst ""\.L\d+"" "".L_DE14_LOOP"" @ 141"
func_8003DE14,code6cac_c2,regfix.txt,1435,subst,lost-codegen-nop-fill,shared-end-label,COVERED-FORBIDDEN,119,active,C,"func_8003DE14: subst ""nop.*"" ""addu\t$2,$18,-1"" @ 142"
func_8003DE14,code6cac_c2,regfix.txt,1437,delete,delete-instruction,store-const-reload-cse,PARTIAL,119,active,C,func_8003DE14: delete @ 49
func_8003DE14,code6cac_c2,regfix.txt,1439,insert_after,instruction-injection-insert,lost-codegen-insert-cheat,COVERED-FORBIDDEN,119,active,C,"func_8003DE14: insert_after "".L_DE14_LOOP:"" @ 72"
func_8003DE14,code6cac_c2,regfix.txt,1442,reorder,reorder-scheduling,loop-exit-work-inside-loop-sched-fence,COVERED,119,active,C,"func_8003DE14: reorder 24,22,23,34,25,26,27,28,29,30,31,32,33 @ 22-34"
func_8003DE14,code6cac_c2,regfix.txt,1444,reorder,reorder-scheduling,loop-exit-work-inside-loop-sched-fence,COVERED,119,active,C,"func_8003DE14: reorder 41,42,40,43 @ 40-43"
main,ings,regfix.txt,1446,subst,branch-label-retarget,switch-vs-ifchain-branch-sense,PARTIAL,20,parked,C,"main: subst ""jal\tfunc_80016A8C"" ""ori\t$4,$4,0x8800"" @ 20"
main,ings,regfix.txt,1447,subst,opcode-change,proven-spelling-class-reconstruction,PARTIAL,20,parked,C,"main: subst ""ori\t\$4,\$4,0x8800"" ""addu\t$5,$18,$zero"" @ 21"
main,ings,regfix.txt,1448,subst,memory-displacement,defeat-combine-symbol-fold,PARTIAL,20,parked,C,"main: subst ""addu\t\$3,\$3,-128"" ""addu\t$3,$3,128"" @ 84"
main,ings,regfix.txt,1449,subst,branch-label-retarget,switch-vs-ifchain-branch-sense,PARTIAL,20,parked,C,"main: subst ""jal\tfunc_80016E60"" ""addu\t$4,$18,$zero"" @ 167"
main,ings,regfix.txt,1450,subst,branch-label-retarget,switch-vs-ifchain-branch-sense,PARTIAL,20,parked,C,"main: subst ""addu\t\$4,\$18,\$zero"" ""jal\tfunc_80016E60"" @ 168"
main,ings,regfix.txt,1451,subst,lost-codegen-nop-fill,shared-end-label,COVERED-FORBIDDEN,20,parked,C,"main: subst ""nop"" ""addiu\t$5,$zero,4104"" @ 170"
main,ings,regfix.txt,1452,subst,lost-codegen-nop-fill,shared-end-label,COVERED-FORBIDDEN,20,parked,C,"main: subst ""nop"" ""addiu\t$5,$zero,4104"" @ 147"
main,ings,regfix.txt,1453,insert,instruction-injection-insert,lost-codegen-insert-cheat,COVERED-FORBIDDEN,20,parked,C,"main: insert ""addiu\t$3,$3,-1"" @ 83"
main,ings,regfix.txt,1454,insert,lost-codegen-move-insert,shared-end-label,COVERED-FORBIDDEN,20,parked,C,"main: insert ""addu\t$6,$17,$zero"" @ 22"
main,ings,regfix.txt,1455,insert,branch-insert,switch-vs-ifchain-branch-sense,PARTIAL,20,parked,C,"main: insert ""jal\tfunc_80016A8C"" @ 22"
main,ings,regfix.txt,1456,insert_after,lost-codegen-move-insert,shared-end-label,COVERED-FORBIDDEN,20,parked,C,"main: insert_after ""addu\t$5,$17,$zero"" @ 171"
main,ings,regfix.txt,1457,subst,branch-label-retarget,switch-vs-ifchain-branch-sense,PARTIAL,20,parked,C,"main: subst ""la\t\$3,D_800F7438"" ""addiu\t$5,$zero,4104\n.Linner:\n\tlw\t$2,%gp_rel(D_800A36AC)($gp)"" @ 27"
main,ings,regfix.txt,1458,subst,opcode-change,proven-spelling-class-reconstruction,PARTIAL,20,parked,C,"main: subst ""lw\t\$2,%gp_rel\(D_800A36AC\)\(\$gp\)"" ""lui\t$3,%hi(D_800F7438)"" @ 28"
main,ings,regfix.txt,1459,subst,symbol-reference-rewrite,defeat-combine-symbol-fold,PARTIAL,20,parked,C,"main: subst ""addiu\t\$5,\$zero,4104"" ""addiu\t$3,$3,%lo(D_800F7438)"" @ 29"
main,ings,regfix.txt,1460,subst,register-rename,register-alloc-pure-c,COVERED,20,parked,C,"main: subst ""lui\t\$2"" ""lui\t$4"" @ 104"
main,ings,regfix.txt,1461,subst,register-rename,register-alloc-pure-c,COVERED,20,parked,C,"main: subst ""lui\t\$2"" ""lui\t$4"" @ 109"
main,ings,regfix.txt,1462,subst,opcode-change,proven-spelling-class-reconstruction,PARTIAL,20,parked,C,"main: subst ""lw\t\$3,%gp_rel\(D_800A38B4\)\(\$gp\)"" ""ori\t$4,$4,0xcc00"" @ 110"
main,ings,regfix.txt,1463,subst,opcode-change,proven-spelling-class-reconstruction,PARTIAL,20,parked,C,"main: subst ""ori\t\$2,\$2,0xcc00"" ""sll\t$2,$17,2"" @ 111"
main,ings,regfix.txt,1464,subst,symbol-reference-rewrite,defeat-combine-symbol-fold,PARTIAL,20,parked,C,"main: subst ""addu\t\$3,\$3,\$2"" ""lw\t$3,%gp_rel(D_800A38B4)($gp)"" @ 112"
main,ings,regfix.txt,1465,subst,opcode-change,proven-spelling-class-reconstruction,PARTIAL,20,parked,C,"main: subst ""sll\t\$2,\$17,2"" ""addu\t$2,$2,$20"" @ 113"
main,ings,regfix.txt,1466,subst,register-rename,register-alloc-pure-c,COVERED,20,parked,C,"main: subst ""addu\t\$2,\$2,\$20"" ""addu\t$3,$3,$4"" @ 114"
main,ings,regfix.txt,1467,subst,branch-label-retarget,switch-vs-ifchain-branch-sense,PARTIAL,20,parked,C,"main: subst ""\.L\d+"" "".Linner"" @ 146"
main,ings,regfix.txt,1468,subst,branch-label-retarget,switch-vs-ifchain-branch-sense,PARTIAL,20,parked,C,"main: subst ""\.L\d+"" "".Linner"" @ 148"
main,ings,regfix.txt,1469,subst,branch-label-retarget,switch-vs-ifchain-branch-sense,PARTIAL,20,parked,C,"main: subst ""\.L\d+"" "".Linner"" @ 161"
main,ings,regfix.txt,1470,subst,branch-label-retarget,switch-vs-ifchain-branch-sense,PARTIAL,20,parked,C,"main: subst ""\.L\d+"" "".Linner"" @ 169"
func_80044800,text1a_c,regfix.txt,1492,subst,register-rename,register-alloc-pure-c,COVERED,40,active,C,"func_80044800: subst ""\$18"" ""$2"" @ 111"
func_80044800,text1a_c,regfix.txt,1493,subst,register-rename,register-alloc-pure-c,COVERED,40,active,C,"func_80044800: subst ""\$18,\$18"" ""$18,$2"" @ 113"
func_80044800,text1a_c,regfix.txt,1495,subst,opcode-change,proven-spelling-class-reconstruction,PARTIAL,40,active,C,"func_80044800: subst ""lh"" ""subu"" @ 0"
func_80044800,text1a_c,regfix.txt,1496,subst,frame-stack-offset,phantom-slot-frame-lever,COVERED,40,active,C,"func_80044800: subst ""\$2,D_800A9CFE"" ""$sp,$sp,104"" @ 0"
func_80044800,text1a_c,regfix.txt,1497,subst,opcode-change,proven-spelling-class-reconstruction,PARTIAL,40,active,C,"func_80044800: subst ""subu"" ""lh"" @ 1"
func_80044800,text1a_c,regfix.txt,1498,subst,frame-stack-offset,phantom-slot-frame-lever,COVERED,40,active,C,"func_80044800: subst ""\$sp,\$sp,104"" ""$2,D_800A9CFE"" @ 1"
func_80044800,text1a_c,regfix.txt,1499,subst,opcode-change,proven-spelling-class-reconstruction,PARTIAL,40,active,C,"func_80044800: subst ""lw"" ""la"" @ 3"
func_80044800,text1a_c,regfix.txt,1500,subst,register-rename,register-alloc-pure-c,COVERED,40,active,C,"func_80044800: subst ""\$18"" ""$3"" @ 3"
func_80044800,text1a_c,regfix.txt,1501,subst,opcode-change,proven-spelling-class-reconstruction,PARTIAL,40,active,C,"func_80044800: subst ""la"" ""addiu"" @ 14"
func_80044800,text1a_c,regfix.txt,1502,subst,register+displacement,register-alloc-pure-c,PARTIAL,40,active,C,"func_80044800: subst ""D_800A9D04-10"" ""$3,-10"" @ 14"
func_80044800,text1a_c,regfix.txt,1504,delete,delete-instruction,store-const-reload-cse,PARTIAL,40,active,C,func_80044800: delete @ 180
func_80044800,text1a_c,regfix.txt,1506,insert,loadstore-insert,store-before-jal,PARTIAL,40,active,C,"func_80044800: insert ""lw\t$18,0($3)"" @ 13"
func_80044800,text1a_c,regfix.txt,1508,reorder,reorder-scheduling,loop-exit-work-inside-loop-sched-fence,COVERED,40,active,C,"func_80044800: reorder 9,1,3,4,5,6,7,8,10,2,11,14,13,12,18,15,19,16,17 @ 1-19"
func_80044800,text1a_c,regfix.txt,1510,reorder,reorder-scheduling,loop-exit-work-inside-loop-sched-fence,COVERED,40,active,C,"func_80044800: reorder 178,180,179 @ 178-180"
func_800460E4,text1a_c2,regfix.txt,1514,swap,register-swap-range,register-alloc-pure-c,COVERED,35,active,C,func_800460E4: $17 <-> $19 @ 15-226
func_800460E4,text1a_c2,regfix.txt,1515,swap,register-swap-range,register-alloc-pure-c,COVERED,35,active,C,func_800460E4: $18 <-> $19 @ 15-226
func_800460E4,text1a_c2,regfix.txt,1517,subst,frame-stack-offset,phantom-slot-frame-lever,COVERED,35,active,C,"func_800460E4: subst ""sw\t\$19,52\(\$sp\)"" ""sw\t$17,44($sp)"" @ 3"
func_800460E4,text1a_c2,regfix.txt,1518,subst,register-rename,register-alloc-pure-c,COVERED,35,active,C,"func_800460E4: subst ""\$19"" ""$17"" @ 4"
func_800460E4,text1a_c2,regfix.txt,1519,subst,frame-stack-offset,phantom-slot-frame-lever,COVERED,35,active,C,"func_800460E4: subst ""sw\t\$18,48\(\$sp\)"" ""sw\t$19,52($sp)"" @ 11"
func_800460E4,text1a_c2,regfix.txt,1520,subst,frame-stack-offset,phantom-slot-frame-lever,COVERED,35,active,C,"func_800460E4: subst ""sw\t\$17,44\(\$sp\)"" ""sw\t$18,48($sp)"" @ 12"
func_800460E4,text1a_c2,regfix.txt,1523,subst,operand-order-swap,compare-operand-order-register,COVERED,35,active,C,"func_800460E4: subst ""addu\t\$4,\$16,\$5"" ""addu\t$4,$5,$16"" @ 76"
func_800460E4,text1a_c2,regfix.txt,1524,subst,operand-order-swap,compare-operand-order-register,COVERED,35,active,C,"func_800460E4: subst ""addu\t\$2,\$17,\$5"" ""addu\t$2,$5,$17"" @ 102"
func_800460E4,text1a_c2,regfix.txt,1525,subst,operand-order-swap,compare-operand-order-register,COVERED,35,active,C,"func_800460E4: subst ""addu\t\$2,\$16,\$2"" ""addu\t$2,$2,$16"" @ 129"
func_800460E4,text1a_c2,regfix.txt,1526,subst,operand-order-swap,compare-operand-order-register,COVERED,35,active,C,"func_800460E4: subst ""addu\t\$3,\$16,\$3"" ""addu\t$3,$3,$16"" @ 165"
func_800335D8,code6cac_b,regfix.txt,1574,swap,register-swap-range,register-alloc-pure-c,COVERED,65,active,C,func_800335D8: $16 <-> $17 @ 1-71
func_800335D8,code6cac_b,regfix.txt,1576,swap,register-swap-range,register-alloc-pure-c,COVERED,65,active,C,func_800335D8: $16 <-> $20 @ 77-78
func_800335D8,code6cac_b,regfix.txt,1578,subst,memory-displacement,defeat-combine-symbol-fold,PARTIAL,65,active,C,"func_800335D8: subst ""sw\t\$16,20"" ""sw\t$16,16"" @ 1"
func_800335D8,code6cac_b,regfix.txt,1579,subst,memory-displacement,defeat-combine-symbol-fold,PARTIAL,65,active,C,"func_800335D8: subst ""sw\t\$17,16"" ""sw\t$17,20"" @ 13"
func_800335D8,code6cac_b,regfix.txt,1581,subst,lost-codegen-nop-fill,shared-end-label,COVERED-FORBIDDEN,65,active,C,"func_800335D8: subst ""nop"" ""addiu\t$2,$zero,1"" @ 24"
func_800335D8,code6cac_b,regfix.txt,1583,subst,register-rename,register-alloc-pure-c,COVERED,65,active,C,"func_800335D8: subst ""\$21"" ""$2"" @ 25"
func_800335D8,code6cac_b,regfix.txt,1585,subst,lost-codegen-nop-fill,shared-end-label,COVERED-FORBIDDEN,65,active,C,"func_800335D8: subst ""nop"" ""addu\t$5,$18,$zero"" @ 31"
func_800335D8,code6cac_b,regfix.txt,1587,subst,lost-codegen-nop-fill,shared-end-label,COVERED-FORBIDDEN,65,active,C,"func_800335D8: subst ""nop"" ""addu\t$5,$18,$zero"" @ 37"
func_800335D8,code6cac_b,regfix.txt,1589,subst,register-rename,register-alloc-pure-c,COVERED,65,active,C,"func_800335D8: subst ""\$2,%lo"" ""$4,%lo"" @ 40"
func_800335D8,code6cac_b,regfix.txt,1591,subst,register-rename,register-alloc-pure-c,COVERED,65,active,C,"func_800335D8: subst ""\$2,"" ""$4,"" @ 42"
func_800335D8,code6cac_b,regfix.txt,1593,subst,register-rename,register-alloc-pure-c,COVERED,65,active,C,"func_800335D8: subst ""\$2,%lo"" ""$4,%lo"" @ 51"
func_800335D8,code6cac_b,regfix.txt,1595,subst,register-rename,register-alloc-pure-c,COVERED,65,active,C,"func_800335D8: subst ""\$2,"" ""$4,"" @ 53"
func_800335D8,code6cac_b,regfix.txt,1597,subst,instruction-suppress-to-nop,dead-store-fake-exception,PARTIAL,65,active,C,"func_800335D8: subst ""addu\t\$5,\$18,\$zero"" ""nop"" @ 55"
func_800335D8,code6cac_b,regfix.txt,1599,subst,register-rename,register-alloc-pure-c,COVERED,65,active,C,"func_800335D8: subst ""\$20"" ""$2"" @ 69"
func_800335D8,code6cac_b,regfix.txt,1601,subst,opcode-change,proven-spelling-class-reconstruction,PARTIAL,65,active,C,"func_800335D8: subst ""addu\t\$18,\$19,1"" ""addiu\t$21,$zero,1"" @ 75"
func_800335D8,code6cac_b,regfix.txt,1603,delete,delete-instruction,store-const-reload-cse,PARTIAL,65,active,C,func_800335D8: delete @ 6
func_800335D8,code6cac_b,regfix.txt,1604,delete,delete-instruction,store-const-reload-cse,PARTIAL,65,active,C,func_800335D8: delete @ 8
func_800335D8,code6cac_b,regfix.txt,1606,insert,instruction-injection-insert,lost-codegen-insert-cheat,COVERED-FORBIDDEN,65,active,C,"func_800335D8: insert ""la $2,D_800A391E"" @ 67"
func_800335D8,code6cac_b,regfix.txt,1608,insert_after,instruction-injection-insert,lost-codegen-insert-cheat,COVERED-FORBIDDEN,65,active,C,"func_800335D8: insert_after ""addu\t$18,$19,1"" @ 74"
func_800335D8,code6cac_b,regfix.txt,1610,reorder,reorder-scheduling,loop-exit-work-inside-loop-sched-fence,COVERED,65,active,C,"func_800335D8: reorder 7,8,9,5,6 @ 5-9"
func_800335D8,code6cac_b,regfix.txt,1613,swap,register-swap-range,register-alloc-pure-c,COVERED,65,active,C,func_800335D8: $5 <-> $3 @ 81-97
func_800335D8,code6cac_b,regfix.txt,1614,swap,register-swap-range,register-alloc-pure-c,COVERED,65,active,C,func_800335D8: $5 <-> $3 @ 136-142
func_800335D8,code6cac_b,regfix.txt,1616,subst,instruction-suppress-to-nop,dead-store-fake-exception,PARTIAL,65,active,C,"func_800335D8: subst ""andi\t\$7,\$2,0x03ff"" ""nop"" @ 82"
func_800335D8,code6cac_b,regfix.txt,1620,subst,branch-label-retarget,switch-vs-ifchain-branch-sense,PARTIAL,65,active,C,"func_800335D8: subst ""addiu\t\$2,\$zero,1"" ""beq\t$3,$21,.L631"" @ 83"
func_800335D8,code6cac_b,regfix.txt,1621,subst,branch-label-retarget,switch-vs-ifchain-branch-sense,PARTIAL,65,active,C,"func_800335D8: subst ""beq\t\$3,\$2,\.L\d+"" ""andi\t$6,$2,0x03ff"" @ 84"
func_800335D8,code6cac_b,regfix.txt,1623,subst,register-rename,register-alloc-pure-c,COVERED,65,active,C,"func_800335D8: subst ""addu\t\$2,\$3"" ""addu\t$3,$3"" @ 89"
func_800335D8,code6cac_b,regfix.txt,1625,subst,register-rename,register-alloc-pure-c,COVERED,65,active,C,"func_800335D8: subst ""lhu\t\$3"" ""lhu\t$2"" @ 98"
func_800335D8,code6cac_b,regfix.txt,1626,subst,register-rename,register-alloc-pure-c,COVERED,65,active,C,"func_800335D8: subst ""sll\t\$6,\$2"" ""sll\t$5,$3"" @ 99"
func_800335D8,code6cac_b,regfix.txt,1627,subst,register-rename,register-alloc-pure-c,COVERED,65,active,C,"func_800335D8: subst ""addu\t\$3,\$3,1"" ""addu\t$2,$2,1"" @ 100"
func_800335D8,code6cac_b,regfix.txt,1628,subst,register-rename,register-alloc-pure-c,COVERED,65,active,C,"func_800335D8: subst ""sh\t\$3"" ""sh\t$2"" @ 101"
func_800335D8,code6cac_b,regfix.txt,1629,subst,register-rename,register-alloc-pure-c,COVERED,65,active,C,"func_800335D8: subst ""sll\t\$3,\$3,16"" ""sll\t$2,$2,16"" @ 102"
func_800335D8,code6cac_b,regfix.txt,1631,subst,register-rename,register-alloc-pure-c,COVERED,65,active,C,"func_800335D8: subst "",\$6"" "",$5"" @ 104"
func_800335D8,code6cac_b,regfix.txt,1632,subst,register-rename,register-alloc-pure-c,COVERED,65,active,C,"func_800335D8: subst "",\$6"" "",$5"" @ 114"
func_800335D8,code6cac_b,regfix.txt,1634,subst,register-rename,register-alloc-pure-c,COVERED,65,active,C,"func_800335D8: subst ""lbu\t\$4,"" ""lbu\t$3,"" @ 105"
func_800335D8,code6cac_b,regfix.txt,1635,subst,register-rename,register-alloc-pure-c,COVERED,65,active,C,"func_800335D8: subst ""sra\t\$3,\$3,16"" ""sra\t$4,$2,16"" @ 106"
func_800335D8,code6cac_b,regfix.txt,1636,subst,register-rename,register-alloc-pure-c,COVERED,65,active,C,"func_800335D8: subst "",\$4,"" "",$3,"" @ 107"
func_800335D8,code6cac_b,regfix.txt,1637,subst,register-rename,register-alloc-pure-c,COVERED,65,active,C,"func_800335D8: subst "",\$4"" "",$3"" @ 108"
func_800335D8,code6cac_b,regfix.txt,1638,subst,register-rename,register-alloc-pure-c,COVERED,65,active,C,"func_800335D8: subst ""sll\t\$5"" ""sll\t$3"" @ 109"
func_800335D8,code6cac_b,regfix.txt,1639,subst,register-rename,register-alloc-pure-c,COVERED,65,active,C,"func_800335D8: subst ""slt\t\$2,\$5,\$3"" ""slt\t$2,$3,$4"" @ 110"
func_800335D8,code6cac_b,regfix.txt,1640,subst,register-rename,register-alloc-pure-c,COVERED,65,active,C,"func_800335D8: subst ""subu\t\$3,\$3,\$5"" ""subu\t$3,$4,$3"" @ 112"
func_800335D8,code6cac_b,regfix.txt,1642,subst,register-rename,register-alloc-pure-c,COVERED,65,active,C,"func_800335D8: subst ""\$7,\$3"" ""$6,$3"" @ 132"
func_80018094,code6cac,regfix.txt,1651,subst,register-rename,register-alloc-pure-c,COVERED,103,active,ASM-PARTIAL,"func_80018094: subst ""lui\t\$3"" ""lui\t$1"" @ 15"
func_80018094,code6cac,regfix.txt,1652,delete,delete-instruction,store-const-reload-cse,PARTIAL,103,active,ASM-PARTIAL,func_80018094: delete @ 16
func_80018094,code6cac,regfix.txt,1653,subst,register+displacement,register-alloc-pure-c,PARTIAL,103,active,ASM-PARTIAL,"func_80018094: subst ""sw\t\$2,0\(\$3\)"" ""sw\t$2,0x0024($1)"" @ 17"
func_80018094,code6cac,regfix.txt,1655,subst,register-rename,register-alloc-pure-c,COVERED,103,active,ASM-PARTIAL,"func_80018094: subst ""lui\t\$3"" ""lui\t$1"" @ 25"
func_80018094,code6cac,regfix.txt,1656,delete,delete-instruction,store-const-reload-cse,PARTIAL,103,active,ASM-PARTIAL,func_80018094: delete @ 26
func_80018094,code6cac,regfix.txt,1657,subst,register+displacement,register-alloc-pure-c,PARTIAL,103,active,ASM-PARTIAL,"func_80018094: subst ""sw\t\$2,0\(\$3\)"" ""sw\t$2,0x0028($1)"" @ 27"
func_80018094,code6cac,regfix.txt,1659,subst,register-rename,register-alloc-pure-c,COVERED,103,active,ASM-PARTIAL,"func_80018094: subst ""lui\t\$2"" ""lui\t$1"" @ 39"
func_80018094,code6cac,regfix.txt,1660,delete,delete-instruction,store-const-reload-cse,PARTIAL,103,active,ASM-PARTIAL,func_80018094: delete @ 40
func_80018094,code6cac,regfix.txt,1661,subst,register+displacement,register-alloc-pure-c,PARTIAL,103,active,ASM-PARTIAL,"func_80018094: subst ""sw\t\$3,0\(\$2\)"" ""sw\t$2,0x002c($1)"" @ 41"
func_80018094,code6cac,regfix.txt,1664,subst,register-rename,register-alloc-pure-c,COVERED,103,active,ASM-PARTIAL,"func_80018094: subst ""lw\t\$3,28"" ""lw\t$2,28"" @ 30"
func_80018094,code6cac,regfix.txt,1665,subst,register-rename,register-alloc-pure-c,COVERED,103,active,ASM-PARTIAL,"func_80018094: subst ""lw\t\$2,48"" ""lw\t$3,48"" @ 31"
func_80018094,code6cac,regfix.txt,1666,delete,delete-instruction,store-const-reload-cse,PARTIAL,103,active,ASM-PARTIAL,func_80018094: delete @ 29
func_80018094,code6cac,regfix.txt,1667,reorder,reorder-scheduling,loop-exit-work-inside-loop-sched-fence,COVERED,103,active,ASM-PARTIAL,"func_80018094: reorder 28,27 @ 27-28"
func_80018094,code6cac,regfix.txt,1669,subst,register-rename,register-alloc-pure-c,COVERED,103,active,ASM-PARTIAL,"func_80018094: subst ""mflo\t\$5"" ""mflo\t$4"" @ 32"
func_80018094,code6cac,regfix.txt,1670,subst,register-rename,register-alloc-pure-c,COVERED,103,active,ASM-PARTIAL,"func_80018094: subst ""subu\t\$3,\$3,\$2"" ""subu\t$2,$2,$3"" @ 33"
func_80018094,code6cac,regfix.txt,1671,subst,register-rename,register-alloc-pure-c,COVERED,103,active,ASM-PARTIAL,"func_80018094: subst ""mult\t\$3,\$3"" ""mult\t$2,$2"" @ 35"
func_80018094,code6cac,regfix.txt,1674,subst,register-rename,register-alloc-pure-c,COVERED,103,active,ASM-PARTIAL,"func_80018094: subst ""lui\t\$4"" ""lui\t$3"" @ 37"
func_80018094,code6cac,regfix.txt,1675,subst,register-rename,register-alloc-pure-c,COVERED,103,active,ASM-PARTIAL,"func_80018094: subst ""ori\t\$4,\$4"" ""ori\t$3,$3"" @ 38"
func_80018094,code6cac,regfix.txt,1676,subst,register-rename,register-alloc-pure-c,COVERED,103,active,ASM-PARTIAL,"func_80018094: subst ""slt\t\$4,\$4"" ""slt\t$3,$3"" @ 45"
func_80018094,code6cac,regfix.txt,1677,subst,branch-label-retarget,switch-vs-ifchain-branch-sense,PARTIAL,103,active,ASM-PARTIAL,"func_80018094: subst ""bne\t\$4"" ""bne\t$3"" @ 46"
func_80018094,code6cac,regfix.txt,1680,subst,register-rename,register-alloc-pure-c,COVERED,103,active,ASM-PARTIAL,"func_80018094: subst ""mflo\t\$7"" ""mflo\t$5"" @ 21"
func_80018094,code6cac,regfix.txt,1681,subst,register-rename,register-alloc-pure-c,COVERED,103,active,ASM-PARTIAL,"func_80018094: subst ""addu\t\$2,\$7,\$5"" ""addu\t$2,$5,$4"" @ 42"
func_80018094,code6cac,regfix.txt,1682,subst,register-rename,register-alloc-pure-c,COVERED,103,active,ASM-PARTIAL,"func_80018094: subst ""mflo\t\$8"" ""mflo\t$7"" @ 43"
func_80018094,code6cac,regfix.txt,1683,subst,register-rename,register-alloc-pure-c,COVERED,103,active,ASM-PARTIAL,"func_80018094: subst ""addu\t\$5,\$2,\$8"" ""addu\t$5,$2,$7"" @ 44"
func_80018094,code6cac,regfix.txt,1687,delete,delete-instruction,store-const-reload-cse,PARTIAL,103,active,ASM-PARTIAL,func_80018094: delete @ 36
func_80018094,code6cac,regfix.txt,1688,subst,lost-codegen-nop-fill,shared-end-label,COVERED-FORBIDDEN,103,active,ASM-PARTIAL,"func_80018094: subst ""nop"" ""addiu\t$3,$zero,256"" @ 47"
func_80018094,code6cac,regfix.txt,1690,subst,lost-codegen-nop-fill,shared-end-label,COVERED-FORBIDDEN,103,active,ASM-PARTIAL,"func_80018094: subst ""nop"" ""addu\t$4,$5,$zero"" @ 53"
func_80018094,code6cac,regfix.txt,1692,subst,register-rename,register-alloc-pure-c,COVERED,103,active,ASM-PARTIAL,"func_80018094: subst ""addu\t\$6,\$0,\$zero"" ""addu\t$3,$0,$zero"" @ 51"
func_80018094,code6cac,regfix.txt,1695,subst,register-rename,register-alloc-pure-c,COVERED,103,active,ASM-PARTIAL,"func_80018094: subst ""srl\t\$3"" ""srl\t$5"" @ 58"
func_80018094,code6cac,regfix.txt,1696,subst,register-rename,register-alloc-pure-c,COVERED,103,active,ASM-PARTIAL,"func_80018094: subst ""addu\t\$12,\$5"" ""addu\t$12,$4"" @ 59"
func_80018094,code6cac,regfix.txt,1697,subst,register-rename,register-alloc-pure-c,COVERED,103,active,ASM-PARTIAL,"func_80018094: subst ""sra\t\$3,\$4"" ""sra\t$5,$4"" @ 77"
func_80018094,code6cac,regfix.txt,1698,subst,register-rename,register-alloc-pure-c,COVERED,103,active,ASM-PARTIAL,"func_80018094: subst ""sll\t\$3,\$3,6"" ""sll\t$3,$5,6"" @ 80"
func_80018094,code6cac,regfix.txt,1699,subst,register-rename,register-alloc-pure-c,COVERED,103,active,ASM-PARTIAL,"func_80018094: subst ""mfhi\t\$9"" ""mfhi\t$6"" @ 83"
func_80018094,code6cac,regfix.txt,1700,subst,register-rename,register-alloc-pure-c,COVERED,103,active,ASM-PARTIAL,"func_80018094: subst ""sra\t\$2,\$9"" ""sra\t$2,$6"" @ 84"
func_80018094,code6cac,regfix.txt,1701,subst,register-rename,register-alloc-pure-c,COVERED,103,active,ASM-PARTIAL,"func_80018094: subst ""addu\t\$6,\$2"" ""addu\t$3,$2"" @ 86"
func_80018094,code6cac,regfix.txt,1704,reorder,reorder-scheduling,loop-exit-work-inside-loop-sched-fence,COVERED,103,active,ASM-PARTIAL,"func_80018094: reorder 56,57,55 @ 55-57"
func_80018094,code6cac,regfix.txt,1708,subst,register-rename,register-alloc-pure-c,COVERED,103,active,ASM-PARTIAL,"func_80018094: subst ""lui\t\$5"" ""lui\t$2"" @ 87"
func_80018094,code6cac,regfix.txt,1709,delete,delete-instruction,store-const-reload-cse,PARTIAL,103,active,ASM-PARTIAL,func_80018094: delete @ 88
func_80018094,code6cac,regfix.txt,1710,subst,register+displacement,register-alloc-pure-c,PARTIAL,103,active,ASM-PARTIAL,"func_80018094: subst ""lw\t\$2,0\(\$5\)"" ""lw\t$2,0x0024($2)"" @ 89"
func_80018094,code6cac,regfix.txt,1711,subst,register-rename,register-alloc-pure-c,COVERED,103,active,ASM-PARTIAL,"func_80018094: subst ""mult\t\$2,\$6"" ""mult\t$2,$3"" @ 91"
func_80018094,code6cac,regfix.txt,1713,subst,register-rename,register-alloc-pure-c,COVERED,103,active,ASM-PARTIAL,"func_80018094: subst ""lui\t\$4"" ""lui\t$2"" @ 92"
func_80018094,code6cac,regfix.txt,1714,delete,delete-instruction,store-const-reload-cse,PARTIAL,103,active,ASM-PARTIAL,func_80018094: delete @ 93
func_80018094,code6cac,regfix.txt,1715,subst,register-rename,register-alloc-pure-c,COVERED,103,active,ASM-PARTIAL,"func_80018094: subst ""mflo\t\$8"" ""mflo\t$7"" @ 94"
func_80018094,code6cac,regfix.txt,1716,subst,register+displacement,register-alloc-pure-c,PARTIAL,103,active,ASM-PARTIAL,"func_80018094: subst ""lw\t\$2,0\(\$4\)"" ""lw\t$2,0x0028($2)"" @ 95"
func_80018094,code6cac,regfix.txt,1717,subst,register-rename,register-alloc-pure-c,COVERED,103,active,ASM-PARTIAL,"func_80018094: subst ""mult\t\$2,\$6"" ""mult\t$2,$3"" @ 97"
func_80018094,code6cac,regfix.txt,1719,subst,register-rename,register-alloc-pure-c,COVERED,103,active,ASM-PARTIAL,"func_80018094: subst ""lui\t\$3"" ""lui\t$2"" @ 98"
func_80018094,code6cac,regfix.txt,1720,delete,delete-instruction,store-const-reload-cse,PARTIAL,103,active,ASM-PARTIAL,func_80018094: delete @ 99
func_80018094,code6cac,regfix.txt,1721,subst,register-rename,register-alloc-pure-c,COVERED,103,active,ASM-PARTIAL,"func_80018094: subst ""mflo\t\$7"" ""mflo\t$4"" @ 100"
func_80018094,code6cac,regfix.txt,1722,subst,register+displacement,register-alloc-pure-c,PARTIAL,103,active,ASM-PARTIAL,"func_80018094: subst ""lw\t\$2,0\(\$3\)"" ""lw\t$2,0x002c($2)"" @ 101"
func_80018094,code6cac,regfix.txt,1723,subst,register-rename,register-alloc-pure-c,COVERED,103,active,ASM-PARTIAL,"func_80018094: subst ""mult\t\$2,\$6"" ""mult\t$2,$3"" @ 103"
func_80018094,code6cac,regfix.txt,1726,reorder,reorder-scheduling,loop-exit-work-inside-loop-sched-fence,COVERED,103,active,ASM-PARTIAL,"func_80018094: reorder 87,86 @ 86-87"
func_80018094,code6cac,regfix.txt,1727,reorder,reorder-scheduling,loop-exit-work-inside-loop-sched-fence,COVERED,103,active,ASM-PARTIAL,"func_80018094: reorder 92,91 @ 91-92"
func_80018094,code6cac,regfix.txt,1730,subst,register-rename,register-alloc-pure-c,COVERED,103,active,ASM-PARTIAL,"func_80018094: subst ""sra\t\$2,\$8"" ""sra\t$2,$7"" @ 104"
func_80018094,code6cac,regfix.txt,1731,insert,instruction-injection-insert,lost-codegen-insert-cheat,COVERED-FORBIDDEN,103,active,ASM-PARTIAL,"func_80018094: insert ""lui\t$1,0x1f80"" @ 97"
func_80018094,code6cac,regfix.txt,1732,subst,register+displacement,register-alloc-pure-c,PARTIAL,103,active,ASM-PARTIAL,"func_80018094: subst ""sw\t\$2,0\(\$5\)"" ""sw\t$2,0x0024($1)"" @ 105"
func_80018094,code6cac,regfix.txt,1733,subst,register-rename,register-alloc-pure-c,COVERED,103,active,ASM-PARTIAL,"func_80018094: subst ""sra\t\$2,\$7"" ""sra\t$2,$4"" @ 106"
func_80018094,code6cac,regfix.txt,1734,insert,instruction-injection-insert,lost-codegen-insert-cheat,COVERED-FORBIDDEN,103,active,ASM-PARTIAL,"func_80018094: insert ""lui\t$1,0x1f80"" @ 99"
func_80018094,code6cac,regfix.txt,1735,subst,register+displacement,register-alloc-pure-c,PARTIAL,103,active,ASM-PARTIAL,"func_80018094: subst ""sw\t\$2,0\(\$4\)"" ""sw\t$2,0x0028($1)"" @ 107"
func_80018094,code6cac,regfix.txt,1736,subst,register-rename,register-alloc-pure-c,COVERED,103,active,ASM-PARTIAL,"func_80018094: subst ""mflo\t\$10"" ""mflo\t$3"" @ 108"
func_80018094,code6cac,regfix.txt,1737,subst,register-rename,register-alloc-pure-c,COVERED,103,active,ASM-PARTIAL,"func_80018094: subst ""sra\t\$2,\$10"" ""sra\t$2,$3"" @ 109"
func_80018094,code6cac,regfix.txt,1738,insert,instruction-injection-insert,lost-codegen-insert-cheat,COVERED-FORBIDDEN,103,active,ASM-PARTIAL,"func_80018094: insert ""lui\t$1,0x1f80"" @ 102"
func_80018094,code6cac,regfix.txt,1739,subst,register+displacement,register-alloc-pure-c,PARTIAL,103,active,ASM-PARTIAL,"func_80018094: subst ""sw\t\$2,0\(\$3\)"" ""sw\t$2,0x002c($1)"" @ 110"
func_80018094,code6cac,regfix.txt,1743,swap,register-swap-range,register-alloc-pure-c,COVERED,103,active,ASM-PARTIAL,func_80018094: $6 <-> $7 @ 114-128
func_80018094,code6cac,regfix.txt,1744,swap,register-swap-range,register-alloc-pure-c,COVERED,103,active,ASM-PARTIAL,func_80018094: $5 <-> $6 @ 114-128
func_80018094,code6cac,regfix.txt,1745,swap,register-swap-range,register-alloc-pure-c,COVERED,103,active,ASM-PARTIAL,func_80018094: $4 <-> $5 @ 114-128
func_80018094,code6cac,regfix.txt,1747,subst,lost-codegen-nop-fill,shared-end-label,COVERED-FORBIDDEN,103,active,ASM-PARTIAL,"func_80018094: subst ""nop"" ""addu\t$4,$17,$zero"" @ 112"
func_80018094,code6cac,regfix.txt,1748,subst,instruction-suppress-to-nop,dead-store-fake-exception,PARTIAL,103,active,ASM-PARTIAL,"func_80018094: subst ""addu\t\$4,\$17,\$zero"" ""nop"" @ 130"
func_80018094,code6cac,regfix.txt,1750,subst,register-rename,register-alloc-pure-c,COVERED,103,active,ASM-PARTIAL,"func_80018094: subst ""\$17\)"" ""$4)"" @ 117"
func_80018094,code6cac,regfix.txt,1751,subst,register-rename,register-alloc-pure-c,COVERED,103,active,ASM-PARTIAL,"func_80018094: subst ""\$17\)"" ""$4)"" @ 118"
func_80018094,code6cac,regfix.txt,1752,subst,register-rename,register-alloc-pure-c,COVERED,103,active,ASM-PARTIAL,"func_80018094: subst ""\$17\)"" ""$4)"" @ 119"
func_80018094,code6cac,regfix.txt,1753,subst,register-rename,register-alloc-pure-c,COVERED,103,active,ASM-PARTIAL,"func_80018094: subst ""\$17\)"" ""$4)"" @ 120"
func_80018094,code6cac,regfix.txt,1754,subst,register-rename,register-alloc-pure-c,COVERED,103,active,ASM-PARTIAL,"func_80018094: subst ""\$17\)"" ""$4)"" @ 125"
func_80018094,code6cac,regfix.txt,1755,subst,register-rename,register-alloc-pure-c,COVERED,103,active,ASM-PARTIAL,"func_80018094: subst ""\$17\)"" ""$4)"" @ 126"
func_80018094,code6cac,regfix.txt,1756,subst,register-rename,register-alloc-pure-c,COVERED,103,active,ASM-PARTIAL,"func_80018094: subst ""\$17\)"" ""$4)"" @ 127"
func_80018094,code6cac,regfix.txt,1757,subst,register-rename,register-alloc-pure-c,COVERED,103,active,ASM-PARTIAL,"func_80018094: subst ""\$17\)"" ""$4)"" @ 128"
func_80040D48,text1a_pre,regfix.txt,1760,swap,register-swap-range,register-alloc-pure-c,COVERED,34,active,C,func_80040D48: $21 <-> $22 @ 15-15
func_80040D48,text1a_pre,regfix.txt,1761,swap,register-swap-range,register-alloc-pure-c,COVERED,34,active,C,func_80040D48: $21 <-> $22 @ 163-163
func_80040D48,text1a_pre,regfix.txt,1762,swap,register-swap-range,register-alloc-pure-c,COVERED,34,active,C,func_80040D48: $21 <-> $22 @ 240-244
func_80040D48,text1a_pre,regfix.txt,1765,subst,register-rename,register-alloc-pure-c,COVERED,34,active,C,"func_80040D48: subst ""\$20"" ""$4"" @ 14"
func_80040D48,text1a_pre,regfix.txt,1766,subst,register-rename,register-alloc-pure-c,COVERED,34,active,C,"func_80040D48: subst ""\$20"" ""$4"" @ 16"
func_80040D48,text1a_pre,regfix.txt,1767,subst,register+displacement,register-alloc-pure-c,PARTIAL,34,active,C,"func_80040D48: subst ""addu\t\$22,\$20,44"" ""addu\t$20,$4,$0"" @ 17"
func_80040D48,text1a_pre,regfix.txt,1769,subst,lost-codegen-nop-fill,shared-end-label,COVERED-FORBIDDEN,34,active,C,"func_80040D48: subst ""nop"" ""addu\t$21,$20,44"" @ 28"
func_80040D48,text1a_pre,regfix.txt,1772,subst,memory-displacement,defeat-combine-symbol-fold,PARTIAL,34,active,C,"func_80040D48: subst ""addu\t\$4,\$19,124"" ""addu\t$4,$19,104"" @ 49"
func_80040D48,text1a_pre,regfix.txt,1773,subst,memory-displacement,defeat-combine-symbol-fold,PARTIAL,34,active,C,"func_80040D48: subst ""sh\t\$2,-4\(\$4\)"" ""sh\t$2,16($4)"" @ 64"
func_80040D48,text1a_pre,regfix.txt,1774,subst,memory-displacement,defeat-combine-symbol-fold,PARTIAL,34,active,C,"func_80040D48: subst ""sh\t\$2,-2\(\$4\)"" ""sh\t$2,18($4)"" @ 74"
func_80040D48,text1a_pre,regfix.txt,1775,subst,memory-displacement,defeat-combine-symbol-fold,PARTIAL,34,active,C,"func_80040D48: subst ""sh\t\$2,0\(\$4\)"" ""sh\t$2,20($4)"" @ 84"
func_80040D48,text1a_pre,regfix.txt,1778,subst,register-rename,register-alloc-pure-c,COVERED,34,active,C,"func_80040D48: subst ""\$9"" ""$8"" @ 160"
func_80040D48,text1a_pre,regfix.txt,1779,subst,register-rename,register-alloc-pure-c,COVERED,34,active,C,"func_80040D48: subst ""\$9"" ""$8"" @ 161"
func_80040D48,text1a_pre,regfix.txt,1780,subst,register-rename,register-alloc-pure-c,COVERED,34,active,C,"func_80040D48: subst ""\$8"" ""$6"" @ 194"
func_80040D48,text1a_pre,regfix.txt,1781,subst,register-rename,register-alloc-pure-c,COVERED,34,active,C,"func_80040D48: subst ""\$6"" ""$21"" @ 196"
func_80040D48,text1a_pre,regfix.txt,1782,subst,register-rename,register-alloc-pure-c,COVERED,34,active,C,"func_80040D48: subst ""\$6"" ""$21"" @ 198"
func_80040D48,text1a_pre,regfix.txt,1783,subst,register-rename,register-alloc-pure-c,COVERED,34,active,C,"func_80040D48: subst ""\$6"" ""$21"" @ 200"
func_80040D48,text1a_pre,regfix.txt,1784,subst,register-rename,register-alloc-pure-c,COVERED,34,active,C,"func_80040D48: subst ""\$6"" ""$21"" @ 201"
func_80040D48,text1a_pre,regfix.txt,1785,subst,register-rename,register-alloc-pure-c,COVERED,34,active,C,"func_80040D48: subst ""\$6"" ""$21"" @ 202"
func_80040D48,text1a_pre,regfix.txt,1786,subst,register-rename,register-alloc-pure-c,COVERED,34,active,C,"func_80040D48: subst ""\$6"" ""$21"" @ 203"
func_80040D48,text1a_pre,regfix.txt,1787,subst,register-rename,register-alloc-pure-c,COVERED,34,active,C,"func_80040D48: subst ""\$6"" ""$21"" @ 208"
func_80040D48,text1a_pre,regfix.txt,1788,subst,register-rename,register-alloc-pure-c,COVERED,34,active,C,"func_80040D48: subst ""\$6"" ""$21"" @ 209"
func_80040D48,text1a_pre,regfix.txt,1789,subst,register-rename,register-alloc-pure-c,COVERED,34,active,C,"func_80040D48: subst ""\$6"" ""$21"" @ 210"
func_80040D48,text1a_pre,regfix.txt,1790,subst,register-rename,register-alloc-pure-c,COVERED,34,active,C,"func_80040D48: subst ""\$6"" ""$21"" @ 211"
func_80040D48,text1a_pre,regfix.txt,1791,subst,register-rename,register-alloc-pure-c,COVERED,34,active,C,"func_80040D48: subst ""\$8"" ""$6"" @ 220"
func_80040D48,text1a_pre,regfix.txt,1792,subst,register-rename,register-alloc-pure-c,COVERED,34,active,C,"func_80040D48: subst ""\$8"" ""$6"" @ 222"
func_80040D48,text1a_pre,regfix.txt,1793,subst,register-rename,register-alloc-pure-c,COVERED,34,active,C,"func_80040D48: subst ""\$8"" ""$6"" @ 222"
func_80040D48,text1a_pre,regfix.txt,1794,subst,register-rename,register-alloc-pure-c,COVERED,34,active,C,"func_80040D48: subst ""\$4"" ""$6"" @ 226"
func_80040D48,text1a_pre,regfix.txt,1795,subst,register-rename,register-alloc-pure-c,COVERED,34,active,C,"func_80040D48: subst ""\$5"" ""$4"" @ 227"
func_80040D48,text1a_pre,regfix.txt,1796,subst,register-rename,register-alloc-pure-c,COVERED,34,active,C,"func_80040D48: subst ""\$4"" ""$6"" @ 232"
func_80040D48,text1a_pre,regfix.txt,1797,subst,register-rename,register-alloc-pure-c,COVERED,34,active,C,"func_80040D48: subst ""\$4"" ""$6"" @ 233"
func_80040D48,text1a_pre,regfix.txt,1798,subst,register-rename,register-alloc-pure-c,COVERED,34,active,C,"func_80040D48: subst ""\$4"" ""$6"" @ 233"
func_80040D48,text1a_pre,regfix.txt,1799,subst,register-rename,register-alloc-pure-c,COVERED,34,active,C,"func_80040D48: subst ""\$4"" ""$6"" @ 234"
func_80040D48,text1a_pre,regfix.txt,1800,subst,register-rename,register-alloc-pure-c,COVERED,34,active,C,"func_80040D48: subst ""\$5"" ""$4"" @ 236"
_spu_note2pitch,main,regfix.txt,1808,swap,register-swap-range,register-alloc-pure-c,COVERED,39,active,C,_spu_note2pitch: $3 <-> $6 @ 35-62
_spu_note2pitch,main,regfix.txt,1809,swap,register-swap-range,register-alloc-pure-c,COVERED,39,active,C,_spu_note2pitch: $7 <-> $8 @ 43-69
_spu_note2pitch,main,regfix.txt,1813,subst,register-rename,register-alloc-pure-c,COVERED,39,active,C,"_spu_note2pitch: subst ""\$4"" ""$5"" @ 11"
_spu_note2pitch,main,regfix.txt,1814,subst,register-rename,register-alloc-pure-c,COVERED,39,active,C,"_spu_note2pitch: subst ""\$4"" ""$5"" @ 12"
_spu_note2pitch,main,regfix.txt,1815,subst,register-rename,register-alloc-pure-c,COVERED,39,active,C,"_spu_note2pitch: subst ""\$4"" ""$5"" @ 15"
_spu_note2pitch,main,regfix.txt,1816,subst,register-rename,register-alloc-pure-c,COVERED,39,active,C,"_spu_note2pitch: subst ""\$4"" ""$5"" @ 16"
_spu_note2pitch,main,regfix.txt,1817,subst,register-rename,register-alloc-pure-c,COVERED,39,active,C,"_spu_note2pitch: subst ""\$4"" ""$5"" @ 24"
_spu_note2pitch,main,regfix.txt,1819,subst,memory-displacement,defeat-combine-symbol-fold,PARTIAL,39,active,C,"_spu_note2pitch: subst ""lui\t\$2,\(715784192 >> 16\) & 0xFFFF"" ""lui\t$2,10922"" @ 13"
_spu_note2pitch,main,regfix.txt,1820,subst,memory-displacement,defeat-combine-symbol-fold,PARTIAL,39,active,C,"_spu_note2pitch: subst ""ori\t\$2,\$2,0xaaab"" ""ori\t$2,$2,(715827883 & 65535)"" @ 14"
_spu_note2pitch,main,regfix.txt,1822,subst,register-rename,register-alloc-pure-c,COVERED,39,active,C,"_spu_note2pitch: subst ""\$3"" ""$4"" @ 20"
_spu_note2pitch,main,regfix.txt,1823,subst,register-rename,register-alloc-pure-c,COVERED,39,active,C,"_spu_note2pitch: subst ""\$3"" ""$4"" @ 21"
_spu_note2pitch,main,regfix.txt,1824,subst,register-rename,register-alloc-pure-c,COVERED,39,active,C,"_spu_note2pitch: subst ""\$3"" ""$4"" @ 27"
_spu_note2pitch,main,regfix.txt,1825,subst,register-rename,register-alloc-pure-c,COVERED,39,active,C,"_spu_note2pitch: subst ""\$3"" ""$4"" @ 30"
_spu_note2pitch,main,regfix.txt,1826,subst,register-rename,register-alloc-pure-c,COVERED,39,active,C,"_spu_note2pitch: subst ""\$3"" ""$4"" @ 30"
_spu_note2pitch,main,regfix.txt,1827,subst,register-rename,register-alloc-pure-c,COVERED,39,active,C,"_spu_note2pitch: subst ""\$3"" ""$4"" @ 33"
_spu_note2pitch,main,regfix.txt,1829,subst,register-rename,register-alloc-pure-c,COVERED,39,active,C,"_spu_note2pitch: subst ""\$7"" ""$3"" @ 24"
_spu_note2pitch,main,regfix.txt,1830,subst,register-rename,register-alloc-pure-c,COVERED,39,active,C,"_spu_note2pitch: subst ""\$7"" ""$3"" @ 28"
_spu_note2pitch,main,regfix.txt,1831,subst,register-rename,register-alloc-pure-c,COVERED,39,active,C,"_spu_note2pitch: subst ""\$7"" ""$3"" @ 31"
_spu_note2pitch,main,regfix.txt,1832,subst,register-rename,register-alloc-pure-c,COVERED,39,active,C,"_spu_note2pitch: subst ""\$7"" ""$3"" @ 31"
_spu_note2pitch,main,regfix.txt,1834,subst,register-rename,register-alloc-pure-c,COVERED,39,active,C,"_spu_note2pitch: subst ""\$8"" ""$7"" @ 36"
_spu_note2pitch,main,regfix.txt,1836,subst,register-rename,register-alloc-pure-c,COVERED,39,active,C,"_spu_note2pitch: subst ""\$7"" ""$3"" @ 37"
_spu_note2pitch,main,regfix.txt,1838,subst,register-rename,register-alloc-pure-c,COVERED,39,active,C,"_spu_note2pitch: subst ""\$2"" ""$3"" @ 38"
_spu_note2pitch,main,regfix.txt,1840,subst,register-rename,register-alloc-pure-c,COVERED,39,active,C,"_spu_note2pitch: subst ""\$2"" ""$4"" @ 54"
_spu_note2pitch,main,regfix.txt,1841,subst,register-rename,register-alloc-pure-c,COVERED,39,active,C,"_spu_note2pitch: subst ""\$2"" ""$4"" @ 55"
_spu_note2pitch,main,regfix.txt,1843,subst,register-rename,register-alloc-pure-c,COVERED,39,active,C,"_spu_note2pitch: subst ""\$10"" ""$9"" @ 59"
_spu_note2pitch,main,regfix.txt,1844,subst,register-rename,register-alloc-pure-c,COVERED,39,active,C,"_spu_note2pitch: subst ""\$10"" ""$9"" @ 60"
_spu_note2pitch,main,regfix.txt,1846,subst,register-rename,register-alloc-pure-c,COVERED,39,active,C,"_spu_note2pitch: subst ""lw\t\$2,8"" ""lw\t$9,8"" @ 63"
_spu_note2pitch,main,regfix.txt,1848,subst,register-rename,register-alloc-pure-c,COVERED,39,active,C,"_spu_note2pitch: subst ""subu\t\$2,\$2,\$7"" ""subu\t$2,$9,$7"" @ 65"
_spu_note2pitch,main,regfix.txt,1852,delete,delete-instruction,store-const-reload-cse,PARTIAL,39,active,C,_spu_note2pitch: delete @ 34
_spu_note2pitch,main,regfix.txt,1854,delete,delete-instruction,store-const-reload-cse,PARTIAL,39,active,C,_spu_note2pitch: delete @ 41
_spu_note2pitch,main,regfix.txt,1856,delete,delete-instruction,store-const-reload-cse,PARTIAL,39,active,C,_spu_note2pitch: delete @ 62
_spu_note2pitch,main,regfix.txt,1860,insert,instruction-injection-insert,lost-codegen-insert-cheat,COVERED-FORBIDDEN,39,active,C,"_spu_note2pitch: insert ""mult\t$6,$4"" @ 35"
_spu_note2pitch,main,regfix.txt,1862,insert,lost-codegen-move-insert,shared-end-label,COVERED-FORBIDDEN,39,active,C,"_spu_note2pitch: insert ""addu\t$4,$3,$0"" @ 20"
_spu_note2pitch,main,regfix.txt,1866,insert_after,instruction-injection-insert,lost-codegen-insert-cheat,COVERED-FORBIDDEN,39,active,C,"_spu_note2pitch: insert_after ""addiu\t$4,$zero,4155"" @ 35"
_spu_note2pitch,main,regfix.txt,1870,reorder,reorder-scheduling,loop-exit-work-inside-loop-sched-fence,COVERED,39,active,C,"_spu_note2pitch: reorder 41,40,39 @ 39-41"
_spu_note2pitch,main,regfix.txt,1872,reorder,reorder-scheduling,loop-exit-work-inside-loop-sched-fence,COVERED,39,active,C,"_spu_note2pitch: reorder 47,46 @ 46-47"
_spu_note2pitch,main,regfix.txt,1874,reorder,reorder-scheduling,loop-exit-work-inside-loop-sched-fence,COVERED,39,active,C,"_spu_note2pitch: reorder 62,61 @ 61-62"
func_80038C70,code6cac_c_mid,regfix.txt,1877,subst,memory-displacement,defeat-combine-symbol-fold,PARTIAL,1,parked,C,"func_80038C70: subst ""addiu\t\$16,\$zero,12"" ""addiu	$16,$zero,13"" @ 149"
func_8002C61C,code6cac_b,regfix.txt,1996,subst,register-rename,register-alloc-pure-c,COVERED,44,active,C,"func_8002C61C: subst ""\$3,\$2"" ""$4,$2"" @ 7"
func_8002C61C,code6cac_b,regfix.txt,1997,subst,register-rename,register-alloc-pure-c,COVERED,44,active,C,"func_8002C61C: subst ""\$3,\$2"" ""$4,$2"" @ 23"
func_8002C61C,code6cac_b,regfix.txt,2000,subst,opcode-change,proven-spelling-class-reconstruction,PARTIAL,44,active,C,"func_8002C61C: subst ""addiu\t\$2,\$zero,28"" ""addu\t$9,$0,$zero"" @ 122"
func_8002C61C,code6cac_b,regfix.txt,2003,subst,register-rename,register-alloc-pure-c,COVERED,44,active,C,"func_8002C61C: subst ""\$7"" ""$2"" @ 125"
func_8002C61C,code6cac_b,regfix.txt,2004,subst,register-rename,register-alloc-pure-c,COVERED,44,active,C,"func_8002C61C: subst ""\$7"" ""$2"" @ 126"
func_8002C61C,code6cac_b,regfix.txt,2007,subst,register-rename,register-alloc-pure-c,COVERED,44,active,C,"func_8002C61C: subst ""\$7"" ""$2"" @ 147"
func_8002C61C,code6cac_b,regfix.txt,2008,subst,register-rename,register-alloc-pure-c,COVERED,44,active,C,"func_8002C61C: subst ""\$7"" ""$2"" @ 148"
func_8002C61C,code6cac_b,regfix.txt,2011,subst,memory-displacement,defeat-combine-symbol-fold,PARTIAL,44,active,C,"func_8002C61C: subst ""-24\(\$6\)"" ""72($6)"" @ 152"
func_8002C61C,code6cac_b,regfix.txt,2012,subst,memory-displacement,defeat-combine-symbol-fold,PARTIAL,44,active,C,"func_8002C61C: subst ""-20\(\$6\)"" ""76($6)"" @ 153"
func_8002C61C,code6cac_b,regfix.txt,2013,subst,memory-displacement,defeat-combine-symbol-fold,PARTIAL,44,active,C,"func_8002C61C: subst ""-16\(\$6\)"" ""80($6)"" @ 154"
func_8002C61C,code6cac_b,regfix.txt,2014,subst,memory-displacement,defeat-combine-symbol-fold,PARTIAL,44,active,C,"func_8002C61C: subst ""0\(\$6\)"" ""96($6)"" @ 158"
func_8002C61C,code6cac_b,regfix.txt,2015,subst,memory-displacement,defeat-combine-symbol-fold,PARTIAL,44,active,C,"func_8002C61C: subst ""4\(\$6\)"" ""100($6)"" @ 159"
func_8002C61C,code6cac_b,regfix.txt,2016,subst,memory-displacement,defeat-combine-symbol-fold,PARTIAL,44,active,C,"func_8002C61C: subst ""8\(\$6\)"" ""104($6)"" @ 160"
func_8002C61C,code6cac_b,regfix.txt,2019,subst,memory-displacement,defeat-combine-symbol-fold,PARTIAL,44,active,C,"func_8002C61C: subst ""0x00e0"" ""0x00ec"" @ 177"
func_8002C61C,code6cac_b,regfix.txt,2020,subst,memory-displacement,defeat-combine-symbol-fold,PARTIAL,44,active,C,"func_8002C61C: subst ""-44\(\$5\)"" ""-56($5)"" @ 178"
func_8002C61C,code6cac_b,regfix.txt,2021,subst,memory-displacement,defeat-combine-symbol-fold,PARTIAL,44,active,C,"func_8002C61C: subst ""-32\(\$5\)"" ""-44($5)"" @ 179"
func_8002C61C,code6cac_b,regfix.txt,2022,subst,memory-displacement,defeat-combine-symbol-fold,PARTIAL,44,active,C,"func_8002C61C: subst ""-20\(\$5\)"" ""-32($5)"" @ 180"
func_8002C61C,code6cac_b,regfix.txt,2023,subst,memory-displacement,defeat-combine-symbol-fold,PARTIAL,44,active,C,"func_8002C61C: subst ""-40\(\$5\)"" ""-52($5)"" @ 188"
func_8002C61C,code6cac_b,regfix.txt,2024,subst,memory-displacement,defeat-combine-symbol-fold,PARTIAL,44,active,C,"func_8002C61C: subst ""-28\(\$5\)"" ""-40($5)"" @ 189"
func_8002C61C,code6cac_b,regfix.txt,2025,subst,memory-displacement,defeat-combine-symbol-fold,PARTIAL,44,active,C,"func_8002C61C: subst ""-16\(\$5\)"" ""-28($5)"" @ 190"
func_8002C61C,code6cac_b,regfix.txt,2026,subst,memory-displacement,defeat-combine-symbol-fold,PARTIAL,44,active,C,"func_8002C61C: subst ""-36\(\$5\)"" ""-48($5)"" @ 198"
func_8002C61C,code6cac_b,regfix.txt,2027,subst,memory-displacement,defeat-combine-symbol-fold,PARTIAL,44,active,C,"func_8002C61C: subst ""-24\(\$5\)"" ""-36($5)"" @ 199"
func_8002C61C,code6cac_b,regfix.txt,2028,subst,memory-displacement,defeat-combine-symbol-fold,PARTIAL,44,active,C,"func_8002C61C: subst ""-12\(\$5\)"" ""-24($5)"" @ 200"
func_8002C61C,code6cac_b,regfix.txt,2029,subst,memory-displacement,defeat-combine-symbol-fold,PARTIAL,44,active,C,"func_8002C61C: subst ""-8\(\$5\)"" ""-20($5)"" @ 208"
func_8002C61C,code6cac_b,regfix.txt,2030,subst,memory-displacement,defeat-combine-symbol-fold,PARTIAL,44,active,C,"func_8002C61C: subst ""4\(\$5\)"" ""-8($5)"" @ 209"
func_8002C61C,code6cac_b,regfix.txt,2031,subst,memory-displacement,defeat-combine-symbol-fold,PARTIAL,44,active,C,"func_8002C61C: subst ""-4\(\$5\)"" ""-16($5)"" @ 216"
func_8002C61C,code6cac_b,regfix.txt,2032,subst,memory-displacement,defeat-combine-symbol-fold,PARTIAL,44,active,C,"func_8002C61C: subst ""8\(\$5\)"" ""-4($5)"" @ 217"
func_8002C61C,code6cac_b,regfix.txt,2033,subst,memory-displacement,defeat-combine-symbol-fold,PARTIAL,44,active,C,"func_8002C61C: subst ""0\(\$5\)"" ""-12($5)"" @ 224"
func_8002C61C,code6cac_b,regfix.txt,2035,subst,register-rename,register-alloc-pure-c,COVERED,44,active,C,"func_8002C61C: subst ""0\(\$8\)"" ""0($5)"" @ 226"
func_8002C61C,code6cac_b,regfix.txt,2039,delete,delete-instruction,store-const-reload-cse,PARTIAL,44,active,C,func_8002C61C: delete @ 128
func_8002C61C,code6cac_b,regfix.txt,2040,delete,delete-instruction,store-const-reload-cse,PARTIAL,44,active,C,func_8002C61C: delete @ 151
func_8002C61C,code6cac_b,regfix.txt,2041,delete,delete-instruction,store-const-reload-cse,PARTIAL,44,active,C,func_8002C61C: delete @ 170
func_8002C61C,code6cac_b,regfix.txt,2042,delete,delete-instruction,store-const-reload-cse,PARTIAL,44,active,C,func_8002C61C: delete @ 171
func_8002C61C,code6cac_b,regfix.txt,2043,delete,delete-instruction,store-const-reload-cse,PARTIAL,44,active,C,func_8002C61C: delete @ 227
func_8002C61C,code6cac_b,regfix.txt,2050,insert,instruction-injection-insert,lost-codegen-insert-cheat,COVERED-FORBIDDEN,44,active,C,"func_8002C61C: insert ""andi\t$4,$3,0xffff"" @ 7"
func_8002C61C,code6cac_b,regfix.txt,2051,insert,instruction-injection-insert,lost-codegen-insert-cheat,COVERED-FORBIDDEN,44,active,C,"func_8002C61C: insert ""addiu\t$2,$zero,28"" @ 123"
func_8002C61C,code6cac_b,regfix.txt,2061,insert_after,lost-codegen-move-insert,shared-end-label,COVERED-FORBIDDEN,44,active,C,"func_8002C61C: insert_after ""addu\t$9,$0,$zero"" @ 126"
func_8002C61C,code6cac_b,regfix.txt,2063,insert_after,lost-codegen-move-insert,shared-end-label,COVERED-FORBIDDEN,44,active,C,"func_8002C61C: insert_after ""addu\t$7,$2,$0"" @ 128"
func_8002C61C,code6cac_b,regfix.txt,2065,insert_after,lost-codegen-move-insert,shared-end-label,COVERED-FORBIDDEN,44,active,C,"func_8002C61C: insert_after ""addu\t$7,$2,$0"" @ 149"
func_8002C61C,code6cac_b,regfix.txt,2079,reorder,reorder-scheduling,loop-exit-work-inside-loop-sched-fence,COVERED,44,active,C,"func_8002C61C: reorder 153,150,151,152,154 @ 150-154"
func_8002C61C,code6cac_b,regfix.txt,2085,reorder,reorder-scheduling,loop-exit-work-inside-loop-sched-fence,COVERED,44,active,C,"func_8002C61C: reorder 174,175,176,177,178,173 @ 173-178"
func_8002C61C,code6cac_b,regfix.txt,2091,reorder,reorder-scheduling,loop-exit-work-inside-loop-sched-fence,COVERED,44,active,C,"func_8002C61C: reorder 225,227,226 @ 225-227"
func_8002D780,code6cac_b,regfix.txt,2099,subst,instruction-suppress-to-nop,dead-store-fake-exception,PARTIAL,56,active,ASM-PARTIAL,"func_8002D780: subst ""addu\t\$12,\$16,248"" ""nop"" @ 26"
func_8002D780,code6cac_b,regfix.txt,2101,subst,opcode-change,proven-spelling-class-reconstruction,PARTIAL,56,active,ASM-PARTIAL,"func_8002D780: subst ""addu\t\$12,\$16,256"" ""addiu\t$2,$16,256"" @ 33"
func_8002D780,code6cac_b,regfix.txt,2103,insert_after,lost-codegen-move-insert,shared-end-label,COVERED-FORBIDDEN,56,active,ASM-PARTIAL,"func_8002D780: insert_after ""addu\t$12,$2,$zero"" @ 28"
func_8002D780,code6cac_b,regfix.txt,2104,insert_after,instruction-injection-insert,lost-codegen-insert-cheat,COVERED-FORBIDDEN,56,active,ASM-PARTIAL,"func_8002D780: insert_after ""addiu\t$2,$16,248"" @ 28"
func_8002D780,code6cac_b,regfix.txt,2106,insert_after,lost-codegen-move-insert,shared-end-label,COVERED-FORBIDDEN,56,active,ASM-PARTIAL,"func_8002D780: insert_after ""addu\t$12,$2,$zero"" @ 33"
func_8002D780,code6cac_b,regfix.txt,2112,subst,register-rename,register-alloc-pure-c,COVERED,56,active,ASM-PARTIAL,"func_8002D780: subst ""\$8"" ""$9"" @ 44"
func_8002D780,code6cac_b,regfix.txt,2113,subst,register-rename,register-alloc-pure-c,COVERED,56,active,ASM-PARTIAL,"func_8002D780: subst ""\$3"" ""$2"" @ 47"
func_8002D780,code6cac_b,regfix.txt,2114,subst,register-rename,register-alloc-pure-c,COVERED,56,active,ASM-PARTIAL,"func_8002D780: subst ""\$8"" ""$9"" @ 47"
func_8002D780,code6cac_b,regfix.txt,2115,subst,register-rename,register-alloc-pure-c,COVERED,56,active,ASM-PARTIAL,"func_8002D780: subst ""\$3"" ""$2"" @ 48"
func_8002D780,code6cac_b,regfix.txt,2116,subst,register-rename,register-alloc-pure-c,COVERED,56,active,ASM-PARTIAL,"func_8002D780: subst ""\$6"" ""$7"" @ 49"
func_8002D780,code6cac_b,regfix.txt,2117,subst,register-rename,register-alloc-pure-c,COVERED,56,active,ASM-PARTIAL,"func_8002D780: subst ""\$7"" ""$8"" @ 50"
func_8002D780,code6cac_b,regfix.txt,2118,subst,register-rename,register-alloc-pure-c,COVERED,56,active,ASM-PARTIAL,"func_8002D780: subst ""\$9"" ""$10"" @ 51"
func_8002D780,code6cac_b,regfix.txt,2120,subst,register-rename,register-alloc-pure-c,COVERED,56,active,ASM-PARTIAL,"func_8002D780: subst ""addu\t\$2,\$6,\$7"" ""addu\t$3,$7,$8"" @ 52"
func_8002D780,code6cac_b,regfix.txt,2121,subst,register-rename,register-alloc-pure-c,COVERED,56,active,ASM-PARTIAL,"func_8002D780: subst ""\$2"" ""$3"" @ 54"
func_8002D780,code6cac_b,regfix.txt,2122,subst,register-rename,register-alloc-pure-c,COVERED,56,active,ASM-PARTIAL,"func_8002D780: subst ""\$4"" ""$6"" @ 55"
func_8002D780,code6cac_b,regfix.txt,2124,subst,register-rename,register-alloc-pure-c,COVERED,56,active,ASM-PARTIAL,"func_8002D780: subst ""\$3"" ""$2"" @ 56"
func_8002D780,code6cac_b,regfix.txt,2125,subst,register-rename,register-alloc-pure-c,COVERED,56,active,ASM-PARTIAL,"func_8002D780: subst ""\$3"" ""$2"" @ 56"
func_8002D780,code6cac_b,regfix.txt,2127,subst,register-rename,register-alloc-pure-c,COVERED,56,active,ASM-PARTIAL,"func_8002D780: subst ""\$9"" ""$10"" @ 57"
func_8002D780,code6cac_b,regfix.txt,2128,subst,register-rename,register-alloc-pure-c,COVERED,56,active,ASM-PARTIAL,"func_8002D780: subst ""\$9"" ""$10"" @ 57"
func_8002D780,code6cac_b,regfix.txt,2129,subst,register-rename,register-alloc-pure-c,COVERED,56,active,ASM-PARTIAL,"func_8002D780: subst ""\$3"" ""$2"" @ 57"
func_8002D780,code6cac_b,regfix.txt,2130,subst,register-rename,register-alloc-pure-c,COVERED,56,active,ASM-PARTIAL,"func_8002D780: subst ""\$6"" ""$7"" @ 58"
func_8002D780,code6cac_b,regfix.txt,2131,subst,register-rename,register-alloc-pure-c,COVERED,56,active,ASM-PARTIAL,"func_8002D780: subst ""\$9"" ""$10"" @ 58"
func_8002D780,code6cac_b,regfix.txt,2133,subst,register-rename,register-alloc-pure-c,COVERED,56,active,ASM-PARTIAL,"func_8002D780: subst ""\$2"" ""$3"" @ 60"
func_8002D780,code6cac_b,regfix.txt,2134,subst,register-rename,register-alloc-pure-c,COVERED,56,active,ASM-PARTIAL,"func_8002D780: subst ""\$2"" ""$3"" @ 60"
func_8002D780,code6cac_b,regfix.txt,2136,subst,register-rename,register-alloc-pure-c,COVERED,56,active,ASM-PARTIAL,"func_8002D780: subst ""subu\t\$10,\$4,\$2"" ""subu\t$6,$6,$3"" @ 61"
func_8002D780,code6cac_b,regfix.txt,2138,subst,register-rename,register-alloc-pure-c,COVERED,56,active,ASM-PARTIAL,"func_8002D780: subst ""\$8"" ""$9"" @ 62"
func_8002D780,code6cac_b,regfix.txt,2139,subst,register-rename,register-alloc-pure-c,COVERED,56,active,ASM-PARTIAL,"func_8002D780: subst ""\$10"" ""$6"" @ 62"
func_8002D780,code6cac_b,regfix.txt,2141,subst,register-rename,register-alloc-pure-c,COVERED,56,active,ASM-PARTIAL,"func_8002D780: subst ""\$2"" ""$17"" @ 63"
func_8002D780,code6cac_b,regfix.txt,2143,subst,register-rename,register-alloc-pure-c,COVERED,56,active,ASM-PARTIAL,"func_8002D780: subst ""\$6"" ""$7"" @ 66"
func_8002D780,code6cac_b,regfix.txt,2145,subst,register-rename,register-alloc-pure-c,COVERED,56,active,ASM-PARTIAL,"func_8002D780: subst ""\$3"" ""$4"" @ 67"
func_8002D780,code6cac_b,regfix.txt,2147,subst,register-rename,register-alloc-pure-c,COVERED,56,active,ASM-PARTIAL,"func_8002D780: subst ""\$8"" ""$9"" @ 70"
func_8002D780,code6cac_b,regfix.txt,2149,subst,register-rename,register-alloc-pure-c,COVERED,56,active,ASM-PARTIAL,"func_8002D780: subst ""subu\t\$2,\$14,\$2"" ""subu\t$2,$14,$17"" @ 71"
func_8002D780,code6cac_b,regfix.txt,2151,subst,register-rename,register-alloc-pure-c,COVERED,56,active,ASM-PARTIAL,"func_8002D780: subst ""\$17"" ""$2"" @ 72"
func_8002D780,code6cac_b,regfix.txt,2153,subst,register-rename,register-alloc-pure-c,COVERED,56,active,ASM-PARTIAL,"func_8002D780: subst ""subu\t\$3,\$3,\$17"" ""subu\t$3,$4,$2"" @ 73"
func_8002D780,code6cac_b,regfix.txt,2155,subst,register-rename,register-alloc-pure-c,COVERED,56,active,ASM-PARTIAL,"func_8002D780: subst ""\$7"" ""$8"" @ 76"
func_8002D780,code6cac_b,regfix.txt,2156,subst,register-rename,register-alloc-pure-c,COVERED,56,active,ASM-PARTIAL,"func_8002D780: subst ""\$9"" ""$10"" @ 76"
func_8002D780,code6cac_b,regfix.txt,2160,subst,register-rename,register-alloc-pure-c,COVERED,56,active,ASM-PARTIAL,"func_8002D780: subst ""\$10"" ""$6"" @ 80"
func_8002D780,code6cac_b,regfix.txt,2162,subst,register-rename,register-alloc-pure-c,COVERED,56,active,ASM-PARTIAL,"func_8002D780: subst ""\$7"" ""$8"" @ 84"
func_8002D780,code6cac_b,regfix.txt,2164,subst,register-rename,register-alloc-pure-c,COVERED,56,active,ASM-PARTIAL,"func_8002D780: subst ""\$14"" ""$17"" @ 90"
func_8002D780,code6cac_b,regfix.txt,2166,subst,register-rename,register-alloc-pure-c,COVERED,56,active,ASM-PARTIAL,"func_8002D780: subst ""\$14"" ""$17"" @ 91"
func_8002D780,code6cac_b,regfix.txt,2170,subst,register-rename,register-alloc-pure-c,COVERED,56,active,ASM-PARTIAL,"func_8002D780: subst ""\$7"" ""$8"" @ 94"
func_8002D780,code6cac_b,regfix.txt,2171,subst,register-rename,register-alloc-pure-c,COVERED,56,active,ASM-PARTIAL,"func_8002D780: subst ""\$6"" ""$7"" @ 94"
func_8002D780,code6cac_b,regfix.txt,2173,subst,register-rename,register-alloc-pure-c,COVERED,56,active,ASM-PARTIAL,"func_8002D780: subst ""\$9"" ""$10"" @ 95"
func_8002D780,code6cac_b,regfix.txt,2174,subst,register-rename,register-alloc-pure-c,COVERED,56,active,ASM-PARTIAL,"func_8002D780: subst ""\$8"" ""$9"" @ 95"
func_8002D780,code6cac_b,regfix.txt,2176,subst,register-rename,register-alloc-pure-c,COVERED,56,active,ASM-PARTIAL,"func_8002D780: subst ""\$9"" ""$8"" @ 97"
func_8002D780,code6cac_b,regfix.txt,2178,subst,register-rename,register-alloc-pure-c,COVERED,56,active,ASM-PARTIAL,"func_8002D780: subst ""\$8"" ""$9"" @ 98"
func_8002D780,code6cac_b,regfix.txt,2180,subst,register-rename,register-alloc-pure-c,COVERED,56,active,ASM-PARTIAL,"func_8002D780: subst ""subu\t\$2,\$10,\$6"" ""subu\t$2,$6,$7"" @ 99"
func_8002D780,code6cac_b,regfix.txt,2182,subst,register-rename,register-alloc-pure-c,COVERED,56,active,ASM-PARTIAL,"func_8002D780: subst ""\$7"" ""$6"" @ 101"
func_8002D780,code6cac_b,regfix.txt,2184,subst,register-rename,register-alloc-pure-c,COVERED,56,active,ASM-PARTIAL,"func_8002D780: subst ""\$8"" ""$9"" @ 102"
func_8002D780,code6cac_b,regfix.txt,2186,subst,register-rename,register-alloc-pure-c,COVERED,56,active,ASM-PARTIAL,"func_8002D780: subst ""\$6"" ""$7"" @ 106"
func_8002D780,code6cac_b,regfix.txt,2188,subst,register-rename,register-alloc-pure-c,COVERED,56,active,ASM-PARTIAL,"func_8002D780: subst ""\$9"" ""$8"" @ 109"
func_8002D780,code6cac_b,regfix.txt,2189,subst,register-rename,register-alloc-pure-c,COVERED,56,active,ASM-PARTIAL,"func_8002D780: subst ""\$7"" ""$6"" @ 109"
func_8002D780,code6cac_b,regfix.txt,2193,subst,register-rename,register-alloc-pure-c,COVERED,56,active,ASM-PARTIAL,"func_8002D780: subst ""\$15"" ""$24"" @ 118"
func_8002D780,code6cac_b,regfix.txt,2195,subst,register-rename,register-alloc-pure-c,COVERED,56,active,ASM-PARTIAL,"func_8002D780: subst ""\$15"" ""$24"" @ 119"
func_8002D780,code6cac_b,regfix.txt,2197,subst,lost-codegen-nop-fill,shared-end-label,COVERED-FORBIDDEN,56,active,ASM-PARTIAL,"func_8002D780: subst ""nop"" ""addu\t$4,$17,$zero"" @ 122"
func_8002D780,code6cac_b,regfix.txt,2199,subst,register-rename,register-alloc-pure-c,COVERED,56,active,ASM-PARTIAL,"func_8002D780: subst ""\$17"" ""$4"" @ 130"
func_8002D780,code6cac_b,regfix.txt,2201,subst,frame-reg-rename,register-alloc-pure-c,COVERED,56,active,ASM-PARTIAL,"func_8002D780: subst ""addu\t\$12,\$sp,16"" ""addiu\t$2,$sp,16"" @ 133"
func_8002D780,code6cac_b,regfix.txt,2202,insert_after,lost-codegen-move-insert,shared-end-label,COVERED-FORBIDDEN,56,active,ASM-PARTIAL,"func_8002D780: insert_after ""addu\t$12,$2,$zero"" @ 133"
func_8002D780,code6cac_b,regfix.txt,2204,subst,register-rename,register-alloc-pure-c,COVERED,56,active,ASM-PARTIAL,"func_8002D780: subst ""\$17"" ""$4"" @ 139"
func_8002D780,code6cac_b,regfix.txt,2208,subst,opcode-change,proven-spelling-class-reconstruction,PARTIAL,56,active,ASM-PARTIAL,"func_8002D780: subst ""addu\t\$4,\$18,\$zero"" ""addiu\t$2,$zero,1"" @ 186"
func_8002D780,code6cac_b,regfix.txt,2210,delete,delete-instruction,store-const-reload-cse,PARTIAL,56,active,ASM-PARTIAL,func_8002D780: delete @ 193
func_8002D780,code6cac_b,regfix.txt,2211,delete,delete-instruction,store-const-reload-cse,PARTIAL,56,active,ASM-PARTIAL,func_8002D780: delete @ 191
func_8002D780,code6cac_b,regfix.txt,2213,insert_after,lost-codegen-move-insert,shared-end-label,COVERED-FORBIDDEN,56,active,ASM-PARTIAL,"func_8002D780: insert_after ""addu\t$4,$18,$zero"" @ 186"
func_8002D780,code6cac_b,regfix.txt,2220,reorder,reorder-scheduling,loop-exit-work-inside-loop-sched-fence,COVERED,56,active,ASM-PARTIAL,"func_8002D780: reorder 67,68,69,70,71,72,73,75,63,64,65,76,66,74 @ 63-76"
func_8002D780,code6cac_b,regfix.txt,2223,reorder,reorder-scheduling,loop-exit-work-inside-loop-sched-fence,COVERED,56,active,ASM-PARTIAL,"func_8002D780: reorder 98,97 @ 97-98"
func_8002304C,code6cac,regfix.txt,2227,subst,instruction-suppress-to-nop,dead-store-fake-exception,PARTIAL,29,active,C,"func_8002304C: subst ""lui\t\$23.*"" ""nop"" @ 26"
func_8002304C,code6cac,regfix.txt,2228,subst,instruction-suppress-to-nop,dead-store-fake-exception,PARTIAL,29,active,C,"func_8002304C: subst ""ori\t\$23.*"" ""nop"" @ 31"
func_8002304C,code6cac,regfix.txt,2229,subst,instruction-suppress-to-nop,dead-store-fake-exception,PARTIAL,29,active,C,"func_8002304C: subst ""lui\t\$23.*"" ""nop"" @ 36"
func_8002304C,code6cac,regfix.txt,2231,subst,register-rename,register-alloc-pure-c,COVERED,29,active,C,"func_8002304C: subst ""\$8"" ""$2"" @ 154"
func_8002304C,code6cac,regfix.txt,2232,subst,register-rename,register-alloc-pure-c,COVERED,29,active,C,"func_8002304C: subst ""\$8"" ""$2"" @ 155"
func_8002304C,code6cac,regfix.txt,2234,subst,frame-stack-offset,phantom-slot-frame-lever,COVERED,29,active,C,"func_8002304C: subst ""addu\t\$4,\$22.*"" ""sw\t$2,16($29)"" @ 156"
func_8002304C,code6cac,regfix.txt,2235,subst,register-rename,register-alloc-pure-c,COVERED,29,active,C,"func_8002304C: subst ""addu\t\$5,\$20"" ""addu\t$4,$22"" @ 157"
func_8002304C,code6cac,regfix.txt,2236,subst,register-rename,register-alloc-pure-c,COVERED,29,active,C,"func_8002304C: subst ""addu\t\$6,\$22"" ""addu\t$5,$20"" @ 158"
func_8002304C,code6cac,regfix.txt,2237,subst,register-rename,register-alloc-pure-c,COVERED,29,active,C,"func_8002304C: subst ""addu\t\$7,\$0"" ""addu\t$6,$22"" @ 159"
func_8002304C,code6cac,regfix.txt,2238,subst,opcode-change,proven-spelling-class-reconstruction,PARTIAL,29,active,C,"func_8002304C: subst ""sw\t\$8.*"" ""addu\t$7,$0,$0"" @ 161"
func_8002304C,code6cac,regfix.txt,2240,subst,register-rename,register-alloc-pure-c,COVERED,29,active,C,"func_8002304C: subst ""lhu\t\$3"" ""lhu\t$4"" @ 167"
func_8002304C,code6cac,regfix.txt,2241,subst,register-rename,register-alloc-pure-c,COVERED,29,active,C,"func_8002304C: subst ""\$3,"" ""$4,"" @ 172"
func_8002304C,code6cac,regfix.txt,2243,delete,delete-instruction,store-const-reload-cse,PARTIAL,29,active,C,func_8002304C: delete @ 37
func_8002304C,code6cac,regfix.txt,2245,insert,instruction-injection-insert,lost-codegen-insert-cheat,COVERED-FORBIDDEN,29,active,C,"func_8002304C: insert ""andi $3,$4,0xFFFF"" @ 168"
func_8002304C,code6cac,regfix.txt,2247,insert_after,instruction-injection-insert,lost-codegen-insert-cheat,COVERED-FORBIDDEN,29,active,C,"func_8002304C: insert_after ""ori $23,$23,0x02B8"" @ 17"
func_8002304C,code6cac,regfix.txt,2248,insert_after,instruction-injection-insert,lost-codegen-insert-cheat,COVERED-FORBIDDEN,29,active,C,"func_8002304C: insert_after ""lui $23,0x1F80"" @ 17"
func_800480C0,text1b,regfix.txt,2305,subst,frame-stack-offset,phantom-slot-frame-lever,COVERED,36,active,C,"func_800480C0: subst ""subu\s+\$sp,\$sp,56"" ""subu	$sp,$sp,88"" @ 0"
func_800480C0,text1b,regfix.txt,2306,subst,memory-displacement,defeat-combine-symbol-fold,PARTIAL,36,active,C,"func_800480C0: subst ""sw\s+\$16,24"" ""sw	$16,56"" @ 3"
func_800480C0,text1b,regfix.txt,2307,subst,register-rename,register-alloc-pure-c,COVERED,36,active,C,"func_800480C0: subst ""addu\s+\$16,\$4,\$5"" ""addu	$16,$16,$5"" @ 4"
func_800480C0,text1b,regfix.txt,2308,subst,memory-displacement,defeat-combine-symbol-fold,PARTIAL,36,active,C,"func_800480C0: subst ""sw\s+\$18,32"" ""sw	$18,64"" @ 5"
func_800480C0,text1b,regfix.txt,2309,subst,register-rename,register-alloc-pure-c,COVERED,36,active,C,"func_800480C0: subst ""addu\s+\$18,\$4,\$zero"" ""addu	$18,$16,$zero"" @ 6"
func_800480C0,text1b,regfix.txt,2310,subst,memory-displacement,defeat-combine-symbol-fold,PARTIAL,36,active,C,"func_800480C0: subst ""sw\s+\$31,52"" ""sw	$31,84"" @ 7"
func_800480C0,text1b,regfix.txt,2311,subst,memory-displacement,defeat-combine-symbol-fold,PARTIAL,36,active,C,"func_800480C0: subst ""sw\s+\$22,48"" ""sw	$22,80"" @ 8"
func_800480C0,text1b,regfix.txt,2312,subst,memory-displacement,defeat-combine-symbol-fold,PARTIAL,36,active,C,"func_800480C0: subst ""sw\s+\$21,44"" ""sw	$21,76"" @ 9"
func_800480C0,text1b,regfix.txt,2313,subst,memory-displacement,defeat-combine-symbol-fold,PARTIAL,36,active,C,"func_800480C0: subst ""sw\s+\$20,40"" ""sw	$20,72"" @ 10"
func_800480C0,text1b,regfix.txt,2314,subst,memory-displacement,defeat-combine-symbol-fold,PARTIAL,36,active,C,"func_800480C0: subst ""sw\s+\$19,36"" ""sw	$19,68"" @ 11"
func_800480C0,text1b,regfix.txt,2315,subst,memory-displacement,defeat-combine-symbol-fold,PARTIAL,36,active,C,"func_800480C0: subst ""sw\s+\$17,28"" ""sw	$17,60"" @ 12"
func_800480C0,text1b,regfix.txt,2316,subst,register+displacement,register-alloc-pure-c,PARTIAL,36,active,C,"func_800480C0: subst ""lw\s+\$20,72"" ""lw	$3,104"" @ 14"
func_800480C0,text1b,regfix.txt,2317,subst,register+displacement,register-alloc-pure-c,PARTIAL,36,active,C,"func_800480C0: subst ""lw\s+\$19,76"" ""lw	$4,108"" @ 15"
func_800480C0,text1b,regfix.txt,2318,subst,register-rename,register-alloc-pure-c,COVERED,36,active,C,"func_800480C0: subst ""addu\s+\$16,\$4,\$2"" ""addu	$16,$18,$2"" @ 18"
func_800480C0,text1b,regfix.txt,2319,subst,register-rename,register-alloc-pure-c,COVERED,36,active,C,"func_800480C0: subst ""sll\s+\$22,\$6,16"" ""sll	$2,$6,16"" @ 24"
func_800480C0,text1b,regfix.txt,2320,subst,register-rename,register-alloc-pure-c,COVERED,36,active,C,"func_800480C0: subst ""sra\s+\$22,\$22,16"" ""sra	$22,$2,16"" @ 25"
func_800480C0,text1b,regfix.txt,2321,subst,register-rename,register-alloc-pure-c,COVERED,36,active,C,"func_800480C0: subst ""sll\s+\$21,\$7,16"" ""sll	$2,$7,16"" @ 26"
func_800480C0,text1b,regfix.txt,2322,subst,register-rename,register-alloc-pure-c,COVERED,36,active,C,"func_800480C0: subst ""sra\s+\$21,\$21,16"" ""sra	$21,$2,16"" @ 27"
func_800480C0,text1b,regfix.txt,2323,subst,register-rename,register-alloc-pure-c,COVERED,36,active,C,"func_800480C0: subst ""sll\s+\$20,\$20,16"" ""sll	$2,$3,16"" @ 28"
func_800480C0,text1b,regfix.txt,2324,subst,register-rename,register-alloc-pure-c,COVERED,36,active,C,"func_800480C0: subst ""sra\s+\$20,\$20,16"" ""sra	$20,$2,16"" @ 29"
func_800480C0,text1b,regfix.txt,2325,subst,register-rename,register-alloc-pure-c,COVERED,36,active,C,"func_800480C0: subst ""sll\s+\$19,\$19,16"" ""sll	$2,$4,16"" @ 30"
func_800480C0,text1b,regfix.txt,2326,subst,register-rename,register-alloc-pure-c,COVERED,36,active,C,"func_800480C0: subst ""sra\s+\$19,\$19,16"" ""sra	$19,$2,16"" @ 31"
func_800480C0,text1b,regfix.txt,2327,insert_after,lost-codegen-move-insert,shared-end-label,COVERED-FORBIDDEN,36,active,C,"func_800480C0: insert_after ""addu	$16,$4,$zero"" @ 3"
func_800480C0,text1b,regfix.txt,2328,reorder,reorder-scheduling,loop-exit-work-inside-loop-sched-fence,COVERED,36,active,C,"func_800480C0: reorder 3,4,6,7,1,2,5 @ 1-7"
func_800480C0,text1b,regfix.txt,2330,subst,memory-displacement,defeat-combine-symbol-fold,PARTIAL,36,active,C,"func_800480C0: subst ""lw\s+\$31,52"" ""lw	$31,84"" @ 62"
func_800480C0,text1b,regfix.txt,2331,subst,memory-displacement,defeat-combine-symbol-fold,PARTIAL,36,active,C,"func_800480C0: subst ""lw\s+\$22,48"" ""lw	$22,80"" @ 63"
func_800480C0,text1b,regfix.txt,2332,subst,memory-displacement,defeat-combine-symbol-fold,PARTIAL,36,active,C,"func_800480C0: subst ""lw\s+\$21,44"" ""lw	$21,76"" @ 64"
func_800480C0,text1b,regfix.txt,2333,subst,memory-displacement,defeat-combine-symbol-fold,PARTIAL,36,active,C,"func_800480C0: subst ""lw\s+\$20,40"" ""lw	$20,72"" @ 65"
func_800480C0,text1b,regfix.txt,2334,subst,memory-displacement,defeat-combine-symbol-fold,PARTIAL,36,active,C,"func_800480C0: subst ""lw\s+\$19,36"" ""lw	$19,68"" @ 66"
func_800480C0,text1b,regfix.txt,2335,subst,memory-displacement,defeat-combine-symbol-fold,PARTIAL,36,active,C,"func_800480C0: subst ""lw\s+\$18,32"" ""lw	$18,64"" @ 67"
func_800480C0,text1b,regfix.txt,2336,subst,memory-displacement,defeat-combine-symbol-fold,PARTIAL,36,active,C,"func_800480C0: subst ""lw\s+\$17,28"" ""lw	$17,60"" @ 68"
func_800480C0,text1b,regfix.txt,2337,subst,memory-displacement,defeat-combine-symbol-fold,PARTIAL,36,active,C,"func_800480C0: subst ""lw\s+\$16,24"" ""lw	$16,56"" @ 69"
func_800480C0,text1b,regfix.txt,2338,subst,frame-stack-offset,phantom-slot-frame-lever,COVERED,36,active,C,"func_800480C0: subst ""addu\s+\$sp,\$sp,56"" ""addu	$sp,$sp,88"" @ 70"
func_800644FC,text1b,regfix.txt,2366,subst,register-rename,register-alloc-pure-c,COVERED,39,active,C,"func_800644FC: subst ""la\s+\$4,D_800F1000"" ""la	$2,D_800F1000"" @ 24"
func_800644FC,text1b,regfix.txt,2367,subst,register-rename,register-alloc-pure-c,COVERED,39,active,C,"func_800644FC: subst ""addu\s+\$4,\$4,\$19"" ""addu	$4,$4,$2"" @ 25"
func_800644FC,text1b,regfix.txt,2368,subst,register-rename,register-alloc-pure-c,COVERED,39,active,C,"func_800644FC: subst ""sll\s+\$2,\$16,3"" ""sll	$4,$16,3"" @ 26"
func_800644FC,text1b,regfix.txt,2369,subst,register-rename,register-alloc-pure-c,COVERED,39,active,C,"func_800644FC: subst ""addu\s+\$4,\$4,\$2"" ""addu	$4,$19,$4"" @ 27"
func_800644FC,text1b,regfix.txt,2370,subst,operand-order-swap,compare-operand-order-register,COVERED,39,active,C,"func_800644FC: subst ""addu\s+\$2,\$6,\$2"" ""addu	$2,$2,$6"" @ 14"
func_800644FC,text1b,regfix.txt,2371,delete,delete-instruction,store-const-reload-cse,PARTIAL,39,active,C,func_800644FC: delete @ 23
func_800644FC,text1b,regfix.txt,2372,delete,delete-instruction,store-const-reload-cse,PARTIAL,39,active,C,func_800644FC: delete @ 32
func_800644FC,text1b,regfix.txt,2373,reorder,reorder-scheduling,loop-exit-work-inside-loop-sched-fence,COVERED,39,active,C,"func_800644FC: reorder 17,12,11,13,14,15,16 @ 11-17"
func_800644FC,text1b,regfix.txt,2374,reorder,reorder-scheduling,loop-exit-work-inside-loop-sched-fence,COVERED,39,active,C,"func_800644FC: reorder 25,23,24 @ 23-25"
func_800644FC,text1b,regfix.txt,2375,reorder,reorder-scheduling,loop-exit-work-inside-loop-sched-fence,COVERED,39,active,C,"func_800644FC: reorder 30,29 @ 29-30"
func_800644FC,text1b,regfix.txt,2376,insert_label,label-insert,jtbl-rodata-split-infrastructure,PARTIAL,39,active,C,"func_800644FC: insert_label "".Lfunc44FC_after_call:"" @ 29"
func_800644FC,text1b,regfix.txt,2377,subst,branch-label-retarget,switch-vs-ifchain-branch-sense,PARTIAL,39,active,C,"func_800644FC: subst ""\.L\d+"" "".Lfunc44FC_after_call"" @ 22"
func_800485EC,text1b,regfix.txt,2392,subst,register-rename,register-alloc-pure-c,COVERED,31,active,C,"func_800485EC: subst ""\$8"" ""$3"" @ 10"
func_800485EC,text1b,regfix.txt,2393,subst,width-sign-opcode-change,halfword-index-srl-sra,COVERED,31,active,C,"func_800485EC: subst ""lw\s+\$4,"" ""lhu	$4,"" @ 11"
func_800485EC,text1b,regfix.txt,2394,subst,width-sign-opcode-change,halfword-index-srl-sra,COVERED,31,active,C,"func_800485EC: subst ""lw\s+\$6,"" ""lhu	$5,"" @ 12"
func_800485EC,text1b,regfix.txt,2395,subst,register-rename,register-alloc-pure-c,COVERED,31,active,C,"func_800485EC: subst ""\$8"" ""$3"" @ 13"
func_800485EC,text1b,regfix.txt,2396,reorder,reorder-scheduling,loop-exit-work-inside-loop-sched-fence,COVERED,31,active,C,"func_800485EC: reorder 9,7,5,10,15,6,8,11,12,13,14 @ 5-15"
func_800485EC,text1b,regfix.txt,2397,subst,register-rename,register-alloc-pure-c,COVERED,31,active,C,"func_800485EC: subst ""0\(\$5\)"" ""0($16)"" @ 21"
func_800485EC,text1b,regfix.txt,2398,subst,register-rename,register-alloc-pure-c,COVERED,31,active,C,"func_800485EC: subst ""\$8"" ""$3"" @ 22"
func_800485EC,text1b,regfix.txt,2399,subst,register-rename,register-alloc-pure-c,COVERED,31,active,C,"func_800485EC: subst ""\$8"" ""$3"" @ 23"
func_800485EC,text1b,regfix.txt,2400,subst,register-rename,register-alloc-pure-c,COVERED,31,active,C,"func_800485EC: subst ""\$6,12\(\$16\)"" ""$5,12($16)"" @ 26"
func_800485EC,text1b,regfix.txt,2401,subst,register-rename,register-alloc-pure-c,COVERED,31,active,C,"func_800485EC: subst ""\$8"" ""$3"" @ 30"
func_800485EC,text1b,regfix.txt,2402,subst,register-rename,register-alloc-pure-c,COVERED,31,active,C,"func_800485EC: subst ""\$8"" ""$3"" @ 31"
func_800485EC,text1b,regfix.txt,2403,subst,register-rename,register-alloc-pure-c,COVERED,31,active,C,"func_800485EC: subst ""\$8"" ""$3"" @ 31"
func_800485EC,text1b,regfix.txt,2404,subst,register-rename,register-alloc-pure-c,COVERED,31,active,C,"func_800485EC: subst ""\$8"" ""$3"" @ 32"
func_800485EC,text1b,regfix.txt,2405,subst,register-rename,register-alloc-pure-c,COVERED,31,active,C,"func_800485EC: subst ""\$3,0\(\$8\)"" ""$2,0($3)"" @ 35"
func_800485EC,text1b,regfix.txt,2406,subst,register-rename,register-alloc-pure-c,COVERED,31,active,C,"func_800485EC: subst ""\$2,\$8"" ""$3,$3"" @ 36"
func_800485EC,text1b,regfix.txt,2407,subst,register-rename,register-alloc-pure-c,COVERED,31,active,C,"func_800485EC: subst ""sw\s+\$2,"" ""sw	$3,"" @ 37"
func_800485EC,text1b,regfix.txt,2408,subst,register-rename,register-alloc-pure-c,COVERED,31,active,C,"func_800485EC: subst ""sh\s+\$3,14"" ""sh	$2,14"" @ 39"
func_800485EC,text1b,regfix.txt,2409,subst,opcode-change,proven-spelling-class-reconstruction,PARTIAL,31,active,C,"func_800485EC: subst ""addu\s+\$8,\$17,8"" ""lh	$4,0($16)"" @ 43"
func_800485EC,text1b,regfix.txt,2410,subst,opcode-change,proven-spelling-class-reconstruction,PARTIAL,31,active,C,"func_800485EC: subst ""lh\s+\$4,0\(\$16\)"" ""addu	$3,$17,8"" @ 44"
func_800485EC,text1b,regfix.txt,2411,subst,register-rename,register-alloc-pure-c,COVERED,31,active,C,"func_800485EC: subst ""\$8"" ""$3"" @ 47"
func_800485EC,text1b,regfix.txt,2412,subst,register-rename,register-alloc-pure-c,COVERED,31,active,C,"func_800485EC: subst ""\$2,\$8"" ""$3,$3"" @ 52"
func_800485EC,text1b,regfix.txt,2413,subst,register-rename,register-alloc-pure-c,COVERED,31,active,C,"func_800485EC: subst ""lw\s+\$3,0\(\$8\)"" ""lw	$2,0($3)"" @ 54"
func_800485EC,text1b,regfix.txt,2414,reorder,reorder-scheduling,loop-exit-work-inside-loop-sched-fence,COVERED,31,active,C,"func_800485EC: reorder 54,52,53 @ 52-54"
func_800485EC,text1b,regfix.txt,2415,subst,register-rename,register-alloc-pure-c,COVERED,31,active,C,"func_800485EC: subst ""sw\s+\$2,24"" ""sw	$3,24"" @ 56"
func_800485EC,text1b,regfix.txt,2416,subst,register-rename,register-alloc-pure-c,COVERED,31,active,C,"func_800485EC: subst ""sh\s+\$3,6"" ""sh	$2,6"" @ 58"
func_800645B0,text1b,regfix.txt,2425,reorder,reorder-scheduling,loop-exit-work-inside-loop-sched-fence,COVERED,21,parked,C,"func_800645B0: reorder 3,1,2 @ 1-3"
func_8007526C,text1b,regfix.txt,2429,delete,delete-instruction,store-const-reload-cse,PARTIAL,48,active,C,func_8007526C: delete @ 5
func_8007526C,text1b,regfix.txt,2430,delete,delete-instruction,store-const-reload-cse,PARTIAL,48,active,C,func_8007526C: delete @ 4
func_8007526C,text1b,regfix.txt,2431,delete,delete-instruction,store-const-reload-cse,PARTIAL,48,active,C,func_8007526C: delete @ 3
func_8007526C,text1b,regfix.txt,2432,delete,delete-instruction,store-const-reload-cse,PARTIAL,48,active,C,func_8007526C: delete @ 2
func_8007526C,text1b,regfix.txt,2433,subst,lost-codegen-nop-fill,shared-end-label,COVERED-FORBIDDEN,48,active,C,"func_8007526C: subst ""nop"" ""addiu $2,$0,2"" @ 8"
func_8007526C,text1b,regfix.txt,2434,subst,register-rename,register-alloc-pure-c,COVERED,48,active,C,"func_8007526C: subst ""\$11(?!\d)"" ""$2"" @ 9"
func_8007526C,text1b,regfix.txt,2435,subst,lost-codegen-nop-fill,shared-end-label,COVERED-FORBIDDEN,48,active,C,"func_8007526C: subst ""nop"" ""addiu $2,$0,1"" @ 12"
func_8007526C,text1b,regfix.txt,2436,subst,register-rename,register-alloc-pure-c,COVERED,48,active,C,"func_8007526C: subst ""\$10(?!\d)"" ""$2"" @ 13"
func_8007526C,text1b,regfix.txt,2437,subst,register-rename,register-alloc-pure-c,COVERED,48,active,C,"func_8007526C: subst ""\$9(?!\d)"" ""$2"" @ 17"
func_8007526C,text1b,regfix.txt,2438,subst,lost-codegen-nop-fill,shared-end-label,COVERED-FORBIDDEN,48,active,C,"func_8007526C: subst ""nop"" ""addiu $2,$0,4"" @ 18"
func_8007526C,text1b,regfix.txt,2439,subst,register-rename,register-alloc-pure-c,COVERED,48,active,C,"func_8007526C: subst ""\$8(?!\d)"" ""$2"" @ 19"
func_8007526C,text1b,regfix.txt,2440,insert,instruction-injection-insert,lost-codegen-insert-cheat,COVERED-FORBIDDEN,48,active,C,"func_8007526C: insert ""addiu $2,$0,3"" @ 13"
func_8007526C,text1b,regfix.txt,2441,insert,nop-scheduling-insert,maspsx-label-nop-gate,COVERED,48,active,C,"func_8007526C: insert ""nop"" @ 3"
func_8007526C,text1b,regfix.txt,2442,reorder,reorder-scheduling,loop-exit-work-inside-loop-sched-fence,COVERED,48,active,C,"func_8007526C: reorder 0,2,1,3 @ 0-3"
func_8007DC9C,display,regfix.txt,2443,subst,opcode-change,proven-spelling-class-reconstruction,PARTIAL,9,parked,C,"func_8007DC9C: subst ""lw\s+\$5,D_8009BF68"" ""la	$2,D_8009BF68"" @ 31"
func_8007DC9C,display,regfix.txt,2444,insert_after,loadstore-insert,store-before-jal,PARTIAL,9,parked,C,"func_8007DC9C: insert_after ""lw	$5, 0($2)"" @ 31"
func_8007DC9C,display,regfix.txt,2446,subst,register-rename,register-alloc-pure-c,COVERED,9,parked,C,"func_8007DC9C: subst ""lw\s+\$4,0\(\$3\)"" ""lw	$2,0($3)"" @ 20"
func_8007DC9C,display,regfix.txt,2448,reorder,reorder-scheduling,loop-exit-work-inside-loop-sched-fence,COVERED,9,parked,C,"func_8007DC9C: reorder 21,20,19,18 @ 18-21"
func_80073060,text1b,regfix.txt,2449,swap,register-swap-range,register-alloc-pure-c,COVERED,50,active,C,func_80073060: $19 <-> $20 @ 27-89
func_80073060,text1b,regfix.txt,2450,swap,register-swap-range,register-alloc-pure-c,COVERED,50,active,C,func_80073060: $23 <-> $fp @ 27-71
func_80073060,text1b,regfix.txt,2451,swap,register-swap-range,register-alloc-pure-c,COVERED,50,active,C,func_80073060: $17 <-> $18 @ 72-89
func_80073060,text1b,regfix.txt,2452,swap,register-swap-range,register-alloc-pure-c,COVERED,50,active,C,func_80073060: $16 <-> $20 @ 72-89
func_80073060,text1b,regfix.txt,2453,reorder,reorder-scheduling,loop-exit-work-inside-loop-sched-fence,COVERED,50,active,C,"func_80073060: reorder 30,27,29,31,28 @ 27-31"
func_80073060,text1b,regfix.txt,2454,reorder,reorder-scheduling,loop-exit-work-inside-loop-sched-fence,COVERED,50,active,C,"func_80073060: reorder 75,73,72,74 @ 72-75"
func_80073060,text1b,regfix.txt,2455,delete,delete-instruction,store-const-reload-cse,PARTIAL,50,active,C,func_80073060: delete @ 76
func_80073060,text1b,regfix.txt,2456,insert_after,instruction-injection-insert,lost-codegen-insert-cheat,COVERED-FORBIDDEN,50,active,C,"func_80073060: insert_after ""addiu	$2,$0,63"" @ 81"
func_80073060,text1b,regfix.txt,2457,subst,register-rename,register-alloc-pure-c,COVERED,50,active,C,"func_80073060: subst ""sh\s+\$20,14\(\$5\)"" ""sh	$2,14($5)"" @ 85"
func_80057CC8,text1b,regfix.txt,2460,subst,register-rename,register-alloc-pure-c,COVERED,9,parked,C,"func_80057CC8: subst ""addu\s+\$3,\$6,\$2"" ""addu	$2,$2,$6"" @ 35"
func_80057CC8,text1b,regfix.txt,2461,subst,register-rename,register-alloc-pure-c,COVERED,9,parked,C,"func_80057CC8: subst ""lh\s+\$4,0\(\$3\)"" ""lh	$4,0($2)"" @ 40"
func_80057CC8,text1b,regfix.txt,2462,subst,register-rename,register-alloc-pure-c,COVERED,9,parked,C,"func_80057CC8: subst ""lh\s+\$5,2\(\$3\)"" ""lh	$5,2($2)"" @ 41"
func_80057CC8,text1b,regfix.txt,2463,subst,register-rename,register-alloc-pure-c,COVERED,9,parked,C,"func_80057CC8: subst ""sll\s+\$19,\$19,16"" ""sll	$3,$19,16"" @ 45"
func_80057CC8,text1b,regfix.txt,2464,subst,register-rename,register-alloc-pure-c,COVERED,9,parked,C,"func_80057CC8: subst ""lw\s+\$3,4\(\$18\)"" ""lw	$4,4($18)"" @ 46"
func_80057CC8,text1b,regfix.txt,2465,subst,register-rename,register-alloc-pure-c,COVERED,9,parked,C,"func_80057CC8: subst ""sra\s+\$19,\$19,14"" ""sra	$3,$3,14"" @ 47"
func_80057CC8,text1b,regfix.txt,2466,subst,register-rename,register-alloc-pure-c,COVERED,9,parked,C,"func_80057CC8: subst ""addu\s+\$3,\$3,\$19"" ""addu	$3,$3,$4"" @ 48"
func_80078654,text1b_b,regfix.txt,2479,swap,register-swap-range,register-alloc-pure-c,COVERED,23,parked,C,func_80078654: $16 <-> $17
func_80078654,text1b_b,regfix.txt,2482,subst,memory-displacement,defeat-combine-symbol-fold,PARTIAL,23,parked,C,"func_80078654: subst ""sw\s+\$17,72"" ""sw	$17,76"" @ 1"
func_80078654,text1b_b,regfix.txt,2483,subst,memory-displacement,defeat-combine-symbol-fold,PARTIAL,23,parked,C,"func_80078654: subst ""sw\s+\$16,76"" ""sw	$16,72"" @ 9"
func_80078654,text1b_b,regfix.txt,2486,subst,memory-displacement,defeat-combine-symbol-fold,PARTIAL,23,parked,C,"func_80078654: subst ""lw\s+\$16,76"" ""lw	$16,72"" @ 109"
func_80078654,text1b_b,regfix.txt,2487,subst,memory-displacement,defeat-combine-symbol-fold,PARTIAL,23,parked,C,"func_80078654: subst ""lw\s+\$17,72"" ""lw	$17,76"" @ 110"
func_80078654,text1b_b,regfix.txt,2489,reorder,reorder-scheduling,loop-exit-work-inside-loop-sched-fence,COVERED,23,parked,C,"func_80078654: reorder 110,109 @ 109-110"
func_80072CD4,text1b,regfix.txt,2502,subst,memory-displacement,defeat-combine-symbol-fold,PARTIAL,12,parked,C,"func_80072CD4: subst ""addiu\s+\$3,\$zero,70"" ""addiu\t$3,$zero,252"" @ 20"
func_80072CD4,text1b,regfix.txt,2504,subst,register-rename,register-alloc-pure-c,COVERED,12,parked,C,"func_80072CD4: subst ""addiu\s+\$3,\$zero,50"" ""addiu\t$2,$zero,50"" @ 28"
func_80072CD4,text1b,regfix.txt,2506,subst,register+displacement,register-alloc-pure-c,PARTIAL,12,parked,C,"func_80072CD4: subst ""sb\s+\$2,12\("" ""sb\t$3,4("" @ 36"
func_80072CD4,text1b,regfix.txt,2508,subst,memory-displacement,defeat-combine-symbol-fold,PARTIAL,12,parked,C,"func_80072CD4: subst ""sb\s+\$3,14\("" ""sb\t$3,12("" @ 37"
func_80072CD4,text1b,regfix.txt,2510,subst,memory-displacement,defeat-combine-symbol-fold,PARTIAL,12,parked,C,"func_80072CD4: subst ""sb\s+\$2,20\("" ""sb\t$2,14("" @ 38"
func_80072CD4,text1b,regfix.txt,2512,subst,memory-displacement,defeat-combine-symbol-fold,PARTIAL,12,parked,C,"func_80072CD4: subst ""sb\s+\$2,4\("" ""sb\t$2,20("" @ 40"
func_80072CD4,text1b,regfix.txt,2515,delete,delete-instruction,store-const-reload-cse,PARTIAL,12,parked,C,func_80072CD4: delete @ 35
func_80072CD4,text1b,regfix.txt,2517,insert_after,instruction-injection-insert,lost-codegen-insert-cheat,COVERED-FORBIDDEN,12,parked,C,"func_80072CD4: insert_after ""addiu\t$2,$zero,70"" @ 34"
func_80072CD4,text1b,regfix.txt,2525,reorder,reorder-scheduling,loop-exit-work-inside-loop-sched-fence,COVERED,12,parked,C,"func_80072CD4: reorder 56,63,54,57,58,59,55,60,61,62 @ 54-63"
func_80074B18,text1b,regfix.txt,2704,swap,register-swap-range,register-alloc-pure-c,COVERED,79,active,C,func_80074B18: $23 <-> $fp @ 12-114
func_80074B18,text1b,regfix.txt,2705,swap,register-swap-range,register-alloc-pure-c,COVERED,79,active,C,func_80074B18: $21 <-> $fp @ 12-114
func_80074B18,text1b,regfix.txt,2708,subst,opcode-change,proven-spelling-class-reconstruction,PARTIAL,79,active,C,"func_80074B18: subst ""sltu\s+\$7,\$0,\$3"" ""slt	$7,$0,$3"" @ 23"
func_80074B18,text1b,regfix.txt,2710,subst,register-rename,register-alloc-pure-c,COVERED,79,active,C,"func_80074B18: subst ""sll\s+\$22,\$7,4"" ""sll	$2,$7,4"" @ 28"
func_80074B18,text1b,regfix.txt,2711,subst,register-rename,register-alloc-pure-c,COVERED,79,active,C,"func_80074B18: subst ""subu\s+\$22,\$22,\$7"" ""subu	$2,$2,$7"" @ 29"
func_80074B18,text1b,regfix.txt,2712,subst,register-rename,register-alloc-pure-c,COVERED,79,active,C,"func_80074B18: subst ""sll\s+\$22,\$22,4"" ""sll	$22,$2,4"" @ 30"
func_80074B18,text1b,regfix.txt,2714,insert,nop-scheduling-insert,maspsx-label-nop-gate,COVERED,79,active,C,"func_80074B18: insert ""nop"" @ 28"
func_80074B18,text1b,regfix.txt,2716,reorder,reorder-scheduling,loop-exit-work-inside-loop-sched-fence,COVERED,79,active,C,"func_80074B18: reorder 27,24,23,25,26 @ 23-27"
func_80074B18,text1b,regfix.txt,2718,insert,instruction-injection-insert,lost-codegen-insert-cheat,COVERED-FORBIDDEN,79,active,C,"func_80074B18: insert ""sll	$2,$fp,16"" @ 36"
func_80074B18,text1b,regfix.txt,2719,subst,register-rename,register-alloc-pure-c,COVERED,79,active,C,"func_80074B18: subst ""sra\s+\$3,\$fp,16"" ""sra	$2,$2,16"" @ 36"
func_80074B18,text1b,regfix.txt,2720,subst,operand-order-swap,compare-operand-order-register,COVERED,79,active,C,"func_80074B18: subst ""sll\s+\$2,\$3,4"" ""sll	$3,$2,4"" @ 37"
func_80074B18,text1b,regfix.txt,2721,subst,operand-order-swap,compare-operand-order-register,COVERED,79,active,C,"func_80074B18: subst ""addu\s+\$21,\$2,\$3"" ""addu	$21,$3,$2"" @ 38"
func_80074B18,text1b,regfix.txt,2723,subst,register+displacement,register-alloc-pure-c,PARTIAL,79,active,C,"func_80074B18: subst ""addu\s+\$16,\$16,16"" ""addu	$5,$19,$zero"" @ 87"
func_80074B18,text1b,regfix.txt,2724,subst,register+displacement,register-alloc-pure-c,PARTIAL,79,active,C,"func_80074B18: subst ""addu\s+\$5,\$19,\$zero"" ""addu	$16,$16,16"" @ 88"
func_80074B18,text1b,regfix.txt,2726,delete,delete-instruction,store-const-reload-cse,PARTIAL,79,active,C,func_80074B18: delete @ 92
func_80074B18,text1b,regfix.txt,2727,insert_after,lost-codegen-move-insert,shared-end-label,COVERED-FORBIDDEN,79,active,C,"func_80074B18: insert_after ""addu	$20,$2,$0"" @ 97"
func_80074B18,text1b,regfix.txt,2728,insert_after,instruction-injection-insert,lost-codegen-insert-cheat,COVERED-FORBIDDEN,79,active,C,"func_80074B18: insert_after ""addiu	$2,$20,1"" @ 97"
func_80074B18,text1b,regfix.txt,2730,subst,register-rename,register-alloc-pure-c,COVERED,79,active,C,"func_80074B18: subst ""sll\s+\$2,\$20,16"" ""sll	$2,$2,16"" @ 97"
func_80074B18,text1b,regfix.txt,2732,subst,opcode-change,proven-spelling-class-reconstruction,PARTIAL,79,active,C,"func_80074B18: subst ""lui\s+\$2,\(65536\s*>>\s*16\)\s*&\s*0xFFFF"" ""addiu	$2,$fp,1"" @ 103"
func_80074B18,text1b,regfix.txt,2733,insert_after,lost-codegen-move-insert,shared-end-label,COVERED-FORBIDDEN,79,active,C,"func_80074B18: insert_after ""addu	$fp,$2,$0"" @ 104"
func_80074B18,text1b,regfix.txt,2734,delete,delete-instruction,store-const-reload-cse,PARTIAL,79,active,C,func_80074B18: delete @ 105
func_80074B18,text1b,regfix.txt,2735,insert_after,instruction-injection-insert,lost-codegen-insert-cheat,COVERED-FORBIDDEN,79,active,C,"func_80074B18: insert_after ""sll	$2,$2,16"" @ 105"
func_80074B18,text1b,regfix.txt,2736,subst,register-rename,register-alloc-pure-c,COVERED,79,active,C,"func_80074B18: subst ""sra\s+\$3,\$fp,16"" ""sra	$2,$2,16"" @ 107"
func_80074B18,text1b,regfix.txt,2737,subst,register-rename,register-alloc-pure-c,COVERED,79,active,C,"func_80074B18: subst ""lbu\s+\$2,101\(\$4\)"" ""lbu	$3,101($4)"" @ 106"
func_80074B18,text1b,regfix.txt,2738,subst,register-rename,register-alloc-pure-c,COVERED,79,active,C,"func_80074B18: subst ""addu\s+\$2,\$2,3"" ""addu	$3,$3,3"" @ 108"
func_80074B18,text1b,regfix.txt,2739,subst,register-rename,register-alloc-pure-c,COVERED,79,active,C,"func_80074B18: subst ""slt\s+\$3,\$3,\$2"" ""slt	$2,$2,$3"" @ 109"
func_80074B18,text1b,regfix.txt,2740,subst,branch-label-retarget,switch-vs-ifchain-branch-sense,PARTIAL,79,active,C,"func_80074B18: subst ""bne\s+\$3,\$0,\.L\d+"" ""bne	$2,$0,{lbl#2}"" @ 110"
func_80074B18,text1b,regfix.txt,2742,insert_label,label-insert,jtbl-rodata-split-infrastructure,PARTIAL,79,active,C,"func_80074B18: insert_label "".LC846:"" @ 116"
func_80074B18,text1b,regfix.txt,2743,subst,branch-label-retarget,switch-vs-ifchain-branch-sense,PARTIAL,79,active,C,"func_80074B18: subst ""beq\s+\$2,\$0,\.L\d+"" ""beq	$2,$0,.LC846"" @ 22"
func_8007352C,text1b,regfix.txt,2757,subst,lost-codegen-nop-fill,shared-end-label,COVERED-FORBIDDEN,54,active,C,"func_8007352C: subst ""nop"" ""andi	$30,$2,0xffff"" @ 20"
func_8007352C,text1b,regfix.txt,2758,delete,delete-instruction,store-const-reload-cse,PARTIAL,54,active,C,func_8007352C: delete @ 23
func_8007352C,text1b,regfix.txt,2760,subst,register-rename,register-alloc-pure-c,COVERED,54,active,C,"func_8007352C: subst ""addu\s+\$4,\$18,\$3"" ""addu	$3,$18,$3"" @ 40"
func_8007352C,text1b,regfix.txt,2762,subst,register-rename,register-alloc-pure-c,COVERED,54,active,C,"func_8007352C: subst ""addu\s+\$3,\$23,-1"" ""addu	$2,$23,-1"" @ 43"
func_8007352C,text1b,regfix.txt,2764,subst,branch-label-retarget,switch-vs-ifchain-branch-sense,PARTIAL,54,active,C,"func_8007352C: subst ""blez\s+\$4,"" ""blez	$3,"" @ 47"
func_8007352C,text1b,regfix.txt,2766,subst,lost-codegen-nop-fill,shared-end-label,COVERED-FORBIDDEN,54,active,C,"func_8007352C: subst ""nop"" ""addu	$2,$23,-1"" @ 48"
func_8007352C,text1b,regfix.txt,2768,subst,register-rename,register-alloc-pure-c,COVERED,54,active,C,"func_8007352C: subst ""addu\s+\$3,\$23,-1"" ""addu	$2,$23,-1"" @ 107"
func_8007352C,text1b,regfix.txt,2769,subst,register-rename,register-alloc-pure-c,COVERED,54,active,C,"func_8007352C: subst ""addu\s+\$23,\$3,\$zero"" ""addu	$23,$2,$zero"" @ 108"
func_8007352C,text1b,regfix.txt,2770,subst,register-rename,register-alloc-pure-c,COVERED,54,active,C,"func_8007352C: subst ""sll\s+\$2,\$3,16"" ""sll	$2,$2,16"" @ 109"
func_8007352C,text1b,regfix.txt,2772,insert_label,label-insert,jtbl-rodata-split-infrastructure,PARTIAL,54,active,C,"func_8007352C: insert_label "".LCF352C_t:"" @ 105"
func_8007352C,text1b,regfix.txt,2773,subst,branch-label-retarget,switch-vs-ifchain-branch-sense,PARTIAL,54,active,C,"func_8007352C: subst ""beq\s+\$2,\$0,\.L\d+"" ""beq	$2,$0,.LCF352C_t"" @ 45"
func_80048864,text1b,regfix.txt,2775,delete,delete-instruction,store-const-reload-cse,PARTIAL,87,active,C,func_80048864: delete @ 36
func_80048864,text1b,regfix.txt,2776,delete,delete-instruction,store-const-reload-cse,PARTIAL,87,active,C,func_80048864: delete @ 44
func_80048864,text1b,regfix.txt,2777,insert,instruction-injection-insert,lost-codegen-insert-cheat,COVERED-FORBIDDEN,87,active,C,"func_80048864: insert ""addiu	$2,$0,1"" @ 53"
func_80048864,text1b,regfix.txt,2778,insert_after,instruction-injection-insert,lost-codegen-insert-cheat,COVERED-FORBIDDEN,87,active,C,"func_80048864: insert_after ""addu	$12,$12,2"" @ 50"
func_80048864,text1b,regfix.txt,2779,swap,register-swap-range,register-alloc-pure-c,COVERED,87,active,C,func_80048864: $11 <-> $12
func_80048864,text1b,regfix.txt,2780,swap,register-swap-range,register-alloc-pure-c,COVERED,87,active,C,func_80048864: $10 <-> $13
func_80048864,text1b,regfix.txt,2781,swap,register-swap-range,register-alloc-pure-c,COVERED,87,active,C,func_80048864: $9 <-> $10
func_80048864,text1b,regfix.txt,2783,reorder,reorder-scheduling,loop-exit-work-inside-loop-sched-fence,COVERED,87,active,C,"func_80048864: reorder 85,78,79,80,81,82,83,84 @ 78-85"
func_80048864,text1b,regfix.txt,2785,subst,register-rename,register-alloc-pure-c,COVERED,87,active,C,"func_80048864: subst ""andi\s+\$3,\$2,0x001f"" ""andi	$9,$2,0x001f"" @ 51"
func_80048864,text1b,regfix.txt,2786,subst,register-rename,register-alloc-pure-c,COVERED,87,active,C,"func_80048864: subst ""sll\s+\$5,\$3,3"" ""sll	$5,$9,3"" @ 52"
func_80048864,text1b,regfix.txt,2787,subst,branch-label-retarget,switch-vs-ifchain-branch-sense,PARTIAL,87,active,C,"func_80048864: subst ""beq\s+\$18,\$9,\.L\d+"" ""beq	$18,$2,{lbl#4}"" @ 55"
func_80048864,text1b,regfix.txt,2789,subst,register-rename,register-alloc-pure-c,COVERED,87,active,C,"func_80048864: subst ""addu\s+\$6,\$2,\$4"" ""addu	$2,$2,$4"" @ 73"
func_80048864,text1b,regfix.txt,2790,subst,register-rename,register-alloc-pure-c,COVERED,87,active,C,"func_80048864: subst ""sll\s+\$2,\$6,6"" ""sll	$2,$2,6"" @ 74"
func_80048864,text1b,regfix.txt,2791,subst,register-rename,register-alloc-pure-c,COVERED,87,active,C,"func_80048864: subst ""addu\s+\$6,\$2,\$4"" ""addu	$2,$2,$4"" @ 75"
func_80048864,text1b,regfix.txt,2792,subst,register-rename,register-alloc-pure-c,COVERED,87,active,C,"func_80048864: subst ""sll\s+\$2,\$6,3"" ""sll	$3,$2,3"" @ 76"
func_80048864,text1b,regfix.txt,2793,subst,register-rename,register-alloc-pure-c,COVERED,87,active,C,"func_80048864: subst ""subu\s+\$6,\$2,\$6"" ""subu	$4,$3,$2"" @ 77"
func_80048864,text1b,regfix.txt,2794,subst,register-rename,register-alloc-pure-c,COVERED,87,active,C,"func_80048864: subst ""addu\s+\$6,\$6,\$2"" ""addu	$2,$4,$6"" @ 86"
func_80048864,text1b,regfix.txt,2796,subst,register-rename,register-alloc-pure-c,COVERED,87,active,C,"func_80048864: subst ""sll\s+\$2,\$10,14"" ""sll	$6,$10,14"" @ 85"
func_80048864,text1b,regfix.txt,2798,subst,register+displacement,register-alloc-pure-c,PARTIAL,87,active,C,"func_80048864: subst ""sll\s+\$2,\$3,1"" ""sll	$2,$9,4"" @ 78"
func_80048864,text1b,regfix.txt,2799,subst,register-rename,register-alloc-pure-c,COVERED,87,active,C,"func_80048864: subst ""addu\s+\$2,\$2,\$3"" ""addu	$2,$2,$5"" @ 79"
func_80048864,text1b,regfix.txt,2800,subst,register-rename,register-alloc-pure-c,COVERED,87,active,C,"func_80048864: subst ""subu\s+\$2,\$2,\$3"" ""subu	$2,$2,$5"" @ 81"
func_80048864,text1b,regfix.txt,2801,subst,register-rename,register-alloc-pure-c,COVERED,87,active,C,"func_80048864: subst ""subu\s+\$2,\$2,\$3"" ""subu	$2,$2,$5"" @ 83"
func_80048864,text1b,regfix.txt,2802,subst,register+displacement,register-alloc-pure-c,PARTIAL,87,active,C,"func_80048864: subst ""sll\s+\$13,\$2,6"" ""sll	$5,$2,3"" @ 84"
func_80048864,text1b,regfix.txt,2804,subst,register-rename,register-alloc-pure-c,COVERED,87,active,C,"func_80048864: subst ""addu\s+\$6,\$6,\$13"" ""addu	$2,$2,$5"" @ 87"
func_80048864,text1b,regfix.txt,2805,subst,register-rename,register-alloc-pure-c,COVERED,87,active,C,"func_80048864: subst ""sra\s+\$13,\$6,15"" ""sra	$4,$2,15"" @ 88"
func_80048864,text1b,regfix.txt,2806,subst,register-rename,register-alloc-pure-c,COVERED,87,active,C,"func_80048864: subst ""mult\s+\$13,\$22"" ""mult	$4,$22"" @ 89"
func_80048864,text1b,regfix.txt,2807,subst,register-rename,register-alloc-pure-c,COVERED,87,active,C,"func_80048864: subst ""or\s+\$4,\$7,\$4"" ""or	$2,$7,$4"" @ 104"
func_80048864,text1b,regfix.txt,2808,subst,register-rename,register-alloc-pure-c,COVERED,87,active,C,"func_80048864: subst ""sll\s+\$6,\$6,5"" ""sll	$3,$6,5"" @ 105"
func_80048864,text1b,regfix.txt,2809,subst,register-rename,register-alloc-pure-c,COVERED,87,active,C,"func_80048864: subst ""or\s+\$4,\$4,\$6"" ""or	$2,$2,$3"" @ 106"
func_80048864,text1b,regfix.txt,2810,subst,register-rename,register-alloc-pure-c,COVERED,87,active,C,"func_80048864: subst ""sll\s+\$5,\$5,10"" ""sll	$3,$5,10"" @ 107"
func_80048864,text1b,regfix.txt,2811,subst,register-rename,register-alloc-pure-c,COVERED,87,active,C,"func_80048864: subst ""or\s+\$4,\$4,\$5"" ""or	$2,$2,$3"" @ 108"
func_80048864,text1b,regfix.txt,2812,subst,register-rename,register-alloc-pure-c,COVERED,87,active,C,"func_80048864: subst ""sh\s+\$4,0\(\$11\)"" ""sh	$2,0($11)"" @ 109"
func_80048864,text1b,regfix.txt,2814,insert_label,label-insert,jtbl-rodata-split-infrastructure,PARTIAL,87,active,C,"func_80048864: insert_label "".LBNE_TGT:"" @ 43"
func_80048864,text1b,regfix.txt,2815,subst,branch-label-retarget,switch-vs-ifchain-branch-sense,PARTIAL,87,active,C,"func_80048864: subst ""bne\s+\$3,\$0,\.L\d+"" ""bne	$3,$0,.LBNE_TGT"" @ 40"
func_80048864,text1b,regfix.txt,2817,insert_label,label-insert,jtbl-rodata-split-infrastructure,PARTIAL,87,active,C,"func_80048864: insert_label "".LJMP_TGT:"" @ 101"
func_80048864,text1b,regfix.txt,2818,subst,branch-label-retarget,switch-vs-ifchain-branch-sense,PARTIAL,87,active,C,"func_80048864: subst ""j\s+\.L\d+"" ""j	.LJMP_TGT"" @ 57"
func_800770B8,text1b,regfix.txt,2839,reorder,reorder-scheduling,loop-exit-work-inside-loop-sched-fence,COVERED,32,active,C,"func_800770B8: reorder 5,6,1,2,3,4,9,7,11,10,8,12 @ 1-12"
func_800770B8,text1b,regfix.txt,2842,delete,delete-instruction,store-const-reload-cse,PARTIAL,32,active,C,func_800770B8: delete @ 30
func_800770B8,text1b,regfix.txt,2845,insert,instruction-injection-insert,lost-codegen-insert-cheat,COVERED-FORBIDDEN,32,active,C,"func_800770B8: insert ""addiu $2,$2,%lo(D_800A35D0)"" @ 48"
func_800770B8,text1b,regfix.txt,2846,insert,instruction-injection-insert,lost-codegen-insert-cheat,COVERED-FORBIDDEN,32,active,C,"func_800770B8: insert ""lui $2,%hi(D_800A35D0)"" @ 48"
func_800770B8,text1b,regfix.txt,2847,subst,register-rename,register-alloc-pure-c,COVERED,32,active,C,"func_800770B8: subst ""addu\s+\$2,\$3,\$12"" ""addu	$2,$3,$2"" @ 49"
func_800770B8,text1b,regfix.txt,2852,reorder,reorder-scheduling,loop-exit-work-inside-loop-sched-fence,COVERED,32,active,C,"func_800770B8: reorder 30,31,32,33,34,35,36,29 @ 29-36"
func_800770B8,text1b,regfix.txt,2856,subst,register-rename,register-alloc-pure-c,COVERED,32,active,C,"func_800770B8: subst ""sw\s+\$0,48\(\$17\)"" ""sw	$0,48($2)"" @ 36"
func_800770B8,text1b,regfix.txt,2857,subst,register-rename,register-alloc-pure-c,COVERED,32,active,C,"func_800770B8: subst ""sh\s+\$0,52\(\$17\)"" ""sh	$0,52($2)"" @ 37"
func_800770B8,text1b,regfix.txt,2861,subst,register-rename,register-alloc-pure-c,COVERED,32,active,C,"func_800770B8: subst ""addiu\s+\$2,\$zero,1"" ""addiu	$5,$zero,1"" @ 147"
func_800770B8,text1b,regfix.txt,2862,subst,register-rename,register-alloc-pure-c,COVERED,32,active,C,"func_800770B8: subst ""sb\s+\$2,103\(\$4\)"" ""sb	$5,103($2)"" @ 148"
func_800770B8,text1b,regfix.txt,2864,subst,register-rename,register-alloc-pure-c,COVERED,32,active,C,"func_800770B8: subst ""addiu\s+\$16,\$zero,1"" ""addiu	$2,$zero,1"" @ 157"
func_800770B8,text1b,regfix.txt,2866,subst,register-rename,register-alloc-pure-c,COVERED,32,active,C,"func_800770B8: subst ""sb\s+\$16,%gp_rel\(D_800A35DC\)"" ""sb	$5,%gp_rel(D_800A35DC)"" @ 159"
func_800770B8,text1b,regfix.txt,2868,subst,register-rename,register-alloc-pure-c,COVERED,32,active,C,"func_800770B8: subst ""lbu\s+\$2,%lo\(D_8009BD21\)\(\$at\)"" ""lbu	$3,%lo(D_8009BD21)($at)"" @ 156"
func_800770B8,text1b,regfix.txt,2869,subst,register-rename,register-alloc-pure-c,COVERED,32,active,C,"func_800770B8: subst ""sb\s+\$2,102\(\$4\)"" ""sb	$3,102($4)"" @ 158"
func_800770B8,text1b,regfix.txt,2872,subst,register-rename,register-alloc-pure-c,COVERED,32,active,C,"func_800770B8: subst ""lw\s+\$4,%gp_rel\(D_800A36A0\)\(\$gp\)"" ""lw	$2,%gp_rel(D_800A36A0)($gp)"" @ 142"
func_800770B8,text1b,regfix.txt,2873,subst,register-rename,register-alloc-pure-c,COVERED,32,active,C,"func_800770B8: subst ""sw\s+\$19,0\(\$4\)"" ""sw	$19,0($2)"" @ 144"
func_800770B8,text1b,regfix.txt,2874,subst,register-rename,register-alloc-pure-c,COVERED,32,active,C,"func_800770B8: subst ""sb\s+\$0,101\(\$4\)"" ""sb	$0,101($2)"" @ 145"
func_800770B8,text1b,regfix.txt,2875,subst,register-rename,register-alloc-pure-c,COVERED,32,active,C,"func_800770B8: subst ""lw\s+\$4,%gp_rel\(D_800A36A0\)\(\$gp\)"" ""lw	$2,%gp_rel(D_800A36A0)($gp)"" @ 146"
func_800770B8,text1b,regfix.txt,2879,subst,operand-order-swap,compare-operand-order-register,COVERED,32,active,C,"func_800770B8: subst ""addu\s+\$2,\$3,\$4"" ""addu	$2,$4,$3"" @ 52"
func_800770B8,text1b,regfix.txt,2881,subst,register-rename,register-alloc-pure-c,COVERED,32,active,C,"func_800770B8: subst ""addu\s+\$2,\$2,\$3"" ""addu	$3,$3,$2"" @ 60"
func_800770B8,text1b,regfix.txt,2883,subst,register-rename,register-alloc-pure-c,COVERED,32,active,C,"func_800770B8: subst ""addu\s+\$7,\$2,106"" ""addu	$7,$3,106"" @ 61"
func_800770B8,text1b,regfix.txt,2884,subst,register-rename,register-alloc-pure-c,COVERED,32,active,C,"func_800770B8: subst ""addu\s+\$5,\$2,126"" ""addu	$5,$3,126"" @ 62"
func_800770B8,text1b,regfix.txt,2888,insert_after,instruction-injection-insert,lost-codegen-insert-cheat,COVERED-FORBIDDEN,32,active,C,"func_800770B8: insert_after ""addu $2,$6,1"" @ 100"
func_800770B8,text1b,regfix.txt,2893,insert_label,label-insert,jtbl-rodata-split-infrastructure,PARTIAL,32,active,C,"func_800770B8: insert_label "".L_post988:"" @ 108"
func_800770B8,text1b,regfix.txt,2894,subst,branch-label-retarget,switch-vs-ifchain-branch-sense,PARTIAL,32,active,C,"func_800770B8: subst ""beq\s+\$2,\$0,\.L\d+"" ""beq	$2,$0,.L_post988"" @ 99"
func_8005D554,text1b,regfix.txt,2897,subst,frame-stack-offset,phantom-slot-frame-lever,COVERED,65,active,C,"func_8005D554: subst ""subu\s+\$sp,\$sp,104"" ""addiu	$29,$29,-120"" @ 1  # auto: was `subu	$sp,$sp,104` -> `addiu $29,$29,-120`"
func_8005D554,text1b,regfix.txt,2898,subst,frame-stack-offset,phantom-slot-frame-lever,COVERED,65,active,C,"func_8005D554: subst ""sw\s+\$16,64\(\$sp\)"" ""sw	$16,80($29)"" @ 2  # auto: was `sw	$16,64($sp)` -> `sw $16,80($29)`"
func_8005D554,text1b,regfix.txt,2899,subst,frame-stack-offset,phantom-slot-frame-lever,COVERED,65,active,C,"func_8005D554: subst ""sw\s+\$31,100\(\$sp\)"" ""sw	$31,116($29)"" @ 4  # auto: was `sw	$31,100($sp)` -> `sw $31,116($29)`"
func_8005D554,text1b,regfix.txt,2900,subst,frame-stack-offset,phantom-slot-frame-lever,COVERED,65,active,C,"func_8005D554: subst ""sw\s+\$fp,96\(\$sp\)"" ""sw	$30,112($29)"" @ 5  # auto: was `sw	$fp,96($sp)` -> `sw $30,112($29)`"
func_8005D554,text1b,regfix.txt,2901,subst,frame-stack-offset,phantom-slot-frame-lever,COVERED,65,active,C,"func_8005D554: subst ""sw\s+\$23,92\(\$sp\)"" ""sw	$23,108($29)"" @ 6  # auto: was `sw	$23,92($sp)` -> `sw $23,108($29)`"
func_8005D554,text1b,regfix.txt,2902,subst,frame-stack-offset,phantom-slot-frame-lever,COVERED,65,active,C,"func_8005D554: subst ""sw\s+\$22,88\(\$sp\)"" ""sw	$22,104($29)"" @ 7  # auto: was `sw	$22,88($sp)` -> `sw $22,104($29)`"
func_8005D554,text1b,regfix.txt,2903,subst,frame-stack-offset,phantom-slot-frame-lever,COVERED,65,active,C,"func_8005D554: subst ""sw\s+\$21,84\(\$sp\)"" ""sw	$21,100($29)"" @ 8  # auto: was `sw	$21,84($sp)` -> `sw $21,100($29)`"
func_8005D554,text1b,regfix.txt,2904,subst,frame-stack-offset,phantom-slot-frame-lever,COVERED,65,active,C,"func_8005D554: subst ""sw\s+\$20,80\(\$sp\)"" ""sw	$20,96($29)"" @ 9  # auto: was `sw	$20,80($sp)` -> `sw $20,96($29)`"
func_8005D554,text1b,regfix.txt,2905,subst,frame-stack-offset,phantom-slot-frame-lever,COVERED,65,active,C,"func_8005D554: subst ""sw\s+\$19,76\(\$sp\)"" ""sw	$19,92($29)"" @ 10  # auto: was `sw	$19,76($sp)` -> `sw $19,92($29)`"
func_8005D554,text1b,regfix.txt,2906,subst,frame-stack-offset,phantom-slot-frame-lever,COVERED,65,active,C,"func_8005D554: subst ""sw\s+\$18,72\(\$sp\)"" ""sw	$18,88($29)"" @ 11  # auto: was `sw	$18,72($sp)` -> `sw $18,88($29)`"
func_8005D554,text1b,regfix.txt,2907,subst,frame-stack-offset,phantom-slot-frame-lever,COVERED,65,active,C,"func_8005D554: subst ""sw\s+\$17,68\(\$sp\)"" ""sw	$17,84($29)"" @ 12  # auto: was `sw	$17,68($sp)` -> `sw $17,84($29)`"
func_8005D554,text1b,regfix.txt,2908,subst,register-rename,register-alloc-pure-c,COVERED,65,active,C,"func_8005D554: subst ""addu\s+\$19,\$0,\$zero"" ""addu	$18,$0,$0"" @ 24  # auto: was `addu	$19,$0,$zero` -> `addu $18,$0,$0`"
func_8005D554,text1b,regfix.txt,2909,subst,register-rename,register-alloc-pure-c,COVERED,65,active,C,"func_8005D554: subst ""addiu\s+\$18,\$zero,256"" ""addiu	$19,$0,256"" @ 51  # auto: was `addiu	$18,$zero,256` -> `addiu $19,$0,256`"
func_8005D554,text1b,regfix.txt,2910,delete,delete-instruction,store-const-reload-cse,PARTIAL,65,active,C,"func_8005D554: delete @ 60  # auto (replace): drop `la	$6,D_8009B388`"
func_8005D554,text1b,regfix.txt,2911,delete,delete-instruction,store-const-reload-cse,PARTIAL,65,active,C,"func_8005D554: delete @ 59  # auto (replace): drop `addu	$2,$23,$16`"
func_8005D554,text1b,regfix.txt,2912,delete,delete-instruction,store-const-reload-cse,PARTIAL,65,active,C,"func_8005D554: delete @ 58  # auto (replace): drop `addu	$fp,$2,12`"
func_8005D554,text1b,regfix.txt,2913,delete,delete-instruction,store-const-reload-cse,PARTIAL,65,active,C,"func_8005D554: delete @ 57  # auto (replace): drop `addu	$2,$16,$23`"
func_8005D554,text1b,regfix.txt,2914,delete,delete-instruction,store-const-reload-cse,PARTIAL,65,active,C,"func_8005D554: delete @ 56  # auto (replace): drop `la	$23,D_8009B2E0`"
func_8005D554,text1b,regfix.txt,2915,insert_after,lost-codegen-move-insert,shared-end-label,COVERED-FORBIDDEN,65,active,C,"func_8005D554: insert_after ""addu $2,$16,$30"" @ 55  # auto (replace): target has after idx 55"
func_8005D554,text1b,regfix.txt,2916,insert_after,instruction-injection-insert,lost-codegen-insert-cheat,COVERED-FORBIDDEN,65,active,C,"func_8005D554: insert_after ""addiu $23,$23,%lo(D_8009B388)"" @ 55  # auto (replace): target has after idx 55"
func_8005D554,text1b,regfix.txt,2917,insert_after,instruction-injection-insert,lost-codegen-insert-cheat,COVERED-FORBIDDEN,65,active,C,"func_8005D554: insert_after ""lui $23,%hi(D_8009B388)"" @ 55  # auto (replace): target has after idx 55"
func_8005D554,text1b,regfix.txt,2918,insert_after,loadstore-insert,store-before-jal,PARTIAL,65,active,C,"func_8005D554: insert_after ""sw $2,64($29)"" @ 55  # auto (replace): target has after idx 55"
func_8005D554,text1b,regfix.txt,2919,insert_after,lost-codegen-move-insert,shared-end-label,COVERED-FORBIDDEN,65,active,C,"func_8005D554: insert_after ""addu $2,$16,$2"" @ 55  # auto (replace): target has after idx 55"
func_8005D554,text1b,regfix.txt,2920,insert_after,instruction-injection-insert,lost-codegen-insert-cheat,COVERED-FORBIDDEN,65,active,C,"func_8005D554: insert_after ""addiu $2,$30,12"" @ 55  # auto (replace): target has after idx 55"
func_8005D554,text1b,regfix.txt,2921,insert_after,instruction-injection-insert,lost-codegen-insert-cheat,COVERED-FORBIDDEN,65,active,C,"func_8005D554: insert_after ""addiu $30,$30,%lo(D_8009B2E0)"" @ 55  # auto (replace): target has after idx 55"
func_8005D554,text1b,regfix.txt,2922,insert_after,instruction-injection-insert,lost-codegen-insert-cheat,COVERED-FORBIDDEN,65,active,C,"func_8005D554: insert_after ""lui $30,%hi(D_8009B2E0)"" @ 55  # auto (replace): target has after idx 55"
func_8005D554,text1b,regfix.txt,2923,subst,frame-reg-rename,register-alloc-pure-c,COVERED,65,active,C,"func_8005D554: subst ""sw\s+\$6,20\(\$sp\)"" ""sw	$23,20($29)"" @ 64  # auto: was `sw	$6,20($sp)` -> `sw $23,20($29)`"
func_8005D554,text1b,regfix.txt,2924,subst,frame-reg-rename,register-alloc-pure-c,COVERED,65,active,C,"func_8005D554: subst ""sw\s+\$18,52\(\$sp\)"" ""sw	$19,52($29)"" @ 66  # auto: was `sw	$18,52($sp)` -> `sw $19,52($29)`"
func_8005D554,text1b,regfix.txt,2925,subst,frame-reg-rename,register-alloc-pure-c,COVERED,65,active,C,"func_8005D554: subst ""sw\s+\$18,48\(\$sp\)"" ""sw	$19,48($29)"" @ 67  # auto: was `sw	$18,48($sp)` -> `sw $19,48($29)`"
func_8005D554,text1b,regfix.txt,2926,subst,opcode-change,proven-spelling-class-reconstruction,PARTIAL,65,active,C,"func_8005D554: subst ""addu\s+\$19,\$19,1"" ""addiu	$18,$18,1"" @ 71  # auto: was `addu	$19,$19,1` -> `addiu $18,$18,1`"
func_8005D554,text1b,regfix.txt,2927,subst,lost-codegen-nop-fill,shared-end-label,COVERED-FORBIDDEN,65,active,C,"func_8005D554: subst ""nop\s+#\s+DEBUG:\s+Reuse\s+of\s+'\$3'\.\s+'xor\s+\$3,\$3,\$2'\s+does\s+not\s+use\s+\$at"" ""addiu	$4,$21,-25"" @ 73  # auto: was `nop # DEBUG: Reuse of '$3'. 'xor	$3,$3,$2' does not"
func_8005D554,text1b,regfix.txt,2928,delete,delete-instruction,store-const-reload-cse,PARTIAL,65,active,C,"func_8005D554: delete @ 82  # auto (replace): drop `addu	$2,$21,$2`"
func_8005D554,text1b,regfix.txt,2929,delete,delete-instruction,store-const-reload-cse,PARTIAL,65,active,C,"func_8005D554: delete @ 81  # auto (replace): drop `addu	$2,$2,-25`"
func_8005D554,text1b,regfix.txt,2930,insert_after,lost-codegen-move-insert,shared-end-label,COVERED-FORBIDDEN,65,active,C,"func_8005D554: insert_after ""addu $4,$4,$2"" @ 80  # auto (replace): target has after idx 80"
func_8005D554,text1b,regfix.txt,2931,subst,frame-reg-rename,register-alloc-pure-c,COVERED,65,active,C,"func_8005D554: subst ""sw\s+\$2,40\(\$sp\)"" ""sw	$4,40($29)"" @ 85  # auto: was `sw	$2,40($sp)` -> `sw $4,40($29)`"
func_8005D554,text1b,regfix.txt,2932,insert_after,lost-codegen-move-insert,shared-end-label,COVERED-FORBIDDEN,65,active,C,"func_8005D554: insert_after ""addu $5,$0,$0"" @ 86  # auto: target has this after idx 86"
func_8005D554,text1b,regfix.txt,2933,subst,opcode-change,proven-spelling-class-reconstruction,PARTIAL,65,active,C,"func_8005D554: subst ""addu\s+\$5,\$0,\$zero"" ""addiu	$6,$20,-12"" @ 88  # auto: was `addu	$5,$0,$zero` -> `addiu $6,$20,-12`"
func_8005D554,text1b,regfix.txt,2934,delete,delete-instruction,store-const-reload-cse,PARTIAL,65,active,C,"func_8005D554: delete @ 99  # auto (replace): drop `addu	$2,$20,$2`"
func_8005D554,text1b,regfix.txt,2935,delete,delete-instruction,store-const-reload-cse,PARTIAL,65,active,C,"func_8005D554: delete @ 98  # auto (replace): drop `addu	$2,$2,-12`"
func_8005D554,text1b,regfix.txt,2936,insert_after,lost-codegen-move-insert,shared-end-label,COVERED-FORBIDDEN,65,active,C,"func_8005D554: insert_after ""addu $6,$6,$2"" @ 97  # auto (replace): target has after idx 97"
func_8005D554,text1b,regfix.txt,2937,delete,delete-instruction,store-const-reload-cse,PARTIAL,65,active,C,"func_8005D554: delete @ 102  # auto (replace): drop `sw	$2,44($sp)`"
func_8005D554,text1b,regfix.txt,2938,insert_after,loadstore-insert,store-before-jal,PARTIAL,65,active,C,"func_8005D554: insert_after ""lw $7,64($29)"" @ 101  # auto (replace): target has after idx 101"
func_8005D554,text1b,regfix.txt,2939,insert_after,loadstore-insert,store-before-jal,PARTIAL,65,active,C,"func_8005D554: insert_after ""sw $7,20($29)"" @ 101  # auto (replace): target has after idx 101"
func_8005D554,text1b,regfix.txt,2940,insert_after,instruction-injection-insert,lost-codegen-insert-cheat,COVERED-FORBIDDEN,65,active,C,"func_8005D554: insert_after ""addiu $7,$7,%lo(D_8009B390)"" @ 101  # auto (replace): target has after idx 101"
func_8005D554,text1b,regfix.txt,2941,insert_after,instruction-injection-insert,lost-codegen-insert-cheat,COVERED-FORBIDDEN,65,active,C,"func_8005D554: insert_after ""lui $7,%hi(D_8009B390)"" @ 101  # auto (replace): target has after idx 101"
func_8005D554,text1b,regfix.txt,2942,insert_after,loadstore-insert,store-before-jal,PARTIAL,65,active,C,"func_8005D554: insert_after ""lw $3,%gp_rel(D_800A3418)($28)"" @ 101  # auto (replace): target has after idx 101"
func_8005D554,text1b,regfix.txt,2943,insert_after,loadstore-insert,store-before-jal,PARTIAL,65,active,C,"func_8005D554: insert_after ""sw $6,44($29)"" @ 101  # auto (replace): target has after idx 101"
func_8005D554,text1b,regfix.txt,2944,delete,delete-instruction,store-const-reload-cse,PARTIAL,65,active,C,"func_8005D554: delete @ 105  # auto: extra `la	$2,D_8009B390`"
func_8005D554,text1b,regfix.txt,2945,delete,delete-instruction,store-const-reload-cse,PARTIAL,65,active,C,"func_8005D554: delete @ 104  # auto: extra `lw	$3,%gp_rel(D_800A3418)($gp)`"
func_8005D554,text1b,regfix.txt,2946,delete,delete-instruction,store-const-reload-cse,PARTIAL,65,active,C,"func_8005D554: delete @ 109  # auto (replace): drop `sw	$2,20($sp)`"
func_8005D554,text1b,regfix.txt,2947,delete,delete-instruction,store-const-reload-cse,PARTIAL,65,active,C,"func_8005D554: delete @ 108  # auto (replace): drop `sw	$18,48($sp)`"
func_8005D554,text1b,regfix.txt,2948,delete,delete-instruction,store-const-reload-cse,PARTIAL,65,active,C,"func_8005D554: delete @ 107  # auto (replace): drop `sw	$18,52($sp)`"
func_8005D554,text1b,regfix.txt,2949,insert_after,loadstore-insert,store-before-jal,PARTIAL,65,active,C,"func_8005D554: insert_after ""sw $19,48($29)"" @ 106  # auto (replace): target has after idx 106"
func_8005D554,text1b,regfix.txt,2950,insert_after,loadstore-insert,store-before-jal,PARTIAL,65,active,C,"func_8005D554: insert_after ""sw $19,52($29)"" @ 106  # auto (replace): target has after idx 106"
func_8005D554,text1b,regfix.txt,2951,subst,register-rename,register-alloc-pure-c,COVERED,65,active,C,"func_8005D554: subst ""addu\s+\$2,\$fp,\$2"" ""addu	$2,$7,$2"" @ 114  # auto: was `addu	$2,$fp,$2` -> `addu $2,$7,$2`"
func_8005D554,text1b,regfix.txt,2952,subst,lost-codegen-nop-fill,shared-end-label,COVERED-FORBIDDEN,65,active,C,"func_8005D554: subst ""nop\s+#\s+DEBUG:\s+Reuse\s+of\s+'\$3'\.\s+'xor\s+\$3,\$3,\$2'\s+does\s+not\s+use\s+\$at"" ""addiu	$4,$21,-50"" @ 118  # auto: was `nop # DEBUG: Reuse of '$3'. 'xor	$3,$3,$2' does no"
func_8005D554,text1b,regfix.txt,2953,delete,delete-instruction,store-const-reload-cse,PARTIAL,65,active,C,"func_8005D554: delete @ 127  # auto (replace): drop `addu	$2,$21,$2`"
func_8005D554,text1b,regfix.txt,2954,delete,delete-instruction,store-const-reload-cse,PARTIAL,65,active,C,"func_8005D554: delete @ 126  # auto (replace): drop `addu	$2,$2,-50`"
func_8005D554,text1b,regfix.txt,2955,insert_after,lost-codegen-move-insert,shared-end-label,COVERED-FORBIDDEN,65,active,C,"func_8005D554: insert_after ""addu $4,$4,$2"" @ 125  # auto (replace): target has after idx 125"
func_8005D554,text1b,regfix.txt,2956,subst,frame-reg-rename,register-alloc-pure-c,COVERED,65,active,C,"func_8005D554: subst ""sw\s+\$2,40\(\$sp\)"" ""sw	$4,40($29)"" @ 130  # auto: was `sw	$2,40($sp)` -> `sw $4,40($29)`"
func_8005D554,text1b,regfix.txt,2957,insert_after,lost-codegen-move-insert,shared-end-label,COVERED-FORBIDDEN,65,active,C,"func_8005D554: insert_after ""addu $5,$0,$0"" @ 131  # auto: target has this after idx 131"
func_8005D554,text1b,regfix.txt,2958,subst,opcode-change,proven-spelling-class-reconstruction,PARTIAL,65,active,C,"func_8005D554: subst ""addu\s+\$5,\$0,\$zero"" ""addiu	$6,$20,-25"" @ 133  # auto: was `addu	$5,$0,$zero` -> `addiu $6,$20,-25`"
func_8005D554,text1b,regfix.txt,2959,delete,delete-instruction,store-const-reload-cse,PARTIAL,65,active,C,"func_8005D554: delete @ 145  # auto (replace): drop `addu	$2,$20,$2`"
func_8005D554,text1b,regfix.txt,2960,delete,delete-instruction,store-const-reload-cse,PARTIAL,65,active,C,"func_8005D554: delete @ 144  # auto (replace): drop `addu	$2,$2,-25`"
func_8005D554,text1b,regfix.txt,2961,insert_after,lost-codegen-move-insert,shared-end-label,COVERED-FORBIDDEN,65,active,C,"func_8005D554: insert_after ""addu $6,$6,$2"" @ 143  # auto (replace): target has after idx 143"
func_8005D554,text1b,regfix.txt,2962,subst,frame-reg-rename,register-alloc-pure-c,COVERED,65,active,C,"func_8005D554: subst ""sw\s+\$2,44\(\$sp\)"" ""sw	$6,44($29)"" @ 148  # auto: was `sw	$2,44($sp)` -> `sw $6,44($29)`"
func_8005D554,text1b,regfix.txt,2963,subst,register-rename,register-alloc-pure-c,COVERED,65,active,C,"func_8005D554: subst ""slt\s+\$3,\$19,\$3"" ""slt	$3,$18,$3"" @ 153  # auto: was `slt	$3,$19,$3` -> `slt $3,$18,$3`"
func_8005D554,text1b,regfix.txt,2964,subst,frame-stack-offset,phantom-slot-frame-lever,COVERED,65,active,C,"func_8005D554: subst ""lw\s+\$31,100\(\$sp\)"" ""lw	$31,116($29)"" @ 160  # auto: was `lw	$31,100($sp)` -> `lw $31,116($29)`"
func_8005D554,text1b,regfix.txt,2965,subst,frame-stack-offset,phantom-slot-frame-lever,COVERED,65,active,C,"func_8005D554: subst ""lw\s+\$fp,96\(\$sp\)"" ""lw	$30,112($29)"" @ 161  # auto: was `lw	$fp,96($sp)` -> `lw $30,112($29)`"
func_8005D554,text1b,regfix.txt,2966,subst,frame-stack-offset,phantom-slot-frame-lever,COVERED,65,active,C,"func_8005D554: subst ""lw\s+\$23,92\(\$sp\)"" ""lw	$23,108($29)"" @ 162  # auto: was `lw	$23,92($sp)` -> `lw $23,108($29)`"
func_8005D554,text1b,regfix.txt,2967,subst,frame-stack-offset,phantom-slot-frame-lever,COVERED,65,active,C,"func_8005D554: subst ""lw\s+\$22,88\(\$sp\)"" ""lw	$22,104($29)"" @ 163  # auto: was `lw	$22,88($sp)` -> `lw $22,104($29)`"
func_8005D554,text1b,regfix.txt,2968,subst,frame-stack-offset,phantom-slot-frame-lever,COVERED,65,active,C,"func_8005D554: subst ""lw\s+\$21,84\(\$sp\)"" ""lw	$21,100($29)"" @ 164  # auto: was `lw	$21,84($sp)` -> `lw $21,100($29)`"
func_8005D554,text1b,regfix.txt,2969,subst,frame-stack-offset,phantom-slot-frame-lever,COVERED,65,active,C,"func_8005D554: subst ""lw\s+\$20,80\(\$sp\)"" ""lw	$20,96($29)"" @ 165  # auto: was `lw	$20,80($sp)` -> `lw $20,96($29)`"
func_8005D554,text1b,regfix.txt,2970,subst,frame-stack-offset,phantom-slot-frame-lever,COVERED,65,active,C,"func_8005D554: subst ""lw\s+\$19,76\(\$sp\)"" ""lw	$19,92($29)"" @ 166  # auto: was `lw	$19,76($sp)` -> `lw $19,92($29)`"
func_8005D554,text1b,regfix.txt,2971,subst,frame-stack-offset,phantom-slot-frame-lever,COVERED,65,active,C,"func_8005D554: subst ""lw\s+\$18,72\(\$sp\)"" ""lw	$18,88($29)"" @ 167  # auto: was `lw	$18,72($sp)` -> `lw $18,88($29)`"
func_8005D554,text1b,regfix.txt,2972,subst,frame-stack-offset,phantom-slot-frame-lever,COVERED,65,active,C,"func_8005D554: subst ""lw\s+\$17,68\(\$sp\)"" ""lw	$17,84($29)"" @ 168  # auto: was `lw	$17,68($sp)` -> `lw $17,84($29)`"
func_8005D554,text1b,regfix.txt,2973,subst,frame-stack-offset,phantom-slot-frame-lever,COVERED,65,active,C,"func_8005D554: subst ""lw\s+\$16,64\(\$sp\)"" ""lw	$16,80($29)"" @ 169  # auto: was `lw	$16,64($sp)` -> `lw $16,80($29)`"
func_8005D554,text1b,regfix.txt,2974,subst,frame-stack-offset,phantom-slot-frame-lever,COVERED,65,active,C,"func_8005D554: subst ""addu\s+\$sp,\$sp,104"" ""addiu	$29,$29,120"" @ 170  # auto: was `addu	$sp,$sp,104` -> `addiu $29,$29,120`"
func_8005D554,text1b,regfix.txt,2975,reorder,reorder-scheduling,loop-exit-work-inside-loop-sched-fence,COVERED,65,active,C,"func_8005D554: reorder 89,84,85,86,87,96,88,90,91,92,93,94,95 @ 84-96"
func_8005D554,text1b,regfix.txt,2976,reorder,reorder-scheduling,loop-exit-work-inside-loop-sched-fence,COVERED,65,active,C,"func_8005D554: reorder 145,130,131,132,133,134,135,136,137,138,139,140,141,142,143,144 @ 130-145"
func_8005D554,text1b,regfix.txt,2977,reorder,reorder-scheduling,loop-exit-work-inside-loop-sched-fence,COVERED,65,active,C,"func_8005D554: reorder 165,148,149,150,151,152,153,154,155,156,157,158,159,160,161,162,163,164 @ 148-165"
func_8005D554,text1b,regfix.txt,2978,reorder,reorder-scheduling,loop-exit-work-inside-loop-sched-fence,COVERED,65,active,C,"func_8005D554: reorder 108,101,102,113,114,115,116,117,118,103,104,124,125,105,106,107,109,110,111,112,119,120,121,122,123 @ 101-125"
func_8005D554,text1b,regfix.txt,2979,reorder,reorder-scheduling,loop-exit-work-inside-loop-sched-fence,COVERED,65,active,C,"func_8005D554: reorder 145,130,131,132,133,134,135,136,137,138,139,140,141,142,143,144 @ 130-145"
func_8005D554,text1b,regfix.txt,2980,reorder,reorder-scheduling,loop-exit-work-inside-loop-sched-fence,COVERED,65,active,C,"func_8005D554: reorder 153,135,136,137,138,139,140,141,142,143,144,145,146,148,147,149,150,151,152 @ 135-153"
func_8005D554,text1b,regfix.txt,2981,reorder,reorder-scheduling,loop-exit-work-inside-loop-sched-fence,COVERED,65,active,C,"func_8005D554: reorder 145,130,131,132,133,134,135,136,137,138,139,140,141,142,143,144 @ 130-145"
func_8005D554,text1b,regfix.txt,2982,reorder,reorder-scheduling,loop-exit-work-inside-loop-sched-fence,COVERED,65,active,C,"func_8005D554: reorder 145,130,131,132,133,152,134,135,136,137,138,139,140,141,142,143,144,146,165,147,148,149,150,151,153,154,155,156,157,158,159,160,161,162,163,164 @ 130-165"
func_8005D554,text1b,regfix.txt,2983,insert_label,label-insert,jtbl-rodata-split-infrastructure,PARTIAL,65,active,C,"func_8005D554: insert_label "".L_loopfix:"" @ 62"
func_8005D554,text1b,regfix.txt,2984,subst,branch-label-retarget,switch-vs-ifchain-branch-sense,PARTIAL,65,active,C,"func_8005D554: subst ""bne\s+\$3,\$0,\.L\d+"" ""bne	$3,$0,.L_loopfix"" @ 154"
func_8007D3F8,display,regfix.txt,2985,reorder,reorder-scheduling,loop-exit-work-inside-loop-sched-fence,COVERED,43,active,C,"func_8007D3F8: reorder 41,38,39,40,37 @ 37-41"
func_8007D3F8,display,regfix.txt,2986,swap,register-swap-range,register-alloc-pure-c,COVERED,43,active,C,func_8007D3F8: $2 <-> $3 @ 49-54
func_8007D3F8,display,regfix.txt,2987,subst,symbol-reference-rewrite,defeat-combine-symbol-fold,PARTIAL,43,active,C,"func_8007D3F8: subst ""sw\s+\$19,D_8009BF68"" ""lui	$2,%hi(D_8009BF68)"" @ 60"
func_8007D3F8,display,regfix.txt,2988,insert_after,loadstore-insert,store-before-jal,PARTIAL,43,active,C,"func_8007D3F8: insert_after ""sw	$19,0($2)"" @ 60"
func_8007D3F8,display,regfix.txt,2989,insert_after,instruction-injection-insert,lost-codegen-insert-cheat,COVERED-FORBIDDEN,43,active,C,"func_8007D3F8: insert_after ""addiu	$2,$2,%lo(D_8009BF68)"" @ 60"
func_8007D3F8,display,regfix.txt,2990,reorder,reorder-scheduling,loop-exit-work-inside-loop-sched-fence,COVERED,43,active,C,"func_8007D3F8: reorder 52,51,50,53 @ 50-53"
func_8007D3F8,display,regfix.txt,2991,subst,register-rename,register-alloc-pure-c,COVERED,43,active,C,"func_8007D3F8: subst ""lui\s+\$3,\(67108864"" ""lui	$4,(67108864"" @ 52"
func_8007D3F8,display,regfix.txt,2992,subst,register-rename,register-alloc-pure-c,COVERED,43,active,C,"func_8007D3F8: subst ""and\s+\$2,\$2,\$3"" ""and	$2,$2,$4"" @ 53"
func_8007D3F8,display,regfix.txt,2993,insert_label,label-insert,jtbl-rodata-split-infrastructure,PARTIAL,43,active,C,"func_8007D3F8: insert_label "".LD3F8_loop:"" @ 50"
func_8007D3F8,display,regfix.txt,2994,subst,branch-label-retarget,switch-vs-ifchain-branch-sense,PARTIAL,43,active,C,"func_8007D3F8: subst ""beq\s+\$2,\$0,\.L\d+"" ""beq	$2,$0,.LD3F8_loop"" @ 54"
func_8007D3F8,display,regfix.txt,2995,subst,register-rename,register-alloc-pure-c,COVERED,43,active,C,"func_8007D3F8: subst ""addu\s+\$7,\$0,\$zero"" ""addu	$6,$0,$zero"" @ 71"
func_8007D3F8,display,regfix.txt,2996,insert_after,instruction-injection-insert,lost-codegen-insert-cheat,COVERED-FORBIDDEN,43,active,C,"func_8007D3F8: insert_after ""addiu	$8,$8,%lo(D_8010368C)"" @ 71"
func_8007D3F8,display,regfix.txt,2997,insert_after,instruction-injection-insert,lost-codegen-insert-cheat,COVERED-FORBIDDEN,43,active,C,"func_8007D3F8: insert_after ""lui	$8,%hi(D_8010368C)"" @ 71"
func_8007D3F8,display,regfix.txt,2998,subst,register-rename,register-alloc-pure-c,COVERED,43,active,C,"func_8007D3F8: subst ""addu\s+\$5,\$16,\$zero"" ""addu	$7,$16,$zero"" @ 72"
func_8007D3F8,display,regfix.txt,2999,subst,register-rename,register-alloc-pure-c,COVERED,43,active,C,"func_8007D3F8: subst ""addu\s+\$6,\$17,\$zero"" ""addu	$2,$17,$zero"" @ 73"
func_8007D3F8,display,regfix.txt,3000,subst,branch-label-retarget,switch-vs-ifchain-branch-sense,PARTIAL,43,active,C,"func_8007D3F8: subst ""bgez\s+\$6,\s*\.L\d+"" ""bgez	$2,.LD3F8_pos"" @ 74"
func_8007D3F8,display,regfix.txt,3001,insert_label,label-insert,jtbl-rodata-split-infrastructure,PARTIAL,43,active,C,"func_8007D3F8: insert_label "".LD3F8_pos:"" @ 80"
func_8007D3F8,display,regfix.txt,3002,subst,instruction-suppress-to-nop,dead-store-fake-exception,PARTIAL,43,active,C,"func_8007D3F8: subst ""sra\s+\$2,\$6,2"" ""nop"" @ 75"
func_8007D3F8,display,regfix.txt,3003,subst,register-rename,register-alloc-pure-c,COVERED,43,active,C,"func_8007D3F8: subst ""addu\s+\$6,\$6,3"" ""addu	$2,$2,3"" @ 76"
func_8007D3F8,display,regfix.txt,3004,subst,register-rename,register-alloc-pure-c,COVERED,43,active,C,"func_8007D3F8: subst ""sra\s+\$2,\$6,2"" ""sra	$2,$2,2"" @ 77"
func_8007D3F8,display,regfix.txt,3005,subst,register-rename,register-alloc-pure-c,COVERED,43,active,C,"func_8007D3F8: subst ""slt\s+\$2,\$7,\$2"" ""slt	$2,$6,$2"" @ 78"
func_8007D3F8,display,regfix.txt,3006,subst,register-rename,register-alloc-pure-c,COVERED,43,active,C,"func_8007D3F8: subst ""sll\s+\$8,\$7,2"" ""sll	$4,$6,2"" @ 80"
func_8007D3F8,display,regfix.txt,3007,subst,register-rename,register-alloc-pure-c,COVERED,43,active,C,"func_8007D3F8: subst ""lw\s+\$4,0\(\$5\)"" ""lw	$5,0($7)"" @ 81"
func_8007D3F8,display,regfix.txt,3008,subst,register-rename,register-alloc-pure-c,COVERED,43,active,C,"func_8007D3F8: subst ""addu\s+\$5,\$5,4"" ""addu	$7,$7,4"" @ 82"
func_8007D3F8,display,regfix.txt,3009,subst,register-rename,register-alloc-pure-c,COVERED,43,active,C,"func_8007D3F8: subst ""addu\s+\$7,\$7,1"" ""addu	$6,$6,1"" @ 83"
func_8007D3F8,display,regfix.txt,3010,delete,delete-instruction,store-const-reload-cse,PARTIAL,43,active,C,func_8007D3F8: delete @ 85
func_8007D3F8,display,regfix.txt,3011,reorder,reorder-scheduling,loop-exit-work-inside-loop-sched-fence,COVERED,43,active,C,"func_8007D3F8: reorder 88,87 @ 87-88"
func_8007D3F8,display,regfix.txt,3012,insert_after,lost-codegen-move-insert,shared-end-label,COVERED-FORBIDDEN,43,active,C,"func_8007D3F8: insert_after ""addu	$4,$4,$2"" @ 88"
func_8007D3F8,display,regfix.txt,3013,subst,register+displacement,register-alloc-pure-c,PARTIAL,43,active,C,"func_8007D3F8: subst ""sw\s+\$4,D_8010368C\(\$2\)"" ""sw	$5,0($4)"" @ 90"
func_8007D3F8,display,regfix.txt,3014,subst,register-rename,register-alloc-pure-c,COVERED,43,active,C,"func_8007D3F8: subst ""addu\s+\$6,\$17,\$zero"" ""addu	$2,$17,$zero"" @ 92"
func_8007D3F8,display,regfix.txt,3015,subst,symbol-reference-rewrite,defeat-combine-symbol-fold,PARTIAL,43,active,C,"func_8007D3F8: subst ""la\s+\$3,D_8009BF78"" ""lui	$2,%hi(D_8009BF78)"" @ 93"
func_8007D3F8,display,regfix.txt,3016,subst,symbol-reference-rewrite,defeat-combine-symbol-fold,PARTIAL,43,active,C,"func_8007D3F8: subst ""lw\s+\$2,0\(\$3\)"" ""lw	$2,%lo(D_8009BF78)($2)"" @ 94"
func_8007D3F8,display,regfix.txt,3017,subst,register+displacement,register-alloc-pure-c,PARTIAL,43,active,C,"func_8007D3F8: subst ""lw\s+\$3,0\(\$3\)"" ""lw	$3,D_8009BF78"" @ 95"
func_8007D3F8,display,regfix.txt,3018,subst,symbol-reference-rewrite,defeat-combine-symbol-fold,PARTIAL,43,active,C,"func_8007D3F8: subst ""la\s+\$4,D_8009BF78"" ""lui	$3,%hi(D_8009BF78)"" @ 113"
func_8007D3F8,display,regfix.txt,3019,subst,symbol-reference-rewrite,defeat-combine-symbol-fold,PARTIAL,43,active,C,"func_8007D3F8: subst ""lw\s+\$3,0\(\$4\)"" ""lw	$3,%lo(D_8009BF78)($3)"" @ 114"
func_8007D3F8,display,regfix.txt,3020,subst,register+displacement,register-alloc-pure-c,PARTIAL,43,active,C,"func_8007D3F8: subst ""lw\s+\$3,0\(\$4\)"" ""lw	$3,D_8009BF78"" @ 120"
func_80070C70,text1b,regfix.txt,3022,swap,register-swap-range,register-alloc-pure-c,COVERED,118,active,C,func_80070C70: $16 <-> $17 @ 1-187
func_80070C70,text1b,regfix.txt,3023,swap,register-swap-range,register-alloc-pure-c,COVERED,118,active,C,func_80070C70: $18 <-> $19 @ 1-187
func_80070C70,text1b,regfix.txt,3025,subst,frame-stack-offset,phantom-slot-frame-lever,COVERED,118,active,C,"func_80070C70: subst ""subu\s+\$sp,\$sp,104"" ""subu	$sp,$sp,128"" @ 0"
func_80070C70,text1b,regfix.txt,3026,subst,frame-stack-offset,phantom-slot-frame-lever,COVERED,118,active,C,"func_80070C70: subst ""sw\s+\$17,80\(\$sp\)"" ""sw	$17,108($sp)"" @ 1"
func_80070C70,text1b,regfix.txt,3027,subst,frame-stack-offset,phantom-slot-frame-lever,COVERED,118,active,C,"func_80070C70: subst ""sw\s+\$31,100\(\$sp\)"" ""sw	$31,124($sp)"" @ 5"
func_80070C70,text1b,regfix.txt,3028,subst,frame-stack-offset,phantom-slot-frame-lever,COVERED,118,active,C,"func_80070C70: subst ""sw\s+\$20,96\(\$sp\)"" ""sw	$20,120($sp)"" @ 6"
func_80070C70,text1b,regfix.txt,3029,subst,frame-stack-offset,phantom-slot-frame-lever,COVERED,118,active,C,"func_80070C70: subst ""sw\s+\$18,92\(\$sp\)"" ""sw	$18,112($sp)"" @ 7"
func_80070C70,text1b,regfix.txt,3030,subst,frame-stack-offset,phantom-slot-frame-lever,COVERED,118,active,C,"func_80070C70: subst ""sw\s+\$19,88\(\$sp\)"" ""sw	$19,116($sp)"" @ 8"
func_80070C70,text1b,regfix.txt,3031,subst,frame-stack-offset,phantom-slot-frame-lever,COVERED,118,active,C,"func_80070C70: subst ""sw\s+\$16,84\(\$sp\)"" ""sw	$16,104($sp)"" @ 9"
func_80070C70,text1b,regfix.txt,3032,subst,frame-stack-offset,phantom-slot-frame-lever,COVERED,118,active,C,"func_80070C70: subst ""lw\s+\$31,100\(\$sp\)"" ""lw	$31,124($sp)"" @ 182"
func_80070C70,text1b,regfix.txt,3033,subst,frame-stack-offset,phantom-slot-frame-lever,COVERED,118,active,C,"func_80070C70: subst ""lw\s+\$20,96\(\$sp\)"" ""lw	$20,120($sp)"" @ 183"
func_80070C70,text1b,regfix.txt,3034,subst,frame-stack-offset,phantom-slot-frame-lever,COVERED,118,active,C,"func_80070C70: subst ""lw\s+\$18,92\(\$sp\)"" ""lw	$18,112($sp)"" @ 184"
func_80070C70,text1b,regfix.txt,3035,subst,frame-stack-offset,phantom-slot-frame-lever,COVERED,118,active,C,"func_80070C70: subst ""lw\s+\$19,88\(\$sp\)"" ""lw	$19,116($sp)"" @ 185"
func_80070C70,text1b,regfix.txt,3036,subst,frame-stack-offset,phantom-slot-frame-lever,COVERED,118,active,C,"func_80070C70: subst ""lw\s+\$16,84\(\$sp\)"" ""lw	$16,104($sp)"" @ 186"
func_80070C70,text1b,regfix.txt,3037,subst,frame-stack-offset,phantom-slot-frame-lever,COVERED,118,active,C,"func_80070C70: subst ""lw\s+\$17,80\(\$sp\)"" ""lw	$17,108($sp)"" @ 187"
func_80070C70,text1b,regfix.txt,3038,subst,frame-stack-offset,phantom-slot-frame-lever,COVERED,118,active,C,"func_80070C70: subst ""addu\s+\$sp,\$sp,104"" ""addu	$sp,$sp,128"" @ 188"
func_80070C70,text1b,regfix.txt,3040,delete,delete-instruction,store-const-reload-cse,PARTIAL,118,active,C,func_80070C70: delete @ 21
func_80070C70,text1b,regfix.txt,3041,insert,instruction-injection-insert,lost-codegen-insert-cheat,COVERED-FORBIDDEN,118,active,C,"func_80070C70: insert ""addiu	$20,$zero,96"" @ 4"
func_80070C70,text1b,regfix.txt,3043,reorder,reorder-scheduling,loop-exit-work-inside-loop-sched-fence,COVERED,118,active,C,"func_80070C70: reorder 7,4,3,5,6,9,8 @ 3-9"
func_80070C70,text1b,regfix.txt,3045,reorder,reorder-scheduling,loop-exit-work-inside-loop-sched-fence,COVERED,118,active,C,"func_80070C70: reorder 28,19,20,21,18,23,22,24,27,25,26 @ 18-28"
func_80070C70,text1b,regfix.txt,3047,subst,register-rename,register-alloc-pure-c,COVERED,118,active,C,"func_80070C70: subst ""addu\s+\$2,\$2,12"" ""addu	$3,$2,12"" @ 23"
func_80070C70,text1b,regfix.txt,3048,subst,frame-reg-rename,register-alloc-pure-c,COVERED,118,active,C,"func_80070C70: subst ""sw\s+\$2,28\(\$sp\)"" ""sw	$3,28($sp)"" @ 24"
func_80070C70,text1b,regfix.txt,3049,subst,register-rename,register-alloc-pure-c,COVERED,118,active,C,"func_80070C70: subst ""lw\s+\$2,16\(\$17\)"" ""lw	$3,16($17)"" @ 27"
func_80070C70,text1b,regfix.txt,3050,subst,frame-reg-rename,register-alloc-pure-c,COVERED,118,active,C,"func_80070C70: subst ""sw\s+\$2,32\(\$sp\)"" ""sw	$3,32($sp)"" @ 30"
func_80070C70,text1b,regfix.txt,3052,reorder,reorder-scheduling,loop-exit-work-inside-loop-sched-fence,COVERED,118,active,C,"func_80070C70: reorder 63,62,64 @ 62-64"
func_80070C70,text1b,regfix.txt,3053,subst,register-rename,register-alloc-pure-c,COVERED,118,active,C,"func_80070C70: subst ""addu\s+\$2,\$2,72"" ""addu	$3,$2,72"" @ 63"
func_80070C70,text1b,regfix.txt,3054,subst,frame-reg-rename,register-alloc-pure-c,COVERED,118,active,C,"func_80070C70: subst ""sw\s+\$2,28\(\$sp\)"" ""sw	$3,28($sp)"" @ 64"
func_80070C70,text1b,regfix.txt,3056,reorder,reorder-scheduling,loop-exit-work-inside-loop-sched-fence,COVERED,118,active,C,"func_80070C70: reorder 183,185,184,187,186 @ 183-187"
func_80056CB8,text1b,regfix.txt,3057,delete,delete-instruction,store-const-reload-cse,PARTIAL,188,active,C,func_80056CB8: delete @ 27
func_80056CB8,text1b,regfix.txt,3058,delete,delete-instruction,store-const-reload-cse,PARTIAL,188,active,C,func_80056CB8: delete @ 27
func_80056CB8,text1b,regfix.txt,3059,delete,delete-instruction,store-const-reload-cse,PARTIAL,188,active,C,func_80056CB8: delete @ 27
func_80056CB8,text1b,regfix.txt,3060,reorder,reorder-scheduling,loop-exit-work-inside-loop-sched-fence,COVERED,188,active,C,"func_80056CB8: reorder 24,21,22,23,25,18,19,20,26 @ 18-26"
func_80056CB8,text1b,regfix.txt,3061,subst,register-rename,register-alloc-pure-c,COVERED,188,active,C,"func_80056CB8: subst ""lui\s+\$2,"" ""lui	$11,"" @ 18"
func_80056CB8,text1b,regfix.txt,3062,subst,register-rename,register-alloc-pure-c,COVERED,188,active,C,"func_80056CB8: subst ""ori\s+\$2,\$2,"" ""ori	$11,$11,"" @ 19"
func_80056CB8,text1b,regfix.txt,3063,subst,frame-reg-rename,register-alloc-pure-c,COVERED,188,active,C,"func_80056CB8: subst ""addu\s+\$3,\$sp,40"" ""addu	$11,$sp,40"" @ 21"
func_80056CB8,text1b,regfix.txt,3064,subst,frame-reg-rename,register-alloc-pure-c,COVERED,188,active,C,"func_80056CB8: subst ""sw\s+\$3,104\(\$sp\)"" ""sw	$11,104($sp)"" @ 22"
func_80056CB8,text1b,regfix.txt,3065,subst,frame-reg-rename,register-alloc-pure-c,COVERED,188,active,C,"func_80056CB8: subst ""addu\s+\$3,\$sp,88"" ""addu	$11,$sp,88"" @ 23"
func_80056CB8,text1b,regfix.txt,3066,subst,frame-reg-rename,register-alloc-pure-c,COVERED,188,active,C,"func_80056CB8: subst ""sw\s+\$3,112\(\$sp\)"" ""sw	$11,112($sp)"" @ 25"
func_80056CB8,text1b,regfix.txt,3067,subst,frame-reg-rename,register-alloc-pure-c,COVERED,188,active,C,"func_80056CB8: subst ""sw\s+\$2,120\(\$sp\)"" ""sw	$11,120($sp)"" @ 26"
func_8003D39C,code6cac_c2,regfix.txt,3080,reorder,reorder-scheduling,loop-exit-work-inside-loop-sched-fence,COVERED,39,active,C,"func_8003D39C: reorder 1,2,0 @ 0-2"
func_8003D39C,code6cac_c2,regfix.txt,3082,reorder,reorder-scheduling,loop-exit-work-inside-loop-sched-fence,COVERED,39,active,C,"func_8003D39C: reorder 6,14,7,8,9,10,11,13,12 @ 6-14"
func_8002FC80,code6cac_b,regfix.txt,3087,delete,delete-instruction,store-const-reload-cse,PARTIAL,28,active,ASM-PARTIAL,func_8002FC80: delete @ 29
func_8002FC80,code6cac_b,regfix.txt,3088,reorder,reorder-scheduling,loop-exit-work-inside-loop-sched-fence,COVERED,28,active,ASM-PARTIAL,"func_8002FC80: reorder 31,32,29,30 @ 29-32"
func_8002FC80,code6cac_b,regfix.txt,3089,subst,register+displacement,register-alloc-pure-c,PARTIAL,28,active,ASM-PARTIAL,"func_8002FC80: subst ""lw \$5, 0x1F800388"" ""lw $4,0($2)"" @ 55"
func_8002FC80,code6cac_b,regfix.txt,3090,subst,scratchpad-abs-address,scratchpad-gte,COVERED,28,active,ASM-PARTIAL,"func_8002FC80: subst ""lw\s+\$4,0\(\$2\)"" ""lw $5, 0x1F800388"" @ 56"
func_8002D320,code6cac_b,regfix.txt,3097,subst,register-rename,register-alloc-pure-c,COVERED,32,active,ASM-PARTIAL,"func_8002D320: subst ""addu\s+\$8,\$0,\$zero"" ""addu\t$7,$0,$zero"" @ 86"
func_8002D320,code6cac_b,regfix.txt,3098,subst,opcode-change,proven-spelling-class-reconstruction,PARTIAL,32,active,ASM-PARTIAL,"func_8002D320: subst ""addu\s+\$7,\$0,\$zero"" ""lw\t$3,176($5)"" @ 87"
func_8002D320,code6cac_b,regfix.txt,3099,delete,delete-instruction,store-const-reload-cse,PARTIAL,32,active,ASM-PARTIAL,func_8002D320: delete @ 88
func_8002D320,code6cac_b,regfix.txt,3100,subst,branch-label-retarget,switch-vs-ifchain-branch-sense,PARTIAL,32,active,ASM-PARTIAL,"func_8002D320: subst ""bgez\s+\$2,"" ""bgez\t$3,"" @ 90"
func_8002D320,code6cac_b,regfix.txt,3101,subst,register-rename,register-alloc-pure-c,COVERED,32,active,ASM-PARTIAL,"func_8002D320: subst ""addu\s+\$6,\$2,\$zero"" ""addu\t$6,$3,$0"" @ 93"
func_8002D320,code6cac_b,regfix.txt,3102,subst_multi,subst-multi,register-alloc-pure-c,PARTIAL,32,active,ASM-PARTIAL,"func_8002D320: subst_multi ""blez\s+\$2,\.L\d+"" ""slt\t$2,$6,$3"" ""beq\t$2,$0,{lbl#6}"" @ 94"
func_8002D320,code6cac_b,regfix.txt,3103,subst,register-rename,register-alloc-pure-c,COVERED,32,active,ASM-PARTIAL,"func_8002D320: subst ""addu\s+\$7,\$2,\$zero"" ""addu\t$7,$3,$0"" @ 96"
func_8002D320,code6cac_b,regfix.txt,3104,subst,register-rename,register-alloc-pure-c,COVERED,32,active,ASM-PARTIAL,"func_8002D320: subst ""slt\s+\$7,\$7,\$2"" ""slt\t$2,$7,$2"" @ 110"
func_8002D320,code6cac_b,regfix.txt,3105,subst,branch-label-retarget,switch-vs-ifchain-branch-sense,PARTIAL,32,active,ASM-PARTIAL,"func_8002D320: subst ""bne\s+\$7,\$0,"" ""bne\t$2,$0,"" @ 111"
func_8002D320,code6cac_b,regfix.txt,3106,subst,register-rename,register-alloc-pure-c,COVERED,32,active,ASM-PARTIAL,"func_8002D320: subst ""addu\s+\$2,\$8,\$zero"" ""addu\t$2,$0,$0"" @ 112"
func_8002D320,code6cac_b,regfix.txt,3107,subst,register-rename,register-alloc-pure-c,COVERED,32,active,ASM-PARTIAL,"func_8002D320: subst ""addu\s+\$2,\$8,\$zero"" ""addu\t$2,$0,$0"" @ 116"
func_8002D320,code6cac_b,regfix.txt,3108,subst,register-rename,register-alloc-pure-c,COVERED,32,active,ASM-PARTIAL,"func_8002D320: subst ""addiu\s+\$8,\$zero,1"" ""addiu\t$2,$0,1"" @ 117"
func_8002D320,code6cac_b,regfix.txt,3109,delete,delete-instruction,store-const-reload-cse,PARTIAL,32,active,ASM-PARTIAL,func_8002D320: delete @ 118
func_8002EA24,code6cac_b,regfix.txt,3110,subst,register-rename,register-alloc-pure-c,COVERED,18,parked,ASM-PARTIAL,"func_8002EA24: subst ""subu\s+\$4,\$0,\$6"" ""subu\t$9,$0,$6"" @ 29"
func_8002EA24,code6cac_b,regfix.txt,3111,subst,register-rename,register-alloc-pure-c,COVERED,18,parked,ASM-PARTIAL,"func_8002EA24: subst ""slt\s+\$2,\$5,\$4"" ""slt\t$2,$5,$9"" @ 30"
func_8002EA24,code6cac_b,regfix.txt,3112,subst,register-rename,register-alloc-pure-c,COVERED,18,parked,ASM-PARTIAL,"func_8002EA24: subst ""slt\s+\$2,\$3,\$4"" ""slt\t$2,$3,$9"" @ 38"
func_8002EA24,code6cac_b,regfix.txt,3113,subst,opcode-change,proven-spelling-class-reconstruction,PARTIAL,18,parked,ASM-PARTIAL,"func_8002EA24: subst ""sll\s+\$2,\$4,16"" ""addiu\t$2,$0,19"" @ 79"
func_8002EA24,code6cac_b,regfix.txt,3114,subst,opcode-change,proven-spelling-class-reconstruction,PARTIAL,18,parked,ASM-PARTIAL,"func_8002EA24: subst ""addiu\s+\$4,\$zero,19"" ""subu\t$2,$2,$3"" @ 80"
func_8002EA24,code6cac_b,regfix.txt,3115,subst,opcode-change,proven-spelling-class-reconstruction,PARTIAL,18,parked,ASM-PARTIAL,"func_8002EA24: subst ""subu\s+\$4,\$4,\$3"" ""sll\t$4,$4,16"" @ 81"
func_8002EA24,code6cac_b,regfix.txt,3116,subst,operand-order-swap,compare-operand-order-register,COVERED,18,parked,ASM-PARTIAL,"func_8002EA24: subst ""srl\s+\$4,\$2,\$4"" ""srl\t$4,$4,$2"" @ 82"
func_8002EA24,code6cac_b,regfix.txt,3117,subst,register-rename,register-alloc-pure-c,COVERED,18,parked,ASM-PARTIAL,"func_8002EA24: subst ""slt\s+\$5,\$5,\$2"" ""slt\t$2,$5,$2"" @ 94"
func_8002EA24,code6cac_b,regfix.txt,3118,subst,branch-label-retarget,switch-vs-ifchain-branch-sense,PARTIAL,18,parked,ASM-PARTIAL,"func_8002EA24: subst ""bne\s+\$5,\$0,"" ""bne\t$2,$0,"" @ 95"
func_8002EA24,code6cac_b,regfix.txt,3119,subst_multi,subst-multi,register-alloc-pure-c,PARTIAL,18,parked,ASM-PARTIAL,"func_8002EA24: subst_multi ""xori\s+\$2,\$2,0x0001"" ""bne\t$2,$0,{lbl#6}"" ""addu\t$2,$0,$zero"" ""addiu\t$2,$0,1"" @ 99"
func_8007CE0C,display,regfix.txt,3120,splice,splice-large-asm,OPEN,OPEN,48,active,C,"func_8007CE0C: splice 11..23 ""lh\t$5,4($17)"" ""addu\t$21,$0,$zero"" ""bltz\t$5,{lbl#1}"" ""addu\t$3,$5,$zero"" ""lui\t$2,%hi(D_8009BE78)"" ""lh\t$2,%lo(D_8009BE78)($2)"" ""nop"" ""addu\t$4,$2,$zero"" ""slt\t$2,$2,$5"
func_8007CE0C,display,regfix.txt,3121,subst,register-rename,register-alloc-pure-c,COVERED,48,active,C,"func_8007CE0C: subst ""addu\s+\$4,\$0,\$zero"" ""addu\t$3,$0,$zero"" @ 24"
func_8007CE0C,display,regfix.txt,3122,splice,splice-large-asm,OPEN,OPEN,48,active,C,"func_8007CE0C: splice 25..37 ""lh\t$5,6($17)"" ""sh\t$3,4($17)"" ""bltz\t$5,{lbl#3}"" ""addu\t$3,$5,$zero"" ""lui\t$2,%hi(D_8009BE7A)"" ""lh\t$2,%lo(D_8009BE7A)($2)"" ""addu\t$4,$3,$zero"" ""addu\t$3,$2,$zero"" ""slt\"
func_8007CE0C,display,regfix.txt,3123,subst,register-rename,register-alloc-pure-c,COVERED,48,active,C,"func_8007CE0C: subst ""sll\s+\$5,\$4,16"" ""sll\t$2,$4,16"" @ 39"
func_8007CE0C,display,regfix.txt,3124,splice,splice-large-asm,OPEN,OPEN,48,active,C,"func_8007CE0C: splice 40..52 ""lh\t$3,4($17)"" ""sra\t$2,$2,16"" ""mult\t$3,$2"" ""sh\t$4,6($17)"" ""mflo\t$6"" ""addiu\t$3,$6,1"" ""srl\t$2,$3,31"" ""addu\t$3,$3,$2"" ""sra\t$4,$3,1"" ""bgtz\t$4,{lbl#6}"" ""sra\t$16,$3,5"
func_8007CE0C,display,regfix.txt,3125,splice,splice-large-asm,OPEN,OPEN,48,active,C,"func_8007CE0C: splice 53..56 ""addu\t$3,$16,$zero"" ""sll\t$2,$3,4"" ""subu\t$16,$4,$2"" ""lui\t$2,%hi(D_8009BF48)"" ""lw\t$2,%lo(D_8009BF48)($2)"" ""addu\t$20,$3,$zero"" ""lw\t$2,0($2)"""
func_8007CE0C,display,regfix.txt,3126,subst,frame-stack-offset,phantom-slot-frame-lever,COVERED,48,active,C,"func_8007CE0C: subst ""subu\s+\$sp,\$sp,64"" ""addiu\t$29,$29,-80"" @ 0"
func_8007CE0C,display,regfix.txt,3127,subst,frame-stack-offset,phantom-slot-frame-lever,COVERED,48,active,C,"func_8007CE0C: subst ""sw\s+\$17,36\(\$sp\)"" ""sw\t$17,52($29)"" @ 1"
func_8007CE0C,display,regfix.txt,3128,subst,frame-stack-offset,phantom-slot-frame-lever,COVERED,48,active,C,"func_8007CE0C: subst ""sw\s+\$18,40\(\$sp\)"" ""sw\t$18,56($29)"" @ 3"
func_8007CE0C,display,regfix.txt,3129,subst,frame-stack-offset,phantom-slot-frame-lever,COVERED,48,active,C,"func_8007CE0C: subst ""sw\s+\$31,56\(\$sp\)"" ""sw\t$31,72($29)"" @ 5"
func_8007CE0C,display,regfix.txt,3130,subst,frame-stack-offset,phantom-slot-frame-lever,COVERED,48,active,C,"func_8007CE0C: subst ""sw\s+\$21,52\(\$sp\)"" ""sw\t$21,68($29)"" @ 6"
func_8007CE0C,display,regfix.txt,3131,subst,frame-stack-offset,phantom-slot-frame-lever,COVERED,48,active,C,"func_8007CE0C: subst ""sw\s+\$20,48\(\$sp\)"" ""sw\t$20,64($29)"" @ 7"
func_8007CE0C,display,regfix.txt,3132,subst,frame-stack-offset,phantom-slot-frame-lever,COVERED,48,active,C,"func_8007CE0C: subst ""sw\s+\$19,44\(\$sp\)"" ""sw\t$19,60($29)"" @ 8"
func_8007CE0C,display,regfix.txt,3133,subst,frame-stack-offset,phantom-slot-frame-lever,COVERED,48,active,C,"func_8007CE0C: subst ""sw\s+\$16,32\(\$sp\)"" ""sw\t$16,48($29)"" @ 10"
func_8007CE0C,display,regfix.txt,3134,subst,frame-stack-offset,phantom-slot-frame-lever,COVERED,48,active,C,"func_8007CE0C: subst ""lw\s+\$31,56\(\$sp\)"" ""lw\t$31,72($29)"" @ 119"
func_8007CE0C,display,regfix.txt,3135,subst,frame-stack-offset,phantom-slot-frame-lever,COVERED,48,active,C,"func_8007CE0C: subst ""lw\s+\$21,52\(\$sp\)"" ""lw\t$21,68($29)"" @ 120"
func_8007CE0C,display,regfix.txt,3136,subst,frame-stack-offset,phantom-slot-frame-lever,COVERED,48,active,C,"func_8007CE0C: subst ""lw\s+\$20,48\(\$sp\)"" ""lw\t$20,64($29)"" @ 121"
func_8007CE0C,display,regfix.txt,3137,subst,frame-stack-offset,phantom-slot-frame-lever,COVERED,48,active,C,"func_8007CE0C: subst ""lw\s+\$19,44\(\$sp\)"" ""lw\t$19,60($29)"" @ 122"
func_8007CE0C,display,regfix.txt,3138,subst,frame-stack-offset,phantom-slot-frame-lever,COVERED,48,active,C,"func_8007CE0C: subst ""lw\s+\$18,40\(\$sp\)"" ""lw\t$18,56($29)"" @ 123"
func_8007CE0C,display,regfix.txt,3139,subst,frame-stack-offset,phantom-slot-frame-lever,COVERED,48,active,C,"func_8007CE0C: subst ""lw\s+\$17,36\(\$sp\)"" ""lw\t$17,52($29)"" @ 124"
func_8007CE0C,display,regfix.txt,3140,subst,frame-stack-offset,phantom-slot-frame-lever,COVERED,48,active,C,"func_8007CE0C: subst ""lw\s+\$16,32\(\$sp\)"" ""lw\t$16,48($29)"" @ 125"
func_8007CE0C,display,regfix.txt,3141,subst,frame-stack-offset,phantom-slot-frame-lever,COVERED,48,active,C,"func_8007CE0C: subst ""addu\s+\$sp,\$sp,64"" ""addiu\t$29,$29,80"" @ 126"
func_8007CE0C,display,regfix.txt,3142,subst,instruction-suppress-to-nop,dead-store-fake-exception,PARTIAL,48,active,C,"func_8007CE0C: subst ""lui\s+\$4,\(-1610612736 >> 16\) & 0xFFFF"" ""nop"" @ 63"
_spu_gcSPU,main,regfix.txt,3145,subst,branch-label-retarget,switch-vs-ifchain-branch-sense,PARTIAL,121,active,C,"_spu_gcSPU: subst ""bltz\s+\$2,\.L\d+"" "".word\t0x04400034"" @ 2"
_spu_gcSPU,main,regfix.txt,3146,subst,branch-label-retarget,switch-vs-ifchain-branch-sense,PARTIAL,121,active,C,"_spu_gcSPU: subst ""beq\s+\$2,\$0,\.L\d+"" "".word\t0x1040FFF7"" @ 67"
_spu_gcSPU,main,regfix.txt,3150,swap,register-swap-range,register-alloc-pure-c,COVERED,121,active,C,_spu_gcSPU: $10 <-> $11 @ 0-51
_spu_gcSPU,main,regfix.txt,3151,swap,register-swap-range,register-alloc-pure-c,COVERED,121,active,C,_spu_gcSPU: $8 <-> $7 @ 0-51
_spu_gcSPU,main,regfix.txt,3152,swap,register-swap-range,register-alloc-pure-c,COVERED,121,active,C,_spu_gcSPU: $13 <-> $8 @ 0-51
_spu_gcSPU,main,regfix.txt,3153,swap,register-swap-range,register-alloc-pure-c,COVERED,121,active,C,_spu_gcSPU: $5 <-> $3 @ 19-24
_spu_gcSPU,main,regfix.txt,3154,delete,delete-instruction,store-const-reload-cse,PARTIAL,121,active,C,_spu_gcSPU: delete @ 10
_spu_gcSPU,main,regfix.txt,3155,delete,delete-instruction,store-const-reload-cse,PARTIAL,121,active,C,_spu_gcSPU: delete @ 12
_spu_gcSPU,main,regfix.txt,3156,delete,delete-instruction,store-const-reload-cse,PARTIAL,121,active,C,_spu_gcSPU: delete @ 46
_spu_gcSPU,main,regfix.txt,3157,subst,register+displacement,register-alloc-pure-c,PARTIAL,121,active,C,"_spu_gcSPU: subst ""lw\s+\$4,0\(\$13\)"" ""lw\t$4,4($7)"" @ 34"
_spu_gcSPU,main,regfix.txt,3158,subst,register+displacement,register-alloc-pure-c,PARTIAL,121,active,C,"_spu_gcSPU: subst ""lw\s+\$2,0\(\$13\)"" ""lw\t$2,4($7)"" @ 40"
_spu_gcSPU,main,regfix.txt,3159,subst,register+displacement,register-alloc-pure-c,PARTIAL,121,active,C,"_spu_gcSPU: subst ""sw\s+\$2,0\(\$13\)"" ""sw\t$2,4($7)"" @ 45"
_spu_gcSPU,main,regfix.txt,3160,subst_multi,subst-multi,register-alloc-pure-c,PARTIAL,121,active,C,"_spu_gcSPU: subst_multi ""slt\s+\$2,\$14,\$9"" ""lw\t$2,D_800A2D3C"" ""nop"" ""slt\t$2,$2,$9"" @ 49"
_spu_gcSPU,main,regfix.txt,3161,subst,operand-order-swap,compare-operand-order-register,COVERED,121,active,C,"_spu_gcSPU: subst ""addu\s+\$3,\$8,\$2"" ""addu\t$3,$2,$8"" @ 19"
_spu_gcSPU,main,regfix.txt,3162,subst,operand-order-swap,compare-operand-order-register,COVERED,121,active,C,"_spu_gcSPU: subst ""addu\s+\$5,\$8,\$2"" ""addu\t$5,$2,$8"" @ 27"
_spu_gcSPU,main,regfix.txt,3163,delete,delete-instruction,store-const-reload-cse,PARTIAL,121,active,C,_spu_gcSPU: delete @ 23
_spu_gcSPU,main,regfix.txt,3164,insert,instruction-injection-insert,lost-codegen-insert-cheat,COVERED-FORBIDDEN,121,active,C,"_spu_gcSPU: insert ""sll\t$2,$6,3"" @ 24"
_spu_gcSPU,main,regfix.txt,3165,reorder,reorder-scheduling,loop-exit-work-inside-loop-sched-fence,COVERED,121,active,C,"_spu_gcSPU: reorder 4,6,3,7,8,5,9,10 @ 3-10"
_spu_gcSPU,main,regfix.txt,3167,subst,register-rename,register-alloc-pure-c,COVERED,121,active,C,"_spu_gcSPU: subst ""lw\s+\$11,D_800A2D3C"" ""lw\t$2,D_800A2D3C"" @ 52"
_spu_gcSPU,main,regfix.txt,3168,subst,branch-label-retarget,switch-vs-ifchain-branch-sense,PARTIAL,121,active,C,"_spu_gcSPU: subst ""bltz\s+\$11,\.L\d+"" "".word\t0x04400010"" @ 54"
_spu_gcSPU,main,regfix.txt,3169,subst,lost-codegen-nop-fill,shared-end-label,COVERED-FORBIDDEN,121,active,C,"_spu_gcSPU: subst ""nop"" ""addu\t$9,$0,$zero"" @ 55"
_spu_gcSPU,main,regfix.txt,3170,subst,opcode-change,proven-spelling-class-reconstruction,PARTIAL,121,active,C,"_spu_gcSPU: subst ""addu\s+\$9,\$0,\$zero"" ""lui\t$5,(805240832 >> 16) & 0xFFFF"" @ 56"
_spu_gcSPU,main,regfix.txt,3171,subst,opcode-change,proven-spelling-class-reconstruction,PARTIAL,121,active,C,"_spu_gcSPU: subst ""lw\s+\$5,D_800A2D40"" ""ori\t$5,$5,0xffff"" @ 57"
_spu_gcSPU,main,regfix.txt,3172,subst,opcode-change,proven-spelling-class-reconstruction,PARTIAL,121,active,C,"_spu_gcSPU: subst ""lui\s+\$3,\(805240832\s+>>\s+16\)\s+\&\s+0xFFFF"" ""addu\t$4,$2,$zero"" @ 58"
_spu_gcSPU,main,regfix.txt,3173,subst_multi,subst-multi,register-alloc-pure-c,PARTIAL,121,active,C,"_spu_gcSPU: subst_multi ""ori\s+\$3,\$3,0xffff"" ""lw\t$3,D_800A2D40"" ""nop"" @ 59"
_spu_gcSPU,main,regfix.txt,3174,subst,register-rename,register-alloc-pure-c,COVERED,121,active,C,"_spu_gcSPU: subst ""lw\s+\$2,4\(\$5\)"" ""lw\t$2,4($3)"" @ 60"
_spu_gcSPU,main,regfix.txt,3175,subst,operand-order-swap,compare-operand-order-register,COVERED,121,active,C,"_spu_gcSPU: subst ""sw\s+\$3,0\(\$5\)"" ""sw\t$5,0($3)"" @ 64"
_spu_gcSPU,main,regfix.txt,3176,subst,register-rename,register-alloc-pure-c,COVERED,121,active,C,"_spu_gcSPU: subst ""slt\s+\$2,\$11,\$9"" ""slt\t$2,$4,$9"" @ 66"
_spu_gcSPU,main,regfix.txt,3177,subst,register-rename,register-alloc-pure-c,COVERED,121,active,C,"_spu_gcSPU: subst ""addu\s+\$5,\$5,8"" ""addu\t$3,$3,8"" @ 68"
_spu_gcSPU,main,regfix.txt,3179,subst_multi,subst-multi,register-alloc-pure-c,PARTIAL,121,active,C,"_spu_gcSPU: subst_multi ""lw\s+\$11,D_800A2D3C"" ""lw\t$3,D_800A2D3C"" ""nop"" @ 69"
_spu_gcSPU,main,regfix.txt,3180,subst,branch-label-retarget,switch-vs-ifchain-branch-sense,PARTIAL,121,active,C,"_spu_gcSPU: subst ""bltz\s+\$11,"" ""bltz\t$3,"" @ 70"
_spu_gcSPU,main,regfix.txt,3181,delete,delete-instruction,store-const-reload-cse,PARTIAL,121,active,C,_spu_gcSPU: delete @ 71
_spu_gcSPU,main,regfix.txt,3182,subst,register+displacement,register-alloc-pure-c,PARTIAL,121,active,C,"_spu_gcSPU: subst ""lui\s+\$24,\(1073741824\s+>>\s+16\)\s+\&\s+0xFFFF"" ""lui\t$12,(268369920 >> 16) & 0xFFFF"" @ 74"
_spu_gcSPU,main,regfix.txt,3183,subst,opcode-change,proven-spelling-class-reconstruction,PARTIAL,121,active,C,"_spu_gcSPU: subst ""lw\s+\$13,D_800A2D40"" ""lui\t$14,(1073741824 >> 16) & 0xFFFF"" @ 73"
_spu_gcSPU,main,regfix.txt,3184,subst,opcode-change,proven-spelling-class-reconstruction,PARTIAL,121,active,C,"_spu_gcSPU: subst ""lui\s+\$15,\(268369920\s+>>\s+16\)\s+\&\s+0xFFFF"" ""lw\t$13,D_800A2D40"" @ 75"
_spu_gcSPU,main,regfix.txt,3185,subst,register-rename,register-alloc-pure-c,COVERED,121,active,C,"_spu_gcSPU: subst ""ori\s+\$15,\$15,0xffff"" ""ori\t$12,$12,0xffff"" @ 76"
_spu_gcSPU,main,regfix.txt,3186,delete,delete-instruction,store-const-reload-cse,PARTIAL,121,active,C,_spu_gcSPU: delete @ 77
_spu_gcSPU,main,regfix.txt,3187,subst,register-rename,register-alloc-pure-c,COVERED,121,active,C,"_spu_gcSPU: subst ""and\s+\$2,\$2,\$24"" ""and\t$2,$2,$14"" @ 82"
_spu_gcSPU,main,regfix.txt,3188,subst,register-rename,register-alloc-pure-c,COVERED,121,active,C,"_spu_gcSPU: subst ""slt\s+\$2,\$11,\$6"" ""slt\t$2,$3,$6"" @ 86"
_spu_gcSPU,main,regfix.txt,3189,insert,lost-codegen-move-insert,shared-end-label,COVERED-FORBIDDEN,121,active,C,"_spu_gcSPU: insert ""addu\t$8,$10,$zero"" @ 82"
_spu_gcSPU,main,regfix.txt,3190,subst,register-rename,register-alloc-pure-c,COVERED,121,active,C,"_spu_gcSPU: subst ""lw\s+\$14,D_800A2D3C"" ""lw\t$11,D_800A2D3C"" @ 89"
_spu_gcSPU,main,regfix.txt,3191,subst,register-rename,register-alloc-pure-c,COVERED,121,active,C,"_spu_gcSPU: subst ""addu\s+\$5,\$13,\$2"" ""addu\t$4,$2,$13"" @ 90"
_spu_gcSPU,main,regfix.txt,3192,subst,operand-order-swap,compare-operand-order-register,COVERED,121,active,C,"_spu_gcSPU: subst ""lw\s+\$4,0\(\$5\)"" ""lw\t$5,0($4)"" @ 92"
_spu_gcSPU,main,regfix.txt,3193,subst,register-rename,register-alloc-pure-c,COVERED,121,active,C,"_spu_gcSPU: subst ""and\s+\$2,\$4,\$24"" ""and\t$2,$5,$14"" @ 94"
_spu_gcSPU,main,regfix.txt,3194,subst,register-rename,register-alloc-pure-c,COVERED,121,active,C,"_spu_gcSPU: subst ""and\s+\$2,\$4,\$15"" ""and\t$2,$5,$12"" @ 96"
_spu_gcSPU,main,regfix.txt,3195,subst,register-rename,register-alloc-pure-c,COVERED,121,active,C,"_spu_gcSPU: subst ""lw\s+\$7,0\(\$10\)"" ""lw\t$7,0($8)"" @ 97"
_spu_gcSPU,main,regfix.txt,3196,subst,register-rename,register-alloc-pure-c,COVERED,121,active,C,"_spu_gcSPU: subst ""and\s+\$3,\$7,\$15"" ""and\t$3,$7,$12"" @ 99"
_spu_gcSPU,main,regfix.txt,3197,subst,register-rename,register-alloc-pure-c,COVERED,121,active,C,"_spu_gcSPU: subst ""sw\s+\$4,0\(\$10\)"" ""sw\t$5,0($8)"" @ 103"
_spu_gcSPU,main,regfix.txt,3198,subst,register-rename,register-alloc-pure-c,COVERED,121,active,C,"_spu_gcSPU: subst ""sw\s+\$7,0\(\$5\)"" ""sw\t$7,0($4)"" @ 107"
_spu_gcSPU,main,regfix.txt,3199,subst,register-rename,register-alloc-pure-c,COVERED,121,active,C,"_spu_gcSPU: subst ""slt\s+\$2,\$14,\$6"" ""slt\t$2,$11,$6"" @ 111"
_spu_gcSPU,main,regfix.txt,3200,subst,register-rename,register-alloc-pure-c,COVERED,121,active,C,"_spu_gcSPU: subst ""addu\s+\$5,\$5,8"" ""addu\t$4,$4,8"" @ 113"
_spu_gcSPU,main,regfix.txt,3201,subst_multi,subst-multi,register-alloc-pure-c,PARTIAL,121,active,C,"_spu_gcSPU: subst_multi ""slt\s+\$2,\$25,\$9"" ""lw\t$3,D_800A2D3C"" ""addu\t$t1,$t1,1"" ""slt\t$2,$3,$9"" @ 116"
_spu_gcSPU,main,regfix.txt,3202,delete,delete-instruction,store-const-reload-cse,PARTIAL,121,active,C,_spu_gcSPU: delete @ 79
_spu_gcSPU,main,regfix.txt,3203,delete,delete-instruction,store-const-reload-cse,PARTIAL,121,active,C,_spu_gcSPU: delete @ 91
_spu_gcSPU,main,regfix.txt,3204,delete,delete-instruction,store-const-reload-cse,PARTIAL,121,active,C,_spu_gcSPU: delete @ 110
_spu_gcSPU,main,regfix.txt,3205,delete,delete-instruction,store-const-reload-cse,PARTIAL,121,active,C,_spu_gcSPU: delete @ 115
_spu_gcSPU,main,regfix.txt,3206,delete,delete-instruction,store-const-reload-cse,PARTIAL,121,active,C,_spu_gcSPU: delete @ 114
_spu_gcSPU,main,regfix.txt,3207,subst,register+displacement,register-alloc-pure-c,PARTIAL,121,active,C,"_spu_gcSPU: subst ""lw\s+\$2,0\(\$8\)"" ""lw\t$2,4($4)"" @ 104"
_spu_gcSPU,main,regfix.txt,3208,subst,register+displacement,register-alloc-pure-c,PARTIAL,121,active,C,"_spu_gcSPU: subst ""lw\s+\$3,0\(\$12\)"" ""lw\t$3,4($8)"" @ 105"
_spu_gcSPU,main,regfix.txt,3209,subst,register+displacement,register-alloc-pure-c,PARTIAL,121,active,C,"_spu_gcSPU: subst ""sw\s+\$2,0\(\$12\)"" ""sw\t$2,4($8)"" @ 106"
_spu_gcSPU,main,regfix.txt,3210,subst,register+displacement,register-alloc-pure-c,PARTIAL,121,active,C,"_spu_gcSPU: subst ""sw\s+\$3,0\(\$8\)"" ""sw\t$3,4($4)"" @ 108"
_spu_gcSPU,main,regfix.txt,3212,subst,opcode-change,proven-spelling-class-reconstruction,PARTIAL,121,active,C,"_spu_gcSPU: subst ""lw\s+\$13,D_800A2D40"" ""lui\t$8,(-2147483648 >> 16) & 0xFFFF"" @ 154"
_spu_gcSPU,main,regfix.txt,3213,subst,register+displacement,register-alloc-pure-c,PARTIAL,121,active,C,"_spu_gcSPU: subst ""lui\s+\$8,\(-2147483648\s+>>\s+16\)\s+\&\s+0xFFFF"" ""lui\t$6,(268369920 >> 16) & 0xFFFF"" @ 155"
_spu_gcSPU,main,regfix.txt,3214,subst,opcode-change,proven-spelling-class-reconstruction,PARTIAL,121,active,C,"_spu_gcSPU: subst ""lui\s+\$6,\(268369920\s+>>\s+16\)\s+\&\s+0xFFFF"" ""ori\t$6,$6,0xffff"" @ 156"
_spu_gcSPU,main,regfix.txt,3215,subst,opcode-change,proven-spelling-class-reconstruction,PARTIAL,121,active,C,"_spu_gcSPU: subst ""ori\s+\$6,\$6,0xffff"" ""lui\t$7,(1073741824 >> 16) & 0xFFFF"" @ 157"
_spu_gcSPU,main,regfix.txt,3216,subst_multi,subst-multi,register-alloc-pure-c,PARTIAL,121,active,C,"_spu_gcSPU: subst_multi ""lui\s+\$7,\(1073741824\s+>>\s+16\)\s+\&\s+0xFFFF"" ""lw\t$5,D_800A2D40"" ""nop"" @ 158"
_spu_gcSPU,main,regfix.txt,3217,subst,register-rename,register-alloc-pure-c,COVERED,121,active,C,"_spu_gcSPU: subst ""addu\s+\$5,\$13,\$2"" ""addu\t$4,$2,$5"" @ 159"
_spu_gcSPU,main,regfix.txt,3218,subst,register-rename,register-alloc-pure-c,COVERED,121,active,C,"_spu_gcSPU: subst ""lw\s+\$3,0\(\$5\)"" ""lw\t$3,0($4)"" @ 161"
_spu_gcSPU,main,regfix.txt,3219,subst,register-rename,register-alloc-pure-c,COVERED,121,active,C,"_spu_gcSPU: subst ""lw\s+\$11,D_800A2D3C"" ""lw\t$3,D_800A2D3C"" @ 166"
_spu_gcSPU,main,regfix.txt,3220,subst,opcode-change,proven-spelling-class-reconstruction,PARTIAL,121,active,C,"_spu_gcSPU: subst ""sw\s+\$9,D_800A2D3C"" ""or\t$2,$2,$7"" @ 167"
_spu_gcSPU,main,regfix.txt,3221,subst,opcode-change,proven-spelling-class-reconstruction,PARTIAL,121,active,C,"_spu_gcSPU: subst ""addu\s+\$9,\$9,-1"" ""sw\t$2,0($4)"" @ 168"
_spu_gcSPU,main,regfix.txt,3222,subst,opcode-change,proven-spelling-class-reconstruction,PARTIAL,121,active,C,"_spu_gcSPU: subst ""or\s+\$2,\$2,\$7"" ""lw\t$2,4($4)"" @ 169"
_spu_gcSPU,main,regfix.txt,3223,subst,register+displacement,register-alloc-pure-c,PARTIAL,121,active,C,"_spu_gcSPU: subst ""sw\s+\$2,0\(\$5\)"" ""sw\t$9,D_800A2D3C"" @ 170"
_spu_gcSPU,main,regfix.txt,3224,subst,width-sign-opcode-change,halfword-index-srl-sra,COVERED,121,active,C,"_spu_gcSPU: subst ""lw\s+\$3,0\(\$4\)"" ""sll\t$3,$3,3"" @ 171"
_spu_gcSPU,main,regfix.txt,3225,subst,opcode-change,proven-spelling-class-reconstruction,PARTIAL,121,active,C,"_spu_gcSPU: subst ""sll\s+\$2,\$11,3"" ""addu\t$3,$3,$5"" @ 172"
_spu_gcSPU,main,regfix.txt,3226,subst,opcode-change,proven-spelling-class-reconstruction,PARTIAL,121,active,C,"_spu_gcSPU: subst ""addu\s+\$2,\$2,\$13"" ""lw\t$3,4($3)"" @ 173"
_spu_gcSPU,main,regfix.txt,3227,subst,opcode-change,proven-spelling-class-reconstruction,PARTIAL,121,active,C,"_spu_gcSPU: subst ""lw\s+\$2,4\(\$2\)"" ""addu\t$9,$9,-1"" @ 174"
_spu_gcSPU,main,regfix.txt,3228,subst,register-rename,register-alloc-pure-c,COVERED,121,active,C,"_spu_gcSPU: subst ""addu\s+\$3,\$3,\$2"" ""addu\t$2,$2,$3"" @ 176"
_spu_gcSPU,main,regfix.txt,3229,delete,delete-instruction,store-const-reload-cse,PARTIAL,121,active,C,_spu_gcSPU: delete @ 160
_spu_gcSPU,main,regfix.txt,3230,delete,delete-instruction,store-const-reload-cse,PARTIAL,121,active,C,_spu_gcSPU: delete @ 175
_spu_gcSPU,main,regfix.txt,3231,subst,register+displacement,register-alloc-pure-c,PARTIAL,121,active,C,"_spu_gcSPU: subst ""sw\s+\$3,0\(\$4\)"" ""sw\t$2,4($4)"" @ 177"
_spu_gcSPU,main,regfix.txt,3233,subst,register-rename,register-alloc-pure-c,COVERED,121,active,C,"_spu_gcSPU: subst ""lw\s+\$11,D_800A2D3C"" ""lw\t$a1,D_800A2D3C"" @ 119"
_spu_gcSPU,main,regfix.txt,3234,subst,branch-label-retarget,switch-vs-ifchain-branch-sense,PARTIAL,121,active,C,"_spu_gcSPU: subst ""bltz\s+\$11,"" ""bltz\t$a1,"" @ 121"
_spu_gcSPU,main,regfix.txt,3235,subst,register-rename,register-alloc-pure-c,COVERED,121,active,C,"_spu_gcSPU: subst ""addu\s+\$9,\$0,\$zero"" ""addu\t$t1,$zero,$zero"" @ 122"
_spu_gcSPU,main,regfix.txt,3236,subst,opcode-change,proven-spelling-class-reconstruction,PARTIAL,121,active,C,"_spu_gcSPU: subst ""lw\s+\$5,D_800A2D40"" ""lui\t$8,(1073741824 >> 16) & 0xFFFF"" @ 123"
_spu_gcSPU,main,regfix.txt,3237,subst,register+displacement,register-alloc-pure-c,PARTIAL,121,active,C,"_spu_gcSPU: subst ""lui\s+\$6,\(1073741824\s+>>\s+16\)\s+\&\s+0xFFFF"" ""lui\t$7,(805240832 >> 16) & 0xFFFF"" @ 124"
_spu_gcSPU,main,regfix.txt,3238,subst,opcode-change,proven-spelling-class-reconstruction,PARTIAL,121,active,C,"_spu_gcSPU: subst ""lui\s+\$4,\(805240832\s+>>\s+16\)\s+\&\s+0xFFFF"" ""lw\t$6,D_800A2D40"" @ 125"
_spu_gcSPU,main,regfix.txt,3239,subst,register-rename,register-alloc-pure-c,COVERED,121,active,C,"_spu_gcSPU: subst ""ori\s+\$4,\$4,0xffff"" ""ori\t$a3,$a3,0xffff"" @ 126"
_spu_gcSPU,main,regfix.txt,3240,subst,register-rename,register-alloc-pure-c,COVERED,121,active,C,"_spu_gcSPU: subst ""addu\s+\$13,\$5,\$zero"" ""addu\t$a0,$a2,$zero"" @ 127"
_spu_gcSPU,main,regfix.txt,3241,subst,register-rename,register-alloc-pure-c,COVERED,121,active,C,"_spu_gcSPU: subst ""lw\s+\$3,0\(\$5\)"" ""lw\t$v1,0($a0)"" @ 128"
_spu_gcSPU,main,regfix.txt,3242,subst,register-rename,register-alloc-pure-c,COVERED,121,active,C,"_spu_gcSPU: subst ""and\s+\$2,\$3,\$6"" ""and\t$v0,$v1,$t0"" @ 130"
_spu_gcSPU,main,regfix.txt,3243,subst,branch-label-retarget,switch-vs-ifchain-branch-sense,PARTIAL,121,active,C,"_spu_gcSPU: subst ""bne\s+\$3,\$4,"" ""bne\t$v1,$a3,"" @ 133"
_spu_gcSPU,main,regfix.txt,3244,subst,register-rename,register-alloc-pure-c,COVERED,121,active,C,"_spu_gcSPU: subst ""sll\s+\$2,\$11,3"" ""sll\t$v0,$a1,3"" @ 134"
_spu_gcSPU,main,regfix.txt,3245,subst,register-rename,register-alloc-pure-c,COVERED,121,active,C,"_spu_gcSPU: subst ""addu\s+\$2,\$13,\$2"" ""addu\t$v0,$v0,$a2"" @ 135"
_spu_gcSPU,main,regfix.txt,3246,subst,register-rename,register-alloc-pure-c,COVERED,121,active,C,"_spu_gcSPU: subst ""lw\s+\$3,0\(\$2\)"" ""lw\t$v1,0($v0)"" @ 136"
_spu_gcSPU,main,regfix.txt,3247,subst,register-rename,register-alloc-pure-c,COVERED,121,active,C,"_spu_gcSPU: subst ""sw\s+\$3,0\(\$5\)"" ""sw\t$v1,0($a0)"" @ 138"
_spu_gcSPU,main,regfix.txt,3248,subst,register-rename,register-alloc-pure-c,COVERED,121,active,C,"_spu_gcSPU: subst ""lw\s+\$2,4\(\$2\)"" ""lw\t$v0,4($v0)"" @ 139"
_spu_gcSPU,main,regfix.txt,3249,subst,register-rename,register-alloc-pure-c,COVERED,121,active,C,"_spu_gcSPU: subst ""sw\s+\$9,D_800A2D3C"" ""sw\t$t1,D_800A2D3C"" @ 140"
_spu_gcSPU,main,regfix.txt,3250,subst,register-rename,register-alloc-pure-c,COVERED,121,active,C,"_spu_gcSPU: subst ""sw\s+\$2,4\(\$5\)"" ""sw\t$v0,4($a0)"" @ 142"
_spu_gcSPU,main,regfix.txt,3251,subst_multi,subst-multi,register-alloc-pure-c,PARTIAL,121,active,C,"_spu_gcSPU: subst_multi ""lw\s+\$11,D_800A2D3C"" ""lw\t$a1,D_800A2D3C"" ""addu\t$t1,$t1,1"" @ 144"
_spu_gcSPU,main,regfix.txt,3252,delete,delete-instruction,store-const-reload-cse,PARTIAL,121,active,C,_spu_gcSPU: delete @ 145
_spu_gcSPU,main,regfix.txt,3253,delete,delete-instruction,store-const-reload-cse,PARTIAL,121,active,C,_spu_gcSPU: delete @ 143
_spu_gcSPU,main,regfix.txt,3254,subst,register-rename,register-alloc-pure-c,COVERED,121,active,C,"_spu_gcSPU: subst ""slt\s+\$2,\$11,\$9"" ""slt\t$v0,$a1,$t1"" @ 146"
_spu_gcSPU,main,regfix.txt,3255,subst,register-rename,register-alloc-pure-c,COVERED,121,active,C,"_spu_gcSPU: subst ""addu\s+\$5,\$5,8"" ""addu\t$a0,$a0,8"" @ 148"
func_800325E0,code6cac_b,regfix.txt,3258,subst,register-rename,register-alloc-pure-c,COVERED,37,active,ASM-PARTIAL,"func_800325E0: subst ""subu\s+\$4,\$4,\$3"" ""subu\t$5,$4,$3"" @ 118"
func_800325E0,code6cac_b,regfix.txt,3259,subst,branch-label-retarget,switch-vs-ifchain-branch-sense,PARTIAL,37,active,ASM-PARTIAL,"func_800325E0: subst ""bgez\s+\$4,"" ""bgez\t$5,"" @ 122"
func_800325E0,code6cac_b,regfix.txt,3260,subst,register-rename,register-alloc-pure-c,COVERED,37,active,ASM-PARTIAL,"func_800325E0: subst ""addu\s+\$4,\$0,\$zero"" ""addu\t$5,$0,$zero"" @ 124"
func_800325E0,code6cac_b,regfix.txt,3261,subst,register-rename,register-alloc-pure-c,COVERED,37,active,ASM-PARTIAL,"func_800325E0: subst ""addu\s+\$2,\$4,\$zero"" ""addu\t$2,$5,$zero"" @ 129"
func_800325E0,code6cac_b,regfix.txt,3262,subst,register-rename,register-alloc-pure-c,COVERED,37,active,ASM-PARTIAL,"func_800325E0: subst ""addu\s+\$4,\$3,\$zero"" ""addu\t$5,$6,$zero"" @ 130"
func_800325E0,code6cac_b,regfix.txt,3263,subst,register-rename,register-alloc-pure-c,COVERED,37,active,ASM-PARTIAL,"func_800325E0: subst ""mult\s+\$8,\$4"" ""mult\t$8,$5"" @ 132"
func_800325E0,code6cac_b,regfix.txt,3264,subst,register-rename,register-alloc-pure-c,COVERED,37,active,ASM-PARTIAL,"func_800325E0: subst ""subu\s+\$3,\$3,\$2"" ""subu\t$6,$3,$2"" @ 123"
func_800325E0,code6cac_b,regfix.txt,3265,subst,branch-label-retarget,switch-vs-ifchain-branch-sense,PARTIAL,37,active,ASM-PARTIAL,"func_800325E0: subst ""bgez\s+\$3,"" ""bgez\t$6,"" @ 125"
func_800325E0,code6cac_b,regfix.txt,3266,subst,register-rename,register-alloc-pure-c,COVERED,37,active,ASM-PARTIAL,"func_800325E0: subst ""addu\s+\$3,\$0,\$zero"" ""addu\t$6,$0,$zero"" @ 127"
func_800325E0,code6cac_b,regfix.txt,3267,subst,register-rename,register-alloc-pure-c,COVERED,37,active,ASM-PARTIAL,"func_800325E0: subst ""addu\s+\$3,\$2,\$zero"" ""addu\t$6,$2,$zero"" @ 131"
func_800325E0,code6cac_b,regfix.txt,3268,subst,register-rename,register-alloc-pure-c,COVERED,37,active,ASM-PARTIAL,"func_800325E0: subst ""mult\s+\$8,\$3"" ""mult\t$8,$6"" @ 136"
func_800325E0,code6cac_b,regfix.txt,3269,subst,register-rename,register-alloc-pure-c,COVERED,37,active,ASM-PARTIAL,"func_800325E0: subst ""mflo\s+\$8$"" ""mflo\t$7"" @ 29"
func_800325E0,code6cac_b,regfix.txt,3270,subst,register-rename,register-alloc-pure-c,COVERED,37,active,ASM-PARTIAL,"func_800325E0: subst ""addu\s+\$2,\$2,\$8"" ""addu\t$2,$2,$7"" @ 33"
func_800325E0,code6cac_b,regfix.txt,3271,subst,register-rename,register-alloc-pure-c,COVERED,37,active,ASM-PARTIAL,"func_800325E0: subst ""mflo\s+\$9$"" ""mflo\t$3"" @ 133"
func_800325E0,code6cac_b,regfix.txt,3272,subst,register-rename,register-alloc-pure-c,COVERED,37,active,ASM-PARTIAL,"func_800325E0: subst ""sra\s+\$5,\$9,16"" ""sra\t$5,$3,16"" @ 137"
func_800325E0,code6cac_b,regfix.txt,3273,reorder,reorder-scheduling,loop-exit-work-inside-loop-sched-fence,COVERED,37,active,ASM-PARTIAL,"func_800325E0: reorder 58,55,56,57 @ 55-58"
func_8002EBDC,code6cac_b,regfix.txt,3276,delete,delete-instruction,store-const-reload-cse,PARTIAL,97,active,ASM-PARTIAL,"func_8002EBDC: delete @ 19  # auto (replace): drop `sh	$3,528483250`"
func_8002EBDC,code6cac_b,regfix.txt,3277,insert_after,loadstore-insert,store-before-jal,PARTIAL,97,active,ASM-PARTIAL,"func_8002EBDC: insert_after ""sh	$v1,(0x1F8003B2 & 0xFFFF)($at)"" @ 18  # auto (replace): target has after idx 18"
func_8002EBDC,code6cac_b,regfix.txt,3278,insert_after,instruction-injection-insert,lost-codegen-insert-cheat,COVERED-FORBIDDEN,97,active,ASM-PARTIAL,"func_8002EBDC: insert_after ""lui	$at,(0x1F8003B2 >> 16)"" @ 18  # auto (replace): target has after idx 18"
func_8002EBDC,code6cac_b,regfix.txt,3279,delete,delete-instruction,store-const-reload-cse,PARTIAL,97,active,ASM-PARTIAL,"func_8002EBDC: delete @ 29  # auto (replace): drop `lui	$18,(528482304 >> 16) & 0xFFFF`"
func_8002EBDC,code6cac_b,regfix.txt,3280,delete,delete-instruction,store-const-reload-cse,PARTIAL,97,active,ASM-PARTIAL,"func_8002EBDC: delete @ 28  # auto (replace): drop `ori	$16,$16,0x02b8`"
func_8002EBDC,code6cac_b,regfix.txt,3281,delete,delete-instruction,store-const-reload-cse,PARTIAL,97,active,ASM-PARTIAL,"func_8002EBDC: delete @ 27  # auto (replace): drop `lui	$16,(528482304 >> 16) & 0xFFFF`"
func_8002EBDC,code6cac_b,regfix.txt,3282,insert_after,instruction-injection-insert,lost-codegen-insert-cheat,COVERED-FORBIDDEN,97,active,ASM-PARTIAL,"func_8002EBDC: insert_after ""lui	$s0,(0x1F8002B8 >> 16)"" @ 26  # auto (replace): target has after idx 26"
func_8002EBDC,code6cac_b,regfix.txt,3283,subst,opcode-change,proven-spelling-class-reconstruction,PARTIAL,97,active,ASM-PARTIAL,"func_8002EBDC: subst ""sltu\s+\$2,\$4,1024"" ""sltiu	$v0,$a0,0x400"" @ 32  # auto: was `sltu	$2,$4,1024` -> `sltiu	$v0,$a0,0x400`"
func_8002EBDC,code6cac_b,regfix.txt,3284,subst,scratchpad-abs-address,scratchpad-gte,COVERED,97,active,ASM-PARTIAL,"func_8002EBDC: subst ""ori\s+\$18,\$18,0x0390"" ""ori	$s0,$s0,(0x1F8002B8 & 0xFFFF)"" @ 34  # auto: was `ori	$18,$18,0x0390` -> `ori	$s0,$s0,(0x1F8002B8 & 0xFFFF)`"
func_8002EBDC,code6cac_b,regfix.txt,3287,subst,width-sign-opcode-change,halfword-index-srl-sra,COVERED,97,active,ASM-PARTIAL,"func_8002EBDC: subst ""srl\s+\$2,\$4,\$3"" ""srlv	$v0,$a0,$v1"" @ 52  # auto: was `srl	$2,$4,$3` -> `srlv	$v0,$a0,$v1`"
func_8002EBDC,code6cac_b,regfix.txt,3288,subst,width-sign-opcode-change,halfword-index-srl-sra,COVERED,97,active,ASM-PARTIAL,"func_8002EBDC: subst ""srl\s+\$5,\$4,\$2"" ""srlv	$a1,$a0,$v0"" @ 60  # auto: was `srl	$5,$4,$2` -> `srlv	$a1,$a0,$v0`"
func_8002EBDC,code6cac_b,regfix.txt,3289,subst,register+displacement,register-alloc-pure-c,PARTIAL,97,active,ASM-PARTIAL,"func_8002EBDC: subst ""addiu\s+\$17,\$zero,4096"" ""addiu	$s1,$s0,0xD8"" @ 63  # auto: was `addiu	$17,$zero,4096` -> `addiu	$s1,$s0,0xD8`"
func_8002EBDC,code6cac_b,regfix.txt,3290,subst,register-rename,register-alloc-pure-c,COVERED,97,active,ASM-PARTIAL,"func_8002EBDC: subst ""addu\s+\$5,\$18,\$zero"" ""addu	$a1,$s1,$zero"" @ 64  # auto: was `addu	$5,$18,$zero` -> `addu	$a1,$s1,$zero`"
func_8002EBDC,code6cac_b,regfix.txt,3291,insert_after,instruction-injection-insert,lost-codegen-insert-cheat,COVERED-FORBIDDEN,97,active,ASM-PARTIAL,"func_8002EBDC: insert_after ""addiu	$s2,$zero,0x1000"" @ 67  # auto: target has this after idx 67"
func_8002EBDC,code6cac_b,regfix.txt,3292,subst,register+displacement,register-alloc-pure-c,PARTIAL,97,active,ASM-PARTIAL,"func_8002EBDC: subst ""sh\s+\$17,216\(\$16\)"" ""sh	$s2,0xD8($s0)"" @ 69  # auto: was `sh	$17,216($16)` -> `sh	$s2,0xD8($s0)`"
func_8002EBDC,code6cac_b,regfix.txt,3293,subst,register+displacement,register-alloc-pure-c,PARTIAL,97,active,ASM-PARTIAL,"func_8002EBDC: subst ""sh\s+\$17,224\(\$16\)"" ""sh	$s2,0xE0($s0)"" @ 73  # auto: was `sh	$17,224($16)` -> `sh	$s2,0xE0($s0)`"
func_8002EBDC,code6cac_b,regfix.txt,3294,subst,register+displacement,register-alloc-pure-c,PARTIAL,97,active,ASM-PARTIAL,"func_8002EBDC: subst ""sh\s+\$17,232\(\$16\)"" ""sh	$s2,0xE8($s0)"" @ 78  # auto: was `sh	$17,232($16)` -> `sh	$s2,0xE8($s0)`"
func_8002EBDC,code6cac_b,regfix.txt,3295,subst,register-rename,register-alloc-pure-c,COVERED,97,active,ASM-PARTIAL,"func_8002EBDC: subst ""addu\s+\$5,\$18,\$zero"" ""addu	$a1,$s1,$zero"" @ 81  # auto: was `addu	$5,$18,$zero` -> `addu	$a1,$s1,$zero`"
func_8002EBDC,code6cac_b,regfix.txt,3296,subst,register-rename,register-alloc-pure-c,COVERED,97,active,ASM-PARTIAL,"func_8002EBDC: subst ""addu\s+\$12,\s+\$18,\$zero"" ""addu	$t4,$s1,$zero"" @ 82  # auto: was `addu	$12, $18,$zero` -> `addu	$t4,$s1,$zero`"
func_8002EBDC,code6cac_b,regfix.txt,3297,subst,gte-cop2-respell,gte-3x3,COVERED,97,active,ASM-PARTIAL,"func_8002EBDC: subst ""ctc2\s+\$13,\s+\$0"" ""ctc2	$t5,$0 /* handwritten instruction */"" @ 85  # auto: was `ctc2 $13, $0` -> `ctc2	$t5,$0 /* handwritten instruction */`"
func_8002EBDC,code6cac_b,regfix.txt,3298,subst,gte-cop2-respell,gte-3x3,COVERED,97,active,ASM-PARTIAL,"func_8002EBDC: subst ""ctc2\s+\$14,\s+\$1"" ""ctc2	$t6,$1 /* handwritten instruction */"" @ 86  # auto: was `ctc2 $14, $1` -> `ctc2	$t6,$1 /* handwritten instruction */`"
func_8002EBDC,code6cac_b,regfix.txt,3299,subst,gte-cop2-respell,gte-3x3,COVERED,97,active,ASM-PARTIAL,"func_8002EBDC: subst ""ctc2\s+\$13,\s+\$2"" ""ctc2	$t5,$2 /* handwritten instruction */"" @ 90  # auto: was `ctc2 $13, $2` -> `ctc2	$t5,$2 /* handwritten instruction */`"
func_8002EBDC,code6cac_b,regfix.txt,3300,subst,gte-cop2-respell,gte-3x3,COVERED,97,active,ASM-PARTIAL,"func_8002EBDC: subst ""ctc2\s+\$14,\s+\$3"" ""ctc2	$t6,$3 /* handwritten instruction */"" @ 91  # auto: was `ctc2 $14, $3` -> `ctc2	$t6,$3 /* handwritten instruction */`"
func_8002EBDC,code6cac_b,regfix.txt,3301,subst,gte-cop2-respell,gte-3x3,COVERED,97,active,ASM-PARTIAL,"func_8002EBDC: subst ""ctc2\s+\$15,\s+\$4"" ""ctc2	$t7,$4 /* handwritten instruction */"" @ 92  # auto: was `ctc2 $15, $4` -> `ctc2	$t7,$4 /* handwritten instruction */`"
func_8002EBDC,code6cac_b,regfix.txt,3302,subst,gte-cop2-respell,gte-3x3,COVERED,97,active,ASM-PARTIAL,"func_8002EBDC: subst ""mtc2\s+\$13,\s+\$0"" ""mtc2	$t5,$0 /* handwritten instruction */"" @ 98  # auto: was `mtc2 $13, $0` -> `mtc2	$t5,$0 /* handwritten instruction */`"
func_8002EBDC,code6cac_b,regfix.txt,3304,subst,gte-cop2-respell,gte-3x3,COVERED,97,active,ASM-PARTIAL,"func_8002EBDC: subst ""swc2\s+\$26,\s+4\(\$12\)"" ""swc2	$26,0x4($t4) /* handwritten instruction */"" @ 105  # auto: was `swc2 $26, 4($12)` -> `swc2	$26,0x4($t4) /* handwritten instruction */`"
func_8002EBDC,code6cac_b,regfix.txt,3305,subst,gte-cop2-respell,gte-3x3,COVERED,97,active,ASM-PARTIAL,"func_8002EBDC: subst ""swc2\s+\$27,\s+8\(\$12\)"" ""swc2	$27,0x8($t4) /* handwritten instruction */"" @ 106  # auto: was `swc2 $27, 8($12)` -> `swc2	$27,0x8($t4) /* handwritten instruction */`"
func_8002EBDC,code6cac_b,regfix.txt,3306,subst,register-rename,register-alloc-pure-c,COVERED,97,active,ASM-PARTIAL,"func_8002EBDC: subst ""addu\s+\$5,\$18,\$zero"" ""addu	$a1,$s1,$zero"" @ 130  # auto: was `addu	$5,$18,$zero` -> `addu	$a1,$s1,$zero`"
func_8002EBDC,code6cac_b,regfix.txt,3307,subst,register+displacement,register-alloc-pure-c,PARTIAL,97,active,ASM-PARTIAL,"func_8002EBDC: subst ""sh\s+\$17,216\(\$16\)"" ""sh	$s2,0xD8($s0)"" @ 134  # auto: was `sh	$17,216($16)` -> `sh	$s2,0xD8($s0)`"
func_8002EBDC,code6cac_b,regfix.txt,3308,subst,register+displacement,register-alloc-pure-c,PARTIAL,97,active,ASM-PARTIAL,"func_8002EBDC: subst ""sh\s+\$17,224\(\$16\)"" ""sh	$s2,0xE0($s0)"" @ 138  # auto: was `sh	$17,224($16)` -> `sh	$s2,0xE0($s0)`"
func_8002EBDC,code6cac_b,regfix.txt,3309,subst,register+displacement,register-alloc-pure-c,PARTIAL,97,active,ASM-PARTIAL,"func_8002EBDC: subst ""sh\s+\$17,232\(\$16\)"" ""sh	$s2,0xE8($s0)"" @ 142  # auto: was `sh	$17,232($16)` -> `sh	$s2,0xE8($s0)`"
func_8002EBDC,code6cac_b,regfix.txt,3310,subst,opcode-change,proven-spelling-class-reconstruction,PARTIAL,97,active,ASM-PARTIAL,"func_8002EBDC: subst ""subu\s+\$4,\$0,\$4"" ""negu	$a0,$a0"" @ 144  # auto: was `subu	$4,$0,$4` -> `negu	$a0,$a0`"
func_8002EBDC,code6cac_b,regfix.txt,3311,subst,register-rename,register-alloc-pure-c,COVERED,97,active,ASM-PARTIAL,"func_8002EBDC: subst ""addu\s+\$5,\$18,\$zero"" ""addu	$a1,$s1,$zero"" @ 146  # auto: was `addu	$5,$18,$zero` -> `addu	$a1,$s1,$zero`"
func_8002EBDC,code6cac_b,regfix.txt,3312,subst,opcode-change,proven-spelling-class-reconstruction,PARTIAL,97,active,ASM-PARTIAL,"func_8002EBDC: subst ""subu\s+\$4,\$0,\$4"" ""negu	$a0,$a0"" @ 148  # auto: was `subu	$4,$0,$4` -> `negu	$a0,$a0`"
func_8002EBDC,code6cac_b,regfix.txt,3313,subst,register-rename,register-alloc-pure-c,COVERED,97,active,ASM-PARTIAL,"func_8002EBDC: subst ""addu\s+\$12,\s+\$18,\$zero"" ""addu	$t4,$s1,$zero"" @ 149  # auto: was `addu	$12, $18,$zero` -> `addu	$t4,$s1,$zero`"
func_8002EBDC,code6cac_b,regfix.txt,3314,subst,gte-cop2-respell,gte-3x3,COVERED,97,active,ASM-PARTIAL,"func_8002EBDC: subst ""ctc2\s+\$13,\s+\$0"" ""ctc2	$t5,$0 /* handwritten instruction */"" @ 152  # auto: was `ctc2 $13, $0` -> `ctc2	$t5,$0 /* handwritten instruction */`"
func_8002EBDC,code6cac_b,regfix.txt,3315,subst,gte-cop2-respell,gte-3x3,COVERED,97,active,ASM-PARTIAL,"func_8002EBDC: subst ""ctc2\s+\$14,\s+\$1"" ""ctc2	$t6,$1 /* handwritten instruction */"" @ 153  # auto: was `ctc2 $14, $1` -> `ctc2	$t6,$1 /* handwritten instruction */`"
func_8002EBDC,code6cac_b,regfix.txt,3316,subst,gte-cop2-respell,gte-3x3,COVERED,97,active,ASM-PARTIAL,"func_8002EBDC: subst ""ctc2\s+\$13,\s+\$2"" ""ctc2	$t5,$2 /* handwritten instruction */"" @ 157  # auto: was `ctc2 $13, $2` -> `ctc2	$t5,$2 /* handwritten instruction */`"
func_8002EBDC,code6cac_b,regfix.txt,3317,subst,gte-cop2-respell,gte-3x3,COVERED,97,active,ASM-PARTIAL,"func_8002EBDC: subst ""ctc2\s+\$14,\s+\$3"" ""ctc2	$t6,$3 /* handwritten instruction */"" @ 158  # auto: was `ctc2 $14, $3` -> `ctc2	$t6,$3 /* handwritten instruction */`"
func_8002EBDC,code6cac_b,regfix.txt,3318,subst,gte-cop2-respell,gte-3x3,COVERED,97,active,ASM-PARTIAL,"func_8002EBDC: subst ""ctc2\s+\$15,\s+\$4"" ""ctc2	$t7,$4 /* handwritten instruction */"" @ 159  # auto: was `ctc2 $15, $4` -> `ctc2	$t7,$4 /* handwritten instruction */`"
func_8002EBDC,code6cac_b,regfix.txt,3319,subst,gte-cop2-respell,gte-3x3,COVERED,97,active,ASM-PARTIAL,"func_8002EBDC: subst ""mtc2\s+\$13,\s+\$0"" ""mtc2	$t5,$0 /* handwritten instruction */"" @ 165  # auto: was `mtc2 $13, $0` -> `mtc2	$t5,$0 /* handwritten instruction */`"
func_8002EBDC,code6cac_b,regfix.txt,3321,subst,gte-cop2-respell,gte-3x3,COVERED,97,active,ASM-PARTIAL,"func_8002EBDC: subst ""swc2\s+\$26,\s+4\(\$12\)"" ""swc2	$26,0x4($t4) /* handwritten instruction */"" @ 171  # auto: was `swc2 $26, 4($12)` -> `swc2	$26,0x4($t4) /* handwritten instruction */`"
func_8002EBDC,code6cac_b,regfix.txt,3322,subst,gte-cop2-respell,gte-3x3,COVERED,97,active,ASM-PARTIAL,"func_8002EBDC: subst ""swc2\s+\$27,\s+8\(\$12\)"" ""swc2	$27,0x8($t4) /* handwritten instruction */"" @ 172  # auto: was `swc2 $27, 8($12)` -> `swc2	$27,0x8($t4) /* handwritten instruction */`"
func_8002EBDC,code6cac_b,regfix.txt,3325,reorder,reorder-scheduling,loop-exit-work-inside-loop-sched-fence,COVERED,97,active,ASM-PARTIAL,"func_8002EBDC: reorder 29,28 @ 28-29"
func_8002EBDC,code6cac_b,regfix.txt,3328,reorder,reorder-scheduling,loop-exit-work-inside-loop-sched-fence,COVERED,97,active,ASM-PARTIAL,"func_8002EBDC: reorder 71,67,68,69,70 @ 67-71"
func_80048530,text1b,regfix.txt,3329,subst,register-rename,register-alloc-pure-c,COVERED,11,parked,C,"func_80048530: subst ""addu\s+\$5,\$5,\$4"" ""addu $a1,$a1,$v1"" @ 6"
func_80048530,text1b,regfix.txt,3330,subst,register-rename,register-alloc-pure-c,COVERED,11,parked,C,"func_80048530: subst ""addu\s+\$3,\$4,\$2"" ""addu $v1,$v0,$v1"" @ 9"
func_80048530,text1b,regfix.txt,3331,delete,delete-instruction,store-const-reload-cse,PARTIAL,11,parked,C,func_80048530: delete @ 8
func_80048530,text1b,regfix.txt,3332,reorder,reorder-scheduling,loop-exit-work-inside-loop-sched-fence,COVERED,11,parked,C,"func_80048530: reorder 3,5,6,4,1,2,7,9,8 @ 1-9"
func_80048530,text1b,regfix.txt,3333,reorder,reorder-scheduling,loop-exit-work-inside-loop-sched-fence,COVERED,11,parked,C,"func_80048530: reorder 28,29,30,31,32,33,27,34,35 @ 27-35"
func_800481E8,text1b,regfix.txt,3342,subst,frame-stack-offset,phantom-slot-frame-lever,COVERED,14,parked,C,"func_800481E8: subst ""subu\s+\$sp,\$sp,40"" ""subu	$sp,$sp,72"" @ 0"
func_800481E8,text1b,regfix.txt,3343,subst,memory-displacement,defeat-combine-symbol-fold,PARTIAL,14,parked,C,"func_800481E8: subst ""sw\s+\$16,24"" ""sw	$16,56"" @ 4"
func_800481E8,text1b,regfix.txt,3344,subst,memory-displacement,defeat-combine-symbol-fold,PARTIAL,14,parked,C,"func_800481E8: subst ""sw\s+\$17,28"" ""sw	$17,60"" @ 3"
func_800481E8,text1b,regfix.txt,3345,subst,memory-displacement,defeat-combine-symbol-fold,PARTIAL,14,parked,C,"func_800481E8: subst ""sw\s+\$18,32"" ""sw	$18,64"" @ 2"
func_800481E8,text1b,regfix.txt,3346,subst,memory-displacement,defeat-combine-symbol-fold,PARTIAL,14,parked,C,"func_800481E8: subst ""sw\s+\$31,36"" ""sw	$31,68"" @ 1"
func_800481E8,text1b,regfix.txt,3347,subst,register-rename,register-alloc-pure-c,COVERED,14,parked,C,"func_800481E8: subst ""addu\s+\$16,\$18,\$5"" ""addu	$16,$16,$5"" @ 9"
func_800481E8,text1b,regfix.txt,3348,reorder,reorder-scheduling,loop-exit-work-inside-loop-sched-fence,COVERED,14,parked,C,"func_800481E8: reorder 4,5,2,6,7,8,9,1,3 @ 1-9"
func_800481E8,text1b,regfix.txt,3349,subst,memory-displacement,defeat-combine-symbol-fold,PARTIAL,14,parked,C,"func_800481E8: subst ""lw\s+\$31,36"" ""lw	$31,68"" @ 49"
func_800481E8,text1b,regfix.txt,3350,subst,memory-displacement,defeat-combine-symbol-fold,PARTIAL,14,parked,C,"func_800481E8: subst ""lw\s+\$18,32"" ""lw	$18,64"" @ 50"
func_800481E8,text1b,regfix.txt,3351,subst,memory-displacement,defeat-combine-symbol-fold,PARTIAL,14,parked,C,"func_800481E8: subst ""lw\s+\$17,28"" ""lw	$17,60"" @ 51"
func_800481E8,text1b,regfix.txt,3352,subst,memory-displacement,defeat-combine-symbol-fold,PARTIAL,14,parked,C,"func_800481E8: subst ""lw\s+\$16,24"" ""lw	$16,56"" @ 52"
func_800481E8,text1b,regfix.txt,3353,subst,frame-stack-offset,phantom-slot-frame-lever,COVERED,14,parked,C,"func_800481E8: subst ""addu\s+\$sp,\$sp,40"" ""addu	$sp,$sp,72"" @ 53"
func_80019568,code6cac,regfix.txt,3355,reorder,reorder-scheduling,loop-exit-work-inside-loop-sched-fence,COVERED,42,active,C,"func_80019568: reorder 7,12,5,8,9,10,11,6 @ 5-12"
func_80019568,code6cac,regfix.txt,3356,reorder,reorder-scheduling,loop-exit-work-inside-loop-sched-fence,COVERED,42,active,C,"func_80019568: reorder 27,26 @ 26-27"
func_80019568,code6cac,regfix.txt,3357,subst,register-rename,register-alloc-pure-c,COVERED,42,active,C,"func_80019568: subst ""lbu\s+\$3,2\(\$7\)"" ""lbu\t$2,2($7)"" @ 41"
func_80019568,code6cac,regfix.txt,3358,subst,register-rename,register-alloc-pure-c,COVERED,42,active,C,"func_80019568: subst ""lbu\s+\$2,3\(\$7\)"" ""lbu\t$3,3($7)"" @ 42"
func_80019568,code6cac,regfix.txt,3359,subst,register-rename,register-alloc-pure-c,COVERED,42,active,C,"func_80019568: subst ""sll\s+\$3,\$3,8"" ""sll\t$2,$2,8"" @ 43"
func_8003F824,config,regfix_stage2.txt,7,subst,branch-label-retarget,switch-vs-ifchain-branch-sense,PARTIAL,61,active,C,"func_8003F824: subst ""beq.*"" ""lh\t$2,0($17)"" @ 96"
func_8003F824,config,regfix_stage2.txt,8,subst,branch-label-retarget,switch-vs-ifchain-branch-sense,PARTIAL,61,active,C,"func_8003F824: subst ""lh.*"" ""beq\t$2,$22,.L70+4"" @ 98"
func_8003F824,config,regfix_stage2.txt,9,subst,branch-label-retarget,switch-vs-ifchain-branch-sense,PARTIAL,61,active,C,"func_8003F824: subst ""bne.*"" ""lh\t$2,0($17)"" @ 101"
func_8003F824,config,regfix_stage2.txt,10,subst,branch-label-retarget,switch-vs-ifchain-branch-sense,PARTIAL,61,active,C,"func_8003F824: subst ""lh.*"" ""bne\t$2,$3,.L87+8"" @ 103"
func_8002E6B0,code6cac_b,asmfix.txt,11,delete_between,whole-body-asm-replace,canonical-asm-authorization-recipe,OPEN-CANONICAL,64,active,C,"func_8002E6B0: delete_between ""^\\.frame"" ""^\\.end\\s+func_8002E6B0$"""
func_8002E6B0,code6cac_b,asmfix.txt,12,insert_before,whole-body-asm-replace,canonical-asm-authorization-recipe,OPEN-CANONICAL,64,active,C,"func_8002E6B0: insert_before ""^\\.end\\s+func_8002E6B0$"" ""addiu $sp,$sp,-0x18\nlui $8,0x5555\nori $8,$8,0x5556\nsw $21,0x14($sp)\nsw $20,0x10($sp)\nsw $19,0xC($sp)\nsw $18,0x8($sp)\nsw $17,0x4($sp)\ns"
func_800393C8,code6cac_c_mid,asmfix.txt,14,delete_between,delete-range,OPEN,OPEN,57,active,C,"func_800393C8: delete_between ""^lh\\s+\\$8,0\\(\\$4\\)$"" ""^addu\\s+\\$sp,\\$sp,8$"""
func_800393C8,code6cac_c_mid,asmfix.txt,15,insert_before,splice-large-asm,OPEN,OPEN,57,active,C,"func_800393C8: insert_before ""^addu\\s+\\$sp,\\$sp,8$"" "".LsaSeInit2_loop:\nlh $8,0($4)\naddiu $2,$zero,-1\nbeq $8,$2,.LsaSeInit2_miss\naddiu $2,$8,-1\nlbu $11,-12($9)\nnop\nandi $3,$11,0xFF\nbne $3,$2"
func_80041BF4,text1a_post,asmfix.txt,24,delete_between,delete-range,OPEN,OPEN,41,active,C,"func_80041BF4: delete_between ""#nop.*'{lbl#6}:'"" ""^bgez"""
func_80041BF4,text1a_post,asmfix.txt,25,insert_before,instruction-injection-insert,lost-codegen-insert-cheat,COVERED-FORBIDDEN,41,active,C,"func_80041BF4: insert_before ""^lh\t\$2,0\(\$16\)"" ""{lbl#6}:"""
func_800335D8,code6cac_b,asmfix.txt,31,insert_before,instruction-injection-insert,lost-codegen-insert-cheat,COVERED-FORBIDDEN,65,active,C,"func_800335D8: insert_before ""^lh\\s+\\$2,0\\(\\$16\\)$"" "".Lmk_leaf_newpos_hit:"""
func_800335D8,code6cac_b,asmfix.txt,32,replace_first,branch-label-retarget,switch-vs-ifchain-branch-sense,PARTIAL,65,active,C,"func_800335D8: replace_first ""^beq\\s+\\$3,\\$21,\\.L[0-9]+$"" ""beq\t$3,$21,.Lmk_leaf_newpos_hit"""
func_8002D518,code6cac_b,asmfix.txt,38,insert_before,instruction-injection-insert,lost-codegen-insert-cheat,COVERED-FORBIDDEN,33,active,ASM-PARTIAL,"func_8002D518: insert_before ""^addu\t\\$sp,\\$sp,8$"" "".LsaTan5TakeAnim2_epilogue:"""
func_8002D518,code6cac_b,asmfix.txt,39,replace_first,branch-label-retarget,switch-vs-ifchain-branch-sense,PARTIAL,33,active,ASM-PARTIAL,"func_8002D518: replace_first ""^j\t\\.L[0-9]+(?=\naddu\t\\$2,\\$0,\\$zero\n\n\\.L[0-9]+:\nbeq\t\\$2,\\$0,\\.L[0-9]+$\naddu\t\\$4,\\$6,\\$zero)"" ""j\t.LsaTan5TakeAnim2_epilogue"""
func_8001B748,code6cac,asmfix.txt,50,replace_with_asmfile,whole-body-asm-replace,canonical-asm-authorization-recipe,OPEN-CANONICAL,32,active,C,"func_8001B748: replace_with_asmfile ""asm/funcs/func_8001B748.s"""
func_800283D0,code6cac_b,asmfix.txt,51,replace_with_asmfile,whole-body-asm-replace,canonical-asm-authorization-recipe,OPEN-CANONICAL,44,active,C,"func_800283D0: replace_with_asmfile ""asm/funcs/func_800283D0.s"""
func_8008C1E8,main,asmfix.txt,52,replace_with_asmfile,whole-body-asm-replace,canonical-asm-authorization-recipe,OPEN-CANONICAL,28,active,C,"func_8008C1E8: replace_with_asmfile ""asm/funcs/func_8008C1E8.s"""
func_80017848,ings,asmfix.txt,60,delete_between,whole-body-asm-replace,canonical-asm-authorization-recipe,OPEN-CANONICAL,16,active,C,"func_80017848: delete_between ""^\\.frame"" ""^\\.end\\s+func_80017848$"""
func_80017848,ings,asmfix.txt,61,insert_before,whole-body-asm-replace,canonical-asm-authorization-recipe,OPEN-CANONICAL,16,active,C,"func_80017848: insert_before ""^\\.end\\s+func_80017848$"" "".frame $sp,64,$31\n.mask 0x803f0000,-8\n.fmask 0x00000000,0\naddiu      $sp, $sp, -0x40\nsw         $s2, 0x28($sp)\naddu       $s2, $a0, $zero"
func_8003EB84,code6cac_c2,asmfix.txt,69,delete_between,whole-body-asm-replace,canonical-asm-authorization-recipe,OPEN-CANONICAL,81,active,C,"func_8003EB84: delete_between ""^\\.frame"" ""^\\.end\\s+func_8003EB84$"""
func_8003EB84,code6cac_c2,asmfix.txt,70,insert_before,whole-body-asm-replace,canonical-asm-authorization-recipe,OPEN-CANONICAL,81,active,C,"func_8003EB84: insert_before ""^\\.end\\s+func_8003EB84$"" "".frame $sp,136,$31\n.mask 0x00000000,0\n.fmask 0x00000000,0\nbltz       $a0, .L8003EBA0\n addiu     $sp, $sp, -0x88\nslti       $v0, $a0, 0x20"
func_8002CA8C,code6cac_b,asmfix.txt,74,delete_between,whole-body-asm-replace,canonical-asm-authorization-recipe,OPEN-CANONICAL,177,active,C,"func_8002CA8C: delete_between ""^\\.frame"" ""^\\.end\\s+func_8002CA8C$"""
func_8002CA8C,code6cac_b,asmfix.txt,75,insert_before,whole-body-asm-replace,canonical-asm-authorization-recipe,OPEN-CANONICAL,177,active,C,"func_8002CA8C: insert_before ""^\\.end\\s+func_8002CA8C$"" "".frame $sp,96,$31\n.mask 0xC0FF0000,-4\n.fmask 0x00000000,0\naddiu      $sp, $sp, -0x60\nsw         $s1, 0x3C($sp)\nlui        $s1, (0x1F8002B"
func_80070C70,text1b,asmfix.txt,83,rename,label-rename,global-label-drift-sibling-cheat,PARTIAL,118,active,C,"func_80070C70: rename ""{lbl#1}"" "".L80070D7C"""
func_80070C70,text1b,asmfix.txt,84,rename,label-rename,global-label-drift-sibling-cheat,PARTIAL,118,active,C,"func_80070C70: rename ""{lbl#7}"" "".L80070EEC"""
func_80070C70,text1b,asmfix.txt,85,delete_between,delete-range,OPEN,OPEN,118,active,C,"func_80070C70: delete_between ""^\.L80070D7C:$"" ""^\.L80070EEC:$"""
func_80070C70,text1b,asmfix.txt,86,insert_before,splice-large-asm,OPEN,OPEN,118,active,C,"func_80070C70: insert_before ""^\.L80070EEC:$"" "".L80070D7C:\nsw	$v0,0x30($sp)\nlw	$v0,0x10($s1)\naddiu	$a0,$sp,0x18\nsw	$s3,0x2C($sp)\njal	func_8007352C\nsw	$v0,0x20($sp)\nsw	$v0,0x10($s1)\nlw	$v0,0x18"
func_80056CB8,text1b,asmfix.txt,90,rename,label-rename,global-label-drift-sibling-cheat,PARTIAL,188,active,C,"func_80056CB8: rename ""{lbl#1}"" "".L80056D24"""
func_80056CB8,text1b,asmfix.txt,91,rename,label-rename,global-label-drift-sibling-cheat,PARTIAL,188,active,C,"func_80056CB8: rename ""{lbl#2}"" "".L80056FB4"""
func_80056CB8,text1b,asmfix.txt,92,delete_between,delete-range,OPEN,OPEN,188,active,C,"func_80056CB8: delete_between ""^\.L80056D24:$"" ""^\.L80056FB4:$"""
func_80056CB8,text1b,asmfix.txt,93,insert_before,splice-large-asm,OPEN,OPEN,188,active,C,"func_80056CB8: insert_before ""^\.L80056FB4:$"" "".L80056D24:\nlui	$at,%hi(D_8009A821)\naddu	$at,$at,$fp\nlbu	$v0,%lo(D_8009A821)($at)\nnop\nsll	$s0,$v0,8\nandi	$v0,$s0,0x1000\nbeqz	$v0,.L80056D48\naddu	"
func_80060A68,text1b,asmfix.txt,109,delete_between,delete-range,OPEN,OPEN,39,active,C,"func_80060A68: delete_between ""^lhu\t\$4,0\(\$3\)$"" ""^jal\t\$31,\$2$"""
func_80060A68,text1b,asmfix.txt,110,insert_before,splice-large-asm,OPEN,OPEN,39,active,C,"func_80060A68: insert_before ""^jal\t\$31,\$2$"" ""lhu	$2,0($3)\nnop\nsll	$2,$2,2\nlui	$1,%hi(D_800F10D0)\naddu	$1,$1,$2\nsw	$0,%lo(D_800F10D0)($1)\nlw	$2,12($3)\nlw	$4,12($3)\nlw	$5,16($3)\nlw	$2,0($2)\"
