# file	line	func	kind	acc	size	base	root	decl	off	struct	how	match	member	fake	cast_note   (memory/grind/phase2-2026-10-03/tools/casts.py)
src/main/6CF8.c	249	func_80016A8C	pun-load	Rect	8	& D_800A30D4	D_800A30D4	u8 (tu-global)	0x0		untyped				
src/main/6CF8.c	264	func_80016A8C	addr	u16	2	arg0	arg0	u8 * (param)	0x28		untyped				
src/main/6CF8.c	677	func_800174F4	addr	u32	4	g_gpu_ot_ptr	g_gpu_ot_ptr	u8 * (tu-global)	0x4		untyped			fn	
src/main/6CF8.c	683	obj_ClearAll	deref-store	s32	4	g_file_data_buf	g_file_data_buf	u8[] (header-global)	computed		untyped	computed			
src/main/6CF8.c	873	func_80017D84	pun-load	s32	4	p	p	u8 * (local)	0x0		untyped				
src/main/6CF8.c	878	func_80017D84	deref-store	u16	2	p	p	u8 * (local)	0x4		untyped				
src/main/6CF8.c	878	func_80017D84	pun-load	u16	2	a0	a0	u8 * (param)	0x0		untyped				
src/main/6CF8.c	879	func_80017D84	pun-store	s32	4	p	p	u8 * (local)	0x0		untyped				
src/main/6CF8.c	879	func_80017D84	deref-load	s32	4	a0	a0	u8 * (param)	0x4		untyped				
src/main/6CF8.c	880	func_80017D84	deref-store	ObjBlock	32	p	p	u8 * (local)	0x14		untyped				
src/main/6CF8.c	880	func_80017D84	deref-load	ObjBlock *	4	a0	a0	u8 * (param)	0xC		untyped				
src/main/6CF8.c	881	func_80017D84	deref-store	s32	4	p	p	u8 * (local)	0x8		untyped				
src/main/6CF8.c	881	func_80017D84	deref-load	s16	2	a0	a0	u8 * (param)	0x2		untyped				
src/main/6CF8.c	882	func_80017D84	deref-load	s32	4	a0	a0	u8 * (param)	0x10		untyped				
src/main/6CF8.c	883	func_80017D84	deref-store	s16	2	p	p	u8 * (local)	0x6		untyped				
src/main/6CF8.c	884	func_80017D84	deref-store	s32	4	p	p	u8 * (local)	0xC		untyped				
src/main/6CF8.c	885	func_80017D84	deref-store	s32	4	p	p	u8 * (local)	0x10		untyped				
src/main/6CF8.c	885	func_80017D84	deref-load	s16	2	p	p	u8 * (local)	0x4		untyped				
src/main/6CF8.c	890	obj_Clear	deref-store	s32	4	g_file_data_buf	g_file_data_buf	u8[] (header-global)	computed		untyped	computed			
src/main/6CF8.c	894	obj_UpdatePosition	deref-load	s32	4	ptr	ptr	u8 * (local)	0xC		untyped				
src/main/6CF8.c	895	obj_UpdatePosition	deref-store	s32	4	ptr	ptr	u8 * (local)	0xC		untyped				
src/main/6CF8.c	896	obj_UpdatePosition	deref-store	s32	4	ptr	ptr	u8 * (local)	0x10		untyped				
src/main/6CF8.c	896	obj_UpdatePosition	deref-load	s16	2	ptr	ptr	u8 * (local)	0x4		untyped				
src/main/6CF8.c	899	obj_AddValue	addr	s32	4	g_file_data_buf	g_file_data_buf	u8[] (header-global)	computed		untyped	computed			
src/main/87A0.c	155	func_80017FA0	addr	s32	4	( u8 * ) ptr	ptr	s32 * (local)	computed		untyped	computed		fn	
src/main/87A0.c	156	func_80017FA0	deref-store	s32	4	0x1F800064	0x1F800064	literal	computed		scratchpad	computed		fn	
src/main/87A0.c	158	func_80017FA0	deref-store	s32	4	0x1F800068	0x1F800068	literal	computed		scratchpad	computed		fn	
src/main/87A0.c	160	func_80017FA0	deref-store	s32	4	0x1F80006C	0x1F80006C	literal	computed		scratchpad	computed		fn	
src/main/87A0.c	166	func_80017FA0	deref-load	s32	4	( u8 * ) p68	p68	s32 * (local)	0x68		untyped			fn	
src/main/87A0.c	167	func_80017FA0	addr	s32	4	( u8 * ) p68	p68	s32 * (local)	0x4		untyped			fn	
src/main/87A0.c	175	func_80017FA0	index-load	s32	4	a0 [ 3 ]	a0	s32 * (param)	0x4		untyped			fn	
src/main/87A0.c	256	func_80018094	index-load	s32	4	arg0 [ 1 ]	arg0	s32 * (param)	0x14		untyped			fn	
src/main/87A0.c	258	func_80018094	index-load	s32	4	arg0 [ 1 ]	arg0	s32 * (param)	0x18		untyped			fn	
src/main/87A0.c	260	func_80018094	index-load	s32	4	arg0 [ 1 ]	arg0	s32 * (param)	0x1C		untyped			fn	
src/main/87A0.c	362	func_80018094	deref-store	MATRIX	32	dst	dst	s32 * (local)	0x5		untyped			fn	
src/main/87A0.c	362	func_80018094	pun-load	MATRIX	32	arg0 [ 1 ]	arg0	s32 * (param)	0x0		untyped			fn	
src/main/87A0.c	428	func_80018300	deref-load	s16	2	( u8 * ) arg0	arg0	s32 * (param)	0x6		untyped			fn	
src/main/87A0.c	429	func_80018300	deref-load	s32 *	4	( u8 * ) arg0	arg0	s32 * (param)	0x10		untyped			fn	
src/main/87A0.c	430	func_80018300	deref-load	u8 *	4	( u8 * ) arg0	arg0	s32 * (param)	0xC		untyped			fn	
src/main/87A0.c	441	func_80018300	addr	s32	4	base	base	u8 * (local)	computed		untyped	computed		fn	
src/main/87A0.c	442	func_80018300	addr	s32	4	base	base	u8 * (local)	computed		untyped	computed		fn	
src/main/87A0.c	502	func_80018300	addr	s32	4	base	base	u8 * (local)	computed		untyped	computed		fn	
src/main/87A0.c	503	func_80018300	addr	s32	4	base	base	u8 * (local)	computed		untyped	computed		fn	
src/main/87A0.c	511	func_80018300	addr	s32	4	base	base	u8 * (local)	computed		untyped	computed		fn	
src/main/87A0.c	512	func_80018300	addr	s32	4	base	base	u8 * (local)	computed		untyped	computed		fn	
src/main/87A0.c	707	func_800187F4	deref-load	s16	2	( u8 * ) arg1	arg1	s32 * (param)	0x4		untyped			fn	
src/main/87A0.c	808	func_800187F4	deref-load	s32	4	( u8 * ) arg0	arg0	s16 * (param)	0xC		untyped			fn	
src/main/87A0.c	1023	func_8001924C	deref-load	u8	1	( u8 * ) s0	s0	s16 * (local)	0x2		untyped			fn	
src/main/87A0.c	1025	func_8001924C	addr	s32	4	val * 52	val	s16 (local)	computed		unknown	computed		fn	
src/main/87A0.c	1028	func_8001924C	addr	s32	4	val * 52	val	s16 (local)	computed		unknown	computed		fn	
src/main/87A0.c	1031	func_8001924C	addr	s16	2	( u8 * ) s0	s0	s16 * (local)	0x10		untyped			fn	
src/main/87A0.c	1083	func_80019310	deref-load	s32	4	arg0	arg0	s16 * (param)	0x2		untyped				
src/main/87A0.c	1096	func_80019310	deref-load	s32	4	arg0	arg0	s16 * (param)	0x2		untyped				
src/main/87A0.c	1099	func_80019310	index-load	s16	2	arg1	arg1	s32 * (param)	0x4		untyped				
src/main/87A0.c	1111	func_80019310	addr	s32	4	arg1 [ 0 ]	arg1	s32 * (param)	computed		untyped	computed			
src/main/87A0.c	1136	func_80019310	addr	s32	4	( u8 * ) dst	dst	s32 * (local)	0x40		untyped				
src/main/87A0.c	1138	func_80019310	deref-store	MATRIX	32	arg1	arg1	s32 * (param)	0x5		untyped				
src/main/87A0.c	1138	func_80019310	deref-load	MATRIX *	4	arg0	arg0	s16 * (param)	0x2		untyped				
src/main/9F9C.c	77	func_8001979C	pun-store	u32 *	4	base	base	u32 (local)	0x0		untyped			fn	
src/main/9F9C.c	100	func_8001979C	deref-store	s16	2	dst	dst	u32 (local)	0xA		untyped			fn	
src/main/9F9C.c	102	func_8001979C	deref-store	s16	2	dst	dst	u32 (local)	0xA		untyped			fn	
src/main/9F9C.c	126	func_8001979C	deref-store	s16	2	dst2	dst2	u32 (local)	0x8E		untyped			fn	
src/main/9F9C.c	128	func_8001979C	deref-store	s16	2	dst2	dst2	u32 (local)	0x8E		untyped			fn	
src/main/9F9C.c	140	func_8001979C	deref-store	s32	4	out	out	u32 (local)	0x110		untyped			fn	
src/main/9F9C.c	146	func_8001979C	deref-store	s32	4	base	base	u32 (local)	0x10C		untyped			site	
src/main/9F9C.c	239	func_800198D0	deref-load	s32	4	rec	rec	u8 * (local)	0x10C		untyped				
src/main/9F9C.c	240	func_800198D0	deref-store	s32	4	rec	rec	u8 * (local)	0x10C		untyped				
src/main/9F9C.c	242	func_800198D0	pun-load	s32	4	slot	slot	u8 * (local)	0x0		untyped				
src/main/9F9C.c	244	func_800198D0	deref-store	s32	4	rec	rec	u8 * (local)	0x10C		untyped				
src/main/9F9C.c	248	func_800198D0	pun-load	s32	4	prev	prev	u8 * (local)	0x0		untyped				
src/main/9F9C.c	250	func_800198D0	deref-store	s32	4	rec	rec	u8 * (local)	0x10C		untyped				
src/main/9F9C.c	253	func_800198D0	pun-load	s32	4	slot	slot	u8 * (local)	0x0		untyped				
src/main/9F9C.c	254	func_800198D0	pun-load	s32	4	prev	prev	u8 * (local)	0x0		untyped				
src/main/9F9C.c	258	func_800198D0	pun-load	u32 *	4	rec	rec	u8 * (local)	0x0		untyped				
src/main/9F9C.c	288	func_800198D0	deref-load	u32 *	4	slot	slot	u8 * (local)	0x10C		untyped				
src/main/9F9C.c	289	func_800198D0	deref-load	s32	4	slot	slot	u8 * (local)	0x110		untyped				
src/main/9F9C.c	290	func_800198D0	deref-load	u32	4	slot	slot	u8 * (local)	0x114		untyped				
src/main/9F9C.c	424	func_800198D0	pun-store	s32	4	slot	slot	u8 * (local)	0x0		untyped				
src/main/9F9C.c	427	func_800198D0	deref-store	u32 *	4	slot	slot	u8 * (local)	0x10C		untyped				
src/main/9F9C.c	428	func_800198D0	deref-store	s32	4	slot	slot	u8 * (local)	0x110		untyped				
src/main/9F9C.c	429	func_800198D0	deref-store	u32	4	slot	slot	u8 * (local)	0x114		untyped				
src/main/9F9C.c	462	func_8001A538	deref-load	s16	2	( u8 * ) arg0	arg0	s32 * (param)	0x10		ambiguous(CamWork|Rec44)				
src/main/9F9C.c	463	func_8001A538	deref-load	s16	2	( u8 * ) arg0	arg0	s32 * (param)	0x12		ambiguous(CamWork|Rec44)				
src/main/9F9C.c	464	func_8001A538	deref-load	s16	2	( u8 * ) arg0	arg0	s32 * (param)	0x14		ambiguous(CamWork|Rec44)				
src/main/9F9C.c	597	func_8001A820	pun-load	CamVec		arg0	arg0	Vec3i32 * (param)	0x0	Vec3i32	decl	aggregate	x	fn	
src/main/9F9C.c	824	func_8001B478	deref-load	s32	4	obj	obj	u8 * (local)	0x19C	Unk80101EC8Record	assign(6182/2)	exact	unk_198[0].y		
src/main/9F9C.c	824	func_8001B478	deref-load	s32	4	obj	obj	u8 * (local)	0x1A8	Unk80101EC8Record	assign(6182/2)	exact	unk_198[1].y		
src/main/9F9C.c	824	func_8001B478	deref-load	s32	4	obj	obj	u8 * (local)	0x184	Unk80101EC8Record	assign(6182/2)	exact	unk_180.y		
src/main/9F9C.c	827	func_8001B478	deref-load	u16	2	obj	obj	u8 * (local)	0x6A	Unk80101EC8Record	assign(6182/2)	exact	unk_6A		
src/main/9F9C.c	830	func_8001B478	pun-store	s32	4	s2	s2	u8 * (local)	0x0	Rec44	assign(6182/3)	exact	w0		
src/main/9F9C.c	830	func_8001B478	deref-load	s32	4	obj	obj	u8 * (local)	0x180	Unk80101EC8Record	assign(6182/2)	exact	unk_180.x		
src/main/9F9C.c	831	func_8001B478	deref-load	s32	4	obj	obj	u8 * (local)	0x188	Unk80101EC8Record	assign(6182/2)	exact	unk_180.z		
src/main/9F9C.c	832	func_8001B478	deref-load	s32	4	obj	obj	u8 * (local)	0x184	Unk80101EC8Record	assign(6182/2)	exact	unk_180.y		
src/main/9F9C.c	835	func_8001B478	deref-load	s16	2	obj	obj	u8 * (local)	0x1A	Unk80101EC8Record	assign(6182/2)	exact	unk_1A		
src/main/9F9C.c	843	func_8001B478	deref-load	s32	4	s2	s2	u8 * (local)	0x4	Rec44	assign(6182/3)	exact	w4		
src/main/9F9C.c	847	func_8001B478	deref-load	s32	4	s2	s2	u8 * (local)	0x4	Rec44	assign(6182/3)	exact	w4		
src/main/9F9C.c	848	func_8001B478	deref-store	s32	4	s2	s2	u8 * (local)	0x4	Rec44	assign(6182/3)	exact	w4		
src/main/9F9C.c	851	func_8001B478	deref-load	u16	2	obj	obj	u8 * (local)	0x6A	Unk80101EC8Record	assign(6182/2)	exact	unk_6A		
src/main/9F9C.c	854	func_8001B478	deref-load	s16	2	obj	obj	u8 * (local)	0x1D8	Unk80101EC8Record	assign(6182/2)	exact	unk_1D8		
src/main/9F9C.c	854	func_8001B478	deref-load	s16	2	s2	s2	u8 * (local)	0x12	Rec44	assign(6182/3)	exact	h12		
src/main/9F9C.c	864	func_8001B478	deref-load	s32	4	* ( s32 * ) obj			0xF8		unknown				
src/main/9F9C.c	864	func_8001B478	pun-load	s32	4	obj	obj	u8 * (local)	0x0	Unk80101EC8Record	assign(6182/2)	exact	other		
src/main/9F9C.c	872	func_8001B478	deref-load	s16	2	s2	s2	u8 * (local)	0x10	Rec44	assign(6182/3)	exact	h10		
src/main/9F9C.c	877	func_8001B478	deref-store	s16	2	s2	s2	u8 * (local)	0x10	Rec44	assign(6182/3)	exact	h10		
src/main/9F9C.c	879	func_8001B478	deref-store	s16	2	s2	s2	u8 * (local)	0x14	Rec44	assign(6182/3)	exact	h14		
src/main/9F9C.c	883	func_8001B478	deref-load	s16	2	obj	obj	u8 * (local)	0x1CA	Unk80101EC8Record	assign(6182/2)	exact	unk_1C8.vy		
src/main/9F9C.c	887	func_8001B478	deref-load	s16	2	s2	s2	u8 * (local)	0x12	Rec44	assign(6182/3)	exact	h12		
src/main/9F9C.c	894	func_8001B478	deref-store	s16	2	s2	s2	u8 * (local)	0x12	Rec44	assign(6182/3)	exact	h12		
src/main/9F9C.c	899	func_8001B478	deref-load	s16	2	s2	s2	u8 * (local)	0x1C	Rec44	assign(6182/3)	exact	h1C		
src/main/9F9C.c	903	func_8001B478	deref-store	s16	2	s2	s2	u8 * (local)	0x1C	Rec44	assign(6182/3)	exact	h1C		
src/main/9F9C.c	906	func_8001B478	deref-store	s16	2	s2	s2	u8 * (local)	0x12	Rec44	assign(6182/3)	exact	h12		
src/main/9F9C.c	907	func_8001B478	deref-store	s16	2	s2	s2	u8 * (local)	0x1C	Rec44	assign(6182/3)	exact	h1C		
src/main/9F9C.c	910	func_8001B478	deref-store	s32	4	s2	s2	u8 * (local)	0x18	Rec44	assign(6182/3)	exact	w18		
src/main/9F9C.c	943	func_8001B748	ptradd	u8	1	D_80101EC8	D_80101EC8	Unk80101EC8Record[] (header-global)	computed	Unk80101EC8Record	decl	computed	other		
src/main/9F9C.c	967	func_8001B748	addr	s32	4	base	base	u8 * (local)	0x19C	Unk80101EC8Record	assign(7060/2)	addr-of	unk_198[0].y		
src/main/9F9C.c	967	func_8001B748	addr	s32	4	base	base	u8 * (local)	0x1A8	Unk80101EC8Record	assign(7060/2)	addr-of	unk_198[1].y		
src/main/9F9C.c	969	func_8001B748	addr	s32	4	base	base	u8 * (local)	0x184	Unk80101EC8Record	assign(7060/2)	addr-of	unk_180.y		
src/main/9F9C.c	1033	func_8001BAE4	deref-load	s16	2	( u8 * ) arg1	arg1	s32 * (param)	0x4		untyped				
src/main/9F9C.c	1033	func_8001BAE4	deref-load	s16	2	( u8 * ) arg0	arg0	s32 * (param)	0x4		untyped				
src/main/9F9C.c	1034	func_8001BAE4	deref-load	s16	2	( u8 * ) arg1	arg1	s32 * (param)	0x8		untyped				
src/main/9F9C.c	1034	func_8001BAE4	deref-load	s16	2	( u8 * ) arg0	arg0	s32 * (param)	0x8		untyped				
src/main/9F9C.c	1048	func_8001BBD8	deref-load	s16	2	( u8 * ) arg1	arg1	s32 * (param)	0x4		untyped				
src/main/9F9C.c	1048	func_8001BBD8	deref-load	s16	2	( u8 * ) arg0	arg0	s32 * (param)	0x4		untyped				
src/main/9F9C.c	1048	func_8001BBD8	deref-load	s16	2	( u8 * ) arg1	arg1	s32 * (param)	0x8		untyped				
src/main/9F9C.c	1048	func_8001BBD8	deref-load	s16	2	( u8 * ) arg0	arg0	s32 * (param)	0x8		untyped				
src/main/9F9C.c	1056	func_8001BC70	addr	Vec3	16	arg0	arg0	u8 * (param)	0x174	Unk80101EC8Record	caller(1/1)	addr-of	unk_174.x		
src/main/9F9C.c	1069	func_8001BCF0	pun-store	Vec3	16	& D_800F6608	D_800F6608	Rec44 (header-global)	0x0	Rec44	decl	size	w0		
src/main/9F9C.c	1069	func_8001BCF0	deref-load	Vec3	16	arg0	arg0	u8 * (param)	0xB8	Unk80101EC8Record	caller(1/1)	size	unk_B8.vx		
src/main/9F9C.c	1078	func_8001BCF0	deref-load	u16	2	arg0	arg0	u8 * (param)	0x1CA	Unk80101EC8Record	caller(1/1)	sign	unk_1C8.vy		
src/main/9F9C.c	1238	func_8001C624	addr	s32	4	e	e	u8 * (local)	0xD8	Unk80101EC8Record	assign(9643/2)	addr-of	unk_D8.x	fn	
src/main/9F9C.c	1240	func_8001C624	deref-store	s32	4	e	e	u8 * (local)	0xE8	Unk80101EC8Record	assign(9643/2)	exact	unk_E8.x	fn	
src/main/9F9C.c	1241	func_8001C624	deref-load	s32	4	e	e	u8 * (local)	0xD8	Unk80101EC8Record	assign(9643/2)	exact	unk_D8.x	fn	
src/main/9F9C.c	1242	func_8001C624	deref-load	s32	4	e	e	u8 * (local)	0xDC	Unk80101EC8Record	assign(9643/2)	exact	unk_D8.y	fn	
src/main/9F9C.c	1243	func_8001C624	deref-load	s32	4	e	e	u8 * (local)	0xE0	Unk80101EC8Record	assign(9643/2)	exact	unk_D8.z	fn	
src/main/9F9C.c	1244	func_8001C624	deref-store	s32	4	e	e	u8 * (local)	0xEC	Unk80101EC8Record	assign(9643/2)	exact	unk_E8.y	fn	
src/main/9F9C.c	1245	func_8001C624	deref-store	s32	4	e	e	u8 * (local)	0xF0	Unk80101EC8Record	assign(9643/2)	exact	unk_E8.z	fn	
src/main/9F9C.c	1246	func_8001C624	deref-store	s32	4	e	e	u8 * (local)	0xF4	Unk80101EC8Record	assign(9643/2)	exact	unk_F4.x	fn	
src/main/9F9C.c	1247	func_8001C624	deref-store	s32	4	e	e	u8 * (local)	0xF8	Unk80101EC8Record	assign(9643/2)	exact	unk_F4.y	fn	
src/main/9F9C.c	1248	func_8001C624	deref-store	s32	4	e	e	u8 * (local)	0xFC	Unk80101EC8Record	assign(9643/2)	exact	unk_F4.z	fn	
src/main/9F9C.c	1249	func_8001C624	deref-store	s32	4	e	e	u8 * (local)	0xB8	Unk80101EC8Record	assign(9643/2)	exact	unk_B8.vx	fn	
src/main/9F9C.c	1250	func_8001C624	deref-store	s32	4	e	e	u8 * (local)	0xBC	Unk80101EC8Record	assign(9643/2)	exact	unk_B8.vy	fn	
src/main/9F9C.c	1251	func_8001C624	deref-store	s32	4	e	e	u8 * (local)	0xC0	Unk80101EC8Record	assign(9643/2)	exact	unk_B8.vz	fn	
src/main/9F9C.c	1252	func_8001C624	deref-store	Blk16		e	e	u8 * (local)	0xC8	Unk80101EC8Record	assign(9643/2)	aggregate	unk_C8.vx	fn	
src/main/9F9C.c	1252	func_8001C624	deref-load	Blk16		e	e	u8 * (local)	0xB8	Unk80101EC8Record	assign(9643/2)	aggregate	unk_B8.vx	fn	
src/main/9F9C.c	1253	func_8001C624	deref-store	Blk12		e	e	u8 * (local)	0x1F8	Unk80101EC8Record	assign(9643/2)	aggregate	unk_1F8.x	fn	
src/main/9F9C.c	1253	func_8001C624	deref-load	Blk12		e	e	u8 * (local)	0xE8	Unk80101EC8Record	assign(9643/2)	aggregate	unk_E8.x	fn	
src/main/9F9C.c	1254	func_8001C624	deref-store	s32	4	e	e	u8 * (local)	0x104	Unk80101EC8Record	assign(9643/2)	exact	unk_104.vx	fn	
src/main/9F9C.c	1255	func_8001C624	deref-store	s32	4	e	e	u8 * (local)	0x108	Unk80101EC8Record	assign(9643/2)	exact	unk_104.vy	fn	
src/main/9F9C.c	1256	func_8001C624	deref-store	s32	4	e	e	u8 * (local)	0x10C	Unk80101EC8Record	assign(9643/2)	exact	unk_104.vz	fn	
src/main/9F9C.c	1257	func_8001C624	deref-store	Blk16		e	e	u8 * (local)	0x24C	Unk80101EC8Record	assign(9643/2)	aggregate	unk_24C.vx	fn	
src/main/9F9C.c	1257	func_8001C624	deref-load	Blk16		e	e	u8 * (local)	0x104	Unk80101EC8Record	assign(9643/2)	aggregate	unk_104.vx	fn	
src/main/9F9C.c	1264	func_8001C624	deref-store	s32	4	e	e	u8 * (local)	0x114	Unk80101EC8Record	assign(9643/2)	exact	unk_114[0].vx	fn	
src/main/9F9C.c	1265	func_8001C624	deref-store	s32	4	e	e	u8 * (local)	0x118	Unk80101EC8Record	assign(9643/2)	exact	unk_114[0].vy	fn	
src/main/9F9C.c	1266	func_8001C624	deref-store	s32	4	e	e	u8 * (local)	0x11C	Unk80101EC8Record	assign(9643/2)	exact	unk_114[0].vz	fn	
src/main/9F9C.c	1267	func_8001C624	deref-store	s32	4	e	e	u8 * (local)	0x124	Unk80101EC8Record	assign(9643/2)	exact	unk_114[1].vx	fn	
src/main/9F9C.c	1268	func_8001C624	deref-store	s32	4	e	e	u8 * (local)	0x128	Unk80101EC8Record	assign(9643/2)	exact	unk_114[1].vy	fn	
src/main/9F9C.c	1269	func_8001C624	deref-store	s32	4	e	e	u8 * (local)	0x12C	Unk80101EC8Record	assign(9643/2)	exact	unk_114[1].vz	fn	
src/main/9F9C.c	1270	func_8001C624	deref-store	s32	4	e	e	u8 * (local)	0x134	Unk80101EC8Record	assign(9643/2)	exact	unk_134.vx	fn	
src/main/9F9C.c	1271	func_8001C624	deref-store	s32	4	e	e	u8 * (local)	0x138	Unk80101EC8Record	assign(9643/2)	exact	unk_134.vy	fn	
src/main/9F9C.c	1272	func_8001C624	deref-store	s32	4	e	e	u8 * (local)	0x13C	Unk80101EC8Record	assign(9643/2)	exact	unk_134.vz	fn	
src/main/9F9C.c	1273	func_8001C624	deref-store	s32	4	e	e	u8 * (local)	0x144	Unk80101EC8Record	assign(9643/2)	exact	unk_144	fn	
src/main/9F9C.c	1274	func_8001C624	deref-store	s16	2	e	e	u8 * (local)	0x14C	Unk80101EC8Record	assign(9643/2)	exact	unk_14C	fn	
src/main/9F9C.c	1275	func_8001C624	deref-store	s16	2	e	e	u8 * (local)	0x150	Unk80101EC8Record	assign(9643/2)	exact	unk_150	fn	
src/main/9F9C.c	1276	func_8001C624	deref-store	s16	2	e	e	u8 * (local)	0x152	Unk80101EC8Record	assign(9643/2)	exact	unk_152	fn	
src/main/9F9C.c	1277	func_8001C624	deref-store	s16	2	e	e	u8 * (local)	0x14E	Unk80101EC8Record	assign(9643/2)	exact	unk_14E	fn	
src/main/9F9C.c	1278	func_8001C624	deref-store	s32	4	e	e	u8 * (local)	0x148	Unk80101EC8Record	assign(9643/2)	exact	unk_148	fn	
src/main/9F9C.c	1278	func_8001C624	deref-load	s32	4	e	e	u8 * (local)	0xBC	Unk80101EC8Record	assign(9643/2)	exact	unk_B8.vy	fn	
src/main/9F9C.c	1297	func_8001C820	ptradd	u8	1	s0	s0	s16 * (local)	0x536		untyped				
src/main/9F9C.c	1425	func_8001CD68	pun-store	s16	2	arg0	arg0	s16 * (param)	0x0		untyped				
src/main/9F9C.c	1426	func_8001CD68	ptradd	u8	1	arg0	arg0	s16 * (param)	0x2		untyped				
src/main/9F9C.c	1427	func_8001CD68	ptradd	u8	1	arg0	arg0	s16 * (param)	0x3		untyped				
src/main/9F9C.c	1433	func_8001CD68	ptradd	u8	1	arg0	arg0	s16 * (param)	0x2		untyped				
src/main/9F9C.c	1436	func_8001CD68	pun-store	s16	2	arg0	arg0	s16 * (param)	0x0		untyped				
src/main/9F9C.c	1437	func_8001CD68	ptradd	u8	1	arg0	arg0	s16 * (param)	0x3		untyped				
src/main/9F9C.c	2031	func_8001E6E4	deref-load	u16	2	( u8 * ) s2	s2	s32 * (local)	0x10	Rec44	assign(14116/2)	sign	h10	fn	
src/main/9F9C.c	2032	func_8001E6E4	deref-load	u16	2	( u8 * ) s2	s2	s32 * (local)	0x12	Rec44	assign(14116/2)	sign	h12	fn	
src/main/9F9C.c	2033	func_8001E6E4	deref-load	u16	2	( u8 * ) s2	s2	s32 * (local)	0x14	Rec44	assign(14116/2)	sign	h14	fn	
src/main/9F9C.c	2035	func_8001E6E4	deref-load	s32	4	( u8 * ) s2	s2	s32 * (local)	0x18	Rec44	assign(14116/2)	exact	w18	fn	
src/main/9F9C.c	2039	func_8001E6E4	addr	s32	4	( u8 * ) s2	s2	s32 * (local)	0x20	Rec44	assign(14116/2)	addr-of	w20	fn	
src/main/9F9C.c	2048	func_8001E800	ptradd	u8	1	D_80101EC8	D_80101EC8	Unk80101EC8Record[] (header-global)	computed	Unk80101EC8Record	decl	computed	other		
src/main/9F9C.c	2051	func_8001E800	deref-load	s16	2	ptr	ptr	u8 * (local)	0xE	Unk80101EC8Record	assign(14202/2)	exact	unk_0E		
src/main/9F9C.c	2196	func_8001EEB4	ptradd	u8	1	D_80101EC8	D_80101EC8	Unk80101EC8Record[] (header-global)	computed	Unk80101EC8Record	decl	computed	other		
src/main/9F9C.c	2197	func_8001EEB4	deref-load	u16	2	entry	entry	u8 * (local)	0x6A	Unk80101EC8Record	assign(15171/2)	exact	unk_6A		
src/main/9F9C.c	2199	func_8001EEB4	deref-load	s16	2	entry	entry	u8 * (local)	0x72	Unk80101EC8Record	assign(15171/2)	exact	unk_72		
src/main/9F9C.c	2200	func_8001EEB4	deref-load	s16	2	entry	entry	u8 * (local)	0x96	Unk80101EC8Record	assign(15171/2)	exact	unk_96		
src/main/9F9C.c	2203	func_8001EEB4	deref-load	s16	2	entry	entry	u8 * (local)	0xA	Unk80101EC8Record	assign(15171/2)	exact	unk_0A		
src/main/9F9C.c	2205	func_8001EEB4	deref-store	s16	2	entry	entry	u8 * (local)	0x5E	Unk80101EC8Record	assign(15171/2)	exact	unk_5E		
src/main/9F9C.c	2208	func_8001EEB4	deref-store	s16	2	entry	entry	u8 * (local)	0x26C	Unk80101EC8Record	assign(15171/2)	exact	unk_26C		
src/main/9F9C.c	2266	func_8001F1C4	deref-load	u8	1	arg1	arg1	u8 * (param)	0x18		untyped				
src/main/9F9C.c	2270	func_8001F1C4	addr	s16	2	arg2	arg2	u8 * (param)	0x36		untyped				
src/main/9F9C.c	2270	func_8001F1C4	deref-load	s8	1	arg1	arg1	u8 * (param)	0x14		untyped				
src/main/9F9C.c	2270	func_8001F1C4	deref-load	s8	1	arg1	arg1	u8 * (param)	0x15		untyped				
src/main/9F9C.c	2271	func_8001F1C4	addr	s16	2	arg3	arg3	u8 * (param)	0x36		untyped				
src/main/9F9C.c	2271	func_8001F1C4	deref-load	s8	1	arg1	arg1	u8 * (param)	0x14		untyped				
src/main/9F9C.c	2271	func_8001F1C4	deref-load	s8	1	arg1	arg1	u8 * (param)	0x15		untyped				
src/main/9F9C.c	2272	func_8001F1C4	deref-load	s16	2	arg0	arg0	u8 * (param)	0xC	Unk80101EC8Record	caller(1/1)	exact	unk_0C		
src/main/9F9C.c	2274	func_8001F1C4	deref-store	u16	2	arg2	arg2	u8 * (param)	0x7E		untyped				
src/main/9F9C.c	2274	func_8001F1C4	deref-load	u16	2	arg2	arg2	u8 * (param)	0x7E		untyped				
src/main/9F9C.c	2274	func_8001F1C4	deref-load	s8	1	arg1	arg1	u8 * (param)	0x16		untyped				
src/main/9F9C.c	2275	func_8001F1C4	deref-store	u16	2	arg3	arg3	u8 * (param)	0x7E		untyped				
src/main/9F9C.c	2275	func_8001F1C4	deref-load	u16	2	arg3	arg3	u8 * (param)	0x7E		untyped				
src/main/9F9C.c	2275	func_8001F1C4	deref-load	s8	1	arg1	arg1	u8 * (param)	0x16		untyped				
src/main/9F9C.c	2277	func_8001F1C4	deref-load	u16	2	arg0	arg0	u8 * (param)	0xE	Unk80101EC8Record	caller(1/1)	sign	unk_0E		
src/main/9F9C.c	2278	func_8001F1C4	deref-store	u16	2	arg2	arg2	u8 * (param)	0x72		untyped				
src/main/9F9C.c	2278	func_8001F1C4	deref-load	u16	2	arg2	arg2	u8 * (param)	0x72		untyped				
src/main/9F9C.c	2278	func_8001F1C4	deref-load	s8	1	arg1	arg1	u8 * (param)	0x16		untyped				
src/main/9F9C.c	2279	func_8001F1C4	deref-store	u16	2	arg3	arg3	u8 * (param)	0x72		untyped				
src/main/9F9C.c	2279	func_8001F1C4	deref-load	u16	2	arg3	arg3	u8 * (param)	0x72		untyped				
src/main/9F9C.c	2279	func_8001F1C4	deref-load	s8	1	arg1	arg1	u8 * (param)	0x16		untyped				
src/main/9F9C.c	2326	func_8001F2E4	deref-load	s16	2	obj	obj	u8 * (param)	0x26C	Unk80101EC8Record	caller(1/1)	exact	unk_26C	fn	
src/main/9F9C.c	2330	func_8001F2E4	deref-load	u16	2	obj	obj	u8 * (param)	0x6A	Unk80101EC8Record	caller(1/1)	exact	unk_6A	fn	
src/main/9F9C.c	2330	func_8001F2E4	deref-load	u16	2	obj	obj	u8 * (param)	0x6A	Unk80101EC8Record	caller(1/1)	exact	unk_6A	fn	
src/main/9F9C.c	2331	func_8001F2E4	deref-load	s16	2	obj	obj	u8 * (param)	0xC	Unk80101EC8Record	caller(1/1)	exact	unk_0C	fn	
src/main/9F9C.c	2339	func_8001F2E4	deref-load	s16	2	obj	obj	u8 * (param)	0x1D8	Unk80101EC8Record	caller(1/1)	exact	unk_1D8	fn	
src/main/9F9C.c	2339	func_8001F2E4	deref-load	s16	2	obj	obj	u8 * (param)	0x1CA	Unk80101EC8Record	caller(1/1)	exact	unk_1C8.vy	fn	
src/main/9F9C.c	2348	func_8001F2E4	deref-load	s32	4	* ( u8 * * ) obj			0x180		unknown			fn	
src/main/9F9C.c	2348	func_8001F2E4	pun-load	u8 *	4	obj	obj	u8 * (param)	0x0	Unk80101EC8Record	caller(1/1)	exact	other	fn	
src/main/9F9C.c	2348	func_8001F2E4	deref-load	s32	4	obj	obj	u8 * (param)	0x180	Unk80101EC8Record	caller(1/1)	exact	unk_180.x	fn	
src/main/9F9C.c	2349	func_8001F2E4	deref-load	s32	4	* ( u8 * * ) obj			0x188		unknown			fn	
src/main/9F9C.c	2349	func_8001F2E4	pun-load	u8 *	4	obj	obj	u8 * (param)	0x0	Unk80101EC8Record	caller(1/1)	exact	other	fn	
src/main/9F9C.c	2349	func_8001F2E4	deref-load	s32	4	obj	obj	u8 * (param)	0x188	Unk80101EC8Record	caller(1/1)	exact	unk_180.z	fn	
src/main/9F9C.c	2373	func_8001F2E4	deref-load	s32	4	* ( u8 * * ) obj			0x184		unknown			fn	
src/main/9F9C.c	2373	func_8001F2E4	pun-load	u8 *	4	obj	obj	u8 * (param)	0x0	Unk80101EC8Record	caller(1/1)	exact	other	fn	
src/main/9F9C.c	2373	func_8001F2E4	deref-load	s32	4	obj	obj	u8 * (param)	0x184	Unk80101EC8Record	caller(1/1)	exact	unk_180.y	fn	
src/main/9F9C.c	2387	func_8001F2E4	deref-load	s16	2	obj	obj	u8 * (param)	0x1E6	Unk80101EC8Record	caller(1/1)	exact	unk_1E6	fn	
src/main/9F9C.c	2391	func_8001F2E4	deref-store	s16	2	obj	obj	u8 * (param)	0x1E6	Unk80101EC8Record	caller(1/1)	exact	unk_1E6	fn	
src/main/9F9C.c	2391	func_8001F2E4	deref-load	s16	2	obj	obj	u8 * (param)	0x1E6	Unk80101EC8Record	caller(1/1)	exact	unk_1E6	fn	
src/main/9F9C.c	2392	func_8001F2E4	deref-load	s16	2	obj	obj	u8 * (param)	0x1E8	Unk80101EC8Record	caller(1/1)	exact	unk_1E8	fn	
src/main/9F9C.c	2396	func_8001F2E4	deref-store	s16	2	obj	obj	u8 * (param)	0x1E8	Unk80101EC8Record	caller(1/1)	exact	unk_1E8	fn	
src/main/9F9C.c	2396	func_8001F2E4	deref-load	s16	2	obj	obj	u8 * (param)	0x1E8	Unk80101EC8Record	caller(1/1)	exact	unk_1E8	fn	
src/main/9F9C.c	2397	func_8001F2E4	addr	s16	2	a	a	u8 * (param)	0x36	MotionFrame	caller(1/1)	addr-of	unk_0C[21]	fn	
src/main/9F9C.c	2397	func_8001F2E4	deref-load	s16	2	obj	obj	u8 * (param)	0x1E6	Unk80101EC8Record	caller(1/1)	exact	unk_1E6	fn	
src/main/9F9C.c	2397	func_8001F2E4	deref-load	s16	2	obj	obj	u8 * (param)	0x1E8	Unk80101EC8Record	caller(1/1)	exact	unk_1E8	fn	
src/main/9F9C.c	2398	func_8001F2E4	addr	s16	2	b	b	u8 * (param)	0x36	MotionFrame	caller(1/1)	addr-of	unk_0C[21]	fn	
src/main/9F9C.c	2398	func_8001F2E4	deref-load	s16	2	obj	obj	u8 * (param)	0x1E6	Unk80101EC8Record	caller(1/1)	exact	unk_1E6	fn	
src/main/9F9C.c	2398	func_8001F2E4	deref-load	s16	2	obj	obj	u8 * (param)	0x1E8	Unk80101EC8Record	caller(1/1)	exact	unk_1E8	fn	
src/main/9F9C.c	2400	func_8001F2E4	deref-load	s16	2	obj	obj	u8 * (param)	0xC	Unk80101EC8Record	caller(1/1)	exact	unk_0C	fn	
src/main/9F9C.c	2401	func_8001F2E4	deref-load	s16	2	obj	obj	u8 * (param)	0x8C	Unk80101EC8Record	caller(1/1)	exact	unk_8C	fn	
src/main/9F9C.c	2402	func_8001F2E4	deref-load	s32	4	* ( u8 * * ) obj			0xF8		unknown			fn	
src/main/9F9C.c	2402	func_8001F2E4	pun-load	u8 *	4	obj	obj	u8 * (param)	0x0	Unk80101EC8Record	caller(1/1)	exact	other	fn	
src/main/9F9C.c	2402	func_8001F2E4	deref-load	s32	4	obj	obj	u8 * (param)	0xF8	Unk80101EC8Record	caller(1/1)	exact	unk_F4.y	fn	
src/main/9F9C.c	2411	func_8001F2E4	deref-store	s16	2	obj	obj	u8 * (param)	0x1EA	Unk80101EC8Record	caller(1/1)	exact	unk_1EA	fn	
src/main/9F9C.c	2412	func_8001F2E4	deref-store	u16	2	a	a	u8 * (param)	0x7E	MotionFrame	caller(1/1)	exact	unk_0C[57]	fn	
src/main/9F9C.c	2413	func_8001F2E4	deref-store	u16	2	b	b	u8 * (param)	0x7E	MotionFrame	caller(1/1)	exact	unk_0C[57]	fn	
src/main/9F9C.c	2416	func_8001F2E4	deref-load	u16	2	obj	obj	u8 * (param)	0xE	Unk80101EC8Record	caller(1/1)	sign	unk_0E	fn	
src/main/9F9C.c	2416	func_8001F2E4	deref-load	u16	2	obj	obj	u8 * (param)	0x6A	Unk80101EC8Record	caller(1/1)	exact	unk_6A	fn	
src/main/9F9C.c	2420	func_8001F2E4	deref-load	s32	4	obj	obj	u8 * (param)	0x268	Unk80101EC8Record	caller(1/1)	exact	unk_268	fn	
src/main/9F9C.c	2421	func_8001F2E4	deref-store	s32	4	obj	obj	u8 * (param)	0x25C	Unk80101EC8Record	caller(1/1)	size	unk_25C	fn	
src/main/9F9C.c	2421	func_8001F2E4	deref-load	s32	4	obj	obj	u8 * (param)	0xF4	Unk80101EC8Record	caller(1/1)	exact	unk_F4.x	fn	
src/main/9F9C.c	2422	func_8001F2E4	deref-store	s32	4	obj	obj	u8 * (param)	0x260	Unk80101EC8Record	caller(1/1)	inside	unk_25C	fn	
src/main/9F9C.c	2422	func_8001F2E4	deref-load	s32	4	obj	obj	u8 * (param)	0xF8	Unk80101EC8Record	caller(1/1)	exact	unk_F4.y	fn	
src/main/9F9C.c	2423	func_8001F2E4	deref-store	s32	4	obj	obj	u8 * (param)	0x264	Unk80101EC8Record	caller(1/1)	inside	unk_25C	fn	
src/main/9F9C.c	2423	func_8001F2E4	deref-load	s32	4	obj	obj	u8 * (param)	0xFC	Unk80101EC8Record	caller(1/1)	exact	unk_F4.z	fn	
src/main/9F9C.c	2425	func_8001F2E4	deref-load	s32	4	* ( u8 * * ) obj			0xF4		unknown			fn	
src/main/9F9C.c	2425	func_8001F2E4	pun-load	u8 *	4	obj	obj	u8 * (param)	0x0	Unk80101EC8Record	caller(1/1)	exact	other	fn	
src/main/9F9C.c	2425	func_8001F2E4	deref-load	s32	4	obj	obj	u8 * (param)	0x25C	Unk80101EC8Record	caller(1/1)	size	unk_25C	fn	
src/main/9F9C.c	2426	func_8001F2E4	deref-load	s32	4	* ( u8 * * ) obj			0xFC		unknown			fn	
src/main/9F9C.c	2426	func_8001F2E4	pun-load	u8 *	4	obj	obj	u8 * (param)	0x0	Unk80101EC8Record	caller(1/1)	exact	other	fn	
src/main/9F9C.c	2426	func_8001F2E4	deref-load	s32	4	obj	obj	u8 * (param)	0x264	Unk80101EC8Record	caller(1/1)	inside	unk_25C	fn	
src/main/9F9C.c	2450	func_8001F2E4	deref-load	s32	4	* ( u8 * * ) obj			0xF8		unknown			fn	
src/main/9F9C.c	2450	func_8001F2E4	pun-load	u8 *	4	obj	obj	u8 * (param)	0x0	Unk80101EC8Record	caller(1/1)	exact	other	fn	
src/main/9F9C.c	2450	func_8001F2E4	deref-load	s32	4	obj	obj	u8 * (param)	0x260	Unk80101EC8Record	caller(1/1)	inside	unk_25C	fn	
src/main/9F9C.c	2459	func_8001F2E4	deref-load	s16	2	obj	obj	u8 * (param)	0x1EA	Unk80101EC8Record	caller(1/1)	exact	unk_1EA	fn	
src/main/9F9C.c	2463	func_8001F2E4	deref-store	s16	2	obj	obj	u8 * (param)	0x1EA	Unk80101EC8Record	caller(1/1)	exact	unk_1EA	fn	
src/main/9F9C.c	2463	func_8001F2E4	deref-load	s16	2	obj	obj	u8 * (param)	0x1EA	Unk80101EC8Record	caller(1/1)	exact	unk_1EA	fn	
src/main/9F9C.c	2464	func_8001F2E4	deref-store	u16	2	a	a	u8 * (param)	0x72	MotionFrame	caller(1/1)	exact	unk_0C[51]	fn	
src/main/9F9C.c	2464	func_8001F2E4	deref-load	s16	2	obj	obj	u8 * (param)	0x1EA	Unk80101EC8Record	caller(1/1)	exact	unk_1EA	fn	
src/main/9F9C.c	2465	func_8001F2E4	deref-store	u16	2	b	b	u8 * (param)	0x72	MotionFrame	caller(1/1)	exact	unk_0C[51]	fn	
src/main/9F9C.c	2465	func_8001F2E4	deref-load	s16	2	obj	obj	u8 * (param)	0x1EA	Unk80101EC8Record	caller(1/1)	exact	unk_1EA	fn	
src/main/9F9C.c	2468	func_8001F2E4	deref-load	s16	2	obj	obj	u8 * (param)	0x26E	Unk80101EC8Record	caller(1/1)	exact	unk_26E	fn	
src/main/9F9C.c	2468	func_8001F2E4	deref-load	s16	2	obj	obj	u8 * (param)	0x96	Unk80101EC8Record	caller(1/1)	exact	unk_96	fn	
src/main/9F9C.c	2470	func_8001F2E4	deref-store	u16	2	a	a	u8 * (param)	0xC	MotionFrame	caller(1/1)	exact	unk_0C[0]	fn	
src/main/9F9C.c	2471	func_8001F2E4	deref-store	u16	2	b	b	u8 * (param)	0xC	MotionFrame	caller(1/1)	exact	unk_0C[0]	fn	
src/main/9F9C.c	2472	func_8001F2E4	deref-store	u16	2	a	a	u8 * (param)	0x14	MotionFrame	caller(1/1)	exact	unk_0C[4]	fn	
src/main/9F9C.c	2473	func_8001F2E4	deref-store	u16	2	b	b	u8 * (param)	0x14	MotionFrame	caller(1/1)	exact	unk_0C[4]	fn	
src/main/9F9C.c	2475	func_8001F2E4	deref-store	u16	2	a	a	u8 * (param)	0x1E	MotionFrame	caller(1/1)	exact	unk_0C[9]	fn	
src/main/9F9C.c	2476	func_8001F2E4	deref-store	u16	2	b	b	u8 * (param)	0x1E	MotionFrame	caller(1/1)	exact	unk_0C[9]	fn	
src/main/9F9C.c	2477	func_8001F2E4	deref-store	u16	2	a	a	u8 * (param)	0x26	MotionFrame	caller(1/1)	exact	unk_0C[13]	fn	
src/main/9F9C.c	2478	func_8001F2E4	deref-store	u16	2	b	b	u8 * (param)	0x26	MotionFrame	caller(1/1)	exact	unk_0C[13]	fn	
src/main/9F9C.c	2482	func_8001F860	deref-load	s16	2	( u8 * ) arg0	arg0	s16 * (param)	0x1CA	Unk80101EC8Record	caller(9/9)	exact	unk_1C8.vy		
src/main/9F9C.c	2486	func_8001F860	deref-store	s16	2	( u8 * ) arg0	arg0	s16 * (param)	0x14C	Unk80101EC8Record	caller(9/9)	exact	unk_14C		
src/main/9F9C.c	2537	func_8001F938	addr	u16	2	arg0	arg0	u8 * (param)	0x6A	Unk80101EC8Record	caller(1/1)	addr-of	unk_6A		
src/main/9F9C.c	2539	func_8001F938	addr	s16	2	arg0	arg0	u8 * (param)	0x1C	Unk80101EC8Record	caller(1/1)	addr-of	unk_1C		
src/main/9F9C.c	2554	func_8001F938	addr	s16	2	arg0	arg0	u8 * (param)	0x40	Unk80101EC8Record	caller(1/1)	addr-of	unk_40		
src/main/9F9C.c	2555	func_8001F938	addr	u8	1	arg0	arg0	u8 * (param)	0xA1	Unk80101EC8Record	caller(1/1)	pad	unk_A1[0x0]		
src/main/9F9C.c	2556	func_8001F938	addr	u8	1	arg0	arg0	u8 * (param)	0xA3	Unk80101EC8Record	caller(1/1)	pad	unk_A3[0x0]		
src/main/9F9C.c	2559	func_8001F938	addr	u8	1	arg0	arg0	u8 * (param)	0xA2	Unk80101EC8Record	caller(1/1)	pad	unk_A1[0x1]		
src/main/9F9C.c	2560	func_8001F938	addr	u8	1	arg0	arg0	u8 * (param)	0xA4	Unk80101EC8Record	caller(1/1)	pad	unk_A3[0x1]		
src/main/9F9C.c	2562	func_8001F938	addr	s16	2	arg0	arg0	u8 * (param)	0x44	Unk80101EC8Record	caller(1/1)	addr-of	unk_44		
src/main/9F9C.c	2565	func_8001F938	addr	s16	2	arg0	arg0	u8 * (param)	0x26C	Unk80101EC8Record	caller(1/1)	addr-of	unk_26C		
src/main/9F9C.c	2567	func_8001F938	addr	s16	2	arg0	arg0	u8 * (param)	0x274	Unk80101EC8Record	caller(1/1)	addr-of	unk_274		
src/main/9F9C.c	2571	func_8001F938	addr	s16	2	arg0	arg0	u8 * (param)	0x270	Unk80101EC8Record	caller(1/1)	addr-of	unk_270		
src/main/9F9C.c	2577	func_8001F938	addr	s16	2	( arg0 + 0x276 )	arg0	u8 * (param)	computed		unknown	computed			
src/main/9F9C.c	2581	func_8001F938	addr	s16	2	arg0	arg0	u8 * (param)	0x26E	Unk80101EC8Record	caller(1/1)	addr-of	unk_26E		
src/main/9F9C.c	2582	func_8001F938	addr	s16	2	arg0	arg0	u8 * (param)	0x272	Unk80101EC8Record	caller(1/1)	addr-of	unk_272		
src/main/9F9C.c	2587	func_8001F938	addr	s16	2	( arg0 + 0x27E )	arg0	u8 * (param)	computed		unknown	computed			
src/main/9F9C.c	2589	func_8001F938	addr	s16	2	arg0	arg0	u8 * (param)	0x44	Unk80101EC8Record	caller(1/1)	addr-of	unk_44		
src/main/9F9C.c	2849	func_800203B4	deref-store	s16	2	arg0	arg0	u8 * (param)	0x350	Unk80101EC8Record	caller(6/6)	exact	unk_350		
src/main/9F9C.c	2850	func_800203B4	deref-store	s16	2	arg0	arg0	u8 * (param)	0x352	Unk80101EC8Record	caller(6/6)	exact	unk_352		
src/main/9F9C.c	2851	func_800203B4	deref-load	s32	4	( ( ( s32 ) * ( s16 * ) ( arg0 + 0x352 ) ) << 2 )			computed		unknown	computed			
src/main/9F9C.c	2851	func_800203B4	addr	s16	2	arg0	arg0	u8 * (param)	0x352	Unk80101EC8Record	caller(6/6)	addr-of	unk_352		
src/main/9F9C.c	2852	func_800203B4	deref-load	s16	2	arg0	arg0	u8 * (param)	0x4	Unk80101EC8Record	caller(6/6)	exact	index		
src/main/9F9C.c	3203	func_80020DDC	deref-load	s32	4	v1	v1	s32 (local)	0x4		untyped				
src/main/9F9C.c	3203	func_80020DDC	deref-load	s32	4	v1	v1	s32 (local)	0x8		untyped				
src/main/9F9C.c	3203	func_80020DDC	deref-load	s32	4	v1	v1	s32 (local)	0x10		untyped				
src/main/9F9C.c	3462	func_80021424	addr	void		D_801027B0 [ rec -> unk_4A ] [ 0 ]	D_801027B0	s32[] (header-global)	computed		unknown	computed			
src/main/9F9C.c	3469	func_80021424	addr	void		D_801027B0 [ rec -> unk_4A ] [ 0 ]	D_801027B0	s32[] (header-global)	computed		unknown	computed			
src/main/9F9C.c	3487	func_80021424	addr	void		D_801027B0 [ rec -> unk_4A ] [ 0 ]	D_801027B0	s32[] (header-global)	computed		unknown	computed			
src/main/9F9C.c	3498	func_80021424	addr	void		D_801027B0 [ rec -> unk_4A ] [ 0 ]	D_801027B0	s32[] (header-global)	computed		unknown	computed			
src/main/9F9C.c	3507	func_80021424	addr	void		D_801027B0 [ ch ] [ 0 ]	D_801027B0	s32[] (header-global)	computed		unknown	computed			
src/main/9F9C.c	3510	func_80021424	addr	void		D_80102760	D_80102760	s32 (header-global)	computed		untyped	computed			
src/main/9F9C.c	3545	func_80021A98	addr	u16	2	D_80102764	D_80102764	s32 (header-global)	computed		untyped	computed		fn	
src/main/9F9C.c	3547	func_80021A98	addr	u8	1	D_80102768	D_80102768	s32 (header-global)	computed		untyped	computed		fn	
src/main/9F9C.c	3549	func_80021A98	addr	u16	2	D_801027B0 [ a3 ] [ 1 ]	D_801027B0	s32[] (header-global)	computed		unknown	computed		fn	
src/main/9F9C.c	3551	func_80021A98	addr	u8	1	D_801027B0 [ a3 ] [ 2 ]	D_801027B0	s32[] (header-global)	computed		unknown	computed		fn	
src/main/9F9C.c	3634	func_80021D10	addr	s16	2	stage_GetDataPtr ( )	stage_GetDataPtr	s32  stage_GetDataPtr()	computed		untyped-return	computed			
src/main/9F9C.c	3736	func_80022224	addr	s16	2	stage_GetDataPtr ( )	stage_GetDataPtr	s32  stage_GetDataPtr()	computed		untyped-return	computed		fn	
src/main/9F9C.c	4136	func_8002304C	pun-store	Quad_2304C	16	pos1	pos1	s32 * (param)	0x0	Vec4i32	caller(1/1)	size	vx		
src/main/9F9C.c	4136	func_8002304C	pun-load	Quad_2304C	16	pos2	pos2	s32 * (param)	0x0		untyped				
src/main/9F9C.c	4139	func_8002304C	addr	s8	1	obj	obj	u8 * (param)	0xB1	Unk80101EC8Record	caller(1/1)	addr-of	unk_B1		
src/main/9F9C.c	4140	func_8002304C	pun-store	Quad_2304C	16	pos1	pos1	s32 * (param)	0x0	Vec4i32	caller(1/1)	size	vx		
src/main/9F9C.c	4140	func_8002304C	pun-load	Quad_2304C	16	scratch	scratch	s32 * (local)	0x0		scratchpad-local(30510/2)				
src/main/9F9C.c	4144	func_8002304C	addr	s16	2	( ( u8 * ) scratch )	scratch	s32 * (local)	0x10		scratchpad-local(30510/2)				
src/main/9F9C.c	4146	func_8002304C	addr	s16	2	( ( u8 * ) scratch )	scratch	s32 * (local)	0x12		scratchpad-local(30510/2)				
src/main/9F9C.c	4148	func_8002304C	addr	s16	2	( ( u8 * ) scratch )	scratch	s32 * (local)	0x14		scratchpad-local(30510/2)				
src/main/9F9C.c	4153	func_8002304C	addr	s16	2	( ( u8 * ) scratch )	scratch	s32 * (local)	0x10		scratchpad-local(30510/2)				
src/main/9F9C.c	4155	func_8002304C	addr	s16	2	( ( u8 * ) scratch )	scratch	s32 * (local)	0x12		scratchpad-local(30510/2)				
src/main/9F9C.c	4157	func_8002304C	addr	s16	2	( ( u8 * ) scratch )	scratch	s32 * (local)	0x14		scratchpad-local(30510/2)				
src/main/9F9C.c	4162	func_8002304C	pun-store	Quad_2304C	16	pos1	pos1	s32 * (param)	0x0	Vec4i32	caller(1/1)	size	vx		
src/main/9F9C.c	4162	func_8002304C	deref-load	Quad_2304C	16	scratch	scratch	s32 * (local)	0xC		scratchpad-local(30510/2)				
src/main/9F9C.c	4167	func_8002304C	addr	u16	2	obj	obj	u8 * (param)	0x6A	Unk80101EC8Record	caller(1/1)	addr-of	unk_6A		
src/main/9F9C.c	4169	func_8002304C	addr	s16	2	( ( u8 * ) scratch )	scratch	s32 * (local)	0x12		scratchpad-local(30510/2)				
src/main/9F9C.c	4172	func_8002304C	addr	u16	2	obj	obj	u8 * (param)	0x6A	Unk80101EC8Record	caller(1/1)	addr-of	unk_6A		
src/main/9F9C.c	4174	func_8002304C	addr	s16	2	obj	obj	u8 * (param)	0x72	Unk80101EC8Record	caller(1/1)	addr-of	unk_72		
src/main/9F9C.c	4205	func_800233AC	deref-load	u32	4	arg0	arg0	u8 * (param)	0x2C	Unk80101EC8Record	caller(2/2)	exact	unk_24.held	fn	
src/main/9F9C.c	4229	func_800233AC	deref-load	s32	4	arg0	arg0	u8 * (param)	0xB8	Unk80101EC8Record	caller(2/2)	exact	unk_B8.vx	fn	
src/main/9F9C.c	4234	func_800233AC	deref-load	s32	4	arg0	arg0	u8 * (param)	0xBC	Unk80101EC8Record	caller(2/2)	exact	unk_B8.vy	fn	
src/main/9F9C.c	4235	func_800233AC	deref-load	s32	4	arg0	arg0	u8 * (param)	0xC0	Unk80101EC8Record	caller(2/2)	exact	unk_B8.vz	fn	
src/main/9F9C.c	4238	func_800233AC	deref-load	s16	2	arg0	arg0	u8 * (param)	0x1D8	Unk80101EC8Record	caller(2/2)	exact	unk_1D8	fn	
src/main/9F9C.c	4246	func_800233AC	deref-load	s16	2	arg0	arg0	u8 * (param)	0x1D8	Unk80101EC8Record	caller(2/2)	exact	unk_1D8	fn	
src/main/9F9C.c	4257	func_800233AC	deref-store	SVec8_233AC	8	arg0	arg0	u8 * (param)	0x98	Unk80101EC8Record	caller(2/2)	size	unk_98.vx	fn	
src/main/9F9C.c	4257	func_800233AC	pun-load	SVec8_233AC	8	out1	out1	s16[] (local)	0x0		untyped			fn	
src/main/9F9C.c	4263	func_800233AC	deref-load	s32	4	arg0	arg0	u8 * (param)	0xB8	Unk80101EC8Record	caller(2/2)	exact	unk_B8.vx	fn	
src/main/9F9C.c	4264	func_800233AC	deref-load	s32	4	arg0	arg0	u8 * (param)	0xBC	Unk80101EC8Record	caller(2/2)	exact	unk_B8.vy	fn	
src/main/9F9C.c	4265	func_800233AC	deref-load	s32	4	arg0	arg0	u8 * (param)	0xC0	Unk80101EC8Record	caller(2/2)	exact	unk_B8.vz	fn	
src/main/9F9C.c	4300	func_80023648	deref-load	u16	2	arg0	arg0	u8 * (param)	0x6A	Unk80101EC8Record	caller(1/1)	exact	unk_6A	fn	
src/main/9F9C.c	4311	func_80023648	deref-load	u32	4	arg0	arg0	u8 * (param)	0x2C	Unk80101EC8Record	caller(1/1)	exact	unk_24.held	fn	
src/main/9F9C.c	4334	func_80023648	deref-load	s16	2	arg0	arg0	u8 * (param)	0x6	Unk80101EC8Record	caller(1/1)	exact	unk_06	fn	
src/main/9F9C.c	4335	func_80023648	deref-load	s16	2	arg0	arg0	u8 * (param)	0x1CA	Unk80101EC8Record	caller(1/1)	exact	unk_1C8.vy	fn	
src/main/9F9C.c	4337	func_80023648	deref-load	s16	2	arg0	arg0	u8 * (param)	0x1D8	Unk80101EC8Record	caller(1/1)	exact	unk_1D8	fn	
src/main/9F9C.c	4340	func_80023648	deref-load	s16	2	arg0	arg0	u8 * (param)	0x6	Unk80101EC8Record	caller(1/1)	exact	unk_06	fn	
src/main/9F9C.c	4341	func_80023648	deref-store	s16	2	arg0	arg0	u8 * (param)	0x14C	Unk80101EC8Record	caller(1/1)	exact	unk_14C	fn	
src/main/9F9C.c	4354	func_80023648	deref-load	s16	2	arg0	arg0	u8 * (param)	0x150	Unk80101EC8Record	caller(1/1)	exact	unk_150	fn	
src/main/9F9C.c	4363	func_80023648	deref-load	u16	2	arg0	arg0	u8 * (param)	0x14E	Unk80101EC8Record	caller(1/1)	sign	unk_14E	fn	
src/main/9F9C.c	4364	func_80023648	deref-load	s16	2	arg0	arg0	u8 * (param)	0x1A	Unk80101EC8Record	caller(1/1)	exact	unk_1A	fn	
src/main/9F9C.c	4370	func_80023648	deref-store	s16	2	arg0	arg0	u8 * (param)	0x14E	Unk80101EC8Record	caller(1/1)	exact	unk_14E	fn	
src/main/9F9C.c	4376	func_80023648	deref-store	s16	2	arg0	arg0	u8 * (param)	0x14E	Unk80101EC8Record	caller(1/1)	exact	unk_14E	fn	
src/main/9F9C.c	4378	func_80023648	deref-load	s16	2	arg0	arg0	u8 * (param)	0xA	Unk80101EC8Record	caller(1/1)	exact	unk_0A	fn	
src/main/9F9C.c	4383	func_80023648	deref-load	s16	2	arg0	arg0	u8 * (param)	0x1A	Unk80101EC8Record	caller(1/1)	exact	unk_1A	fn	
src/main/9F9C.c	4388	func_80023648	deref-store	s16	2	arg0	arg0	u8 * (param)	0x14E	Unk80101EC8Record	caller(1/1)	exact	unk_14E	fn	
src/main/9F9C.c	4390	func_80023648	deref-store	s16	2	arg0	arg0	u8 * (param)	0x14E	Unk80101EC8Record	caller(1/1)	exact	unk_14E	fn	
src/main/9F9C.c	4394	func_80023648	deref-load	s16	2	arg0	arg0	u8 * (param)	0x14E	Unk80101EC8Record	caller(1/1)	exact	unk_14E	fn	
src/main/9F9C.c	4394	func_80023648	deref-load	s16	2	arg0	arg0	u8 * (param)	0x44	Unk80101EC8Record	caller(1/1)	exact	unk_44	fn	
src/main/9F9C.c	4395	func_80023648	deref-load	u16	2	arg0	arg0	u8 * (param)	0x1CA	Unk80101EC8Record	caller(1/1)	sign	unk_1C8.vy	fn	
src/main/9F9C.c	4403	func_80023648	deref-store	s32	4	arg0	arg0	u8 * (param)	0xD8	Unk80101EC8Record	caller(1/1)	exact	unk_D8.x	fn	
src/main/9F9C.c	4406	func_80023648	deref-load	s16	2	arg0	arg0	u8 * (param)	0x1CA	Unk80101EC8Record	caller(1/1)	exact	unk_1C8.vy	fn	
src/main/9F9C.c	4407	func_80023648	deref-store	s32	4	arg0	arg0	u8 * (param)	0xE0	Unk80101EC8Record	caller(1/1)	exact	unk_D8.z	fn	
src/main/9F9C.c	4413	func_80023648	deref-load	s16	2	arg0	arg0	u8 * (param)	0x14E	Unk80101EC8Record	caller(1/1)	exact	unk_14E	fn	
src/main/9F9C.c	4415	func_80023648	deref-store	s16	2	arg0	arg0	u8 * (param)	0x14C	Unk80101EC8Record	caller(1/1)	exact	unk_14C	fn	
src/main/9F9C.c	4417	func_80023648	deref-store	s16	2	arg0	arg0	u8 * (param)	0x14E	Unk80101EC8Record	caller(1/1)	exact	unk_14E	fn	
src/main/9F9C.c	4433	func_800238C4	addr	s32	4	arg0	arg0	u8 * (param)	0x108	Unk80101EC8Record	caller(1/1)	addr-of	unk_104.vy	fn	
src/main/9F9C.c	4437	func_800238C4	addr	u16	2	arg0	arg0	u8 * (param)	0x6A	Unk80101EC8Record	caller(1/1)	addr-of	unk_6A	fn	
src/main/9F9C.c	4444	func_800238C4	addr	s16	2	arg0	arg0	u8 * (param)	0x72	Unk80101EC8Record	caller(1/1)	addr-of	unk_72	fn	
src/main/9F9C.c	4455	func_800238C4	addr	s32	4	arg0	arg0	u8 * (param)	0xB8	Unk80101EC8Record	caller(1/1)	addr-of	unk_B8.vx	fn	
src/main/9F9C.c	4456	func_800238C4	addr	s32	4	arg0	arg0	u8 * (param)	0xBC	Unk80101EC8Record	caller(1/1)	addr-of	unk_B8.vy	fn	
src/main/9F9C.c	4457	func_800238C4	addr	s32	4	arg0	arg0	u8 * (param)	0xC0	Unk80101EC8Record	caller(1/1)	addr-of	unk_B8.vz	fn	
src/main/9F9C.c	4458	func_800238C4	addr	s32	4	arg0	arg0	u8 * (param)	0xB8	Unk80101EC8Record	caller(1/1)	addr-of	unk_B8.vx	fn	
src/main/9F9C.c	4459	func_800238C4	addr	s32	4	arg0	arg0	u8 * (param)	0xBC	Unk80101EC8Record	caller(1/1)	addr-of	unk_B8.vy	fn	
src/main/9F9C.c	4460	func_800238C4	addr	s32	4	arg0	arg0	u8 * (param)	0xC0	Unk80101EC8Record	caller(1/1)	addr-of	unk_B8.vz	fn	
src/main/9F9C.c	4467	func_800238C4	addr	u16	2	arg0	arg0	u8 * (param)	0x6A	Unk80101EC8Record	caller(1/1)	addr-of	unk_6A	fn	
src/main/9F9C.c	4488	func_800238C4	deref-load	s32	4	arg0	arg0	u8 * (param)	0xB8	Unk80101EC8Record	caller(1/1)	exact	unk_B8.vx	fn	
src/main/9F9C.c	4488	func_800238C4	deref-load	s32	4	arg0	arg0	u8 * (param)	0xC8	Unk80101EC8Record	caller(1/1)	exact	unk_C8.vx	fn	
src/main/9F9C.c	4489	func_800238C4	deref-load	s32	4	arg0	arg0	u8 * (param)	0xC0	Unk80101EC8Record	caller(1/1)	exact	unk_B8.vz	fn	
src/main/9F9C.c	4489	func_800238C4	deref-load	s32	4	arg0	arg0	u8 * (param)	0xD0	Unk80101EC8Record	caller(1/1)	exact	unk_C8.vz	fn	
src/main/9F9C.c	4510	func_800238C4	addr	s16	2	arg0	arg0	u8 * (param)	0x1CA	Unk80101EC8Record	caller(1/1)	addr-of	unk_1C8.vy	fn	
src/main/9F9C.c	4514	func_800238C4	addr	u16	2	arg0	arg0	u8 * (param)	0x6A	Unk80101EC8Record	caller(1/1)	addr-of	unk_6A	fn	
src/main/9F9C.c	4518	func_800238C4	addr	s16	2	arg0	arg0	u8 * (param)	0x286	Unk80101EC8Record	caller(1/1)	addr-of	unk_286	fn	
src/main/9F9C.c	4519	func_800238C4	addr	s16	2	arg0	arg0	u8 * (param)	0x94	Unk80101EC8Record	caller(1/1)	addr-of	unk_94	fn	
src/main/9F9C.c	4522	func_800238C4	addr	s16	2	arg0	arg0	u8 * (param)	0x286	Unk80101EC8Record	caller(1/1)	addr-of	unk_286	fn	
src/main/9F9C.c	4523	func_800238C4	addr	s16	2	arg0	arg0	u8 * (param)	0x94	Unk80101EC8Record	caller(1/1)	addr-of	unk_94	fn	
src/main/9F9C.c	4525	func_800238C4	addr	s16	2	( * ( ( u8 * * ) arg0 ) )			0x286		unknown			fn	
src/main/9F9C.c	4537	func_800238C4	addr	s32	4	arg0	arg0	u8 * (param)	0x74	Unk80101EC8Record	caller(1/1)	addr-of	unk_74	fn	
src/main/9F9C.c	4537	func_800238C4	addr	s32	4	arg0	arg0	u8 * (param)	0xBC	Unk80101EC8Record	caller(1/1)	addr-of	unk_B8.vy	fn	
src/main/9F9C.c	4543	func_800238C4	index-load	u16	2	arg0	arg0	u8 * (param)	0x4	Unk80101EC8Record	caller(1/1)	sign	index	fn	
src/main/9F9C.c	4548	func_800238C4	addr	s16	2	arg0	arg0	u8 * (param)	0x286	Unk80101EC8Record	caller(1/1)	addr-of	unk_286	fn	
src/main/9F9C.c	4549	func_800238C4	addr	s16	2	arg0	arg0	u8 * (param)	0x94	Unk80101EC8Record	caller(1/1)	addr-of	unk_94	fn	
src/main/9F9C.c	4553	func_800238C4	addr	s16	2	arg0	arg0	u8 * (param)	0x286	Unk80101EC8Record	caller(1/1)	addr-of	unk_286	fn	
src/main/9F9C.c	4554	func_800238C4	addr	s16	2	arg0	arg0	u8 * (param)	0x94	Unk80101EC8Record	caller(1/1)	addr-of	unk_94	fn	
src/main/9F9C.c	4556	func_800238C4	addr	s32	4	arg0	arg0	u8 * (param)	0x74	Unk80101EC8Record	caller(1/1)	addr-of	unk_74	fn	
src/main/9F9C.c	4556	func_800238C4	addr	s32	4	arg0	arg0	u8 * (param)	0xBC	Unk80101EC8Record	caller(1/1)	addr-of	unk_B8.vy	fn	
src/main/9F9C.c	4559	func_800238C4	addr	s32	4	arg0	arg0	u8 * (param)	0x104	Unk80101EC8Record	caller(1/1)	addr-of	unk_104.vx	fn	
src/main/9F9C.c	4560	func_800238C4	addr	s32	4	arg0	arg0	u8 * (param)	0x10C	Unk80101EC8Record	caller(1/1)	addr-of	unk_104.vz	fn	
src/main/9F9C.c	4578	func_80023CB4	deref-store	u16	2	( u8 * ) arg0	arg0	s16 * (param)	0x31A	Unk80101EC8Record	caller(2/2)	sign	unk_31A		
src/main/9F9C.c	4579	func_80023CB4	deref-load	s16	2	( u8 * ) arg0	arg0	s16 * (param)	0x31A	Unk80101EC8Record	caller(2/2)	exact	unk_31A		
src/main/9F9C.c	4581	func_80023CB4	deref-store	s16	2	( u8 * ) arg0	arg0	s16 * (param)	0x318	Unk80101EC8Record	caller(2/2)	exact	unk_318		
src/main/9F9C.c	4582	func_80023CB4	deref-store	s32	4	( u8 * ) arg0	arg0	s16 * (param)	0x320	Unk80101EC8Record	caller(2/2)	exact	unk_320.x		
src/main/9F9C.c	4583	func_80023CB4	deref-store	s32	4	( u8 * ) arg0	arg0	s16 * (param)	0x328	Unk80101EC8Record	caller(2/2)	exact	unk_320.z		
src/main/9F9C.c	4585	func_80023CB4	deref-store	s16	2	( u8 * ) arg0	arg0	s16 * (param)	0x31C	Unk80101EC8Record	caller(2/2)	exact	unk_31C		
src/main/9F9C.c	4586	func_80023CB4	deref-load	s16	2	( u8 * ) arg0	arg0	s16 * (param)	0x152	Unk80101EC8Record	caller(2/2)	exact	unk_152		
src/main/9F9C.c	4587	func_80023CB4	deref-store	s16	2	( u8 * ) arg0	arg0	s16 * (param)	0x152	Unk80101EC8Record	caller(2/2)	exact	unk_152		
src/main/9F9C.c	4588	func_80023CB4	deref-store	s16	2	( u8 * ) arg0	arg0	s16 * (param)	0x154	Unk80101EC8Record	caller(2/2)	exact	unk_154		
src/main/9F9C.c	4588	func_80023CB4	deref-load	u16	2	( u8 * ) arg0	arg0	s16 * (param)	0x1D8	Unk80101EC8Record	caller(2/2)	sign	unk_1D8		
src/main/9F9C.c	4595	func_80023D28	deref-load	s32	4	arg0	arg0	u8 * (param)	0x108	Unk80101EC8Record	caller(1/1)	exact	unk_104.vy		
src/main/9F9C.c	4596	func_80023D28	deref-store	s16	2	arg0	arg0	u8 * (param)	0x1DC	Unk80101EC8Record	caller(1/1)	exact	unk_1DC		
src/main/9F9C.c	4599	func_80023D28	deref-load	s32	4	arg0	arg0	u8 * (param)	0xB8	Unk80101EC8Record	caller(1/1)	exact	unk_B8.vx		
src/main/9F9C.c	4600	func_80023D28	deref-load	s32	4	arg0	arg0	u8 * (param)	0xBC	Unk80101EC8Record	caller(1/1)	exact	unk_B8.vy		
src/main/9F9C.c	4601	func_80023D28	deref-load	s32	4	arg0	arg0	u8 * (param)	0xC0	Unk80101EC8Record	caller(1/1)	exact	unk_B8.vz		
src/main/9F9C.c	4602	func_80023D28	deref-store	s16	2	arg0	arg0	u8 * (param)	0x1DC	Unk80101EC8Record	caller(1/1)	exact	unk_1DC		
src/main/9F9C.c	4602	func_80023D28	addr	s32	4	arg0	arg0	u8 * (param)	0xB8	Unk80101EC8Record	caller(1/1)	addr-of	unk_B8.vx		
src/main/9F9C.c	4606	func_80023DB8	deref-load	s32	4	arg0	arg0	u8 * (param)	0xB8	Unk80101EC8Record	caller(1/1)	exact	unk_B8.vx		
src/main/9F9C.c	4607	func_80023DB8	deref-load	s32	4	arg0	arg0	u8 * (param)	0xBC	Unk80101EC8Record	caller(1/1)	exact	unk_B8.vy		
src/main/9F9C.c	4608	func_80023DB8	deref-load	s32	4	arg0	arg0	u8 * (param)	0xC0	Unk80101EC8Record	caller(1/1)	exact	unk_B8.vz		
src/main/9F9C.c	4609	func_80023DB8	addr	s32	4	arg0	arg0	u8 * (param)	0xB8	Unk80101EC8Record	caller(1/1)	addr-of	unk_B8.vx		
src/main/9F9C.c	4620	func_80023E40	deref-load	u16	2	arg0	arg0	u8 * (param)	0x6A	Unk80101EC8Record	caller(1/1)	exact	unk_6A		
src/main/9F9C.c	4627	func_80023E40	deref-load	s32	4	arg0	arg0	u8 * (param)	0xB8	Unk80101EC8Record	caller(1/1)	exact	unk_B8.vx		
src/main/9F9C.c	4628	func_80023E40	deref-load	s32	4	arg0	arg0	u8 * (param)	0xBC	Unk80101EC8Record	caller(1/1)	exact	unk_B8.vy		
src/main/9F9C.c	4629	func_80023E40	deref-load	s32	4	arg0	arg0	u8 * (param)	0xC0	Unk80101EC8Record	caller(1/1)	exact	unk_B8.vz		
src/main/9F9C.c	4630	func_80023E40	addr	s32	4	arg0	arg0	u8 * (param)	0xB8	Unk80101EC8Record	caller(1/1)	addr-of	unk_B8.vx		
src/main/9F9C.c	4632	func_80023E40	deref-store	s32	4	arg0	arg0	u8 * (param)	0x148	Unk80101EC8Record	caller(1/1)	exact	unk_148		
src/main/9F9C.c	4635	func_80023E40	deref-store	s32	4	arg0	arg0	u8 * (param)	0x148	Unk80101EC8Record	caller(1/1)	exact	unk_148		
src/main/9F9C.c	4635	func_80023E40	deref-load	s32	4	arg0	arg0	u8 * (param)	0xBC	Unk80101EC8Record	caller(1/1)	exact	unk_B8.vy		
src/main/17AFC.c	117	func_80027438	deref-store	u16	2	a0	a0	u8 * (param)	0x272	Unk80101EC8Record	caller(2/2)	sign	unk_272		
src/main/17AFC.c	123	func_80027438	deref-store	u16	2	a0	a0	u8 * (param)	0x26C	Unk80101EC8Record	caller(2/2)	sign	unk_26C		
src/main/17AFC.c	124	func_80027438	deref-store	u16	2	a0	a0	u8 * (param)	0x90	Unk80101EC8Record	caller(2/2)	sign	unk_90		
src/main/17AFC.c	125	func_80027438	deref-store	u16	2	a0	a0	u8 * (param)	0x8A	Unk80101EC8Record	caller(2/2)	sign	unk_8A		
src/main/17AFC.c	131	func_80027438	deref-store	u16	2	a0	a0	u8 * (param)	0x270	Unk80101EC8Record	caller(2/2)	sign	unk_270		
src/main/17AFC.c	141	func_80027438	deref-store	u16	2	a0	a0	u8 * (param)	0x26E	Unk80101EC8Record	caller(2/2)	sign	unk_26E		
src/main/17AFC.c	256	func_800278C0	deref-load	s16	2	* ptr			0x4		unknown				
src/main/17AFC.c	262	func_800278C0	deref-load	s16	2	chk_obj	chk_obj	s32 (local)	0x86		untyped				
src/main/17AFC.c	263	func_800278C0	deref-load	s16	2	chk_obj	chk_obj	s32 (local)	0x8E		untyped				
src/main/17AFC.c	266	func_800278C0	deref-load	s16	2	chk_obj	chk_obj	s32 (local)	0x4		untyped				
src/main/17AFC.c	271	func_800278C0	deref-load	s16	2	chk_obj	chk_obj	s32 (local)	0x88		untyped				
src/main/17AFC.c	273	func_800278C0	deref-load	s16	2	chk_obj	chk_obj	s32 (local)	0x4		untyped				
src/main/17AFC.c	280	func_800278C0	deref-load	s16	2	* ptr			0x4		unknown				
src/main/17AFC.c	285	func_800278C0	deref-load	s16	2	* ptr			0x4		unknown				
src/main/17AFC.c	289	func_800278C0	deref-load	s16	2	* ptr			0x4		unknown				
src/main/17AFC.c	293	func_8002798C	deref-load	u16	2	a0	a0	u8 * (param)	0x6A	Unk80101EC8Record	caller(1/1)	exact	unk_6A		
src/main/17AFC.c	299	func_8002798C	deref-load	s16	2	a0	a0	u8 * (param)	0x40	Unk80101EC8Record	caller(1/1)	exact	unk_40		
src/main/17AFC.c	300	func_8002798C	deref-load	u8	1	a0	a0	u8 * (param)	0xA5	Unk80101EC8Record	caller(1/1)	exact	unk_A5		
src/main/17AFC.c	303	func_8002798C	deref-load	u8	1	a0	a0	u8 * (param)	0xA6	Unk80101EC8Record	caller(1/1)	exact	unk_A6		
src/main/17AFC.c	310	func_8002798C	deref-load	s16	2	a0	a0	u8 * (param)	0x88	Unk80101EC8Record	caller(1/1)	exact	unk_88		
src/main/17AFC.c	315	func_8002798C	deref-load	u16	2	a0	a0	u8 * (param)	0x6A	Unk80101EC8Record	caller(1/1)	exact	unk_6A		
src/main/17AFC.c	343	func_80027A58	deref-load	s16	2	( u8 * ) a0	a0	s32 * (param)	0x86	Unk80101EC8Record	caller(16/17)	exact	unk_86		
src/main/17AFC.c	344	func_80027A58	deref-load	s16	2	( u8 * ) a0	a0	s32 * (param)	0x88	Unk80101EC8Record	caller(16/17)	exact	unk_88		
src/main/17AFC.c	345	func_80027A58	deref-load	s16	2	( u8 * ) a0	a0	s32 * (param)	0x8A	Unk80101EC8Record	caller(16/17)	exact	unk_8A		
src/main/17AFC.c	347	func_80027A58	deref-load	s16	2	( u8 * ) a0	a0	s32 * (param)	0x4	Unk80101EC8Record	caller(16/17)	exact	index		
src/main/17AFC.c	348	func_80027A58	deref-load	s32	4	v0	v0	s32 (local)	0x4C		untyped				
src/main/17AFC.c	349	func_80027A58	deref-store	s16	2	( u8 * ) a0	a0	s32 * (param)	0x8A	Unk80101EC8Record	caller(16/17)	exact	unk_8A		
src/main/17AFC.c	350	func_80027A58	deref-store	s16	2	( u8 * ) a0	a0	s32 * (param)	0x86	Unk80101EC8Record	caller(16/17)	exact	unk_86		
src/main/17AFC.c	350	func_80027A58	deref-load	u16	2	( u8 * ) a0	a0	s32 * (param)	0x84	Unk80101EC8Record	caller(16/17)	sign	unk_84		
src/main/17AFC.c	768	func_8002872C	ptradd	u8	1	D_80101EC8	D_80101EC8	Unk80101EC8Record[] (header-global)	computed	Unk80101EC8Record	decl	computed	other		
src/main/17AFC.c	770	func_8002872C	deref-load	s16	2	base	base	u8 * (local)	0xC	Unk80101EC8Record	assign(5080/1)	exact	unk_0C		
src/main/17AFC.c	773	func_8002872C	deref-load	s16	2	base	base	u8 * (local)	0x46	Unk80101EC8Record	assign(5080/1)	exact	unk_46		
src/main/17AFC.c	775	func_8002872C	deref-load	u16	2	base	base	u8 * (local)	0x6A	Unk80101EC8Record	assign(5080/1)	exact	unk_6A		
src/main/17AFC.c	778	func_8002872C	deref-load	s16	2	base	base	u8 * (local)	0x40	Unk80101EC8Record	assign(5080/1)	exact	unk_40		
src/main/17AFC.c	778	func_8002872C	deref-load	u8	1	base	base	u8 * (local)	0xA7	Unk80101EC8Record	assign(5080/1)	exact	unk_A7		
src/main/17AFC.c	780	func_8002872C	pun-load	s32 *	4	base	base	u8 * (local)	0x0	Unk80101EC8Record	assign(5080/1)	exact	other		
src/main/17AFC.c	781	func_8002872C	deref-load	u16	2	( u8 * ) ptr	ptr	s32 * (local)	0x6A		untyped				
src/main/17AFC.c	805	func_8002872C	deref-store	s16	2	( u8 * ) * ( s32 * * ) base			0x286		unknown				
src/main/17AFC.c	806	func_8002872C	pun-load	s32 *	4	base	base	u8 * (local)	0x0	Unk80101EC8Record	assign(5080/1)	exact	other		
src/main/17AFC.c	809	func_8002872C	pun-load	s32 *	4	base	base	u8 * (local)	0x0	Unk80101EC8Record	assign(5080/1)	exact	other		
src/main/17AFC.c	810	func_8002872C	deref-load	u16	2	( u8 * ) p2	p2	s32 * (local)	0x6A		untyped				
src/main/17AFC.c	811	func_8002872C	deref-store	u16	2	( u8 * ) p2	p2	s32 * (local)	0x86		untyped				
src/main/17AFC.c	811	func_8002872C	deref-load	u16	2	( u8 * ) p2	p2	s32 * (local)	0x84		untyped				
src/main/17AFC.c	1014	func_8002906C	pun-load	s16	2	ptr	ptr	s16 * (local)	0x0		untyped				
src/main/17AFC.c	1015	func_8002906C	deref-store	s16	2	( u8 * ) ptr	ptr	s16 * (local)	0x2		untyped				
src/main/17AFC.c	1016	func_8002906C	addr	s16	2	( u8 * ) ptr	ptr	s16 * (local)	0x10		untyped				
src/main/17AFC.c	1061	func_800290B8	deref-store	LeafPos		scr	scr	u8 * (local)	0x84		scratchpad-local(7471/2)				
src/main/17AFC.c	1062	func_800290B8	deref-store	LeafPos		scr	scr	u8 * (local)	0x78		scratchpad-local(7471/2)				
src/main/17AFC.c	1062	func_800290B8	deref-load	LeafPos		scr	scr	u8 * (local)	0x84		scratchpad-local(7471/2)				
src/main/17AFC.c	1068	func_800290B8	deref-load	s32	4	scr	scr	u8 * (local)	0x78		scratchpad-local(7471/2)				
src/main/17AFC.c	1069	func_800290B8	deref-store	s32	4	scr	scr	u8 * (local)	0x78		scratchpad-local(7471/2)				
src/main/17AFC.c	1070	func_800290B8	deref-load	s32	4	scr	scr	u8 * (local)	0x84		scratchpad-local(7471/2)				
src/main/17AFC.c	1071	func_800290B8	deref-store	s32	4	scr	scr	u8 * (local)	0x84		scratchpad-local(7471/2)				
src/main/17AFC.c	1073	func_800290B8	deref-load	s32	4	scr	scr	u8 * (local)	0x80		scratchpad-local(7471/2)				
src/main/17AFC.c	1074	func_800290B8	deref-store	s32	4	scr	scr	u8 * (local)	0x80		scratchpad-local(7471/2)				
src/main/17AFC.c	1075	func_800290B8	deref-load	s32	4	scr	scr	u8 * (local)	0x8C		scratchpad-local(7471/2)				
src/main/17AFC.c	1076	func_800290B8	deref-store	s32	4	scr	scr	u8 * (local)	0x8C		scratchpad-local(7471/2)				
src/main/17AFC.c	1078	func_800290B8	deref-load	s32	4	scr	scr	u8 * (local)	0x88		scratchpad-local(7471/2)				
src/main/17AFC.c	1079	func_800290B8	deref-store	s32	4	scr	scr	u8 * (local)	0x88		scratchpad-local(7471/2)				
src/main/17AFC.c	1086	func_800290B8	deref-load	s32	4	scr	scr	u8 * (local)	0x88		scratchpad-local(7471/2)				
src/main/17AFC.c	1087	func_800290B8	deref-load	s32	4	scr	scr	u8 * (local)	0x78		scratchpad-local(7471/2)				
src/main/17AFC.c	1088	func_800290B8	deref-load	s32	4	scr	scr	u8 * (local)	0x84		scratchpad-local(7471/2)				
src/main/17AFC.c	1089	func_800290B8	deref-load	s32	4	scr	scr	u8 * (local)	0x80		scratchpad-local(7471/2)				
src/main/17AFC.c	1090	func_800290B8	deref-load	s32	4	scr	scr	u8 * (local)	0x8C		scratchpad-local(7471/2)				
src/main/17AFC.c	1092	func_800290B8	deref-store	s32	4	scr	scr	u8 * (local)	0x100		scratchpad-local(7471/2)				
src/main/17AFC.c	1093	func_800290B8	deref-store	s32	4	scr	scr	u8 * (local)	0x108		scratchpad-local(7471/2)				
src/main/17AFC.c	1104	func_800290B8	addr	s32	4	scr	scr	u8 * (local)	0x100		scratchpad-local(7471/2)				
src/main/17AFC.c	1119	func_800290B8	deref-store	s32	4	scr	scr	u8 * (local)	0x104		scratchpad-local(7471/2)				
src/main/17AFC.c	1119	func_800290B8	deref-load	s32	4	scr	scr	u8 * (local)	0x7C		scratchpad-local(7471/2)				
src/main/17AFC.c	1119	func_800290B8	deref-load	s32	4	scr	scr	u8 * (local)	0x88		scratchpad-local(7471/2)				
src/main/17AFC.c	1128	box_overlap	deref-load	s32	4	scr	scr	u8 * (param)	0x78		scratchpad-param(2/2)				
src/main/17AFC.c	1128	box_overlap	deref-load	s32	4	scr	scr	u8 * (param)	0x9C		scratchpad-param(2/2)				
src/main/17AFC.c	1128	box_overlap	deref-load	s32	4	scr	scr	u8 * (param)	0x84		scratchpad-param(2/2)				
src/main/17AFC.c	1128	box_overlap	deref-load	s32	4	scr	scr	u8 * (param)	0x90		scratchpad-param(2/2)				
src/main/17AFC.c	1129	box_overlap	deref-load	s32	4	scr	scr	u8 * (param)	0x7C		scratchpad-param(2/2)				
src/main/17AFC.c	1129	box_overlap	deref-load	s32	4	scr	scr	u8 * (param)	0xA0		scratchpad-param(2/2)				
src/main/17AFC.c	1129	box_overlap	deref-load	s32	4	scr	scr	u8 * (param)	0x88		scratchpad-param(2/2)				
src/main/17AFC.c	1129	box_overlap	deref-load	s32	4	scr	scr	u8 * (param)	0x94		scratchpad-param(2/2)				
src/main/17AFC.c	1130	box_overlap	deref-load	s32	4	scr	scr	u8 * (param)	0x80		scratchpad-param(2/2)				
src/main/17AFC.c	1130	box_overlap	deref-load	s32	4	scr	scr	u8 * (param)	0xA4		scratchpad-param(2/2)				
src/main/17AFC.c	1130	box_overlap	deref-load	s32	4	scr	scr	u8 * (param)	0x8C		scratchpad-param(2/2)				
src/main/17AFC.c	1130	box_overlap	deref-load	s32	4	scr	scr	u8 * (param)	0x98		scratchpad-param(2/2)				
src/main/17AFC.c	1267	func_80029454	addr	s32	4	( u8 * ) ws	ws	LeafPos * (local)	computed		untyped	computed			
src/main/17AFC.c	1281	func_80029454	deref-store	LeafPos *	4	scr	scr	u8 * (local)	0x60		scratchpad-local(11709/2)				
src/main/17AFC.c	1282	func_80029454	deref-store	LeafPos *	4	scr	scr	u8 * (local)	0x64		scratchpad-local(11709/2)				
src/main/17AFC.c	1283	func_80029454	deref-store	LeafPos *	4	scr	scr	u8 * (local)	0x68		scratchpad-local(11709/2)				
src/main/17AFC.c	1286	func_80029454	deref-store	LeafPos *	4	scr	scr	u8 * (local)	0x60		scratchpad-local(11709/2)				
src/main/17AFC.c	1287	func_80029454	deref-store	LeafPos *	4	scr	scr	u8 * (local)	0x64		scratchpad-local(11709/2)				
src/main/17AFC.c	1288	func_80029454	deref-store	LeafPos *	4	scr	scr	u8 * (local)	0x68		scratchpad-local(11709/2)				
src/main/17AFC.c	1291	func_80029454	deref-store	LeafPos *	4	scr	scr	u8 * (local)	0x60		scratchpad-local(11709/2)				
src/main/17AFC.c	1292	func_80029454	deref-store	LeafPos *	4	scr	scr	u8 * (local)	0x64		scratchpad-local(11709/2)				
src/main/17AFC.c	1293	func_80029454	deref-store	LeafPos *	4	scr	scr	u8 * (local)	0x68		scratchpad-local(11709/2)				
src/main/17AFC.c	1296	func_80029454	deref-store	LeafPos *	4	scr	scr	u8 * (local)	0x60		scratchpad-local(11709/2)				
src/main/17AFC.c	1297	func_80029454	deref-store	LeafPos *	4	scr	scr	u8 * (local)	0x64		scratchpad-local(11709/2)				
src/main/17AFC.c	1298	func_80029454	deref-store	LeafPos *	4	scr	scr	u8 * (local)	0x68		scratchpad-local(11709/2)				
src/main/17AFC.c	1305	func_80029454	deref-store	LeafPos		scr	scr	u8 * (local)	0x84		scratchpad-local(11709/2)				
src/main/17AFC.c	1305	func_80029454	deref-load	LeafPos *	4	scr	scr	u8 * (local)	0x60		scratchpad-local(11709/2)				
src/main/17AFC.c	1306	func_80029454	deref-store	LeafPos		scr	scr	u8 * (local)	0x78		scratchpad-local(11709/2)				
src/main/17AFC.c	1306	func_80029454	deref-load	LeafPos		scr	scr	u8 * (local)	0x84		scratchpad-local(11709/2)				
src/main/17AFC.c	1308	func_80029454	index-load	LeafPos *	4	scr	scr	u8 * (local)	0x60		scratchpad-local(11709/2)	computed			
src/main/17AFC.c	1308	func_80029454	deref-load	s32	4	scr	scr	u8 * (local)	0x78		scratchpad-local(11709/2)				
src/main/17AFC.c	1309	func_80029454	deref-store	s32	4	scr	scr	u8 * (local)	0x78		scratchpad-local(11709/2)				
src/main/17AFC.c	1309	func_80029454	index-load	LeafPos *	4	scr	scr	u8 * (local)	0x60		scratchpad-local(11709/2)	computed			
src/main/17AFC.c	1310	func_80029454	deref-load	s32	4	scr	scr	u8 * (local)	0x84		scratchpad-local(11709/2)				
src/main/17AFC.c	1310	func_80029454	index-load	LeafPos *	4	scr	scr	u8 * (local)	0x60		scratchpad-local(11709/2)	computed			
src/main/17AFC.c	1311	func_80029454	deref-store	s32	4	scr	scr	u8 * (local)	0x84		scratchpad-local(11709/2)				
src/main/17AFC.c	1311	func_80029454	index-load	LeafPos *	4	scr	scr	u8 * (local)	0x60		scratchpad-local(11709/2)	computed			
src/main/17AFC.c	1313	func_80029454	index-load	LeafPos *	4	scr	scr	u8 * (local)	0x60		scratchpad-local(11709/2)	computed			
src/main/17AFC.c	1313	func_80029454	deref-load	s32	4	scr	scr	u8 * (local)	0x7C		scratchpad-local(11709/2)				
src/main/17AFC.c	1314	func_80029454	deref-store	s32	4	scr	scr	u8 * (local)	0x7C		scratchpad-local(11709/2)				
src/main/17AFC.c	1314	func_80029454	index-load	LeafPos *	4	scr	scr	u8 * (local)	0x60		scratchpad-local(11709/2)	computed			
src/main/17AFC.c	1315	func_80029454	deref-load	s32	4	scr	scr	u8 * (local)	0x88		scratchpad-local(11709/2)				
src/main/17AFC.c	1315	func_80029454	index-load	LeafPos *	4	scr	scr	u8 * (local)	0x60		scratchpad-local(11709/2)	computed			
src/main/17AFC.c	1316	func_80029454	deref-store	s32	4	scr	scr	u8 * (local)	0x88		scratchpad-local(11709/2)				
src/main/17AFC.c	1316	func_80029454	index-load	LeafPos *	4	scr	scr	u8 * (local)	0x60		scratchpad-local(11709/2)	computed			
src/main/17AFC.c	1318	func_80029454	index-load	LeafPos *	4	scr	scr	u8 * (local)	0x60		scratchpad-local(11709/2)	computed			
src/main/17AFC.c	1318	func_80029454	deref-load	s32	4	scr	scr	u8 * (local)	0x80		scratchpad-local(11709/2)				
src/main/17AFC.c	1319	func_80029454	deref-store	s32	4	scr	scr	u8 * (local)	0x80		scratchpad-local(11709/2)				
src/main/17AFC.c	1319	func_80029454	index-load	LeafPos *	4	scr	scr	u8 * (local)	0x60		scratchpad-local(11709/2)	computed			
src/main/17AFC.c	1320	func_80029454	deref-load	s32	4	scr	scr	u8 * (local)	0x8C		scratchpad-local(11709/2)				
src/main/17AFC.c	1320	func_80029454	index-load	LeafPos *	4	scr	scr	u8 * (local)	0x60		scratchpad-local(11709/2)	computed			
src/main/17AFC.c	1321	func_80029454	deref-store	s32	4	scr	scr	u8 * (local)	0x8C		scratchpad-local(11709/2)				
src/main/17AFC.c	1321	func_80029454	index-load	LeafPos *	4	scr	scr	u8 * (local)	0x60		scratchpad-local(11709/2)	computed			
src/main/17AFC.c	1327	func_80029454	deref-store	LeafPos *	4	scr	scr	u8 * (local)	0x6C		scratchpad-local(11709/2)				
src/main/17AFC.c	1328	func_80029454	deref-store	LeafPos *	4	scr	scr	u8 * (local)	0x70		scratchpad-local(11709/2)				
src/main/17AFC.c	1329	func_80029454	deref-store	LeafPos *	4	scr	scr	u8 * (local)	0x74		scratchpad-local(11709/2)				
src/main/17AFC.c	1332	func_80029454	deref-store	LeafPos *	4	scr	scr	u8 * (local)	0x6C		scratchpad-local(11709/2)				
src/main/17AFC.c	1333	func_80029454	deref-store	LeafPos *	4	scr	scr	u8 * (local)	0x70		scratchpad-local(11709/2)				
src/main/17AFC.c	1334	func_80029454	deref-store	LeafPos *	4	scr	scr	u8 * (local)	0x74		scratchpad-local(11709/2)				
src/main/17AFC.c	1337	func_80029454	deref-store	LeafPos *	4	scr	scr	u8 * (local)	0x6C		scratchpad-local(11709/2)				
src/main/17AFC.c	1338	func_80029454	deref-store	LeafPos *	4	scr	scr	u8 * (local)	0x70		scratchpad-local(11709/2)				
src/main/17AFC.c	1339	func_80029454	deref-store	LeafPos *	4	scr	scr	u8 * (local)	0x74		scratchpad-local(11709/2)				
src/main/17AFC.c	1342	func_80029454	deref-store	LeafPos *	4	scr	scr	u8 * (local)	0x6C		scratchpad-local(11709/2)				
src/main/17AFC.c	1343	func_80029454	deref-store	LeafPos *	4	scr	scr	u8 * (local)	0x70		scratchpad-local(11709/2)				
src/main/17AFC.c	1344	func_80029454	deref-store	LeafPos *	4	scr	scr	u8 * (local)	0x74		scratchpad-local(11709/2)				
src/main/17AFC.c	1347	func_80029454	deref-store	LeafPos		scr	scr	u8 * (local)	0x9C		scratchpad-local(11709/2)				
src/main/17AFC.c	1347	func_80029454	deref-load	LeafPos *	4	scr	scr	u8 * (local)	0x6C		scratchpad-local(11709/2)				
src/main/17AFC.c	1348	func_80029454	deref-store	LeafPos		scr	scr	u8 * (local)	0x90		scratchpad-local(11709/2)				
src/main/17AFC.c	1348	func_80029454	deref-load	LeafPos		scr	scr	u8 * (local)	0x9C		scratchpad-local(11709/2)				
src/main/17AFC.c	1350	func_80029454	index-load	LeafPos *	4	scr	scr	u8 * (local)	0x6C		scratchpad-local(11709/2)	computed			
src/main/17AFC.c	1350	func_80029454	deref-load	s32	4	scr	scr	u8 * (local)	0x90		scratchpad-local(11709/2)				
src/main/17AFC.c	1351	func_80029454	deref-store	s32	4	scr	scr	u8 * (local)	0x90		scratchpad-local(11709/2)				
src/main/17AFC.c	1351	func_80029454	index-load	LeafPos *	4	scr	scr	u8 * (local)	0x6C		scratchpad-local(11709/2)	computed			
src/main/17AFC.c	1352	func_80029454	deref-load	s32	4	scr	scr	u8 * (local)	0x9C		scratchpad-local(11709/2)				
src/main/17AFC.c	1352	func_80029454	index-load	LeafPos *	4	scr	scr	u8 * (local)	0x6C		scratchpad-local(11709/2)	computed			
src/main/17AFC.c	1353	func_80029454	deref-store	s32	4	scr	scr	u8 * (local)	0x9C		scratchpad-local(11709/2)				
src/main/17AFC.c	1353	func_80029454	index-load	LeafPos *	4	scr	scr	u8 * (local)	0x6C		scratchpad-local(11709/2)	computed			
src/main/17AFC.c	1355	func_80029454	index-load	LeafPos *	4	scr	scr	u8 * (local)	0x6C		scratchpad-local(11709/2)	computed			
src/main/17AFC.c	1355	func_80029454	deref-load	s32	4	scr	scr	u8 * (local)	0x94		scratchpad-local(11709/2)				
src/main/17AFC.c	1356	func_80029454	deref-store	s32	4	scr	scr	u8 * (local)	0x94		scratchpad-local(11709/2)				
src/main/17AFC.c	1356	func_80029454	index-load	LeafPos *	4	scr	scr	u8 * (local)	0x6C		scratchpad-local(11709/2)	computed			
src/main/17AFC.c	1357	func_80029454	deref-load	s32	4	scr	scr	u8 * (local)	0xA0		scratchpad-local(11709/2)				
src/main/17AFC.c	1357	func_80029454	index-load	LeafPos *	4	scr	scr	u8 * (local)	0x6C		scratchpad-local(11709/2)	computed			
src/main/17AFC.c	1358	func_80029454	deref-store	s32	4	scr	scr	u8 * (local)	0xA0		scratchpad-local(11709/2)				
src/main/17AFC.c	1358	func_80029454	index-load	LeafPos *	4	scr	scr	u8 * (local)	0x6C		scratchpad-local(11709/2)	computed			
src/main/17AFC.c	1360	func_80029454	index-load	LeafPos *	4	scr	scr	u8 * (local)	0x6C		scratchpad-local(11709/2)	computed			
src/main/17AFC.c	1360	func_80029454	deref-load	s32	4	scr	scr	u8 * (local)	0x98		scratchpad-local(11709/2)				
src/main/17AFC.c	1361	func_80029454	deref-store	s32	4	scr	scr	u8 * (local)	0x98		scratchpad-local(11709/2)				
src/main/17AFC.c	1361	func_80029454	index-load	LeafPos *	4	scr	scr	u8 * (local)	0x6C		scratchpad-local(11709/2)	computed			
src/main/17AFC.c	1362	func_80029454	deref-load	s32	4	scr	scr	u8 * (local)	0xA4		scratchpad-local(11709/2)				
src/main/17AFC.c	1362	func_80029454	index-load	LeafPos *	4	scr	scr	u8 * (local)	0x6C		scratchpad-local(11709/2)	computed			
src/main/17AFC.c	1363	func_80029454	deref-store	s32	4	scr	scr	u8 * (local)	0xA4		scratchpad-local(11709/2)				
src/main/17AFC.c	1363	func_80029454	index-load	LeafPos *	4	scr	scr	u8 * (local)	0x6C		scratchpad-local(11709/2)	computed			
src/main/17AFC.c	1367	func_80029454	deref-load	s32 *	4	scr	scr	u8 * (local)	0x6C		scratchpad-local(11709/2)				
src/main/17AFC.c	1367	func_80029454	deref-load	s32 *	4	scr	scr	u8 * (local)	0x70		scratchpad-local(11709/2)				
src/main/17AFC.c	1367	func_80029454	deref-load	s32 *	4	scr	scr	u8 * (local)	0x74		scratchpad-local(11709/2)				
src/main/17AFC.c	1385	func_80029454	deref-store	LeafPos *	4	scr	scr	u8 * (local)	0x60		scratchpad-local(11709/2)				
src/main/17AFC.c	1386	func_80029454	deref-store	LeafPos *	4	scr	scr	u8 * (local)	0x64		scratchpad-local(11709/2)				
src/main/17AFC.c	1387	func_80029454	deref-store	LeafPos *	4	scr	scr	u8 * (local)	0x68		scratchpad-local(11709/2)				
src/main/17AFC.c	1390	func_80029454	deref-store	LeafPos *	4	scr	scr	u8 * (local)	0x60		scratchpad-local(11709/2)				
src/main/17AFC.c	1391	func_80029454	deref-store	LeafPos *	4	scr	scr	u8 * (local)	0x64		scratchpad-local(11709/2)				
src/main/17AFC.c	1392	func_80029454	deref-store	LeafPos *	4	scr	scr	u8 * (local)	0x68		scratchpad-local(11709/2)				
src/main/17AFC.c	1395	func_80029454	deref-store	LeafPos *	4	scr	scr	u8 * (local)	0x60		scratchpad-local(11709/2)				
src/main/17AFC.c	1396	func_80029454	deref-store	LeafPos *	4	scr	scr	u8 * (local)	0x64		scratchpad-local(11709/2)				
src/main/17AFC.c	1397	func_80029454	deref-store	LeafPos *	4	scr	scr	u8 * (local)	0x68		scratchpad-local(11709/2)				
src/main/17AFC.c	1400	func_80029454	deref-store	LeafPos *	4	scr	scr	u8 * (local)	0x60		scratchpad-local(11709/2)				
src/main/17AFC.c	1401	func_80029454	deref-store	LeafPos *	4	scr	scr	u8 * (local)	0x64		scratchpad-local(11709/2)				
src/main/17AFC.c	1402	func_80029454	deref-store	LeafPos *	4	scr	scr	u8 * (local)	0x68		scratchpad-local(11709/2)				
src/main/17AFC.c	1408	func_80029454	deref-store	LeafPos		scr	scr	u8 * (local)	0x84		scratchpad-local(11709/2)				
src/main/17AFC.c	1408	func_80029454	deref-load	LeafPos *	4	scr	scr	u8 * (local)	0x60		scratchpad-local(11709/2)				
src/main/17AFC.c	1409	func_80029454	deref-store	LeafPos		scr	scr	u8 * (local)	0x78		scratchpad-local(11709/2)				
src/main/17AFC.c	1409	func_80029454	deref-load	LeafPos		scr	scr	u8 * (local)	0x84		scratchpad-local(11709/2)				
src/main/17AFC.c	1411	func_80029454	index-load	LeafPos *	4	scr	scr	u8 * (local)	0x60		scratchpad-local(11709/2)	computed			
src/main/17AFC.c	1411	func_80029454	deref-load	s32	4	scr	scr	u8 * (local)	0x78		scratchpad-local(11709/2)				
src/main/17AFC.c	1412	func_80029454	deref-store	s32	4	scr	scr	u8 * (local)	0x78		scratchpad-local(11709/2)				
src/main/17AFC.c	1412	func_80029454	index-load	LeafPos *	4	scr	scr	u8 * (local)	0x60		scratchpad-local(11709/2)	computed			
src/main/17AFC.c	1413	func_80029454	deref-load	s32	4	scr	scr	u8 * (local)	0x84		scratchpad-local(11709/2)				
src/main/17AFC.c	1413	func_80029454	index-load	LeafPos *	4	scr	scr	u8 * (local)	0x60		scratchpad-local(11709/2)	computed			
src/main/17AFC.c	1414	func_80029454	deref-store	s32	4	scr	scr	u8 * (local)	0x84		scratchpad-local(11709/2)				
src/main/17AFC.c	1414	func_80029454	index-load	LeafPos *	4	scr	scr	u8 * (local)	0x60		scratchpad-local(11709/2)	computed			
src/main/17AFC.c	1416	func_80029454	index-load	LeafPos *	4	scr	scr	u8 * (local)	0x60		scratchpad-local(11709/2)	computed			
src/main/17AFC.c	1416	func_80029454	deref-load	s32	4	scr	scr	u8 * (local)	0x7C		scratchpad-local(11709/2)				
src/main/17AFC.c	1417	func_80029454	deref-store	s32	4	scr	scr	u8 * (local)	0x7C		scratchpad-local(11709/2)				
src/main/17AFC.c	1417	func_80029454	index-load	LeafPos *	4	scr	scr	u8 * (local)	0x60		scratchpad-local(11709/2)	computed			
src/main/17AFC.c	1418	func_80029454	deref-load	s32	4	scr	scr	u8 * (local)	0x88		scratchpad-local(11709/2)				
src/main/17AFC.c	1418	func_80029454	index-load	LeafPos *	4	scr	scr	u8 * (local)	0x60		scratchpad-local(11709/2)	computed			
src/main/17AFC.c	1419	func_80029454	deref-store	s32	4	scr	scr	u8 * (local)	0x88		scratchpad-local(11709/2)				
src/main/17AFC.c	1419	func_80029454	index-load	LeafPos *	4	scr	scr	u8 * (local)	0x60		scratchpad-local(11709/2)	computed			
src/main/17AFC.c	1421	func_80029454	index-load	LeafPos *	4	scr	scr	u8 * (local)	0x60		scratchpad-local(11709/2)	computed			
src/main/17AFC.c	1421	func_80029454	deref-load	s32	4	scr	scr	u8 * (local)	0x80		scratchpad-local(11709/2)				
src/main/17AFC.c	1422	func_80029454	deref-store	s32	4	scr	scr	u8 * (local)	0x80		scratchpad-local(11709/2)				
src/main/17AFC.c	1422	func_80029454	index-load	LeafPos *	4	scr	scr	u8 * (local)	0x60		scratchpad-local(11709/2)	computed			
src/main/17AFC.c	1423	func_80029454	deref-load	s32	4	scr	scr	u8 * (local)	0x8C		scratchpad-local(11709/2)				
src/main/17AFC.c	1423	func_80029454	index-load	LeafPos *	4	scr	scr	u8 * (local)	0x60		scratchpad-local(11709/2)	computed			
src/main/17AFC.c	1424	func_80029454	deref-store	s32	4	scr	scr	u8 * (local)	0x8C		scratchpad-local(11709/2)				
src/main/17AFC.c	1424	func_80029454	index-load	LeafPos *	4	scr	scr	u8 * (local)	0x60		scratchpad-local(11709/2)	computed			
src/main/17AFC.c	1433	func_80029454	deref-store	LeafPos *	4	scr	scr	u8 * (local)	0x6C		scratchpad-local(11709/2)				
src/main/17AFC.c	1434	func_80029454	deref-store	LeafPos *	4	scr	scr	u8 * (local)	0x70		scratchpad-local(11709/2)				
src/main/17AFC.c	1435	func_80029454	deref-store	LeafPos *	4	scr	scr	u8 * (local)	0x74		scratchpad-local(11709/2)				
src/main/17AFC.c	1438	func_80029454	deref-store	LeafPos *	4	scr	scr	u8 * (local)	0x6C		scratchpad-local(11709/2)				
src/main/17AFC.c	1439	func_80029454	deref-store	LeafPos *	4	scr	scr	u8 * (local)	0x70		scratchpad-local(11709/2)				
src/main/17AFC.c	1440	func_80029454	deref-store	LeafPos *	4	scr	scr	u8 * (local)	0x74		scratchpad-local(11709/2)				
src/main/17AFC.c	1443	func_80029454	deref-store	LeafPos *	4	scr	scr	u8 * (local)	0x6C		scratchpad-local(11709/2)				
src/main/17AFC.c	1444	func_80029454	deref-store	LeafPos *	4	scr	scr	u8 * (local)	0x70		scratchpad-local(11709/2)				
src/main/17AFC.c	1445	func_80029454	deref-store	LeafPos *	4	scr	scr	u8 * (local)	0x74		scratchpad-local(11709/2)				
src/main/17AFC.c	1448	func_80029454	deref-store	LeafPos *	4	scr	scr	u8 * (local)	0x6C		scratchpad-local(11709/2)				
src/main/17AFC.c	1449	func_80029454	deref-store	LeafPos *	4	scr	scr	u8 * (local)	0x70		scratchpad-local(11709/2)				
src/main/17AFC.c	1450	func_80029454	deref-store	LeafPos *	4	scr	scr	u8 * (local)	0x74		scratchpad-local(11709/2)				
src/main/17AFC.c	1453	func_80029454	deref-store	LeafPos		scr	scr	u8 * (local)	0x9C		scratchpad-local(11709/2)				
src/main/17AFC.c	1453	func_80029454	deref-load	LeafPos *	4	scr	scr	u8 * (local)	0x6C		scratchpad-local(11709/2)				
src/main/17AFC.c	1454	func_80029454	deref-store	LeafPos		scr	scr	u8 * (local)	0x90		scratchpad-local(11709/2)				
src/main/17AFC.c	1454	func_80029454	deref-load	LeafPos		scr	scr	u8 * (local)	0x9C		scratchpad-local(11709/2)				
src/main/17AFC.c	1456	func_80029454	index-load	LeafPos *	4	scr	scr	u8 * (local)	0x6C		scratchpad-local(11709/2)	computed			
src/main/17AFC.c	1456	func_80029454	deref-load	s32	4	scr	scr	u8 * (local)	0x90		scratchpad-local(11709/2)				
src/main/17AFC.c	1457	func_80029454	deref-store	s32	4	scr	scr	u8 * (local)	0x90		scratchpad-local(11709/2)				
src/main/17AFC.c	1457	func_80029454	index-load	LeafPos *	4	scr	scr	u8 * (local)	0x6C		scratchpad-local(11709/2)	computed			
src/main/17AFC.c	1458	func_80029454	deref-load	s32	4	scr	scr	u8 * (local)	0x9C		scratchpad-local(11709/2)				
src/main/17AFC.c	1458	func_80029454	index-load	LeafPos *	4	scr	scr	u8 * (local)	0x6C		scratchpad-local(11709/2)	computed			
src/main/17AFC.c	1459	func_80029454	deref-store	s32	4	scr	scr	u8 * (local)	0x9C		scratchpad-local(11709/2)				
src/main/17AFC.c	1459	func_80029454	index-load	LeafPos *	4	scr	scr	u8 * (local)	0x6C		scratchpad-local(11709/2)	computed			
src/main/17AFC.c	1461	func_80029454	index-load	LeafPos *	4	scr	scr	u8 * (local)	0x6C		scratchpad-local(11709/2)	computed			
src/main/17AFC.c	1461	func_80029454	deref-load	s32	4	scr	scr	u8 * (local)	0x94		scratchpad-local(11709/2)				
src/main/17AFC.c	1462	func_80029454	deref-store	s32	4	scr	scr	u8 * (local)	0x94		scratchpad-local(11709/2)				
src/main/17AFC.c	1462	func_80029454	index-load	LeafPos *	4	scr	scr	u8 * (local)	0x6C		scratchpad-local(11709/2)	computed			
src/main/17AFC.c	1463	func_80029454	deref-load	s32	4	scr	scr	u8 * (local)	0xA0		scratchpad-local(11709/2)				
src/main/17AFC.c	1463	func_80029454	index-load	LeafPos *	4	scr	scr	u8 * (local)	0x6C		scratchpad-local(11709/2)	computed			
src/main/17AFC.c	1464	func_80029454	deref-store	s32	4	scr	scr	u8 * (local)	0xA0		scratchpad-local(11709/2)				
src/main/17AFC.c	1464	func_80029454	index-load	LeafPos *	4	scr	scr	u8 * (local)	0x6C		scratchpad-local(11709/2)	computed			
src/main/17AFC.c	1466	func_80029454	index-load	LeafPos *	4	scr	scr	u8 * (local)	0x6C		scratchpad-local(11709/2)	computed			
src/main/17AFC.c	1466	func_80029454	deref-load	s32	4	scr	scr	u8 * (local)	0x98		scratchpad-local(11709/2)				
src/main/17AFC.c	1467	func_80029454	deref-store	s32	4	scr	scr	u8 * (local)	0x98		scratchpad-local(11709/2)				
src/main/17AFC.c	1467	func_80029454	index-load	LeafPos *	4	scr	scr	u8 * (local)	0x6C		scratchpad-local(11709/2)	computed			
src/main/17AFC.c	1468	func_80029454	deref-load	s32	4	scr	scr	u8 * (local)	0xA4		scratchpad-local(11709/2)				
src/main/17AFC.c	1468	func_80029454	index-load	LeafPos *	4	scr	scr	u8 * (local)	0x6C		scratchpad-local(11709/2)	computed			
src/main/17AFC.c	1469	func_80029454	deref-store	s32	4	scr	scr	u8 * (local)	0xA4		scratchpad-local(11709/2)				
src/main/17AFC.c	1469	func_80029454	index-load	LeafPos *	4	scr	scr	u8 * (local)	0x6C		scratchpad-local(11709/2)	computed			
src/main/17AFC.c	1473	func_80029454	deref-load	s32 *	4	scr	scr	u8 * (local)	0x6C		scratchpad-local(11709/2)				
src/main/17AFC.c	1473	func_80029454	deref-load	s32 *	4	scr	scr	u8 * (local)	0x70		scratchpad-local(11709/2)				
src/main/17AFC.c	1473	func_80029454	deref-load	s32 *	4	scr	scr	u8 * (local)	0x74		scratchpad-local(11709/2)				
src/main/17AFC.c	1531	func_8002A458	deref-load	s16	2	obj	obj	u8 * (param)	0x4	Unk80101EC8Record	caller(2/2)	exact	index	fn	
src/main/17AFC.c	1532	func_8002A458	pun-load	u8 *	4	obj	obj	u8 * (param)	0x0	Unk80101EC8Record	caller(2/2)	exact	other	fn	
src/main/17AFC.c	1561	func_8002A458	deref-store	u8 *	4	scr	scr	u8 * (local)	0x60		scratchpad-local(13360/2)			fn	
src/main/17AFC.c	1562	func_8002A458	deref-store	u8 *	4	scr	scr	u8 * (local)	0x64		scratchpad-local(13360/2)			fn	
src/main/17AFC.c	1563	func_8002A458	deref-store	Vec3i	12	scr	scr	u8 * (local)	0xC8		scratchpad-local(13360/2)			fn	
src/main/17AFC.c	1563	func_8002A458	deref-load	Vec3i	12	scr	scr	u8 * (local)	0xC		scratchpad-local(13360/2)			fn	
src/main/17AFC.c	1564	func_8002A458	deref-load	s32 *	4	scr	scr	u8 * (local)	0x64		scratchpad-local(13360/2)			fn	
src/main/17AFC.c	1564	func_8002A458	deref-load	s32 *	4	scr	scr	u8 * (local)	0x60		scratchpad-local(13360/2)			fn	
src/main/17AFC.c	1565	func_8002A458	deref-load	s32 *	4	scr	scr	u8 * (local)	0x64		scratchpad-local(13360/2)			fn	
src/main/17AFC.c	1565	func_8002A458	deref-load	s32 *	4	scr	scr	u8 * (local)	0x60		scratchpad-local(13360/2)			fn	
src/main/17AFC.c	1566	func_8002A458	deref-load	s32 *	4	scr	scr	u8 * (local)	0x64		scratchpad-local(13360/2)			fn	
src/main/17AFC.c	1566	func_8002A458	deref-load	s32 *	4	scr	scr	u8 * (local)	0x60		scratchpad-local(13360/2)			fn	
src/main/17AFC.c	1567	func_8002A458	deref-load	s16	2	partner	partner	u8 * (local)	0x1D8		untyped			fn	
src/main/17AFC.c	1598	func_8002A458	deref-store	s16	2	scr	scr	u8 * (local)	0xF8		scratchpad-local(13360/2)			fn	
src/main/17AFC.c	1599	func_8002A458	deref-store	s16	2	scr	scr	u8 * (local)	0xFA		scratchpad-local(13360/2)			fn	
src/main/17AFC.c	1600	func_8002A458	deref-store	s16	2	scr	scr	u8 * (local)	0xFC		scratchpad-local(13360/2)			fn	
src/main/17AFC.c	1602	func_8002A458	addr	s16	2	scr	scr	u8 * (local)	0xF8		scratchpad-local(13360/2)			fn	
src/main/17AFC.c	1630	func_8002A458	deref-store	Vec3i *	4	scr	scr	u8 * (local)	0x60		scratchpad-local(13360/2)			fn	
src/main/17AFC.c	1630	func_8002A458	deref-load	Vec3i *	4	scr	scr	u8 * (local)	0x64		scratchpad-local(13360/2)			fn	
src/main/17AFC.c	1631	func_8002A458	deref-load	s32 *	4	scr	scr	u8 * (local)	0x64		scratchpad-local(13360/2)			fn	
src/main/17AFC.c	1632	func_8002A458	deref-load	s32 *	4	scr	scr	u8 * (local)	0x64		scratchpad-local(13360/2)			fn	
src/main/17AFC.c	1633	func_8002A458	deref-load	s32 *	4	scr	scr	u8 * (local)	0x64		scratchpad-local(13360/2)			fn	
src/main/17AFC.c	1645	func_8002A458	deref-load	s16	2	obj	obj	u8 * (param)	0x26C	Unk80101EC8Record	caller(2/2)	exact	unk_26C	fn	
src/main/17AFC.c	1659	func_8002A458	deref-store	s32	4	scr	scr	u8 * (local)	0xA8		scratchpad-local(13360/2)			fn	
src/main/17AFC.c	1659	func_8002A458	deref-load	s32 *	4	scr	scr	u8 * (local)	0x60		scratchpad-local(13360/2)			fn	
src/main/17AFC.c	1660	func_8002A458	deref-store	s32	4	scr	scr	u8 * (local)	0xAC		scratchpad-local(13360/2)			fn	
src/main/17AFC.c	1660	func_8002A458	deref-load	s32 *	4	scr	scr	u8 * (local)	0x60		scratchpad-local(13360/2)			fn	
src/main/17AFC.c	1661	func_8002A458	deref-store	s32	4	scr	scr	u8 * (local)	0xB0		scratchpad-local(13360/2)			fn	
src/main/17AFC.c	1661	func_8002A458	deref-load	s32 *	4	scr	scr	u8 * (local)	0x60		scratchpad-local(13360/2)			fn	
src/main/17AFC.c	1662	func_8002A458	addr	s32	4	scr	scr	u8 * (local)	0xA8		scratchpad-local(13360/2)			fn	
src/main/17AFC.c	1662	func_8002A458	deref-load	s32 *	4	scr	scr	u8 * (local)	0x64		scratchpad-local(13360/2)			fn	
src/main/17AFC.c	1662	func_8002A458	addr	s32	4	scr	scr	u8 * (local)	0x100		scratchpad-local(13360/2)			fn	
src/main/17AFC.c	1663	func_8002A458	addr	s32	4	scr	scr	u8 * (local)	0xF8		scratchpad-local(13360/2)			fn	
src/main/17AFC.c	1666	func_8002A458	deref-load	s32 *	4	scr	scr	u8 * (local)	0x60		scratchpad-local(13360/2)			fn	
src/main/17AFC.c	1667	func_8002A458	deref-load	s32	4	scr	scr	u8 * (local)	0x100		scratchpad-local(13360/2)			fn	
src/main/17AFC.c	1668	func_8002A458	deref-load	s32	4	scr	scr	u8 * (local)	0x104		scratchpad-local(13360/2)			fn	
src/main/17AFC.c	1669	func_8002A458	deref-load	s32	4	scr	scr	u8 * (local)	0x108		scratchpad-local(13360/2)			fn	
src/main/17AFC.c	1671	func_8002A458	deref-load	s32	4	obj	obj	u8 * (param)	0xF4	Unk80101EC8Record	caller(2/2)	exact	unk_F4.x	fn	
src/main/17AFC.c	1672	func_8002A458	deref-load	s32	4	obj	obj	u8 * (param)	0xF8	Unk80101EC8Record	caller(2/2)	exact	unk_F4.y	fn	
src/main/17AFC.c	1673	func_8002A458	deref-load	s32	4	obj	obj	u8 * (param)	0xFC	Unk80101EC8Record	caller(2/2)	exact	unk_F4.z	fn	
src/main/17AFC.c	1781	func_8002AB08	deref-store	LeafPos		scr	scr	u8 * (local)	0x0		scratchpad-local(17131/2)			fn	
src/main/17AFC.c	1782	func_8002AB08	deref-store	LeafPos		scr	scr	u8 * (local)	0xC		scratchpad-local(17131/2)			fn	
src/main/17AFC.c	1795	func_8002AB08	deref-store	LeafPos		scr	scr	u8 * (local)	0x0		scratchpad-local(17131/2)			fn	
src/main/17AFC.c	1796	func_8002AB08	deref-store	LeafPos		scr	scr	u8 * (local)	0xC		scratchpad-local(17131/2)			fn	
src/main/17AFC.c	1825	func_8002AB08	deref-store	LeafPos		scr	scr	u8 * (local)	0x0		scratchpad-local(17131/2)			fn	
src/main/17AFC.c	1826	func_8002AB08	deref-store	LeafPos		scr	scr	u8 * (local)	0xC		scratchpad-local(17131/2)			fn	
src/main/17AFC.c	1827	func_8002AB08	deref-store	LeafPos		scr	scr	u8 * (local)	0x18		scratchpad-local(17131/2)			fn	
src/main/17AFC.c	1828	func_8002AB08	deref-store	LeafPos		scr	scr	u8 * (local)	0x24		scratchpad-local(17131/2)			fn	
src/main/17AFC.c	1830	func_8002AB08	deref-store	LeafPos		scr	scr	u8 * (local)	0x0		scratchpad-local(17131/2)			fn	
src/main/17AFC.c	1831	func_8002AB08	deref-store	LeafPos		scr	scr	u8 * (local)	0xC		scratchpad-local(17131/2)			fn	
src/main/17AFC.c	1832	func_8002AB08	deref-store	LeafPos		scr	scr	u8 * (local)	0x18		scratchpad-local(17131/2)			fn	
src/main/17AFC.c	1833	func_8002AB08	deref-store	LeafPos		scr	scr	u8 * (local)	0x24		scratchpad-local(17131/2)			fn	
src/main/17AFC.c	1835	func_8002AB08	deref-store	s32	4	scr	scr	u8 * (local)	0x30		scratchpad-local(17131/2)			fn	
src/main/17AFC.c	1835	func_8002AB08	deref-load	s32	4	scr	scr	u8 * (local)	0x0		scratchpad-local(17131/2)			fn	
src/main/17AFC.c	1835	func_8002AB08	deref-load	s32	4	scr	scr	u8 * (local)	0x18		scratchpad-local(17131/2)			fn	
src/main/17AFC.c	1836	func_8002AB08	deref-store	s32	4	scr	scr	u8 * (local)	0x34		scratchpad-local(17131/2)			fn	
src/main/17AFC.c	1836	func_8002AB08	deref-load	s32	4	scr	scr	u8 * (local)	0x4		scratchpad-local(17131/2)			fn	
src/main/17AFC.c	1836	func_8002AB08	deref-load	s32	4	scr	scr	u8 * (local)	0x1C		scratchpad-local(17131/2)			fn	
src/main/17AFC.c	1837	func_8002AB08	deref-store	s32	4	scr	scr	u8 * (local)	0x38		scratchpad-local(17131/2)			fn	
src/main/17AFC.c	1837	func_8002AB08	deref-load	s32	4	scr	scr	u8 * (local)	0x8		scratchpad-local(17131/2)			fn	
src/main/17AFC.c	1837	func_8002AB08	deref-load	s32	4	scr	scr	u8 * (local)	0x20		scratchpad-local(17131/2)			fn	
src/main/17AFC.c	1838	func_8002AB08	deref-store	s32	4	scr	scr	u8 * (local)	0x3C		scratchpad-local(17131/2)			fn	
src/main/17AFC.c	1838	func_8002AB08	deref-load	s32	4	scr	scr	u8 * (local)	0xC		scratchpad-local(17131/2)			fn	
src/main/17AFC.c	1838	func_8002AB08	deref-load	s32	4	scr	scr	u8 * (local)	0x24		scratchpad-local(17131/2)			fn	
src/main/17AFC.c	1839	func_8002AB08	deref-store	s32	4	scr	scr	u8 * (local)	0x40		scratchpad-local(17131/2)			fn	
src/main/17AFC.c	1839	func_8002AB08	deref-load	s32	4	scr	scr	u8 * (local)	0x10		scratchpad-local(17131/2)			fn	
src/main/17AFC.c	1839	func_8002AB08	deref-load	s32	4	scr	scr	u8 * (local)	0x28		scratchpad-local(17131/2)			fn	
src/main/17AFC.c	1840	func_8002AB08	deref-store	s32	4	scr	scr	u8 * (local)	0x44		scratchpad-local(17131/2)			fn	
src/main/17AFC.c	1840	func_8002AB08	deref-load	s32	4	scr	scr	u8 * (local)	0x14		scratchpad-local(17131/2)			fn	
src/main/17AFC.c	1840	func_8002AB08	deref-load	s32	4	scr	scr	u8 * (local)	0x2C		scratchpad-local(17131/2)			fn	
src/main/17AFC.c	1841	func_8002AB08	deref-load	s32	4	scr	scr	u8 * (local)	0xC		scratchpad-local(17131/2)			fn	
src/main/17AFC.c	1841	func_8002AB08	deref-load	s32	4	scr	scr	u8 * (local)	0x24		scratchpad-local(17131/2)			fn	
src/main/17AFC.c	1842	func_8002AB08	deref-load	s32	4	scr	scr	u8 * (local)	0x10		scratchpad-local(17131/2)			fn	
src/main/17AFC.c	1842	func_8002AB08	deref-load	s32	4	scr	scr	u8 * (local)	0x28		scratchpad-local(17131/2)			fn	
src/main/17AFC.c	1843	func_8002AB08	deref-load	s32	4	scr	scr	u8 * (local)	0x14		scratchpad-local(17131/2)			fn	
src/main/17AFC.c	1843	func_8002AB08	deref-load	s32	4	scr	scr	u8 * (local)	0x2C		scratchpad-local(17131/2)			fn	
src/main/17AFC.c	1852	func_8002AB08	deref-store	u8 *	4	scr	scr	u8 * (local)	0x60		scratchpad-local(17131/2)			fn	
src/main/17AFC.c	1853	func_8002AB08	deref-store	u8 *	4	scr	scr	u8 * (local)	0x64		scratchpad-local(17131/2)			fn	
src/main/17AFC.c	1854	func_8002AB08	deref-store	u8 *	4	scr	scr	u8 * (local)	0x68		scratchpad-local(17131/2)			fn	
src/main/17AFC.c	1856	func_8002AB08	deref-store	u8 *	4	scr	scr	u8 * (local)	0x60		scratchpad-local(17131/2)			fn	
src/main/17AFC.c	1857	func_8002AB08	deref-store	u8 *	4	scr	scr	u8 * (local)	0x64		scratchpad-local(17131/2)			fn	
src/main/17AFC.c	1858	func_8002AB08	deref-store	u8 *	4	scr	scr	u8 * (local)	0x68		scratchpad-local(17131/2)			fn	
src/main/17AFC.c	1863	func_8002AB08	deref-store	u8 *	4	scr	scr	u8 * (local)	0x60		scratchpad-local(17131/2)			fn	
src/main/17AFC.c	1864	func_8002AB08	deref-store	u8 *	4	scr	scr	u8 * (local)	0x64		scratchpad-local(17131/2)			fn	
src/main/17AFC.c	1865	func_8002AB08	deref-store	u8 *	4	scr	scr	u8 * (local)	0x68		scratchpad-local(17131/2)			fn	
src/main/17AFC.c	1868	func_8002AB08	deref-store	u8 *	4	scr	scr	u8 * (local)	0x60		scratchpad-local(17131/2)			fn	
src/main/17AFC.c	1869	func_8002AB08	deref-store	u8 *	4	scr	scr	u8 * (local)	0x64		scratchpad-local(17131/2)			fn	
src/main/17AFC.c	1870	func_8002AB08	deref-store	u8 *	4	scr	scr	u8 * (local)	0x68		scratchpad-local(17131/2)			fn	
src/main/17AFC.c	1873	func_8002AB08	deref-store	u8 *	4	scr	scr	u8 * (local)	0x60		scratchpad-local(17131/2)			fn	
src/main/17AFC.c	1874	func_8002AB08	deref-store	u8 *	4	scr	scr	u8 * (local)	0x64		scratchpad-local(17131/2)			fn	
src/main/17AFC.c	1875	func_8002AB08	deref-store	u8 *	4	scr	scr	u8 * (local)	0x68		scratchpad-local(17131/2)			fn	
src/main/17AFC.c	1878	func_8002AB08	deref-store	u8 *	4	scr	scr	u8 * (local)	0x60		scratchpad-local(17131/2)			fn	
src/main/17AFC.c	1879	func_8002AB08	deref-store	u8 *	4	scr	scr	u8 * (local)	0x64		scratchpad-local(17131/2)			fn	
src/main/17AFC.c	1880	func_8002AB08	deref-store	u8 *	4	scr	scr	u8 * (local)	0x68		scratchpad-local(17131/2)			fn	
src/main/17AFC.c	1884	func_8002AB08	deref-store	LeafPos		scr	scr	u8 * (local)	0x84		scratchpad-local(17131/2)			fn	
src/main/17AFC.c	1884	func_8002AB08	deref-load	LeafPos *	4	scr	scr	u8 * (local)	0x60		scratchpad-local(17131/2)			fn	
src/main/17AFC.c	1885	func_8002AB08	deref-store	LeafPos		scr	scr	u8 * (local)	0x78		scratchpad-local(17131/2)			fn	
src/main/17AFC.c	1885	func_8002AB08	deref-load	LeafPos		scr	scr	u8 * (local)	0x84		scratchpad-local(17131/2)			fn	
src/main/17AFC.c	1887	func_8002AB08	deref-load	s32 *	4	scr	scr	u8 * (local)	0x60		scratchpad-local(17131/2)	computed		fn	
src/main/17AFC.c	1887	func_8002AB08	deref-load	s32	4	scr	scr	u8 * (local)	0x78		scratchpad-local(17131/2)			fn	
src/main/17AFC.c	1888	func_8002AB08	deref-store	s32	4	scr	scr	u8 * (local)	0x78		scratchpad-local(17131/2)			fn	
src/main/17AFC.c	1888	func_8002AB08	deref-load	s32 *	4	scr	scr	u8 * (local)	0x60		scratchpad-local(17131/2)	computed		fn	
src/main/17AFC.c	1889	func_8002AB08	deref-load	s32	4	scr	scr	u8 * (local)	0x84		scratchpad-local(17131/2)			fn	
src/main/17AFC.c	1889	func_8002AB08	deref-load	s32 *	4	scr	scr	u8 * (local)	0x60		scratchpad-local(17131/2)	computed		fn	
src/main/17AFC.c	1890	func_8002AB08	deref-store	s32	4	scr	scr	u8 * (local)	0x84		scratchpad-local(17131/2)			fn	
src/main/17AFC.c	1890	func_8002AB08	deref-load	s32 *	4	scr	scr	u8 * (local)	0x60		scratchpad-local(17131/2)	computed		fn	
src/main/17AFC.c	1892	func_8002AB08	deref-load	s32 *	4	scr	scr	u8 * (local)	0x60		scratchpad-local(17131/2)	computed		fn	
src/main/17AFC.c	1892	func_8002AB08	deref-load	s32	4	scr	scr	u8 * (local)	0x7C		scratchpad-local(17131/2)			fn	
src/main/17AFC.c	1893	func_8002AB08	deref-store	s32	4	scr	scr	u8 * (local)	0x7C		scratchpad-local(17131/2)			fn	
src/main/17AFC.c	1893	func_8002AB08	deref-load	s32 *	4	scr	scr	u8 * (local)	0x60		scratchpad-local(17131/2)	computed		fn	
src/main/17AFC.c	1894	func_8002AB08	deref-load	s32	4	scr	scr	u8 * (local)	0x88		scratchpad-local(17131/2)			fn	
src/main/17AFC.c	1894	func_8002AB08	deref-load	s32 *	4	scr	scr	u8 * (local)	0x60		scratchpad-local(17131/2)	computed		fn	
src/main/17AFC.c	1895	func_8002AB08	deref-store	s32	4	scr	scr	u8 * (local)	0x88		scratchpad-local(17131/2)			fn	
src/main/17AFC.c	1895	func_8002AB08	deref-load	s32 *	4	scr	scr	u8 * (local)	0x60		scratchpad-local(17131/2)	computed		fn	
src/main/17AFC.c	1897	func_8002AB08	deref-load	s32 *	4	scr	scr	u8 * (local)	0x60		scratchpad-local(17131/2)	computed		fn	
src/main/17AFC.c	1897	func_8002AB08	deref-load	s32	4	scr	scr	u8 * (local)	0x80		scratchpad-local(17131/2)			fn	
src/main/17AFC.c	1898	func_8002AB08	deref-store	s32	4	scr	scr	u8 * (local)	0x80		scratchpad-local(17131/2)			fn	
src/main/17AFC.c	1898	func_8002AB08	deref-load	s32 *	4	scr	scr	u8 * (local)	0x60		scratchpad-local(17131/2)	computed		fn	
src/main/17AFC.c	1899	func_8002AB08	deref-load	s32	4	scr	scr	u8 * (local)	0x8C		scratchpad-local(17131/2)			fn	
src/main/17AFC.c	1899	func_8002AB08	deref-load	s32 *	4	scr	scr	u8 * (local)	0x60		scratchpad-local(17131/2)	computed		fn	
src/main/17AFC.c	1900	func_8002AB08	deref-store	s32	4	scr	scr	u8 * (local)	0x8C		scratchpad-local(17131/2)			fn	
src/main/17AFC.c	1900	func_8002AB08	deref-load	s32 *	4	scr	scr	u8 * (local)	0x60		scratchpad-local(17131/2)	computed		fn	
src/main/17AFC.c	1904	func_8002AB08	deref-load	s32	4	scr	scr	u8 * (local)	0xB4		scratchpad-local(17131/2)			fn	
src/main/17AFC.c	1905	func_8002AB08	deref-load	s32	4	scr	scr	u8 * (local)	0xC4		scratchpad-local(17131/2)			fn	
src/main/17AFC.c	1907	func_8002AB08	deref-load	s32	4	scr	scr	u8 * (local)	0xB4		scratchpad-local(17131/2)			fn	
src/main/17AFC.c	1910	func_8002AB08	deref-load	s32	4	scr	scr	u8 * (local)	0xB4		scratchpad-local(17131/2)			fn	
src/main/17AFC.c	1912	func_8002AB08	deref-load	s32	4	scr	scr	u8 * (local)	0xB4		scratchpad-local(17131/2)			fn	
src/main/17AFC.c	1921	func_8002AB08	deref-store	s32	4	scr	scr	u8 * (local)	0xC8		scratchpad-local(17131/2)			fn	
src/main/17AFC.c	1922	func_8002AB08	deref-store	s32	4	scr	scr	u8 * (local)	0xCC		scratchpad-local(17131/2)			fn	
src/main/17AFC.c	1923	func_8002AB08	deref-store	s32	4	scr	scr	u8 * (local)	0xD0		scratchpad-local(17131/2)			fn	
src/main/17AFC.c	1926	func_8002AB08	deref-load	s32	4	scr	scr	u8 * (local)	0xC8		scratchpad-local(17131/2)			fn	
src/main/17AFC.c	1927	func_8002AB08	deref-load	s32	4	scr	scr	u8 * (local)	0xCC		scratchpad-local(17131/2)			fn	
src/main/17AFC.c	1928	func_8002AB08	deref-load	s32	4	scr	scr	u8 * (local)	0xD0		scratchpad-local(17131/2)			fn	
src/main/17AFC.c	2210	func_8002C0DC	ptradd	u8	1	D_80101EC8	D_80101EC8	Unk80101EC8Record[] (header-global)	computed	Unk80101EC8Record	decl	computed	other		
src/main/17AFC.c	2211	func_8002C0DC	pun-load	u8 *	4	e	e	u8 * (local)	0x0	Unk80101EC8Record	assign(18148/2)	exact	other		
src/main/17AFC.c	2212	func_8002C0DC	deref-load	s32	4	ptr	ptr	u8 * (local)	0xD8		untyped				
src/main/17AFC.c	2212	func_8002C0DC	deref-load	s32	4	e	e	u8 * (local)	0xD8	Unk80101EC8Record	assign(18148/2)	exact	unk_D8.x		
src/main/17AFC.c	2213	func_8002C0DC	deref-load	s32	4	ptr	ptr	u8 * (local)	0xE0		untyped				
src/main/17AFC.c	2213	func_8002C0DC	deref-load	s32	4	e	e	u8 * (local)	0xE0	Unk80101EC8Record	assign(18148/2)	exact	unk_D8.z		
src/main/17AFC.c	2222	func_8002C0DC	ptradd	u8	1	D_80101EC8	D_80101EC8	Unk80101EC8Record[] (header-global)	computed	Unk80101EC8Record	decl	computed	other		
src/main/17AFC.c	2226	func_8002C0DC	deref-load	u8	1	var_s0	var_s0	u8 * (local)	0xAA	Unk80101EC8Record	assign(18148/1)	exact	unk_AA		
src/main/17AFC.c	2226	func_8002C0DC	deref-load	s16	2	var_s0	var_s0	u8 * (local)	0x40	Unk80101EC8Record	assign(18148/1)	exact	unk_40		
src/main/17AFC.c	2234	func_8002C0DC	deref-load	s16	2	var_s0	var_s0	u8 * (local)	0x40	Unk80101EC8Record	assign(18148/1)	exact	unk_40		
src/main/17AFC.c	2238	func_8002C0DC	deref-load	u8	1	var_s0	var_s0	u8 * (local)	0xAA	Unk80101EC8Record	assign(18148/1)	exact	unk_AA		
src/main/17AFC.c	2246	func_8002C0DC	pun-load	u8 *	4	var_s0	var_s0	u8 * (local)	0x0	Unk80101EC8Record	assign(18148/1)	exact	other		
src/main/17AFC.c	2247	func_8002C0DC	deref-store	s16	2	var_s0	var_s0	u8 * (local)	0x286	Unk80101EC8Record	assign(18148/1)	exact	unk_286		
src/main/17AFC.c	2248	func_8002C0DC	deref-store	s16	2	v1ptr	v1ptr	u8 * (local)	0x286		untyped				
src/main/17AFC.c	2461	func_8002CA8C	deref-load	s16	2	a0	a0	u8 * (param)	0x4	Unk80101EC8Record	caller(1/1)	exact	index	fn	
src/main/17AFC.c	2475	func_8002CA8C	deref-load	s16	2	a0	a0	u8 * (param)	0x26C	Unk80101EC8Record	caller(1/1)	exact	unk_26C	fn	
src/main/17AFC.c	2488	func_8002CA8C	deref-load	s32	4	scr	scr	u8 * (local)	0x84		scratchpad-local(20562/2)			fn	
src/main/17AFC.c	2488	func_8002CA8C	deref-load	s32	4	scr	scr	u8 * (local)	0x78		scratchpad-local(20562/2)			fn	
src/main/17AFC.c	2492	func_8002CA8C	deref-load	s32	4	scr	scr	u8 * (local)	0x88		scratchpad-local(20562/2)			fn	
src/main/17AFC.c	2492	func_8002CA8C	deref-load	s32	4	scr	scr	u8 * (local)	0x7C		scratchpad-local(20562/2)			fn	
src/main/17AFC.c	2496	func_8002CA8C	deref-load	s32	4	scr	scr	u8 * (local)	0x8C		scratchpad-local(20562/2)			fn	
src/main/17AFC.c	2496	func_8002CA8C	deref-load	s32	4	scr	scr	u8 * (local)	0x80		scratchpad-local(20562/2)			fn	
src/main/17AFC.c	2535	func_8002CA8C	deref-store	s32	4	scr	scr	u8 * (local)	0xB4		scratchpad-local(20562/2)			fn	
src/main/17AFC.c	2536	func_8002CA8C	deref-store	s32	4	scr	scr	u8 * (local)	0xC4		scratchpad-local(20562/2)			fn	
src/main/17AFC.c	2592	func_8002CD58	deref-store	s32	4	obj	obj	u8 * (param)	0xA8		scratchpad-param(1/1)				
src/main/17AFC.c	2592	func_8002CD58	deref-load	s32 *	4	obj	obj	u8 * (param)	0x64		scratchpad-param(1/1)				
src/main/17AFC.c	2592	func_8002CD58	deref-load	s32 *	4	obj	obj	u8 * (param)	0x60		scratchpad-param(1/1)				
src/main/17AFC.c	2593	func_8002CD58	deref-store	s32	4	obj	obj	u8 * (param)	0xAC		scratchpad-param(1/1)				
src/main/17AFC.c	2593	func_8002CD58	deref-load	s32 *	4	obj	obj	u8 * (param)	0x64		scratchpad-param(1/1)				
src/main/17AFC.c	2593	func_8002CD58	deref-load	s32 *	4	obj	obj	u8 * (param)	0x60		scratchpad-param(1/1)				
src/main/17AFC.c	2594	func_8002CD58	deref-store	s32	4	obj	obj	u8 * (param)	0xB0		scratchpad-param(1/1)				
src/main/17AFC.c	2594	func_8002CD58	deref-load	s32 *	4	obj	obj	u8 * (param)	0x64		scratchpad-param(1/1)				
src/main/17AFC.c	2594	func_8002CD58	deref-load	s32 *	4	obj	obj	u8 * (param)	0x60		scratchpad-param(1/1)				
src/main/17AFC.c	2595	func_8002CD58	deref-store	s32	4	obj	obj	u8 * (param)	0xB8		scratchpad-param(1/1)				
src/main/17AFC.c	2595	func_8002CD58	deref-load	s32 *	4	obj	obj	u8 * (param)	0x68		scratchpad-param(1/1)				
src/main/17AFC.c	2595	func_8002CD58	deref-load	s32 *	4	obj	obj	u8 * (param)	0x60		scratchpad-param(1/1)				
src/main/17AFC.c	2596	func_8002CD58	deref-store	s32	4	obj	obj	u8 * (param)	0xBC		scratchpad-param(1/1)				
src/main/17AFC.c	2596	func_8002CD58	deref-load	s32 *	4	obj	obj	u8 * (param)	0x68		scratchpad-param(1/1)				
src/main/17AFC.c	2596	func_8002CD58	deref-load	s32 *	4	obj	obj	u8 * (param)	0x60		scratchpad-param(1/1)				
src/main/17AFC.c	2597	func_8002CD58	deref-store	s32	4	obj	obj	u8 * (param)	0xC0		scratchpad-param(1/1)				
src/main/17AFC.c	2597	func_8002CD58	deref-load	s32 *	4	obj	obj	u8 * (param)	0x68		scratchpad-param(1/1)				
src/main/17AFC.c	2597	func_8002CD58	deref-load	s32 *	4	obj	obj	u8 * (param)	0x60		scratchpad-param(1/1)				
src/main/17AFC.c	2630	func_8002CD58	deref-load	s32	4	obj	obj	u8 * (param)	0xC8		scratchpad-param(1/1)				
src/main/17AFC.c	2631	func_8002CD58	deref-load	s32	4	obj	obj	u8 * (param)	0xCC		scratchpad-param(1/1)				
src/main/17AFC.c	2632	func_8002CD58	deref-load	s32	4	obj	obj	u8 * (param)	0xD0		scratchpad-param(1/1)				
src/main/17AFC.c	2649	func_8002CD58	deref-load	s32	4	obj	obj	u8 * (param)	0x100		scratchpad-param(1/1)				
src/main/17AFC.c	2649	func_8002CD58	deref-load	s32	4	obj	obj	u8 * (param)	0x104		scratchpad-param(1/1)				
src/main/17AFC.c	2649	func_8002CD58	deref-load	s32	4	obj	obj	u8 * (param)	0x108		scratchpad-param(1/1)				
src/main/17AFC.c	2677	func_8002CD58	deref-load	s32	4	obj	obj	u8 * (param)	0xA8		scratchpad-param(1/1)				
src/main/17AFC.c	2677	func_8002CD58	deref-load	s32	4	obj	obj	u8 * (param)	0xB0		scratchpad-param(1/1)				
src/main/17AFC.c	2678	func_8002CD58	deref-load	s32	4	obj	obj	u8 * (param)	0xA8		scratchpad-param(1/1)				
src/main/17AFC.c	2678	func_8002CD58	deref-load	s32	4	obj	obj	u8 * (param)	0xA8		scratchpad-param(1/1)				
src/main/17AFC.c	2679	func_8002CD58	deref-load	s32	4	obj	obj	u8 * (param)	0xB0		scratchpad-param(1/1)				
src/main/17AFC.c	2679	func_8002CD58	deref-load	s32	4	obj	obj	u8 * (param)	0xB0		scratchpad-param(1/1)				
src/main/17AFC.c	2680	func_8002CD58	deref-store	s16	2	obj	obj	u8 * (param)	0xFA		scratchpad-param(1/1)				
src/main/17AFC.c	2706	func_8002CD58	deref-load	s32	4	obj	obj	u8 * (param)	0xAC		scratchpad-param(1/1)				
src/main/17AFC.c	2707	func_8002CD58	deref-store	s16	2	obj	obj	u8 * (param)	0xF8		scratchpad-param(1/1)				
src/main/17AFC.c	2708	func_8002CD58	deref-store	s16	2	obj	obj	u8 * (param)	0xD8		scratchpad-param(1/1)				
src/main/17AFC.c	2709	func_8002CD58	deref-store	s16	2	obj	obj	u8 * (param)	0xDA		scratchpad-param(1/1)				
src/main/17AFC.c	2710	func_8002CD58	deref-store	s16	2	obj	obj	u8 * (param)	0xDC		scratchpad-param(1/1)				
src/main/17AFC.c	2711	func_8002CD58	deref-store	s16	2	obj	obj	u8 * (param)	0xDE		scratchpad-param(1/1)				
src/main/17AFC.c	2712	func_8002CD58	deref-store	s16	2	obj	obj	u8 * (param)	0xE0		scratchpad-param(1/1)				
src/main/17AFC.c	2713	func_8002CD58	deref-store	s16	2	obj	obj	u8 * (param)	0xE2		scratchpad-param(1/1)				
src/main/17AFC.c	2714	func_8002CD58	deref-store	s16	2	obj	obj	u8 * (param)	0xE4		scratchpad-param(1/1)				
src/main/17AFC.c	2715	func_8002CD58	deref-store	s16	2	obj	obj	u8 * (param)	0xE6		scratchpad-param(1/1)				
src/main/17AFC.c	2716	func_8002CD58	deref-store	s16	2	obj	obj	u8 * (param)	0xE8		scratchpad-param(1/1)				
src/main/17AFC.c	2717	func_8002CD58	deref-load	s16	2	obj	obj	u8 * (param)	0xFA		scratchpad-param(1/1)				
src/main/17AFC.c	2717	func_8002CD58	addr	s32	4	obj	obj	u8 * (param)	0xD8		scratchpad-param(1/1)				
src/main/17AFC.c	2718	func_8002CD58	deref-load	s16	2	obj	obj	u8 * (param)	0xF8		scratchpad-param(1/1)				
src/main/17AFC.c	2718	func_8002CD58	addr	s32	4	obj	obj	u8 * (param)	0xD8		scratchpad-param(1/1)				
src/main/17AFC.c	2781	func_8002CD58	deref-load	s32	4	obj	obj	u8 * (param)	0xC8		scratchpad-param(1/1)				
src/main/17AFC.c	2781	func_8002CD58	deref-load	s32	4	obj	obj	u8 * (param)	0xD0		scratchpad-param(1/1)				
src/main/17AFC.c	2782	func_8002CD58	deref-store	s32	4	obj	obj	u8 * (param)	0xC8		scratchpad-param(1/1)				
src/main/17AFC.c	2783	func_8002CD58	deref-store	s32	4	obj	obj	u8 * (param)	0xCC		scratchpad-param(1/1)				
src/main/17AFC.c	2784	func_8002CD58	deref-store	s32	4	obj	obj	u8 * (param)	0xD0		scratchpad-param(1/1)				
src/main/17AFC.c	2785	func_8002CD58	deref-load	s32	4	obj	obj	u8 * (param)	0xC8		scratchpad-param(1/1)				
src/main/17AFC.c	2785	func_8002CD58	deref-load	s32	4	obj	obj	u8 * (param)	0xC8		scratchpad-param(1/1)				
src/main/17AFC.c	2786	func_8002CD58	deref-load	s32	4	obj	obj	u8 * (param)	0xD0		scratchpad-param(1/1)				
src/main/17AFC.c	2786	func_8002CD58	deref-load	s32	4	obj	obj	u8 * (param)	0xD0		scratchpad-param(1/1)				
src/main/17AFC.c	2787	func_8002CD58	deref-store	s16	2	obj	obj	u8 * (param)	0xFA		scratchpad-param(1/1)				
src/main/17AFC.c	2813	func_8002CD58	deref-load	s32	4	obj	obj	u8 * (param)	0xCC		scratchpad-param(1/1)				
src/main/17AFC.c	2814	func_8002CD58	deref-store	s16	2	obj	obj	u8 * (param)	0xF8		scratchpad-param(1/1)				
src/main/17AFC.c	2815	func_8002CD58	deref-store	s16	2	obj	obj	u8 * (param)	0xD8		scratchpad-param(1/1)				
src/main/17AFC.c	2816	func_8002CD58	deref-store	s16	2	obj	obj	u8 * (param)	0xDA		scratchpad-param(1/1)				
src/main/17AFC.c	2817	func_8002CD58	deref-store	s16	2	obj	obj	u8 * (param)	0xDC		scratchpad-param(1/1)				
src/main/17AFC.c	2818	func_8002CD58	deref-store	s16	2	obj	obj	u8 * (param)	0xDE		scratchpad-param(1/1)				
src/main/17AFC.c	2819	func_8002CD58	deref-store	s16	2	obj	obj	u8 * (param)	0xE0		scratchpad-param(1/1)				
src/main/17AFC.c	2820	func_8002CD58	deref-store	s16	2	obj	obj	u8 * (param)	0xE2		scratchpad-param(1/1)				
src/main/17AFC.c	2821	func_8002CD58	deref-store	s16	2	obj	obj	u8 * (param)	0xE4		scratchpad-param(1/1)				
src/main/17AFC.c	2822	func_8002CD58	deref-store	s16	2	obj	obj	u8 * (param)	0xE6		scratchpad-param(1/1)				
src/main/17AFC.c	2823	func_8002CD58	deref-store	s16	2	obj	obj	u8 * (param)	0xE8		scratchpad-param(1/1)				
src/main/17AFC.c	2824	func_8002CD58	deref-load	s16	2	obj	obj	u8 * (param)	0xFA		scratchpad-param(1/1)				
src/main/17AFC.c	2824	func_8002CD58	addr	s32	4	obj	obj	u8 * (param)	0xD8		scratchpad-param(1/1)				
src/main/17AFC.c	2825	func_8002CD58	deref-load	s16	2	obj	obj	u8 * (param)	0xF8		scratchpad-param(1/1)				
src/main/17AFC.c	2825	func_8002CD58	addr	s32	4	obj	obj	u8 * (param)	0xD8		scratchpad-param(1/1)				
src/main/17AFC.c	2884	func_8002D320	deref-store	s16	2	obj	obj	u8 * (param)	0xF8		scratchpad-param(2/2)			fn	
src/main/17AFC.c	2884	func_8002D320	deref-load	s32 *	4	obj	obj	u8 * (param)	0x60		scratchpad-param(2/2)			fn	
src/main/17AFC.c	2885	func_8002D320	deref-store	s16	2	obj	obj	u8 * (param)	0xFA		scratchpad-param(2/2)			fn	
src/main/17AFC.c	2885	func_8002D320	deref-load	s32 *	4	obj	obj	u8 * (param)	0x60		scratchpad-param(2/2)			fn	
src/main/17AFC.c	2886	func_8002D320	deref-store	s16	2	obj	obj	u8 * (param)	0xFC		scratchpad-param(2/2)			fn	
src/main/17AFC.c	2886	func_8002D320	deref-load	s32 *	4	obj	obj	u8 * (param)	0x60		scratchpad-param(2/2)			fn	
src/main/17AFC.c	2887	func_8002D320	addr	s32	4	obj	obj	u8 * (param)	0xF8		scratchpad-param(2/2)			fn	
src/main/17AFC.c	2896	func_8002D320	addr	s32	4	obj	obj	u8 * (param)	0x100		scratchpad-param(2/2)			fn	
src/main/17AFC.c	2916	func_8002D320	deref-load	s32	4	obj	obj	u8 * (param)	0x100		scratchpad-param(2/2)			fn	
src/main/17AFC.c	2918	func_8002D320	deref-load	s32	4	obj	obj	u8 * (param)	0x104		scratchpad-param(2/2)			fn	
src/main/17AFC.c	2949	func_8002D320	deref-load	s32	4	obj	obj	u8 * (param)	0xB0		scratchpad-param(2/2)			fn	
src/main/17AFC.c	2955	func_8002D320	deref-load	s32	4	obj	obj	u8 * (param)	0xC0		scratchpad-param(2/2)			fn	
src/main/17AFC.c	2961	func_8002D320	deref-load	s32	4	obj	obj	u8 * (param)	0x108		scratchpad-param(2/2)			fn	
src/main/17AFC.c	3125	func_8002D780	deref-store	s16	2	obj	obj	u8 * (param)	0xF8		scratchpad-param(2/2)			fn	
src/main/17AFC.c	3125	func_8002D780	deref-load	s32 *	4	obj	obj	u8 * (param)	0x60		scratchpad-param(2/2)			fn	
src/main/17AFC.c	3126	func_8002D780	deref-store	s16	2	obj	obj	u8 * (param)	0xFA		scratchpad-param(2/2)			fn	
src/main/17AFC.c	3126	func_8002D780	deref-load	s32 *	4	obj	obj	u8 * (param)	0x60		scratchpad-param(2/2)			fn	
src/main/17AFC.c	3127	func_8002D780	deref-store	s16	2	obj	obj	u8 * (param)	0xFC		scratchpad-param(2/2)			fn	
src/main/17AFC.c	3127	func_8002D780	deref-load	s32 *	4	obj	obj	u8 * (param)	0x60		scratchpad-param(2/2)			fn	
src/main/17AFC.c	3131	func_8002D780	addr	s32	4	obj	obj	u8 * (param)	0xF8		scratchpad-param(2/2)			fn	
src/main/17AFC.c	3137	func_8002D780	addr	s32	4	obj	obj	u8 * (param)	0x100		scratchpad-param(2/2)			fn	
src/main/17AFC.c	3144	func_8002D780	deref-load	s32	4	obj	obj	u8 * (param)	0x108		scratchpad-param(2/2)			fn	
src/main/17AFC.c	3149	func_8002D780	deref-load	s32	4	obj	obj	u8 * (param)	0xA8		scratchpad-param(2/2)			fn	
src/main/17AFC.c	3150	func_8002D780	deref-load	s32	4	obj	obj	u8 * (param)	0xB8		scratchpad-param(2/2)			fn	
src/main/17AFC.c	3151	func_8002D780	deref-load	s32	4	obj	obj	u8 * (param)	0xAC		scratchpad-param(2/2)			fn	
src/main/17AFC.c	3152	func_8002D780	deref-load	s32	4	obj	obj	u8 * (param)	0xBC		scratchpad-param(2/2)			fn	
src/main/17AFC.c	3155	func_8002D780	deref-load	s32	4	obj	obj	u8 * (param)	0x100		scratchpad-param(2/2)			fn	
src/main/17AFC.c	3156	func_8002D780	deref-load	s32	4	obj	obj	u8 * (param)	0x104		scratchpad-param(2/2)			fn	
src/main/17AFC.c	3197	func_8002D780	deref-load	s32	4	obj	obj	u8 * (param)	0x108		scratchpad-param(2/2)			fn	
src/main/17AFC.c	3237	func_8002D780	addr	s32	4	obj	obj	u8 * (param)	0x118		scratchpad-param(2/2)			fn	
src/main/17AFC.c	3238	func_8002D780	addr	s32	4	obj	obj	u8 * (param)	0x124		scratchpad-param(2/2)			fn	
src/main/17AFC.c	3239	func_8002D780	deref-load	s32	4	obj	obj	u8 * (param)	0xA8		scratchpad-param(2/2)			fn	
src/main/17AFC.c	3239	func_8002D780	deref-load	s32	4	obj	obj	u8 * (param)	0x100		scratchpad-param(2/2)			fn	
src/main/17AFC.c	3240	func_8002D780	deref-load	s32	4	obj	obj	u8 * (param)	0xAC		scratchpad-param(2/2)			fn	
src/main/17AFC.c	3240	func_8002D780	deref-load	s32	4	obj	obj	u8 * (param)	0x104		scratchpad-param(2/2)			fn	
src/main/17AFC.c	3241	func_8002D780	deref-load	s32	4	obj	obj	u8 * (param)	0xB8		scratchpad-param(2/2)			fn	
src/main/17AFC.c	3241	func_8002D780	deref-load	s32	4	obj	obj	u8 * (param)	0x100		scratchpad-param(2/2)			fn	
src/main/17AFC.c	3242	func_8002D780	deref-load	s32	4	obj	obj	u8 * (param)	0xBC		scratchpad-param(2/2)			fn	
src/main/17AFC.c	3242	func_8002D780	deref-load	s32	4	obj	obj	u8 * (param)	0x104		scratchpad-param(2/2)			fn	
src/main/17AFC.c	3245	func_8002D780	addr	s32	4	obj	obj	u8 * (param)	0x10C		scratchpad-param(2/2)			fn	
src/main/17AFC.c	3246	func_8002D780	deref-load	s32	4	obj	obj	u8 * (param)	0x100		scratchpad-param(2/2)			fn	
src/main/17AFC.c	3247	func_8002D780	deref-load	s32	4	obj	obj	u8 * (param)	0x104		scratchpad-param(2/2)			fn	
src/main/17AFC.c	3268	func_8002DAD0	deref-store	s32	4	obj	obj	u8 * (param)	0xA8		scratchpad-param(2/2)			fn	
src/main/17AFC.c	3268	func_8002DAD0	deref-load	s32 *	4	obj	obj	u8 * (param)	0x64		scratchpad-param(2/2)			fn	
src/main/17AFC.c	3268	func_8002DAD0	deref-load	s32 *	4	obj	obj	u8 * (param)	0x60		scratchpad-param(2/2)			fn	
src/main/17AFC.c	3269	func_8002DAD0	deref-store	s32	4	obj	obj	u8 * (param)	0xAC		scratchpad-param(2/2)			fn	
src/main/17AFC.c	3269	func_8002DAD0	deref-load	s32 *	4	obj	obj	u8 * (param)	0x64		scratchpad-param(2/2)			fn	
src/main/17AFC.c	3269	func_8002DAD0	deref-load	s32 *	4	obj	obj	u8 * (param)	0x60		scratchpad-param(2/2)			fn	
src/main/17AFC.c	3270	func_8002DAD0	deref-store	s32	4	obj	obj	u8 * (param)	0xB0		scratchpad-param(2/2)			fn	
src/main/17AFC.c	3270	func_8002DAD0	deref-load	s32 *	4	obj	obj	u8 * (param)	0x64		scratchpad-param(2/2)			fn	
src/main/17AFC.c	3270	func_8002DAD0	deref-load	s32 *	4	obj	obj	u8 * (param)	0x60		scratchpad-param(2/2)			fn	
src/main/17AFC.c	3272	func_8002DAD0	deref-store	s32	4	obj	obj	u8 * (param)	0xB8		scratchpad-param(2/2)			fn	
src/main/17AFC.c	3272	func_8002DAD0	deref-load	s32 *	4	obj	obj	u8 * (param)	0x68		scratchpad-param(2/2)			fn	
src/main/17AFC.c	3272	func_8002DAD0	deref-load	s32 *	4	obj	obj	u8 * (param)	0x60		scratchpad-param(2/2)			fn	
src/main/17AFC.c	3273	func_8002DAD0	deref-store	s32	4	obj	obj	u8 * (param)	0xBC		scratchpad-param(2/2)			fn	
src/main/17AFC.c	3273	func_8002DAD0	deref-load	s32 *	4	obj	obj	u8 * (param)	0x68		scratchpad-param(2/2)			fn	
src/main/17AFC.c	3273	func_8002DAD0	deref-load	s32 *	4	obj	obj	u8 * (param)	0x60		scratchpad-param(2/2)			fn	
src/main/17AFC.c	3274	func_8002DAD0	deref-store	s32	4	obj	obj	u8 * (param)	0xC0		scratchpad-param(2/2)			fn	
src/main/17AFC.c	3274	func_8002DAD0	deref-load	s32 *	4	obj	obj	u8 * (param)	0x68		scratchpad-param(2/2)			fn	
src/main/17AFC.c	3274	func_8002DAD0	deref-load	s32 *	4	obj	obj	u8 * (param)	0x60		scratchpad-param(2/2)			fn	
src/main/17AFC.c	3320	func_8002DAD0	deref-load	s32	4	obj	obj	u8 * (param)	0xC8		scratchpad-param(2/2)			fn	
src/main/17AFC.c	3321	func_8002DAD0	deref-load	s32	4	obj	obj	u8 * (param)	0xCC		scratchpad-param(2/2)			fn	
src/main/17AFC.c	3322	func_8002DAD0	deref-load	s32	4	obj	obj	u8 * (param)	0xD0		scratchpad-param(2/2)			fn	
src/main/17AFC.c	3326	func_8002DAD0	deref-load	s32	4	obj	obj	u8 * (param)	0xC8		scratchpad-param(2/2)			fn	
src/main/17AFC.c	3326	func_8002DAD0	deref-load	s32	4	obj	obj	u8 * (param)	0xD0		scratchpad-param(2/2)			fn	
src/main/17AFC.c	3327	func_8002DAD0	deref-store	s32	4	obj	obj	u8 * (param)	0xC8		scratchpad-param(2/2)			fn	
src/main/17AFC.c	3327	func_8002DAD0	deref-load	s32	4	obj	obj	u8 * (param)	0xC8		scratchpad-param(2/2)			fn	
src/main/17AFC.c	3328	func_8002DAD0	deref-store	s32	4	obj	obj	u8 * (param)	0xCC		scratchpad-param(2/2)			fn	
src/main/17AFC.c	3328	func_8002DAD0	deref-load	s32	4	obj	obj	u8 * (param)	0xCC		scratchpad-param(2/2)			fn	
src/main/17AFC.c	3343	func_8002DAD0	deref-load	s32	4	obj	obj	u8 * (param)	0xD0		scratchpad-param(2/2)			fn	
src/main/17AFC.c	3345	func_8002DAD0	deref-load	s32	4	obj	obj	u8 * (param)	0xC8		scratchpad-param(2/2)			fn	
src/main/17AFC.c	3345	func_8002DAD0	deref-load	s32	4	obj	obj	u8 * (param)	0xC8		scratchpad-param(2/2)			fn	
src/main/17AFC.c	3346	func_8002DAD0	deref-store	s32	4	obj	obj	u8 * (param)	0xD0		scratchpad-param(2/2)			fn	
src/main/17AFC.c	3347	func_8002DAD0	deref-store	s16	2	obj	obj	u8 * (param)	0xFA		scratchpad-param(2/2)			fn	
src/main/17AFC.c	3382	func_8002DAD0	deref-load	s32	4	obj	obj	u8 * (param)	0xCC		scratchpad-param(2/2)			fn	
src/main/17AFC.c	3383	func_8002DAD0	addr	s32	4	obj	obj	u8 * (param)	0xD8		scratchpad-param(2/2)			fn	
src/main/17AFC.c	3384	func_8002DAD0	deref-store	s16	2	obj	obj	u8 * (param)	0xF8		scratchpad-param(2/2)			fn	
src/main/17AFC.c	3387	func_8002DAD0	deref-store	s16	2	obj	obj	u8 * (param)	0xD8		scratchpad-param(2/2)			fn	
src/main/17AFC.c	3388	func_8002DAD0	deref-store	s16	2	obj	obj	u8 * (param)	0xDA		scratchpad-param(2/2)			fn	
src/main/17AFC.c	3389	func_8002DAD0	deref-store	s16	2	obj	obj	u8 * (param)	0xDC		scratchpad-param(2/2)			fn	
src/main/17AFC.c	3390	func_8002DAD0	deref-store	s16	2	obj	obj	u8 * (param)	0xDE		scratchpad-param(2/2)			fn	
src/main/17AFC.c	3391	func_8002DAD0	deref-store	s16	2	obj	obj	u8 * (param)	0xE0		scratchpad-param(2/2)			fn	
src/main/17AFC.c	3392	func_8002DAD0	deref-store	s16	2	obj	obj	u8 * (param)	0xE2		scratchpad-param(2/2)			fn	
src/main/17AFC.c	3393	func_8002DAD0	deref-store	s16	2	obj	obj	u8 * (param)	0xE4		scratchpad-param(2/2)			fn	
src/main/17AFC.c	3394	func_8002DAD0	deref-store	s16	2	obj	obj	u8 * (param)	0xE6		scratchpad-param(2/2)			fn	
src/main/17AFC.c	3395	func_8002DAD0	deref-store	s16	2	obj	obj	u8 * (param)	0xE8		scratchpad-param(2/2)			fn	
src/main/17AFC.c	3396	func_8002DAD0	deref-load	s16	2	obj	obj	u8 * (param)	0xFA		scratchpad-param(2/2)			fn	
src/main/17AFC.c	3397	func_8002DAD0	deref-load	s16	2	obj	obj	u8 * (param)	0xF8		scratchpad-param(2/2)			fn	
src/main/17AFC.c	3738	func_8002E838	deref-store	s32	4	obj	obj	u8 * (param)	0xA8		scratchpad-param(2/2)				
src/main/17AFC.c	3738	func_8002E838	deref-load	s32 *	4	obj	obj	u8 * (param)	0x64		scratchpad-param(2/2)				
src/main/17AFC.c	3738	func_8002E838	deref-load	s32 *	4	obj	obj	u8 * (param)	0x60		scratchpad-param(2/2)				
src/main/17AFC.c	3739	func_8002E838	deref-store	s32	4	obj	obj	u8 * (param)	0xAC		scratchpad-param(2/2)				
src/main/17AFC.c	3739	func_8002E838	deref-load	s32 *	4	obj	obj	u8 * (param)	0x64		scratchpad-param(2/2)				
src/main/17AFC.c	3739	func_8002E838	deref-load	s32 *	4	obj	obj	u8 * (param)	0x60		scratchpad-param(2/2)				
src/main/17AFC.c	3740	func_8002E838	deref-store	s32	4	obj	obj	u8 * (param)	0xB0		scratchpad-param(2/2)				
src/main/17AFC.c	3740	func_8002E838	deref-load	s32 *	4	obj	obj	u8 * (param)	0x64		scratchpad-param(2/2)				
src/main/17AFC.c	3740	func_8002E838	deref-load	s32 *	4	obj	obj	u8 * (param)	0x60		scratchpad-param(2/2)				
src/main/17AFC.c	3741	func_8002E838	deref-load	s32	4	obj	obj	u8 * (param)	0xA8		scratchpad-param(2/2)				
src/main/17AFC.c	3741	func_8002E838	deref-load	s32	4	obj	obj	u8 * (param)	0xB0		scratchpad-param(2/2)				
src/main/17AFC.c	3742	func_8002E838	deref-load	s32	4	obj	obj	u8 * (param)	0xA8		scratchpad-param(2/2)				
src/main/17AFC.c	3742	func_8002E838	deref-load	s32	4	obj	obj	u8 * (param)	0xA8		scratchpad-param(2/2)				
src/main/17AFC.c	3743	func_8002E838	deref-load	s32	4	obj	obj	u8 * (param)	0xB0		scratchpad-param(2/2)				
src/main/17AFC.c	3743	func_8002E838	deref-load	s32	4	obj	obj	u8 * (param)	0xB0		scratchpad-param(2/2)				
src/main/17AFC.c	3744	func_8002E838	deref-store	s16	2	obj	obj	u8 * (param)	0xFA		scratchpad-param(2/2)				
src/main/17AFC.c	3774	func_8002E838	deref-load	s32	4	obj	obj	u8 * (param)	0xAC		scratchpad-param(2/2)				
src/main/17AFC.c	3775	func_8002E838	addr	s32	4	obj	obj	u8 * (param)	0xD8		scratchpad-param(2/2)				
src/main/17AFC.c	3776	func_8002E838	deref-store	s16	2	obj	obj	u8 * (param)	0xF8		scratchpad-param(2/2)				
src/main/17AFC.c	3779	func_8002E838	deref-store	s16	2	obj	obj	u8 * (param)	0xD8		scratchpad-param(2/2)				
src/main/17AFC.c	3780	func_8002E838	deref-store	s16	2	obj	obj	u8 * (param)	0xDA		scratchpad-param(2/2)				
src/main/17AFC.c	3781	func_8002E838	deref-store	s16	2	obj	obj	u8 * (param)	0xDC		scratchpad-param(2/2)				
src/main/17AFC.c	3782	func_8002E838	deref-store	s16	2	obj	obj	u8 * (param)	0xDE		scratchpad-param(2/2)				
src/main/17AFC.c	3783	func_8002E838	deref-store	s16	2	obj	obj	u8 * (param)	0xE0		scratchpad-param(2/2)				
src/main/17AFC.c	3784	func_8002E838	deref-store	s16	2	obj	obj	u8 * (param)	0xE2		scratchpad-param(2/2)				
src/main/17AFC.c	3785	func_8002E838	deref-store	s16	2	obj	obj	u8 * (param)	0xE4		scratchpad-param(2/2)				
src/main/17AFC.c	3786	func_8002E838	deref-store	s16	2	obj	obj	u8 * (param)	0xE6		scratchpad-param(2/2)				
src/main/17AFC.c	3787	func_8002E838	deref-store	s16	2	obj	obj	u8 * (param)	0xE8		scratchpad-param(2/2)				
src/main/17AFC.c	3788	func_8002E838	deref-load	s16	2	obj	obj	u8 * (param)	0xFA		scratchpad-param(2/2)				
src/main/17AFC.c	3789	func_8002E838	deref-load	s16	2	obj	obj	u8 * (param)	0xF8		scratchpad-param(2/2)				
src/main/17AFC.c	3807	func_8002E838	addr	s32	4	obj	obj	u8 * (param)	0xA8		scratchpad-param(2/2)				
src/main/17AFC.c	3835	func_8002EA24	deref-store	s16	2	obj	obj	u8 * (param)	0xF8		scratchpad-param(4/4)				
src/main/17AFC.c	3835	func_8002EA24	deref-load	s32 *	4	obj	obj	u8 * (param)	0x60		scratchpad-param(4/4)				
src/main/17AFC.c	3836	func_8002EA24	deref-store	s16	2	obj	obj	u8 * (param)	0xFA		scratchpad-param(4/4)				
src/main/17AFC.c	3836	func_8002EA24	deref-load	s32 *	4	obj	obj	u8 * (param)	0x60		scratchpad-param(4/4)				
src/main/17AFC.c	3837	func_8002EA24	deref-store	s16	2	obj	obj	u8 * (param)	0xFC		scratchpad-param(4/4)				
src/main/17AFC.c	3837	func_8002EA24	deref-load	s32 *	4	obj	obj	u8 * (param)	0x60		scratchpad-param(4/4)				
src/main/17AFC.c	3838	func_8002EA24	addr	s32	4	obj	obj	u8 * (param)	0xF8		scratchpad-param(4/4)				
src/main/17AFC.c	3847	func_8002EA24	addr	s32	4	obj	obj	u8 * (param)	0x100		scratchpad-param(4/4)				
src/main/17AFC.c	3867	func_8002EA24	deref-load	s32	4	obj	obj	u8 * (param)	0x100		scratchpad-param(4/4)				
src/main/17AFC.c	3869	func_8002EA24	deref-load	s32	4	obj	obj	u8 * (param)	0x104		scratchpad-param(4/4)				
src/main/17AFC.c	3902	func_8002EA24	deref-load	s32	4	obj	obj	u8 * (param)	0xB0		scratchpad-param(4/4)				
src/main/17AFC.c	3908	func_8002EA24	deref-load	s32	4	obj	obj	u8 * (param)	0x108		scratchpad-param(4/4)				
src/main/17AFC.c	3925	func_8002EBDC	deref-store	s16	2	scr	scr	u8 * (local)	0xFA		scratchpad-local(32196/2)				
src/main/17AFC.c	3949	func_8002EBDC	addr	s32	4	scr	scr	u8 * (local)	0xD8		scratchpad-local(32196/2)				
src/main/17AFC.c	3950	func_8002EBDC	deref-store	s16	2	scr	scr	u8 * (local)	0xF8		scratchpad-local(32196/2)				
src/main/17AFC.c	3952	func_8002EBDC	deref-store	s16	2	scr	scr	u8 * (local)	0xD8		scratchpad-local(32196/2)				
src/main/17AFC.c	3953	func_8002EBDC	deref-store	s16	2	scr	scr	u8 * (local)	0xDA		scratchpad-local(32196/2)				
src/main/17AFC.c	3954	func_8002EBDC	deref-store	s16	2	scr	scr	u8 * (local)	0xDC		scratchpad-local(32196/2)				
src/main/17AFC.c	3955	func_8002EBDC	deref-store	s16	2	scr	scr	u8 * (local)	0xDE		scratchpad-local(32196/2)				
src/main/17AFC.c	3956	func_8002EBDC	deref-store	s16	2	scr	scr	u8 * (local)	0xE0		scratchpad-local(32196/2)				
src/main/17AFC.c	3957	func_8002EBDC	deref-store	s16	2	scr	scr	u8 * (local)	0xE2		scratchpad-local(32196/2)				
src/main/17AFC.c	3958	func_8002EBDC	deref-store	s16	2	scr	scr	u8 * (local)	0xE4		scratchpad-local(32196/2)				
src/main/17AFC.c	3959	func_8002EBDC	deref-store	s16	2	scr	scr	u8 * (local)	0xE6		scratchpad-local(32196/2)				
src/main/17AFC.c	3960	func_8002EBDC	deref-store	s16	2	scr	scr	u8 * (local)	0xE8		scratchpad-local(32196/2)				
src/main/17AFC.c	3961	func_8002EBDC	deref-load	s16	2	scr	scr	u8 * (local)	0xFA		scratchpad-local(32196/2)				
src/main/17AFC.c	3962	func_8002EBDC	deref-load	s16	2	scr	scr	u8 * (local)	0xF8		scratchpad-local(32196/2)				
src/main/17AFC.c	3989	func_8002EBDC	addr	s32	4	scr	scr	u8 * (local)	0xA8		scratchpad-local(32196/2)				
src/main/17AFC.c	4000	func_8002EBDC	deref-store	s16	2	scr	scr	u8 * (local)	0xD8		scratchpad-local(32196/2)				
src/main/17AFC.c	4001	func_8002EBDC	deref-store	s16	2	scr	scr	u8 * (local)	0xDA		scratchpad-local(32196/2)				
src/main/17AFC.c	4002	func_8002EBDC	deref-store	s16	2	scr	scr	u8 * (local)	0xDC		scratchpad-local(32196/2)				
src/main/17AFC.c	4003	func_8002EBDC	deref-store	s16	2	scr	scr	u8 * (local)	0xDE		scratchpad-local(32196/2)				
src/main/17AFC.c	4004	func_8002EBDC	deref-store	s16	2	scr	scr	u8 * (local)	0xE0		scratchpad-local(32196/2)				
src/main/17AFC.c	4005	func_8002EBDC	deref-store	s16	2	scr	scr	u8 * (local)	0xE2		scratchpad-local(32196/2)				
src/main/17AFC.c	4006	func_8002EBDC	deref-store	s16	2	scr	scr	u8 * (local)	0xE4		scratchpad-local(32196/2)				
src/main/17AFC.c	4007	func_8002EBDC	deref-store	s16	2	scr	scr	u8 * (local)	0xE6		scratchpad-local(32196/2)				
src/main/17AFC.c	4008	func_8002EBDC	deref-store	s16	2	scr	scr	u8 * (local)	0xE8		scratchpad-local(32196/2)				
src/main/17AFC.c	4009	func_8002EBDC	deref-load	s16	2	scr	scr	u8 * (local)	0xF8		scratchpad-local(32196/2)				
src/main/17AFC.c	4010	func_8002EBDC	deref-load	s16	2	scr	scr	u8 * (local)	0xFA		scratchpad-local(32196/2)				
src/main/17AFC.c	4053	func_8002EECC	deref-load	s16	2	( u8 * ) arg0	arg0	void * (param)	0xA		untyped				
src/main/17AFC.c	4054	func_8002EECC	deref-load	s16	2	( u8 * ) arg0	arg0	void * (param)	0xE		untyped				
src/main/17AFC.c	4055	func_8002EECC	deref-load	s16	2	( u8 * ) arg0	arg0	void * (param)	0x8		untyped				
src/main/17AFC.c	4056	func_8002EECC	deref-load	s16	2	( u8 * ) arg0	arg0	void * (param)	0x10		untyped				
src/main/17AFC.c	4058	func_8002EECC	deref-load	s16	2	( u8 * ) arg0	arg0	void * (param)	0x2		untyped				
src/main/17AFC.c	4059	func_8002EECC	deref-load	s16	2	( u8 * ) arg0	arg0	void * (param)	0x4		untyped				
src/main/17AFC.c	4060	func_8002EECC	deref-load	s16	2	( u8 * ) arg0	arg0	void * (param)	0x0		untyped				
src/main/17AFC.c	4060	func_8002EECC	deref-load	s16	2	( u8 * ) arg0	arg0	void * (param)	0x6		untyped				
src/main/17AFC.c	4060	func_8002EECC	deref-load	s16	2	( u8 * ) arg0	arg0	void * (param)	0xC		untyped				
src/main/17AFC.c	4061	func_8002EECC	deref-store	s16	2	( u8 * ) arg1	arg1	void * (param)	0x0		untyped				
src/main/17AFC.c	4062	func_8002EECC	deref-store	s16	2	( u8 * ) arg1	arg1	void * (param)	0x2		untyped				
src/main/17AFC.c	4062	func_8002EECC	deref-load	s16	2	( u8 * ) arg0	arg0	void * (param)	0x2		untyped				
src/main/17AFC.c	4062	func_8002EECC	deref-load	s16	2	( u8 * ) arg0	arg0	void * (param)	0x10		untyped				
src/main/17AFC.c	4062	func_8002EECC	deref-load	s16	2	( u8 * ) arg0	arg0	void * (param)	0x4		untyped				
src/main/17AFC.c	4062	func_8002EECC	deref-load	s16	2	( u8 * ) arg0	arg0	void * (param)	0xE		untyped				
src/main/17AFC.c	4063	func_8002EECC	deref-store	s16	2	( u8 * ) arg1	arg1	void * (param)	0x4		untyped				
src/main/17AFC.c	4063	func_8002EECC	deref-load	s16	2	( u8 * ) arg0	arg0	void * (param)	0x4		untyped				
src/main/17AFC.c	4063	func_8002EECC	deref-load	s16	2	( u8 * ) arg0	arg0	void * (param)	0x8		untyped				
src/main/17AFC.c	4063	func_8002EECC	deref-load	s16	2	( u8 * ) arg0	arg0	void * (param)	0x2		untyped				
src/main/17AFC.c	4063	func_8002EECC	deref-load	s16	2	( u8 * ) arg0	arg0	void * (param)	0xA		untyped				
src/main/17AFC.c	4064	func_8002EECC	deref-store	s16	2	( u8 * ) arg1	arg1	void * (param)	0x6		untyped				
src/main/17AFC.c	4064	func_8002EECC	deref-load	s16	2	( u8 * ) arg0	arg0	void * (param)	0x6		untyped				
src/main/17AFC.c	4064	func_8002EECC	deref-load	s16	2	( u8 * ) arg0	arg0	void * (param)	0x10		untyped				
src/main/17AFC.c	4064	func_8002EECC	deref-load	s16	2	( u8 * ) arg0	arg0	void * (param)	0xA		untyped				
src/main/17AFC.c	4064	func_8002EECC	deref-load	s16	2	( u8 * ) arg0	arg0	void * (param)	0xC		untyped				
src/main/17AFC.c	4065	func_8002EECC	deref-store	s16	2	( u8 * ) arg1	arg1	void * (param)	0x8		untyped				
src/main/17AFC.c	4065	func_8002EECC	deref-load	s16	2	( u8 * ) arg0	arg0	void * (param)	0x4		untyped				
src/main/17AFC.c	4065	func_8002EECC	deref-load	s16	2	( u8 * ) arg0	arg0	void * (param)	0xC		untyped				
src/main/17AFC.c	4065	func_8002EECC	deref-load	s16	2	( u8 * ) arg0	arg0	void * (param)	0x0		untyped				
src/main/17AFC.c	4065	func_8002EECC	deref-load	s16	2	( u8 * ) arg0	arg0	void * (param)	0x10		untyped				
src/main/17AFC.c	4066	func_8002EECC	deref-store	s16	2	( u8 * ) arg1	arg1	void * (param)	0xA		untyped				
src/main/17AFC.c	4066	func_8002EECC	deref-load	s16	2	( u8 * ) arg0	arg0	void * (param)	0x0		untyped				
src/main/17AFC.c	4066	func_8002EECC	deref-load	s16	2	( u8 * ) arg0	arg0	void * (param)	0xA		untyped				
src/main/17AFC.c	4066	func_8002EECC	deref-load	s16	2	( u8 * ) arg0	arg0	void * (param)	0x4		untyped				
src/main/17AFC.c	4066	func_8002EECC	deref-load	s16	2	( u8 * ) arg0	arg0	void * (param)	0x6		untyped				
src/main/17AFC.c	4067	func_8002EECC	deref-store	s16	2	( u8 * ) arg1	arg1	void * (param)	0xC		untyped				
src/main/17AFC.c	4067	func_8002EECC	deref-load	s16	2	( u8 * ) arg0	arg0	void * (param)	0x8		untyped				
src/main/17AFC.c	4067	func_8002EECC	deref-load	s16	2	( u8 * ) arg0	arg0	void * (param)	0xC		untyped				
src/main/17AFC.c	4067	func_8002EECC	deref-load	s16	2	( u8 * ) arg0	arg0	void * (param)	0x6		untyped				
src/main/17AFC.c	4067	func_8002EECC	deref-load	s16	2	( u8 * ) arg0	arg0	void * (param)	0xE		untyped				
src/main/17AFC.c	4068	func_8002EECC	deref-store	s16	2	( u8 * ) arg1	arg1	void * (param)	0xE		untyped				
src/main/17AFC.c	4068	func_8002EECC	deref-load	s16	2	( u8 * ) arg0	arg0	void * (param)	0x0		untyped				
src/main/17AFC.c	4068	func_8002EECC	deref-load	s16	2	( u8 * ) arg0	arg0	void * (param)	0xE		untyped				
src/main/17AFC.c	4068	func_8002EECC	deref-load	s16	2	( u8 * ) arg0	arg0	void * (param)	0x2		untyped				
src/main/17AFC.c	4068	func_8002EECC	deref-load	s16	2	( u8 * ) arg0	arg0	void * (param)	0xC		untyped				
src/main/17AFC.c	4069	func_8002EECC	deref-store	s16	2	( u8 * ) arg1	arg1	void * (param)	0x10		untyped				
src/main/17AFC.c	4069	func_8002EECC	deref-load	s16	2	( u8 * ) arg0	arg0	void * (param)	0x2		untyped				
src/main/17AFC.c	4069	func_8002EECC	deref-load	s16	2	( u8 * ) arg0	arg0	void * (param)	0x6		untyped				
src/main/17AFC.c	4069	func_8002EECC	deref-load	s16	2	( u8 * ) arg0	arg0	void * (param)	0x0		untyped				
src/main/17AFC.c	4069	func_8002EECC	deref-load	s16	2	( u8 * ) arg0	arg0	void * (param)	0x8		untyped				
src/main/17AFC.c	4091	func_8002F2D0	pun-load	MATRIX	32	a0	a0	s32 * (param)	0x0		untyped				
src/main/17AFC.c	4130	func_8002F2D0	addr	s32	4	scr	scr	u8 * (local)	0xD8		scratchpad-local(34774/1)				
src/main/17AFC.c	4131	func_8002F2D0	deref-store	s16	2	scr	scr	u8 * (local)	0xD8		scratchpad-local(34774/1)				
src/main/17AFC.c	4132	func_8002F2D0	deref-store	s16	2	scr	scr	u8 * (local)	0xDA		scratchpad-local(34774/1)				
src/main/17AFC.c	4133	func_8002F2D0	deref-store	s16	2	scr	scr	u8 * (local)	0xDC		scratchpad-local(34774/1)				
src/main/17AFC.c	4134	func_8002F2D0	deref-store	s16	2	scr	scr	u8 * (local)	0xDE		scratchpad-local(34774/1)				
src/main/17AFC.c	4135	func_8002F2D0	deref-store	s16	2	scr	scr	u8 * (local)	0xE0		scratchpad-local(34774/1)				
src/main/17AFC.c	4136	func_8002F2D0	deref-store	s16	2	scr	scr	u8 * (local)	0xE2		scratchpad-local(34774/1)				
src/main/17AFC.c	4137	func_8002F2D0	deref-store	s16	2	scr	scr	u8 * (local)	0xE4		scratchpad-local(34774/1)				
src/main/17AFC.c	4138	func_8002F2D0	deref-store	s16	2	scr	scr	u8 * (local)	0xE6		scratchpad-local(34774/1)				
src/main/17AFC.c	4139	func_8002F2D0	deref-store	s16	2	scr	scr	u8 * (local)	0xE8		scratchpad-local(34774/1)				
src/main/17AFC.c	4155	func_8002F2D0	addr	s32	4	scr	scr	u8 * (local)	0xA8		scratchpad-local(34774/1)				
src/main/17AFC.c	4178	func_8002F2D0	index-store	s16	2	a1	a1	s32 * (param)	0x0		untyped				
src/main/17AFC.c	4179	func_8002F2D0	index-store	s16	2	a1	a1	s32 * (param)	0x2		untyped				
src/main/17AFC.c	4180	func_8002F2D0	index-store	s16	2	a1	a1	s32 * (param)	0x4		untyped				
src/main/17AFC.c	4201	func_8002F770	deref-store	s16	2	scr	scr	u8 * (local)	0xD8		scratchpad-local(36525/1)				
src/main/17AFC.c	4202	func_8002F770	deref-store	s16	2	scr	scr	u8 * (local)	0xDA		scratchpad-local(36525/1)				
src/main/17AFC.c	4203	func_8002F770	deref-store	s16	2	scr	scr	u8 * (local)	0xDC		scratchpad-local(36525/1)				
src/main/17AFC.c	4204	func_8002F770	deref-store	s16	2	scr	scr	u8 * (local)	0xDE		scratchpad-local(36525/1)				
src/main/17AFC.c	4205	func_8002F770	deref-store	s16	2	scr	scr	u8 * (local)	0xE0		scratchpad-local(36525/1)				
src/main/17AFC.c	4206	func_8002F770	deref-store	s16	2	scr	scr	u8 * (local)	0xE2		scratchpad-local(36525/1)				
src/main/17AFC.c	4207	func_8002F770	deref-store	s16	2	scr	scr	u8 * (local)	0xE4		scratchpad-local(36525/1)				
src/main/17AFC.c	4208	func_8002F770	deref-store	s16	2	scr	scr	u8 * (local)	0xE6		scratchpad-local(36525/1)				
src/main/17AFC.c	4209	func_8002F770	deref-store	s16	2	scr	scr	u8 * (local)	0xE8		scratchpad-local(36525/1)				
src/main/17AFC.c	4210	func_8002F770	addr	s32	4	scr	scr	u8 * (local)	0xD8		scratchpad-local(36525/1)				
src/main/17AFC.c	4211	func_8002F770	addr	s32	4	scr	scr	u8 * (local)	0xD8		scratchpad-local(36525/1)				
src/main/17AFC.c	4212	func_8002F770	addr	s32	4	scr	scr	u8 * (local)	0xD8		scratchpad-local(36525/1)				
src/main/17AFC.c	4213	func_8002F770	addr	s32	4	scr	scr	u8 * (local)	0xD8		scratchpad-local(36525/1)				
src/main/17AFC.c	4214	func_8002F770	addr	s32	4	scr	scr	u8 * (local)	0xD8		scratchpad-local(36525/1)				
src/main/17AFC.c	4215	func_8002F770	addr	s32	4	scr	scr	u8 * (local)	0xD8		scratchpad-local(36525/1)				
src/main/17AFC.c	4217	func_8002F770	addr	MATRIX	32	scr	scr	u8 * (local)	0xD8		scratchpad-local(36525/1)				
src/main/17AFC.c	4254	func_8002F770	addr	s32	4	scr	scr	u8 * (local)	0xD8		scratchpad-local(36525/1)				
src/main/17AFC.c	4255	func_8002F770	deref-store	s16	2	scr	scr	u8 * (local)	0xD8		scratchpad-local(36525/1)				
src/main/17AFC.c	4256	func_8002F770	deref-store	s16	2	scr	scr	u8 * (local)	0xDA		scratchpad-local(36525/1)				
src/main/17AFC.c	4257	func_8002F770	deref-store	s16	2	scr	scr	u8 * (local)	0xDC		scratchpad-local(36525/1)				
src/main/17AFC.c	4258	func_8002F770	deref-store	s16	2	scr	scr	u8 * (local)	0xDE		scratchpad-local(36525/1)				
src/main/17AFC.c	4259	func_8002F770	deref-store	s16	2	scr	scr	u8 * (local)	0xE0		scratchpad-local(36525/1)				
src/main/17AFC.c	4260	func_8002F770	deref-store	s16	2	scr	scr	u8 * (local)	0xE2		scratchpad-local(36525/1)				
src/main/17AFC.c	4261	func_8002F770	deref-store	s16	2	scr	scr	u8 * (local)	0xE4		scratchpad-local(36525/1)				
src/main/17AFC.c	4262	func_8002F770	deref-store	s16	2	scr	scr	u8 * (local)	0xE6		scratchpad-local(36525/1)				
src/main/17AFC.c	4263	func_8002F770	deref-store	s16	2	scr	scr	u8 * (local)	0xE8		scratchpad-local(36525/1)				
src/main/17AFC.c	4279	func_8002F770	addr	s32	4	scr	scr	u8 * (local)	0xA8		scratchpad-local(36525/1)				
src/main/17AFC.c	4385	func_8002FDB0	index-load	s16	2	arg0	arg0	s32 * (param)	0x4	Unk80101EC8Record	caller(1/1)	exact	index		
src/main/17AFC.c	4391	func_8002FDB0	deref-load	s32	4	( u8 * ) 0x1F8000C0	0x1F8000C0	literal	computed		scratchpad	computed			
src/main/17AFC.c	4392	func_8002FDB0	deref-load	s32	4	( u8 * ) 0x1F8000B4	0x1F8000B4	literal	computed		scratchpad	computed			
src/main/17AFC.c	4395	func_8002FDB0	deref-load	s32	4	( u8 * ) 0x1F8000C4	0x1F8000C4	literal	computed		scratchpad	computed			
src/main/17AFC.c	4396	func_8002FDB0	deref-load	s32	4	( u8 * ) 0x1F8000B8	0x1F8000B8	literal	computed		scratchpad	computed			
src/main/17AFC.c	4399	func_8002FDB0	deref-load	s32	4	( u8 * ) 0x1F8000C8	0x1F8000C8	literal	computed		scratchpad	computed			
src/main/17AFC.c	4400	func_8002FDB0	deref-load	s32	4	( u8 * ) 0x1F8000BC	0x1F8000BC	literal	computed		scratchpad	computed			
src/main/17AFC.c	4403	func_8002FDB0	deref-load	s32	4	( u8 * ) 0x1F8000CC	0x1F8000CC	literal	computed		scratchpad	computed			
src/main/17AFC.c	4404	func_8002FDB0	deref-load	s32	4	( u8 * ) 0x1F8000B4	0x1F8000B4	literal	computed		scratchpad	computed			
src/main/17AFC.c	4407	func_8002FDB0	deref-load	s32	4	( u8 * ) 0x1F8000D0	0x1F8000D0	literal	computed		scratchpad	computed			
src/main/17AFC.c	4408	func_8002FDB0	deref-load	s32	4	( u8 * ) 0x1F8000B8	0x1F8000B8	literal	computed		scratchpad	computed			
src/main/17AFC.c	4411	func_8002FDB0	deref-load	s32	4	( u8 * ) 0x1F8000D4	0x1F8000D4	literal	computed		scratchpad	computed			
src/main/17AFC.c	4412	func_8002FDB0	deref-load	s32	4	( u8 * ) 0x1F8000BC	0x1F8000BC	literal	computed		scratchpad	computed			
src/main/17AFC.c	4675	func_8003032C	addr	s32	4	( ( u8 * ) a0 )	a0	s32 * (param)	0x44		untyped			site	
src/main/17AFC.c	4678	func_8003032C	addr	s32	4	( ( u8 * ) a0 )	a0	s32 * (param)	0x4C		untyped			site	
src/main/17AFC.c	4681	func_8003032C	addr	s32	4	( ( u8 * ) a0 )	a0	s32 * (param)	0x48		untyped			fn	
src/main/17AFC.c	4682	func_8003032C	addr	s32	4	( ( u8 * ) a0 )	a0	s32 * (param)	0x44		untyped			fn	
src/main/17AFC.c	4683	func_8003032C	addr	s32	4	( ( u8 * ) a0 )	a0	s32 * (param)	0x4C		untyped			fn	
src/main/17AFC.c	4688	func_8003032C	addr	s32	4	( ( u8 * ) a0 )	a0	s32 * (param)	0x48		untyped			fn	
src/main/17AFC.c	4867	func_80030B10	deref-load	s16	2	arg0	arg0	u8 * (param)	0x330	Unk80101EC8Record	caller(1/1)	exact	unk_330		
src/main/17AFC.c	4872	func_80030B10	deref-load	s16	2	arg0	arg0	u8 * (param)	0x88	Unk80101EC8Record	caller(1/1)	exact	unk_88		
src/main/17AFC.c	4875	func_80030B10	deref-load	s16	2	arg0	arg0	u8 * (param)	0x14	Unk80101EC8Record	caller(1/1)	exact	unk_14		
src/main/17AFC.c	4881	func_80030B10	deref-store	u16	2	arg0	arg0	u8 * (param)	0x332	Unk80101EC8Record	caller(1/1)	computed	unk_332[0]		
src/main/17AFC.c	4881	func_80030B10	deref-load	u16	2	arg0	arg0	u8 * (param)	0x330	Unk80101EC8Record	caller(1/1)	computed	unk_330		
src/main/17AFC.c	4886	func_80030B10	deref-load	u16	2	arg0	arg0	u8 * (param)	0x330	Unk80101EC8Record	caller(1/1)	sign	unk_330		
src/main/17AFC.c	4887	func_80030B10	deref-store	u16	2	arg0	arg0	u8 * (param)	0x332	Unk80101EC8Record	caller(1/1)	sign	unk_332[0]		
src/main/17AFC.c	4888	func_80030B10	deref-store	u16	2	arg0	arg0	u8 * (param)	0x330	Unk80101EC8Record	caller(1/1)	sign	unk_330		
src/main/17AFC.c	4892	func_80030B10	deref-load	u16	2	arg0	arg0	u8 * (param)	0x330	Unk80101EC8Record	caller(1/1)	sign	unk_330		
src/main/17AFC.c	4893	func_80030B10	deref-store	u16	2	arg0	arg0	u8 * (param)	0x330	Unk80101EC8Record	caller(1/1)	sign	unk_330		
src/main/17AFC.c	4894	func_80030B10	deref-store	u16	2	arg0	arg0	u8 * (param)	0x332	Unk80101EC8Record	caller(1/1)	computed	unk_332[0]		
src/main/17AFC.c	5009	func_80030D7C	deref-store	s32	4	scr	scr	u8 * (local)	0x10		scratchpad-local(42425/1)				
src/main/17AFC.c	5011	func_80030D7C	deref-store	s32	4	scr	scr	u8 * (local)	0x14		scratchpad-local(42425/1)				
src/main/17AFC.c	5012	func_80030D7C	deref-store	s32	4	scr	scr	u8 * (local)	0x18		scratchpad-local(42425/1)				
src/main/17AFC.c	5014	func_80030D7C	deref-store	s32	4	scr	scr	u8 * (local)	0x20		scratchpad-local(42425/1)				
src/main/17AFC.c	5014	func_80030D7C	deref-load	s32	4	scr	scr	u8 * (local)	0x10		scratchpad-local(42425/1)				
src/main/17AFC.c	5016	func_80030D7C	deref-store	s32	4	scr	scr	u8 * (local)	0x24		scratchpad-local(42425/1)				
src/main/17AFC.c	5016	func_80030D7C	deref-load	s32	4	scr	scr	u8 * (local)	0x14		scratchpad-local(42425/1)				
src/main/17AFC.c	5017	func_80030D7C	deref-load	s32	4	scr	scr	u8 * (local)	0x18		scratchpad-local(42425/1)				
src/main/17AFC.c	5018	func_80030D7C	deref-store	s32	4	scr	scr	u8 * (local)	0x28		scratchpad-local(42425/1)				
src/main/17AFC.c	5018	func_80030D7C	deref-load	s32	4	scr	scr	u8 * (local)	0x14		scratchpad-local(42425/1)				
src/main/17AFC.c	5019	func_80030D7C	deref-load	s32	4	scr	scr	u8 * (local)	0x18		scratchpad-local(42425/1)				
src/main/17AFC.c	5020	func_80030D7C	deref-load	s32	4	scr	scr	u8 * (local)	0x20		scratchpad-local(42425/1)				
src/main/17AFC.c	5021	func_80030D7C	deref-load	s32	4	scr	scr	u8 * (local)	0x28		scratchpad-local(42425/1)				
src/main/17AFC.c	5022	func_80030D7C	deref-load	s32	4	scr	scr	u8 * (local)	0x24		scratchpad-local(42425/1)				
src/main/17AFC.c	5023	func_80030D7C	deref-load	s32	4	scr	scr	u8 * (local)	0x20		scratchpad-local(42425/1)				
src/main/17AFC.c	5024	func_80030D7C	deref-load	s32	4	scr	scr	u8 * (local)	0x28		scratchpad-local(42425/1)				
src/main/17AFC.c	5037	func_80030D7C	deref-store	s32	4	scr	scr	u8 * (local)	0x0		scratchpad-local(42425/1)				
src/main/17AFC.c	5038	func_80030D7C	deref-store	s32	4	scr	scr	u8 * (local)	0x4		scratchpad-local(42425/1)				
src/main/17AFC.c	5039	func_80030D7C	deref-store	s32	4	scr	scr	u8 * (local)	0x8		scratchpad-local(42425/1)				
src/main/17AFC.c	5041	func_80030D7C	addr	s16	2	scr	scr	u8 * (local)	0x30		scratchpad-local(42425/1)				
src/main/17AFC.c	5042	func_80030D7C	addr	s32	4	scr	scr	u8 * (local)	0x10		scratchpad-local(42425/1)				
src/main/17AFC.c	5058	func_80030D7C	deref-load	Vec3i32	12	scr	scr	u8 * (local)	0x10		scratchpad-local(42425/1)				
src/main/17AFC.c	5067	func_80030D7C	deref-load	s16	2	scr	scr	u8 * (local)	0x32		scratchpad-local(42425/1)				
src/main/17AFC.c	5086	func_80030D7C	deref-load	s16	2	scr	scr	u8 * (local)	0x32		scratchpad-local(42425/1)				
src/main/17AFC.c	5105	func_80030D7C	pun-load	Vec3i32	12	scr	scr	u8 * (local)	0x0		scratchpad-local(42425/1)				
src/main/17AFC.c	5171	func_80031890	addr	s32	4	obj	obj	u8 * (param)	0xD8		scratchpad-param(1/1)				
src/main/17AFC.c	5175	func_80031890	deref-store	s16	2	obj	obj	u8 * (param)	0xD8		scratchpad-param(1/1)				
src/main/17AFC.c	5176	func_80031890	deref-store	s16	2	obj	obj	u8 * (param)	0xDA		scratchpad-param(1/1)				
src/main/17AFC.c	5177	func_80031890	deref-store	s16	2	obj	obj	u8 * (param)	0xDC		scratchpad-param(1/1)				
src/main/17AFC.c	5178	func_80031890	deref-store	s16	2	obj	obj	u8 * (param)	0xDE		scratchpad-param(1/1)				
src/main/17AFC.c	5179	func_80031890	deref-store	s16	2	obj	obj	u8 * (param)	0xE0		scratchpad-param(1/1)				
src/main/17AFC.c	5180	func_80031890	deref-store	s16	2	obj	obj	u8 * (param)	0xE2		scratchpad-param(1/1)				
src/main/17AFC.c	5181	func_80031890	deref-store	s16	2	obj	obj	u8 * (param)	0xE4		scratchpad-param(1/1)				
src/main/17AFC.c	5182	func_80031890	deref-store	s16	2	obj	obj	u8 * (param)	0xE6		scratchpad-param(1/1)				
src/main/17AFC.c	5183	func_80031890	deref-store	s16	2	obj	obj	u8 * (param)	0xE8		scratchpad-param(1/1)				
src/main/17AFC.c	5274	func_80031B24	deref-store	Vec3i32 *	4	scr	scr	u8 * (local)	0x60		scratchpad-local(43743/2)				
src/main/17AFC.c	5275	func_80031B24	deref-store	Vec3i32 *	4	scr	scr	u8 * (local)	0x64		scratchpad-local(43743/2)				
src/main/17AFC.c	5354	func_80032064	deref-store	s32	4	s0	s0	u8 * (local)	0x4		untyped				
src/main/17AFC.c	5358	func_80032064	deref-store	s32	4	s0	s0	u8 * (local)	0x8		untyped				
src/main/17AFC.c	5360	func_80032064	deref-store	s32	4	s0	s0	u8 * (local)	0xC		untyped				
src/main/17AFC.c	5361	func_80032064	deref-store	s32	4	s0	s0	u8 * (local)	0x1C		untyped				
src/main/17AFC.c	5362	func_80032064	deref-store	s32	4	s0	s0	u8 * (local)	0x20		untyped				
src/main/17AFC.c	5363	func_80032064	deref-store	s32	4	s0	s0	u8 * (local)	0x24		untyped				
src/main/17AFC.c	5364	func_80032064	deref-store	Vec3_copy	12	s0	s0	u8 * (local)	0x10		untyped				
src/main/17AFC.c	5364	func_80032064	deref-load	Vec3_copy	12	s0	s0	u8 * (local)	0x4		untyped				
src/main/17AFC.c	5365	func_80032064	deref-store	s32	4	s0	s0	u8 * (local)	0x28		untyped				
src/main/17AFC.c	5384	func_800321E8	deref-store	u8	1	base	base	u8 * (local)	0x2		untyped			fn	
src/main/17AFC.c	5385	func_800321E8	deref-store	Vec3_copy	12	base	base	u8 * (local)	0x10		untyped			fn	
src/main/17AFC.c	5385	func_800321E8	deref-load	Vec3_copy	12	base	base	u8 * (local)	0x4		untyped			fn	
src/main/17AFC.c	5386	func_800321E8	deref-store	s32	4	base	base	u8 * (local)	0x20		untyped			fn	
src/main/17AFC.c	5387	func_800321E8	deref-load	s32	4	base	base	u8 * (local)	0x4		untyped			fn	
src/main/17AFC.c	5387	func_800321E8	deref-load	s32	4	base	base	u8 * (local)	0x1C		untyped			fn	
src/main/17AFC.c	5388	func_800321E8	deref-load	s32	4	base	base	u8 * (local)	0x8		untyped			fn	
src/main/17AFC.c	5388	func_800321E8	deref-load	s32	4	base	base	u8 * (local)	0x20		untyped			fn	
src/main/17AFC.c	5391	func_800321E8	deref-load	s32	4	base	base	u8 * (local)	0xC		untyped			fn	
src/main/17AFC.c	5391	func_800321E8	deref-load	s32	4	base	base	u8 * (local)	0x24		untyped			fn	
src/main/17AFC.c	5394	func_800321E8	addr	s32	4	base	base	u8 * (local)	0x4		untyped			site	
src/main/17AFC.c	5394	func_800321E8	addr	s32	4	( u8 * ) sp	sp	s32 * (local)	0x10		scratchpad-local(44453/2)			site	
src/main/17AFC.c	5394	func_800321E8	addr	s32	4	( u8 * ) sp	sp	s32 * (local)	0x30		scratchpad-local(44453/2)			site	
src/main/17AFC.c	5394	func_800321E8	deref-load	s32	4	base	base	u8 * (local)	0x8		untyped			site	
src/main/17AFC.c	5394	func_800321E8	deref-load	s32	4	base	base	u8 * (local)	0x28		untyped			site	
src/main/17AFC.c	5397	func_800321E8	deref-store	Vec3_copy	12	base	base	u8 * (local)	0x4		untyped			fn	
src/main/17AFC.c	5397	func_800321E8	pun-load	Vec3_copy	12	sp	sp	s32 * (local)	0x0		scratchpad-local(44453/2)			fn	
src/main/17AFC.c	5422	func_80032314	deref-load	u8	1	a3	a3	u8 * (local)	0x1		untyped			fn	
src/main/17AFC.c	5440	func_80032314	deref-load	s32	4	a3	a3	u8 * (local)	0x2		untyped			fn	
src/main/17AFC.c	5441	func_80032314	deref-load	s32	4	a3	a3	u8 * (local)	0x6		untyped			fn	
src/main/17AFC.c	5442	func_80032314	deref-load	s32	4	a3	a3	u8 * (local)	0xA		untyped			fn	
src/main/17AFC.c	5589	func_800325E0	deref-load	s32	4	( u8 * ) D_800A36B4	D_800A36B4	s32 (header-global)	0x20		untyped				
src/main/17AFC.c	5590	func_800325E0	deref-load	s32	4	( u8 * ) D_800A36B4	D_800A36B4	s32 (header-global)	0x24		untyped				
src/main/17AFC.c	5591	func_800325E0	deref-load	s32	4	( u8 * ) D_800A36B4	D_800A36B4	s32 (header-global)	0x28		untyped				
src/main/17AFC.c	5643	func_800325E0	deref-load	s16	2	( u8 * ) D_800A36B4	D_800A36B4	s32 (header-global)	0x12		untyped				
src/main/17AFC.c	5831	func_80032C50	deref-load	s16	2	obj	obj	s32 (param)	0x4	Unk80101EC8Record	caller(1/1)	exact	index		
src/main/17AFC.c	5837	func_80032C50	deref-load	s16	2	obj	obj	s32 (param)	0x4	Unk80101EC8Record	caller(1/1)	exact	index		
src/main/17AFC.c	5838	func_80032C50	deref-load	s16	2	* ( u8 * * ) obj			0x4		unknown				
src/main/17AFC.c	5838	func_80032C50	pun-load	u8 *	4	obj	obj	s32 (param)	0x0	Unk80101EC8Record	caller(1/1)	exact	other		
src/main/17AFC.c	5845	func_80032C50	deref-load	s16	2	obj	obj	s32 (param)	0x4	Unk80101EC8Record	caller(1/1)	exact	index		
src/main/17AFC.c	5852	func_80032C50	deref-load	u8	1	obj	obj	s32 (param)	0xB2	Unk80101EC8Record	caller(1/1)	exact	unk_B2		
src/main/17AFC.c	5853	func_80032C50	deref-load	u8	1	obj	obj	s32 (param)	0xB2	Unk80101EC8Record	caller(1/1)	exact	unk_B2		
src/main/17AFC.c	5854	func_80032C50	pun-load	u8 *	4	obj	obj	s32 (param)	0x0	Unk80101EC8Record	caller(1/1)	exact	other		
src/main/17AFC.c	5855	func_80032C50	pun-load	u8 *	4	obj	obj	s32 (param)	0x0	Unk80101EC8Record	caller(1/1)	exact	other		
src/main/17AFC.c	5860	func_80032C50	deref-load	s32	4	obj	obj	s32 (param)	0x1B0	Unk80101EC8Record	caller(1/1)	exact	unk_1B0[0]		
src/main/17AFC.c	5860	func_80032C50	deref-load	s32	4	obj	obj	s32 (param)	0x19C	Unk80101EC8Record	caller(1/1)	exact	unk_198[0].y		
src/main/17AFC.c	5861	func_80032C50	deref-load	s32	4	obj	obj	s32 (param)	0x198	Unk80101EC8Record	caller(1/1)	exact	unk_198[0].x		
src/main/17AFC.c	5862	func_80032C50	deref-load	s32	4	obj	obj	s32 (param)	0x1B0	Unk80101EC8Record	caller(1/1)	exact	unk_1B0[0]		
src/main/17AFC.c	5863	func_80032C50	deref-load	s32	4	obj	obj	s32 (param)	0x1A0	Unk80101EC8Record	caller(1/1)	exact	unk_198[0].z		
src/main/17AFC.c	5864	func_80032C50	deref-load	s16	2	obj	obj	s32 (param)	0x1BA	Unk80101EC8Record	caller(1/1)	exact	unk_1BA		
src/main/17AFC.c	5865	func_80032C50	deref-load	s16	2	obj	obj	s32 (param)	0xC	Unk80101EC8Record	caller(1/1)	exact	unk_0C		
src/main/17AFC.c	5866	func_80032C50	deref-load	s16	2	obj	obj	s32 (param)	0x4	Unk80101EC8Record	caller(1/1)	exact	index		
src/main/17AFC.c	5867	func_80032C50	deref-load	u8	1	obj	obj	s32 (param)	0xB1	Unk80101EC8Record	caller(1/1)	exact	unk_B1		
src/main/17AFC.c	5868	func_80032C50	deref-load	s16	2	obj	obj	s32 (param)	0x4	Unk80101EC8Record	caller(1/1)	exact	index		
src/main/17AFC.c	5872	func_80032C50	deref-load	u8	1	obj	obj	s32 (param)	0xB1	Unk80101EC8Record	caller(1/1)	exact	unk_B1		
src/main/17AFC.c	5873	func_80032C50	deref-load	s32	4	obj	obj	s32 (param)	0x1B0	Unk80101EC8Record	caller(1/1)	exact	unk_1B0[0]		
src/main/17AFC.c	5873	func_80032C50	deref-load	s32	4	obj	obj	s32 (param)	0x19C	Unk80101EC8Record	caller(1/1)	exact	unk_198[0].y		
src/main/17AFC.c	5874	func_80032C50	deref-load	s32	4	obj	obj	s32 (param)	0x198	Unk80101EC8Record	caller(1/1)	exact	unk_198[0].x		
src/main/17AFC.c	5875	func_80032C50	deref-load	s32	4	obj	obj	s32 (param)	0x1B0	Unk80101EC8Record	caller(1/1)	exact	unk_1B0[0]		
src/main/17AFC.c	5876	func_80032C50	deref-load	s32	4	obj	obj	s32 (param)	0x1A0	Unk80101EC8Record	caller(1/1)	exact	unk_198[0].z		
src/main/17AFC.c	5877	func_80032C50	deref-load	s16	2	obj	obj	s32 (param)	0x4	Unk80101EC8Record	caller(1/1)	exact	index		
src/main/17AFC.c	5883	func_80032C50	deref-load	s32	4	obj	obj	s32 (param)	0x1B4	Unk80101EC8Record	caller(1/1)	exact	unk_1B0[1]		
src/main/17AFC.c	5883	func_80032C50	deref-load	s32	4	obj	obj	s32 (param)	0x1A8	Unk80101EC8Record	caller(1/1)	exact	unk_198[1].y		
src/main/17AFC.c	5884	func_80032C50	deref-load	s32	4	obj	obj	s32 (param)	0x1A4	Unk80101EC8Record	caller(1/1)	exact	unk_198[1].x		
src/main/17AFC.c	5885	func_80032C50	deref-load	s32	4	obj	obj	s32 (param)	0x1B4	Unk80101EC8Record	caller(1/1)	exact	unk_1B0[1]		
src/main/17AFC.c	5886	func_80032C50	deref-load	s32	4	obj	obj	s32 (param)	0x1AC	Unk80101EC8Record	caller(1/1)	exact	unk_198[1].z		
src/main/17AFC.c	5887	func_80032C50	deref-load	s16	2	obj	obj	s32 (param)	0x1C2	Unk80101EC8Record	caller(1/1)	exact	unk_1C2		
src/main/17AFC.c	5888	func_80032C50	deref-load	s16	2	obj	obj	s32 (param)	0xC	Unk80101EC8Record	caller(1/1)	exact	unk_0C		
src/main/17AFC.c	5889	func_80032C50	deref-load	s16	2	obj	obj	s32 (param)	0x4	Unk80101EC8Record	caller(1/1)	exact	index		
src/main/17AFC.c	5890	func_80032C50	deref-load	u8	1	obj	obj	s32 (param)	0xB1	Unk80101EC8Record	caller(1/1)	exact	unk_B1		
src/main/17AFC.c	5891	func_80032C50	deref-load	s16	2	obj	obj	s32 (param)	0x4	Unk80101EC8Record	caller(1/1)	exact	index		
src/main/17AFC.c	5895	func_80032C50	deref-load	u8	1	obj	obj	s32 (param)	0xB1	Unk80101EC8Record	caller(1/1)	exact	unk_B1		
src/main/17AFC.c	5896	func_80032C50	deref-load	s32	4	obj	obj	s32 (param)	0x1B4	Unk80101EC8Record	caller(1/1)	exact	unk_1B0[1]		
src/main/17AFC.c	5896	func_80032C50	deref-load	s32	4	obj	obj	s32 (param)	0x1A8	Unk80101EC8Record	caller(1/1)	exact	unk_198[1].y		
src/main/17AFC.c	5897	func_80032C50	deref-load	s32	4	obj	obj	s32 (param)	0x1A4	Unk80101EC8Record	caller(1/1)	exact	unk_198[1].x		
src/main/17AFC.c	5898	func_80032C50	deref-load	s32	4	obj	obj	s32 (param)	0x1B4	Unk80101EC8Record	caller(1/1)	exact	unk_1B0[1]		
src/main/17AFC.c	5899	func_80032C50	deref-load	s32	4	obj	obj	s32 (param)	0x1AC	Unk80101EC8Record	caller(1/1)	exact	unk_198[1].z		
src/main/17AFC.c	5900	func_80032C50	deref-load	s16	2	obj	obj	s32 (param)	0x4	Unk80101EC8Record	caller(1/1)	exact	index		
src/main/17AFC.c	5905	func_80032C50	deref-load	s16	2	obj	obj	s32 (param)	0x4	Unk80101EC8Record	caller(1/1)	exact	index		
src/main/17AFC.c	5905	func_80032C50	addr	u8	1	obj	obj	s32 (param)	0x180	Unk80101EC8Record	caller(1/1)	addr-of	unk_180.x		
src/main/17AFC.c	5908	func_80032C50	deref-load	s16	2	obj	obj	s32 (param)	0x4	Unk80101EC8Record	caller(1/1)	exact	index		
src/main/17AFC.c	5908	func_80032C50	addr	u8	1	obj	obj	s32 (param)	0x18C	Unk80101EC8Record	caller(1/1)	addr-of	unk_18C.x		
src/main/17AFC.c	5911	func_80032C50	deref-load	s16	2	obj	obj	s32 (param)	0x4	Unk80101EC8Record	caller(1/1)	exact	index		
src/main/17AFC.c	5911	func_80032C50	addr	u8	1	obj	obj	s32 (param)	0x174	Unk80101EC8Record	caller(1/1)	addr-of	unk_174.x		
src/main/17AFC.c	5913	func_80032C50	addr	s32	4	obj	obj	s32 (param)	0xF4	Unk80101EC8Record	caller(1/1)	addr-of	unk_F4.x		
src/main/17AFC.c	5914	func_80032C50	addr	s32	4	obj	obj	s32 (param)	0xF4	Unk80101EC8Record	caller(1/1)	addr-of	unk_F4.x		
src/main/17AFC.c	5915	func_80032C50	addr	s32	4	obj	obj	s32 (param)	0xF4	Unk80101EC8Record	caller(1/1)	addr-of	unk_F4.x		
src/main/17AFC.c	5916	func_80032C50	addr	s32	4	obj	obj	s32 (param)	0xF4	Unk80101EC8Record	caller(1/1)	addr-of	unk_F4.x		
src/main/17AFC.c	5917	func_80032C50	addr	s32	4	obj	obj	s32 (param)	0xF4	Unk80101EC8Record	caller(1/1)	addr-of	unk_F4.x		
src/main/17AFC.c	5918	func_80032C50	addr	s32	4	obj	obj	s32 (param)	0xF4	Unk80101EC8Record	caller(1/1)	addr-of	unk_F4.x		
src/main/17AFC.c	5919	func_80032C50	addr	s32	4	obj	obj	s32 (param)	0xF4	Unk80101EC8Record	caller(1/1)	addr-of	unk_F4.x		
src/main/17AFC.c	5920	func_80032C50	addr	s32	4	obj	obj	s32 (param)	0xF4	Unk80101EC8Record	caller(1/1)	addr-of	unk_F4.x		
src/main/17AFC.c	5921	func_80032C50	addr	s32	4	obj	obj	s32 (param)	0xF4	Unk80101EC8Record	caller(1/1)	addr-of	unk_F4.x		
src/main/17AFC.c	5922	func_80032C50	addr	s32	4	obj	obj	s32 (param)	0xF4	Unk80101EC8Record	caller(1/1)	addr-of	unk_F4.x		
src/main/17AFC.c	5923	func_80032C50	addr	s32	4	obj	obj	s32 (param)	0xF4	Unk80101EC8Record	caller(1/1)	addr-of	unk_F4.x		
src/main/17AFC.c	5924	func_80032C50	addr	s32	4	obj	obj	s32 (param)	0xF4	Unk80101EC8Record	caller(1/1)	addr-of	unk_F4.x		
src/main/17AFC.c	5925	func_80032C50	addr	s32	4	obj	obj	s32 (param)	0xF4	Unk80101EC8Record	caller(1/1)	addr-of	unk_F4.x		
src/main/17AFC.c	5926	func_80032C50	addr	s32	4	obj	obj	s32 (param)	0xF4	Unk80101EC8Record	caller(1/1)	addr-of	unk_F4.x		
src/main/17AFC.c	5927	func_80032C50	addr	s32	4	obj	obj	s32 (param)	0xF4	Unk80101EC8Record	caller(1/1)	addr-of	unk_F4.x		
src/main/17AFC.c	5928	func_80032C50	addr	s32	4	obj	obj	s32 (param)	0xF4	Unk80101EC8Record	caller(1/1)	addr-of	unk_F4.x		
src/main/17AFC.c	5929	func_80032C50	addr	s32	4	obj	obj	s32 (param)	0xF4	Unk80101EC8Record	caller(1/1)	addr-of	unk_F4.x		
src/main/17AFC.c	5930	func_80032C50	addr	s32	4	obj	obj	s32 (param)	0xF4	Unk80101EC8Record	caller(1/1)	addr-of	unk_F4.x		
src/main/17AFC.c	5931	func_80032C50	addr	s32	4	obj	obj	s32 (param)	0xF4	Unk80101EC8Record	caller(1/1)	addr-of	unk_F4.x		
src/main/17AFC.c	5932	func_80032C50	addr	s32	4	obj	obj	s32 (param)	0xF4	Unk80101EC8Record	caller(1/1)	addr-of	unk_F4.x		
src/main/17AFC.c	5933	func_80032C50	addr	s32	4	obj	obj	s32 (param)	0xF4	Unk80101EC8Record	caller(1/1)	addr-of	unk_F4.x		
src/main/17AFC.c	5934	func_80032C50	addr	s32	4	obj	obj	s32 (param)	0xF4	Unk80101EC8Record	caller(1/1)	addr-of	unk_F4.x		
src/main/17AFC.c	5935	func_80032C50	addr	s32	4	obj	obj	s32 (param)	0xF4	Unk80101EC8Record	caller(1/1)	addr-of	unk_F4.x		
src/main/17AFC.c	5936	func_80032C50	addr	s32	4	obj	obj	s32 (param)	0xF4	Unk80101EC8Record	caller(1/1)	addr-of	unk_F4.x		
src/main/17AFC.c	5937	func_80032C50	addr	s32	4	obj	obj	s32 (param)	0xF4	Unk80101EC8Record	caller(1/1)	addr-of	unk_F4.x		
src/main/17AFC.c	5938	func_80032C50	addr	s32	4	obj	obj	s32 (param)	0xF4	Unk80101EC8Record	caller(1/1)	addr-of	unk_F4.x		
src/main/17AFC.c	5939	func_80032C50	addr	s32	4	obj	obj	s32 (param)	0xF4	Unk80101EC8Record	caller(1/1)	addr-of	unk_F4.x		
src/main/17AFC.c	5940	func_80032C50	addr	s32	4	obj	obj	s32 (param)	0xF4	Unk80101EC8Record	caller(1/1)	addr-of	unk_F4.x		
src/main/17AFC.c	5941	func_80032C50	addr	s32	4	obj	obj	s32 (param)	0xF4	Unk80101EC8Record	caller(1/1)	addr-of	unk_F4.x		
src/main/17AFC.c	5942	func_80032C50	addr	s32	4	obj	obj	s32 (param)	0xF4	Unk80101EC8Record	caller(1/1)	addr-of	unk_F4.x		
src/main/17AFC.c	5943	func_80032C50	addr	s32	4	obj	obj	s32 (param)	0xF4	Unk80101EC8Record	caller(1/1)	addr-of	unk_F4.x		
src/main/17AFC.c	5944	func_80032C50	addr	s32	4	obj	obj	s32 (param)	0xF4	Unk80101EC8Record	caller(1/1)	addr-of	unk_F4.x		
src/main/17AFC.c	5945	func_80032C50	addr	s32	4	obj	obj	s32 (param)	0xF4	Unk80101EC8Record	caller(1/1)	addr-of	unk_F4.x		
src/main/17AFC.c	5946	func_80032C50	addr	s32	4	* ( u8 * * ) obj			0xF4		unknown				
src/main/17AFC.c	5946	func_80032C50	pun-load	u8 *	4	obj	obj	s32 (param)	0x0	Unk80101EC8Record	caller(1/1)	exact	other		
src/main/17AFC.c	5947	func_80032C50	addr	s32	4	* ( u8 * * ) obj			0xF4		unknown				
src/main/17AFC.c	5947	func_80032C50	pun-load	u8 *	4	obj	obj	s32 (param)	0x0	Unk80101EC8Record	caller(1/1)	exact	other		
src/main/17AFC.c	5948	func_80032C50	addr	s32	4	* ( u8 * * ) obj			0xF4		unknown				
src/main/17AFC.c	5948	func_80032C50	pun-load	u8 *	4	obj	obj	s32 (param)	0x0	Unk80101EC8Record	caller(1/1)	exact	other		
src/main/17AFC.c	5949	func_80032C50	addr	s32	4	* ( u8 * * ) obj			0xF4		unknown				
src/main/17AFC.c	5949	func_80032C50	pun-load	u8 *	4	obj	obj	s32 (param)	0x0	Unk80101EC8Record	caller(1/1)	exact	other		
src/main/17AFC.c	5950	func_80032C50	addr	s32	4	* ( u8 * * ) obj			0xF4		unknown				
src/main/17AFC.c	5950	func_80032C50	pun-load	u8 *	4	obj	obj	s32 (param)	0x0	Unk80101EC8Record	caller(1/1)	exact	other		
src/main/17AFC.c	5951	func_80032C50	addr	s32	4	* ( u8 * * ) obj			0xF4		unknown				
src/main/17AFC.c	5951	func_80032C50	pun-load	u8 *	4	obj	obj	s32 (param)	0x0	Unk80101EC8Record	caller(1/1)	exact	other		
src/main/17AFC.c	5952	func_80032C50	addr	s32	4	* ( u8 * * ) obj			0xF4		unknown				
src/main/17AFC.c	5952	func_80032C50	pun-load	u8 *	4	obj	obj	s32 (param)	0x0	Unk80101EC8Record	caller(1/1)	exact	other		
src/main/17AFC.c	5953	func_80032C50	addr	s32	4	* ( u8 * * ) obj			0xF4		unknown				
src/main/17AFC.c	5953	func_80032C50	pun-load	u8 *	4	obj	obj	s32 (param)	0x0	Unk80101EC8Record	caller(1/1)	exact	other		
src/main/17AFC.c	5954	func_80032C50	addr	s32	4	* ( u8 * * ) obj			0xF4		unknown				
src/main/17AFC.c	5954	func_80032C50	pun-load	u8 *	4	obj	obj	s32 (param)	0x0	Unk80101EC8Record	caller(1/1)	exact	other		
src/main/17AFC.c	5955	func_80032C50	addr	s32	4	* ( u8 * * ) obj			0xF4		unknown				
src/main/17AFC.c	5955	func_80032C50	pun-load	u8 *	4	obj	obj	s32 (param)	0x0	Unk80101EC8Record	caller(1/1)	exact	other		
src/main/17AFC.c	5956	func_80032C50	addr	s32	4	* ( u8 * * ) obj			0xF4		unknown				
src/main/17AFC.c	5956	func_80032C50	pun-load	u8 *	4	obj	obj	s32 (param)	0x0	Unk80101EC8Record	caller(1/1)	exact	other		
src/main/17AFC.c	5957	func_80032C50	addr	s32	4	* ( u8 * * ) obj			0xF4		unknown				
src/main/17AFC.c	5957	func_80032C50	pun-load	u8 *	4	obj	obj	s32 (param)	0x0	Unk80101EC8Record	caller(1/1)	exact	other		
src/main/17AFC.c	5958	func_80032C50	addr	s32	4	* ( u8 * * ) obj			0xF4		unknown				
src/main/17AFC.c	5958	func_80032C50	pun-load	u8 *	4	obj	obj	s32 (param)	0x0	Unk80101EC8Record	caller(1/1)	exact	other		
src/main/17AFC.c	5959	func_80032C50	addr	s32	4	* ( u8 * * ) obj			0xF4		unknown				
src/main/17AFC.c	5959	func_80032C50	pun-load	u8 *	4	obj	obj	s32 (param)	0x0	Unk80101EC8Record	caller(1/1)	exact	other		
src/main/17AFC.c	5960	func_80032C50	addr	s32	4	* ( u8 * * ) obj			0xF4		unknown				
src/main/17AFC.c	5960	func_80032C50	pun-load	u8 *	4	obj	obj	s32 (param)	0x0	Unk80101EC8Record	caller(1/1)	exact	other		
src/main/17AFC.c	5961	func_80032C50	addr	s32	4	* ( u8 * * ) obj			0xF4		unknown				
src/main/17AFC.c	5961	func_80032C50	pun-load	u8 *	4	obj	obj	s32 (param)	0x0	Unk80101EC8Record	caller(1/1)	exact	other		
src/main/17AFC.c	5962	func_80032C50	addr	s32	4	* ( u8 * * ) obj			0xF4		unknown				
src/main/17AFC.c	5962	func_80032C50	pun-load	u8 *	4	obj	obj	s32 (param)	0x0	Unk80101EC8Record	caller(1/1)	exact	other		
src/main/17AFC.c	5963	func_80032C50	addr	s32	4	* ( u8 * * ) obj			0xF4		unknown				
src/main/17AFC.c	5963	func_80032C50	pun-load	u8 *	4	obj	obj	s32 (param)	0x0	Unk80101EC8Record	caller(1/1)	exact	other		
src/main/17AFC.c	5964	func_80032C50	addr	s32	4	* ( u8 * * ) obj			0xF4		unknown				
src/main/17AFC.c	5964	func_80032C50	pun-load	u8 *	4	obj	obj	s32 (param)	0x0	Unk80101EC8Record	caller(1/1)	exact	other		
src/main/17AFC.c	5965	func_80032C50	addr	s32	4	* ( u8 * * ) obj			0xF4		unknown				
src/main/17AFC.c	5965	func_80032C50	pun-load	u8 *	4	obj	obj	s32 (param)	0x0	Unk80101EC8Record	caller(1/1)	exact	other		
src/main/17AFC.c	5966	func_80032C50	addr	s32	4	* ( u8 * * ) obj			0xF4		unknown				
src/main/17AFC.c	5966	func_80032C50	pun-load	u8 *	4	obj	obj	s32 (param)	0x0	Unk80101EC8Record	caller(1/1)	exact	other		
src/main/17AFC.c	5967	func_80032C50	addr	s32	4	* ( u8 * * ) obj			0xF4		unknown				
src/main/17AFC.c	5967	func_80032C50	pun-load	u8 *	4	obj	obj	s32 (param)	0x0	Unk80101EC8Record	caller(1/1)	exact	other		
src/main/17AFC.c	5968	func_80032C50	addr	s32	4	* ( u8 * * ) obj			0xF4		unknown				
src/main/17AFC.c	5968	func_80032C50	pun-load	u8 *	4	obj	obj	s32 (param)	0x0	Unk80101EC8Record	caller(1/1)	exact	other		
src/main/17AFC.c	5969	func_80032C50	addr	s32	4	* ( u8 * * ) obj			0xF4		unknown				
src/main/17AFC.c	5969	func_80032C50	pun-load	u8 *	4	obj	obj	s32 (param)	0x0	Unk80101EC8Record	caller(1/1)	exact	other		
src/main/17AFC.c	5970	func_80032C50	addr	s32	4	* ( u8 * * ) obj			0xF4		unknown				
src/main/17AFC.c	5970	func_80032C50	pun-load	u8 *	4	obj	obj	s32 (param)	0x0	Unk80101EC8Record	caller(1/1)	exact	other		
src/main/17AFC.c	5971	func_80032C50	addr	s32	4	* ( u8 * * ) obj			0xF4		unknown				
src/main/17AFC.c	5971	func_80032C50	pun-load	u8 *	4	obj	obj	s32 (param)	0x0	Unk80101EC8Record	caller(1/1)	exact	other		
src/main/17AFC.c	5972	func_80032C50	addr	s32	4	* ( u8 * * ) obj			0xF4		unknown				
src/main/17AFC.c	5972	func_80032C50	pun-load	u8 *	4	obj	obj	s32 (param)	0x0	Unk80101EC8Record	caller(1/1)	exact	other		
src/main/17AFC.c	5973	func_80032C50	addr	s32	4	* ( u8 * * ) obj			0xF4		unknown				
src/main/17AFC.c	5973	func_80032C50	pun-load	u8 *	4	obj	obj	s32 (param)	0x0	Unk80101EC8Record	caller(1/1)	exact	other		
src/main/17AFC.c	5974	func_80032C50	addr	s32	4	* ( u8 * * ) obj			0xF4		unknown				
src/main/17AFC.c	5974	func_80032C50	pun-load	u8 *	4	obj	obj	s32 (param)	0x0	Unk80101EC8Record	caller(1/1)	exact	other		
src/main/17AFC.c	5975	func_80032C50	addr	s32	4	* ( u8 * * ) obj			0xF4		unknown				
src/main/17AFC.c	5975	func_80032C50	pun-load	u8 *	4	obj	obj	s32 (param)	0x0	Unk80101EC8Record	caller(1/1)	exact	other		
src/main/17AFC.c	5976	func_80032C50	addr	s32	4	* ( u8 * * ) obj			0xF4		unknown				
src/main/17AFC.c	5976	func_80032C50	pun-load	u8 *	4	obj	obj	s32 (param)	0x0	Unk80101EC8Record	caller(1/1)	exact	other		
src/main/17AFC.c	5977	func_80032C50	addr	s32	4	* ( u8 * * ) obj			0xF4		unknown				
src/main/17AFC.c	5977	func_80032C50	pun-load	u8 *	4	obj	obj	s32 (param)	0x0	Unk80101EC8Record	caller(1/1)	exact	other		
src/main/17AFC.c	5978	func_80032C50	addr	s32	4	* ( u8 * * ) obj			0xF4		unknown				
src/main/17AFC.c	5978	func_80032C50	pun-load	u8 *	4	obj	obj	s32 (param)	0x0	Unk80101EC8Record	caller(1/1)	exact	other		
src/main/17AFC.c	5990	func_8003339C	deref-load	s32 *	4	( u8 * ) base	base	s32 * (param)	0x58	Unk80101EC8Record	caller(2/2)	exact	unk_58	fn	
src/main/17AFC.c	5991	func_8003339C	deref-load	u8	1	( u8 * ) p	p	s32 * (local)	0x4		untyped			fn	
src/main/17AFC.c	5993	func_8003339C	ptradd	u8	1	p	p	s32 * (local)	0x5		untyped			fn	
src/main/17AFC.c	6007	func_8003339C	deref-load	s16	2	( u8 * ) base	base	s32 * (param)	0xA	Unk80101EC8Record	caller(2/2)	exact	unk_0A	fn	
src/main/17AFC.c	6028	func_8003339C	deref-load	s16	2	( u8 * ) base	base	s32 * (param)	0x40	Unk80101EC8Record	caller(2/2)	exact	unk_40	fn	
src/main/17AFC.c	6585	func_800342A0	ptradd	u8	1	v0	v0	s32 (local)	computed		untyped	computed			
src/main/17AFC.c	6592	func_800342A0	ptradd	u8	1	v0	v0	s32 (local)	computed		untyped	computed			
src/main/25788.c	81	func_80034F88	ptradd	u8	1	p	p	s32 * (local)	computed		untyped	computed		fn	
src/main/25788.c	157	func_8003504C	ptradd	u8	1	p	p	s32 * (local)	computed		untyped	computed		fn	
src/main/25788.c	208	func_80035280	ptradd	u8	1	p	p	s32 * (local)	computed		untyped	computed		fn	
src/main/25788.c	209	func_80035280	ptradd	u8	1	p	p	s32 * (local)	computed		untyped	computed		fn	
src/main/25788.c	234	func_80035280	index-store	u8	1	p	p	s32 * (local)	computed		untyped	computed		fn	
src/main/25788.c	236	func_80035280	index-store	u8	1	p	p	s32 * (local)	computed		untyped	computed		fn	
src/main/25788.c	238	func_80035280	index-store	u8	1	p	p	s32 * (local)	computed		untyped	computed		fn	
src/main/25788.c	240	func_80035280	index-store	u8	1	p	p	s32 * (local)	computed		untyped	computed		fn	
src/main/25C38.c	134	func_8003553C	addr	u32	4	g_gpu_ot_ptr	g_gpu_ot_ptr	s32 (tu-global)	0x401C		untyped				
src/main/cdrom.c	109	func_80037110	ptradd	u8	1	& D_8008F13C	D_8008F13C	u8 (header-global)	computed		untyped	computed			
src/main/cdrom.c	114	func_80037110	deref-load	s32	4	s0	s0	u8 * (local)	0x4		untyped				
src/main/cdrom.c	116	func_80037110	deref-load	s32	4	s0	s0	u8 * (local)	0x4		untyped				
src/main/cdrom.c	202	cdrom_LoadExec	pun-load	EXEC	60	& sp_buf [ 0x10 ]	sp_buf	u8[] (local)	0x0		untyped				
src/main/memcard.c	240	memcard_CountFiles	addr	s32	4	( ( u8 * ) var_s0 )	var_s0	s32 * (local)	0x28		untyped				
src/main/memcard.c	264	func_80037AA4	deref-load	s32	4	var_v1	var_v1	s8 * (local)	0x18		untyped			fn	
src/main/28708.c	117	func_80037F40	index-store	FileRecord	36	base	base	u8 * (local)	computed		untyped	computed			
src/main/28708.c	118	func_80037F40	deref-store	s32	4	base	base	u8 * (local)	0x6C		untyped	computed			
src/main/28708.c	124	func_80037F40	deref-store	s32	4	bp	bp	u8 * (local)	0x78		untyped				
src/main/28708.c	125	func_80037F40	deref-store	s16	2	( u8 * ) hp	hp	s16 * (local)	0xD0		untyped				
src/main/28708.c	133	func_80037F40	deref-store	s32	4	base	base	u8 * (local)	0xFC		untyped				
src/main/28708.c	163	func_8003800C	deref-load	s32	4	( u8 * ) chkptr	chkptr	s32 * (local)	0x6C		untyped			fn	
src/main/28708.c	183	func_8003800C	pun-load	FileRecord	36	src	src	u8 * (local)	0x0		untyped			fn	
src/main/28708.c	188	func_8003800C	deref-load	u16 *	4	base	base	u8 * (local)	0x78		untyped	computed		fn	
src/main/28708.c	190	func_8003800C	deref-load	u16	2	base	base	u8 * (local)	0xD0		untyped	computed		fn	
src/main/28708.c	300	func_80038170	deref-store	u16	2	dst	dst	u16 * (local)	0x60		untyped				
src/main/28708.c	313	func_80038170	addr	u16	2	outer_dst	outer_dst	u8 * (local)	0x80		untyped				
src/main/28708.c	1102	func_800392C8	addr	s16	2	( u8 * ) D_800F68E0	D_800F68E0	s16[] (header-global)	computed		untyped	computed		fn	
src/main/28708.c	1134	func_80039320	deref-load	u8	1	( u8 * ) q	q	s16 * (local)	0x2		untyped				
src/main/28708.c	1139	func_80039320	addr	s16	2	( u8 * ) q	q	s16 * (local)	0x10		untyped				
src/main/28708.c	1160	func_800393C8	deref-load	s16	2	slot	slot	u8 * (local)	0x0		untyped				
src/main/28708.c	1162	func_800393C8	deref-load	u8	1	slot	slot	u8 * (local)	0x2		untyped				
src/main/28708.c	1164	func_800393C8	deref-load	u16	2	slot	slot	u8 * (local)	0xA		untyped				
src/main/28708.c	1167	func_800393C8	deref-load	s16	2	slot	slot	u8 * (local)	0x4		untyped				
src/main/28708.c	1168	func_800393C8	deref-load	s16	2	slot	slot	u8 * (local)	0x6		untyped				
src/main/28708.c	1169	func_800393C8	deref-load	s16	2	slot	slot	u8 * (local)	0x8		untyped				
src/main/28708.c	1170	func_800393C8	deref-load	s16	2	arg3	arg3	u16 * (param)	0x0		untyped				
src/main/28708.c	1171	func_800393C8	deref-load	s16	2	slot	slot	u8 * (local)	0xC		untyped				
src/main/28708.c	1171	func_800393C8	deref-load	s16	2	arg3	arg3	u16 * (param)	0x1		untyped				
src/main/28708.c	1172	func_800393C8	deref-load	s16	2	slot	slot	u8 * (local)	0xE		untyped				
src/main/28708.c	1172	func_800393C8	deref-load	s16	2	arg3	arg3	u16 * (param)	0x2		untyped				
src/main/28708.c	1173	func_800393C8	deref-store	u8	1	slot	slot	u8 * (local)	0x2		untyped				
src/main/28708.c	1183	func_800393C8	ptradd	u8	1	D_800F68E0	D_800F68E0	s16[] (header-global)	computed		untyped	computed			
src/main/28708.c	1185	func_800393C8	pun-load	s16	2	slot	slot	u8 * (local)	0x0		untyped				
src/main/28708.c	1199	func_800393C8	deref-store	s16	2	slot	slot	u8 * (local)	0x0		untyped				
src/main/28708.c	1200	func_800393C8	deref-store	u8	1	slot	slot	u8 * (local)	0x3		untyped				
src/main/28708.c	1201	func_800393C8	deref-store	u8	1	slot	slot	u8 * (local)	0x2		untyped				
src/main/28708.c	1202	func_800393C8	deref-store	s16	2	slot	slot	u8 * (local)	0x4		untyped				
src/main/28708.c	1203	func_800393C8	deref-store	s16	2	slot	slot	u8 * (local)	0x6		untyped				
src/main/28708.c	1204	func_800393C8	deref-store	s16	2	slot	slot	u8 * (local)	0x8		untyped				
src/main/28708.c	1205	func_800393C8	deref-store	u16	2	slot	slot	u8 * (local)	0xA		untyped				
src/main/28708.c	1206	func_800393C8	deref-store	u16	2	slot	slot	u8 * (local)	0xC		untyped				
src/main/28708.c	1207	func_800393C8	deref-store	u16	2	slot	slot	u8 * (local)	0xE		untyped				
src/main/28708.c	1236	func_800395B4	pun-store	s16	2	& slot [ 4 ]	slot	u8 * (local)	0x0		untyped				
src/main/28708.c	1237	func_800395B4	pun-store	s16	2	& slot [ 6 ]	slot	u8 * (local)	0x0		untyped				
src/main/28708.c	1238	func_800395B4	pun-store	s16	2	& slot [ 8 ]	slot	u8 * (local)	0x0		untyped				
src/main/28708.c	1240	func_800395B4	pun-store	u16	2	& slot [ 0xA ]	slot	u8 * (local)	0x0		untyped				
src/main/28708.c	1241	func_800395B4	pun-store	u16	2	& slot [ 0xC ]	slot	u8 * (local)	0x0		untyped				
src/main/28708.c	1242	func_800395B4	pun-store	u16	2	& slot [ 0xE ]	slot	u8 * (local)	0x0		untyped				
src/main/28708.c	1252	func_80039680	deref-load	s16	2	a0	a0	u8 * (param)	0x4	Unk80101EC8Record	caller(1/1)	exact	index		
src/main/28708.c	1253	func_80039680	addr	u8	1	D_800A36EC	D_800A36EC	s32 (tu-global)	computed		untyped	computed			
src/main/28708.c	1256	func_80039680	deref-store	s16	2	dest	dest	u8 * (local)	0x4		untyped				
src/main/28708.c	1256	func_80039680	deref-load	s32	4	a0	a0	u8 * (param)	0xF4	Unk80101EC8Record	caller(1/1)	exact	unk_F4.x		
src/main/28708.c	1257	func_80039680	deref-store	s16	2	dest	dest	u8 * (local)	0x8		untyped				
src/main/28708.c	1257	func_80039680	deref-load	s32	4	a0	a0	u8 * (param)	0xFC	Unk80101EC8Record	caller(1/1)	exact	unk_F4.z		
src/main/28708.c	1258	func_80039680	deref-store	s16	2	dest	dest	u8 * (local)	0x6		untyped				
src/main/28708.c	1258	func_80039680	deref-load	s32	4	a0	a0	u8 * (param)	0xF8	Unk80101EC8Record	caller(1/1)	exact	unk_F4.y		
src/main/28708.c	1261	func_80039680	deref-load	u16	2	a0	a0	u8 * (param)	0x1CA	Unk80101EC8Record	caller(1/1)	sign	unk_1C8.vy		
src/main/28708.c	1262	func_80039680	deref-load	u8	1	a0	a0	u8 * (param)	0xB3	Unk80101EC8Record	caller(1/1)	exact	unk_B3		
src/main/28708.c	1263	func_80039680	deref-store	s16	2	dest	dest	u8 * (local)	0xA		untyped				
src/main/28708.c	1266	func_80039680	deref-store	s16	2	dest	dest	u8 * (local)	0xC		untyped				
src/main/28708.c	1266	func_80039680	deref-load	s32	4	a0	a0	u8 * (param)	0x148	Unk80101EC8Record	caller(1/1)	exact	unk_148		
src/main/28708.c	1267	func_80039680	deref-store	u8	1	dest	dest	u8 * (local)	0x14		untyped				
src/main/28708.c	1267	func_80039680	deref-load	u16	2	a0	a0	u8 * (param)	0x1E6	Unk80101EC8Record	caller(1/1)	sign	unk_1E6		
src/main/28708.c	1268	func_80039680	deref-store	u8	1	dest	dest	u8 * (local)	0x15		untyped				
src/main/28708.c	1268	func_80039680	deref-load	u16	2	a0	a0	u8 * (param)	0x1E8	Unk80101EC8Record	caller(1/1)	sign	unk_1E8		
src/main/28708.c	1269	func_80039680	deref-store	u8	1	dest	dest	u8 * (local)	0x16		untyped				
src/main/28708.c	1269	func_80039680	deref-load	u16	2	a0	a0	u8 * (param)	0x1EA	Unk80101EC8Record	caller(1/1)	sign	unk_1EA		
src/main/28708.c	1270	func_80039680	deref-store	s32	4	dest	dest	u8 * (local)	0x0		untyped				
src/main/28708.c	1270	func_80039680	deref-load	s32	4	a0	a0	u8 * (param)	0x50	Unk80101EC8Record	caller(1/1)	exact	unk_50		
src/main/28708.c	1271	func_80039680	deref-store	u8	1	dest	dest	u8 * (local)	0x17		untyped				
src/main/28708.c	1273	func_80039680	deref-load	u8	1	a0	a0	u8 * (param)	0x60	Unk80101EC8Record	caller(1/1)	exact	unk_60		
src/main/28708.c	1274	func_80039680	deref-store	u8	1	dest	dest	u8 * (local)	0x17		untyped				
src/main/28708.c	1276	func_80039680	deref-load	u8	1	a0	a0	u8 * (param)	0x61	Unk80101EC8Record	caller(1/1)	exact	unk_61		
src/main/28708.c	1277	func_80039680	deref-store	u8	1	dest	dest	u8 * (local)	0x17		untyped				
src/main/28708.c	1280	func_80039680	deref-store	s16	2	dest	dest	u8 * (local)	0xE		untyped				
src/main/28708.c	1280	func_80039680	deref-load	u16	2	a0	a0	u8 * (param)	0x64	Unk80101EC8Record	caller(1/1)	exact	unk_64		
src/main/28708.c	1281	func_80039680	deref-store	s16	2	dest	dest	u8 * (local)	0x10		untyped				
src/main/28708.c	1281	func_80039680	deref-load	u16	2	a0	a0	u8 * (param)	0x66	Unk80101EC8Record	caller(1/1)	exact	unk_66		
src/main/28708.c	1282	func_80039680	deref-store	s16	2	dest	dest	u8 * (local)	0x12		untyped				
src/main/28708.c	1282	func_80039680	deref-load	u16	2	a0	a0	u8 * (param)	0x68	Unk80101EC8Record	caller(1/1)	sign	unk_68		
src/main/28708.c	1283	func_80039680	deref-store	u8	1	dest	dest	u8 * (local)	0x18		untyped				
src/main/28708.c	1283	func_80039680	deref-load	u8	1	a0	a0	u8 * (param)	0x62	Unk80101EC8Record	caller(1/1)	exact	unk_62		
src/main/28708.c	1284	func_80039680	deref-store	u8	1	dest	dest	u8 * (local)	0x19		untyped				
src/main/28708.c	1284	func_80039680	deref-load	u16	2	a0	a0	u8 * (param)	0x40	Unk80101EC8Record	caller(1/1)	sign	unk_40		
src/main/28708.c	1376	func_8003993C	addr	u8	1	D_800A36EC	D_800A36EC	s32 (tu-global)	computed		untyped	computed		fn	
src/main/28708.c	1377	func_8003993C	addr	u8	1	D_800A36EC	D_800A36EC	s32 (tu-global)	computed		untyped	computed		fn	
src/main/28708.c	1377	func_8003993C	addr	u8	1	D_800A36EC	D_800A36EC	s32 (tu-global)	computed		untyped	computed		fn	
src/main/28708.c	1378	func_8003993C	addr	u8	1	D_800A36EC	D_800A36EC	s32 (tu-global)	computed		untyped	computed		fn	
src/main/28708.c	1379	func_8003993C	addr	u8	1	D_800A36EC	D_800A36EC	s32 (tu-global)	computed		untyped	computed		fn	
src/main/28708.c	1379	func_8003993C	addr	u8	1	D_800A36EC	D_800A36EC	s32 (tu-global)	computed		untyped	computed		fn	
src/main/28708.c	1388	func_8003993C	addr	u8	1	D_800A36EC	D_800A36EC	s32 (tu-global)	computed		untyped	computed		fn	
src/main/28708.c	1390	func_8003993C	deref-load	s16	2	p	p	u8 * (local)	0xE		untyped			fn	
src/main/28708.c	1390	func_8003993C	deref-load	s16	2	p	p	u8 * (local)	0xE		untyped			fn	
src/main/28708.c	1391	func_8003993C	deref-load	s16	2	p	p	u8 * (local)	0x10		untyped			fn	
src/main/28708.c	1391	func_8003993C	deref-load	s16	2	p	p	u8 * (local)	0x10		untyped			fn	
src/main/28708.c	1393	func_8003993C	deref-load	s16	2	p	p	u8 * (local)	0x12		untyped			fn	
src/main/28708.c	1394	func_8003993C	deref-load	s16	2	p	p	u8 * (local)	0x4		untyped			fn	
src/main/28708.c	1395	func_8003993C	deref-load	s16	2	p	p	u8 * (local)	0x6		untyped			fn	
src/main/28708.c	1396	func_8003993C	deref-load	s16	2	p	p	u8 * (local)	0x8		untyped			fn	
src/main/28708.c	1398	func_8003993C	deref-load	u16	2	p	p	u8 * (local)	0xA		untyped			fn	
src/main/28708.c	1400	func_8003993C	deref-load	s16	2	p	p	u8 * (local)	0xC		untyped			fn	
src/main/28708.c	1401	func_8003993C	deref-load	u8	1	p	p	u8 * (local)	0x18		untyped			fn	
src/main/28708.c	1404	func_8003993C	deref-load	u8	1	p	p	u8 * (local)	0x18		untyped			fn	
src/main/28708.c	1407	func_8003993C	deref-load	u8	1	p	p	u8 * (local)	0x18		untyped			fn	
src/main/28708.c	1408	func_8003993C	deref-load	u8	1	p	p	u8 * (local)	0x18		untyped			fn	
src/main/28708.c	1410	func_8003993C	deref-load	u8	1	p	p	u8 * (local)	0x18		untyped			fn	
src/main/28708.c	1411	func_8003993C	deref-load	u8	1	p	p	u8 * (local)	0x18		untyped			fn	
src/main/28708.c	1422	func_8003993C	deref-load	u8	1	p	p	u8 * (local)	0x19		untyped			fn	
src/main/28708.c	1424	func_8003993C	deref-load	u8	1	p	p	u8 * (local)	0x17		untyped			fn	
src/main/28708.c	1425	func_8003993C	deref-load	u16	2	* ( s32 * ) p			0x4		unknown			fn	
src/main/28708.c	1425	func_8003993C	pun-load	s32	4	p	p	u8 * (local)	0x0		untyped			fn	
src/main/28708.c	1426	func_8003993C	addr	u8	1	D_80102768	D_80102768	s32 (header-global)	computed		untyped	computed		fn	
src/main/28708.c	1426	func_8003993C	deref-load	u16	2	entry	entry	s32 (local)	0x2		untyped			fn	
src/main/28708.c	1428	func_8003993C	deref-load	u8	1	p	p	u8 * (local)	0x17		untyped			fn	
src/main/28708.c	1429	func_8003993C	deref-load	u16	2	* ( s32 * ) p			0x4		unknown			fn	
src/main/28708.c	1429	func_8003993C	pun-load	s32	4	p	p	u8 * (local)	0x0		untyped			fn	
src/main/28708.c	1430	func_8003993C	addr	u8	1	D_801027B0 [ temp ] [ 2 ]	D_801027B0	s32[] (header-global)	computed		unknown	computed		fn	
src/main/28708.c	1430	func_8003993C	deref-load	u16	2	entry	entry	s32 (local)	0x2		untyped			fn	
src/main/28708.c	1432	func_8003993C	deref-load	u8	1	p	p	u8 * (local)	0x18		untyped			fn	
src/main/28708.c	1437	func_8003993C	deref-load	u16	2	p	p	u8 * (local)	0xA		untyped			fn	
src/main/28708.c	1443	func_8003993C	deref-load	s16	2	e	e	u8 * (local)	0x4		untyped			fn	
src/main/28708.c	1444	func_8003993C	deref-load	s16	2	e	e	u8 * (local)	0x6		untyped			fn	
src/main/28708.c	1445	func_8003993C	deref-load	s16	2	e	e	u8 * (local)	0x8		untyped			fn	
src/main/28708.c	1446	func_8003993C	deref-load	u16	2	e	e	u8 * (local)	0xA		untyped			fn	
src/main/28708.c	1447	func_8003993C	deref-load	u16	2	e	e	u8 * (local)	0xC		untyped			fn	
src/main/28708.c	1448	func_8003993C	deref-load	u16	2	e	e	u8 * (local)	0xE		untyped			fn	
src/main/28708.c	1466	func_8003993C	pun-load	s16	2	e	e	u8 * (local)	0x0		untyped			fn	
src/main/28708.c	1466	func_8003993C	pun-load	s16	2	e	e	u8 * (local)	0x0		untyped			fn	
src/main/28708.c	1467	func_8003993C	deref-load	s16	2	e	e	u8 * (local)	0x4		untyped			fn	
src/main/28708.c	1468	func_8003993C	deref-load	s16	2	e	e	u8 * (local)	0x6		untyped			fn	
src/main/28708.c	1469	func_8003993C	deref-load	s16	2	e	e	u8 * (local)	0x8		untyped			fn	
src/main/28708.c	1470	func_8003993C	deref-load	u16	2	e	e	u8 * (local)	0xA		untyped			fn	
src/main/28708.c	1471	func_8003993C	deref-load	u16	2	e	e	u8 * (local)	0xC		untyped			fn	
src/main/28708.c	1472	func_8003993C	deref-load	u16	2	e	e	u8 * (local)	0xE		untyped			fn	
src/main/28708.c	1754	func_8003A728	deref-load	s32	4	a0	a0	s32 (param)	0x8	PadState	caller(1/2)	sign	held	fn	
src/main/28708.c	1758	func_8003A728	pun-load	s16	2	a0	a0	s32 (param)	0x0	PadState	caller(1/2)	exact	type[0]	fn	
src/main/28708.c	1813	func_8003A728	deref-store	s32	4	a0	a0	s32 (param)	0x8	PadState	caller(1/2)	sign	held	fn	
src/main/28708.c	1815	func_8003A728	deref-store	s16	2	a0	a0	s32 (param)	0x2	PadState	caller(1/2)	exact	type[1]	fn	
src/main/28708.c	1818	func_8003A728	deref-store	s32	4	a0	a0	s32 (param)	0x8	PadState	caller(1/2)	sign	held	fn	
src/main/28708.c	1820	func_8003A728	pun-store	s16	2	a0	a0	s32 (param)	0x0	PadState	caller(1/2)	exact	type[0]	fn	
src/main/28708.c	1822	func_8003A728	deref-store	s16	2	a0	a0	s32 (param)	0x2	PadState	caller(1/2)	exact	type[1]	fn	
src/main/28708.c	1844	func_8003AA48	pun-store	s32	4	& buf [ 4 ]	buf	s16[] (local)	0x0		untyped				
src/main/2B344.c	278	func_8003AE5C	pun-load	u16	2	& D_800A36A4	D_800A36A4	s16 (header-global)	0x0		untyped				
src/main/2B344.c	311	func_8003AFFC	deref-load	s16	2	( u8 * ) D_80101EC8	D_80101EC8	Unk80101EC8Record[] (header-global)	0x12	Unk80101EC8Record	decl	computed	unk_12		
src/main/2B344.c	312	func_8003AFFC	deref-load	s16	2	( u8 * ) & D_80101EC8 [ 0 ] . unk_0A	D_80101EC8	Unk80101EC8Record[] (header-global)	computed		unknown	computed			
src/main/2B344.c	312	func_8003AFFC	deref-load	s16	2	( u8 * ) & D_80101EC8 [ 0 ] . unk_0E	D_80101EC8	Unk80101EC8Record[] (header-global)	computed		unknown	computed			
src/main/2B344.c	322	func_8003AFFC	addr	s16	2	( u8 * ) edcp	edcp	s16 * (local)	0x44C		untyped				
src/main/2B344.c	355	func_8003B20C	index-load	s32	4	& D_800900EC	D_800900EC	u8 (header-global)	computed		untyped	computed			
src/main/2B344.c	464	func_8003B5A4	pun-load	u8	1	ptr	ptr	s32 (local)	0x0		untyped				
src/main/2B344.c	719	func_8003B9D0	index-load	u8	1	D_800A3878	D_800A3878	s32 (header-global)	0x3		untyped				
src/main/2B344.c	736	func_8003B9D0	index-load	u8	1	D_800A3878	D_800A3878	s32 (header-global)	0x3		untyped				
src/main/2B344.c	737	func_8003B9D0	index-load	u8	1	D_800A3878	D_800A3878	s32 (header-global)	0x3		untyped				
src/main/2B344.c	746	func_8003B9D0	index-load	u8	1	D_800A3878	D_800A3878	s32 (header-global)	0x3		untyped				
src/main/2B344.c	754	func_8003B9D0	index-load	u8	1	D_800A3878	D_800A3878	s32 (header-global)	0x1		untyped				
src/main/2B344.c	755	func_8003B9D0	index-load	u8	1	D_800A3878	D_800A3878	s32 (header-global)	0x2		untyped				
src/main/2B344.c	984	func_8003C040	addr	s8	1	( ( s8 * ) ( & D_8008EA70 ) )	D_8008EA70	s8 (tu-global)	computed		untyped	computed			
src/main/2B344.c	1164	func_8003C714	ptradd	u8	1	s0	s0	s32 * (local)	computed		untyped	computed		fn	
src/main/2B344.c	1189	func_8003C714	ptradd	u8	1	s0	s0	s32 * (local)	0x2D		untyped			fn	
src/main/2B344.c	1189	func_8003C714	pun-load	u16	2	buf	buf	u8[] (local)	0x0		untyped			fn	
src/main/2B344.c	1190	func_8003C714	ptradd	u8	1	s0	s0	s32 * (local)	0x2E		untyped			fn	
src/main/2B344.c	1191	func_8003C714	ptradd	u8	1	s0	s0	s32 * (local)	0x2F		untyped			fn	
src/main/2B344.c	1192	func_8003C714	ptradd	u8	1	s0	s0	s32 * (local)	0x30		untyped			fn	
src/main/2B344.c	1301	func_8003CD10	addr	s16	2	( u8 * ) a0	a0	s32 * (local)	0x10	Rec44	assign(5950/2)	addr-of	h10		
src/main/2B344.c	1479	func_8003D330	addr	OTag	4	( u8 * ) & D_800A3D30	D_800A3D30	u32 (tu-global)	computed		untyped	computed			
src/main/2B344.c	1481	func_8003D330	index-store	u8	1	p	p	OTag * (local)	0x3	OTag	decl	hole			
src/main/2B344.c	1482	func_8003D330	ptradd	u32	4	p	p	OTag * (local)	0x4	OTag	decl	beyond	+0x4>=0x4		
src/main/2B344.c	1503	func_8003D39C	index-store	u8	1	p	p	Sprt8Prim * (local)	0x3	Sprt8Prim	decl	inside	tag		
src/main/2B344.c	1510	func_8003D39C	pun-store	u32	4	& p -> r0	p	Sprt8Prim * (local)	0x0		unknown				
src/main/2B344.c	1512	func_8003D39C	struct-cast	OTag->addr		p	p	Sprt8Prim * (local)	0x0	Sprt8Prim	decl	other-struct:OTag			
src/main/2B344.c	1608	func_8003D774	addr	s32	4	( u8 * ) & D_800A3D40	D_800A3D40	s32 (header-global)	computed		untyped	computed			
src/main/2B344.c	1612	func_8003D774	deref-store	s16	2	( u8 * ) ptr	ptr	s32 * (local)	0x16		untyped				
src/main/2B344.c	1613	func_8003D774	deref-store	s16	2	( u8 * ) ptr	ptr	s32 * (local)	0x14		untyped				
src/main/2B344.c	1614	func_8003D774	deref-store	s16	2	( u8 * ) ptr	ptr	s32 * (local)	0x12		untyped				
src/main/2B344.c	1615	func_8003D774	deref-store	s16	2	( u8 * ) ptr	ptr	s32 * (local)	0x10		untyped				
src/main/2B344.c	1616	func_8003D774	deref-store	s16	2	( u8 * ) ptr	ptr	s32 * (local)	0xE		untyped				
src/main/2B344.c	1617	func_8003D774	deref-store	s16	2	( u8 * ) ptr	ptr	s32 * (local)	0xC		untyped				
src/main/2B344.c	1622	func_8003D7B4	ptradd	u8	1	& D_800A3D40	D_800A3D40	s32 (header-global)	computed		untyped	computed			
src/main/2B344.c	1640	func_8003D7B4	deref-store	u16	2	p	p	u8 * (local)	0xC		untyped				
src/main/2B344.c	1640	func_8003D7B4	deref-load	u16	2	p	p	u8 * (local)	0xC		untyped				
src/main/2B344.c	1643	func_8003D7B4	addr	s16	2	base	base	u8 * (local)	0xC		untyped				
src/main/2B344.c	1678	bitstream_ReadBits	pun-load	u32	4	p	p	u32 (local)	0x0		untyped			fn	
src/main/2B344.c	1777	func_8003DA8C	deref-load	s16	2	( u8 * ) D_800906A4	D_800906A4	s16[] (header-global)	0x2		untyped	computed		fn	y
src/main/2B344.c	1778	func_8003DA8C	deref-load	s16	2	( u8 * ) D_800906A4	D_800906A4	s16[] (header-global)	0x2		untyped	computed		fn	y
src/main/2B344.c	1826	func_8003DBE4	struct-cast	OTag->addr		pkt	pkt	DR_MOVE * (local)	0x0	DR_MOVE	decl	other-struct:OTag		site	
src/main/2B344.c	1826	func_8003DBE4	struct-cast	OTag->addr		& D_800A378C [ idx ]	D_800A378C	u32 * (header-global)	0x0		untyped			site	
src/main/2B344.c	1827	func_8003DBE4	struct-cast	OTag->addr		& D_800A378C [ idx ]	D_800A378C	u32 * (header-global)	0x0		untyped			fn	
src/main/2B344.c	1841	func_8003DBE4	struct-cast	OTag->addr		pkt	pkt	DR_MOVE * (local)	0x0	DR_MOVE	decl	other-struct:OTag		fn	
src/main/2B344.c	1841	func_8003DBE4	struct-cast	OTag->addr		& D_800A378C [ 0xFFB ]	D_800A378C	u32 * (header-global)	0x0		untyped			fn	
src/main/2B344.c	1842	func_8003DBE4	struct-cast	OTag->addr		& D_800A378C [ 0xFFB ]	D_800A378C	u32 * (header-global)	0x0		untyped			fn	
src/main/2B344.c	1877	func_8003DE14	index-store	u16	2	rect	rect	s16 * (param)	0x2		untyped			fn	
src/main/2B344.c	1877	func_8003DE14	index-load	u16	2	rect	rect	s16 * (param)	0x6		untyped			fn	
src/main/2B344.c	1880	func_8003DE14	index-load	u16	2	rect	rect	s16 * (param)	0x6		untyped			fn	
src/main/2B344.c	1979	func_8003DE14	index-load	u16	2	rect	rect	s16 * (param)	0x2		untyped			fn	
src/main/2B344.c	1979	func_8003DE14	index-load	u16	2	rect	rect	s16 * (param)	0x6		untyped			fn	
src/main/2B344.c	1980	func_8003DE14	index-store	u16	2	rect	rect	s16 * (param)	0x2		untyped			fn	
src/main/2B344.c	1983	func_8003DE14	index-store	u16	2	rect	rect	s16 * (param)	0x0		untyped			fn	
src/main/2B344.c	1983	func_8003DE14	index-load	u16	2	rect	rect	s16 * (param)	0x4		untyped			fn	
src/main/2B344.c	2037	func_8003E164	deref-load	s16	2	( u8 * ) s0	s0	s32 * (local)	0x14		untyped				
src/main/2B344.c	2039	func_8003E164	deref-load	s16	2	( u8 * ) s0	s0	s32 * (local)	0x14		untyped				
src/main/2B344.c	2053	func_8003E22C	deref-load	s16	2	( u8 * ) v1	v1	s32 * (local)	0x14		untyped				
src/main/2B344.c	2055	func_8003E22C	deref-load	s16	2	( u8 * ) v1	v1	s32 * (local)	0x14		untyped				
src/main/2B344.c	2402	func_8003E6D8	pun-store	s32	4	D_800A3820	D_800A3820	s32 (header-global)	0x0		untyped			fn	
src/main/2B344.c	2403	func_8003E6D8	pun-load	Unk800A6690Rec *	4	D_800A3820	D_800A3820	s32 (header-global)	0x0		untyped			fn	
src/main/2B344.c	2771	func_8003F62C	deref-load	s16	2	( u8 * ) s1	s1	s32 * (local)	0x4		untyped				
src/main/2B344.c	2778	func_8003F62C	addr	s32	4	( u8 * ) s0	s0	s16 * (local)	0x418		untyped				
src/main/2B344.c	2798	func_8003F6D8	addr	Func8003F6D8Inner	180	( u8 * ) arg0	arg0	s16 * (param)	0x1C		untyped	computed			
src/main/2B344.c	2847	func_8003F824	deref-load	Scene *	4	arg0	arg0	u8 * (param)	0x24		untyped				
src/main/2B344.c	2849	func_8003F824	deref-load	s16 *	4	arg0	arg0	u8 * (param)	0x28		untyped				
src/main/2B344.c	2852	func_8003F824	deref-store	Scene *	4	arg0	arg0	u8 * (param)	0x24		untyped				
src/main/2B344.c	2866	func_8003F824	index-load	u8 *	4	arg0	arg0	u8 * (param)	0x1A34		untyped	computed			
src/main/2B344.c	2888	func_8003F824	deref-load	s16	2	arg0	arg0	u8 * (param)	0x4		untyped				
src/main/2B344.c	2888	func_8003F824	deref-load	u8 *	4	arg0	arg0	u8 * (param)	0x1C		untyped				
src/main/2B344.c	2923	func_8003FA24	deref-load	s16	2	obj	obj	u8 * (local)	0x4		untyped			fn	
src/main/2B344.c	2923	func_8003FA24	deref-load	s16	2	obj	obj	u8 * (local)	0x2		untyped			fn	
src/main/2B344.c	2964	func_8003FA24	pun-store	s16	2	src	src	u16 * (local)	0x0		untyped			fn	
src/main/2B344.c	2964	func_8003FA24	pun-store	s16	2	src	src	u16 * (local)	0x0		untyped			fn	
src/main/2B344.c	3012	func_8003FA24	pun-store	s16	2	rec	rec	SceneRec * (param)	0x0	SceneRec	decl	size	unk0	fn	
src/main/2B344.c	3013	func_8003FA24	deref-store	u8 *	4	obj	obj	u8 * (local)	0x60		untyped			fn	
src/main/2B344.c	3017	func_8003FA24	deref-store	u16	2	( u8 * ) rec	rec	SceneRec * (param)	0x4	SceneRec	decl	size	quad.v[0]	fn	
src/main/2B344.c	3017	func_8003FA24	pun-load	u16	2	rec	rec	SceneRec * (param)	0x0	SceneRec	decl	size	unk0	fn	
src/main/2B344.c	3018	func_8003FA24	deref-store	u8 *	4	( u8 * ) rec	rec	SceneRec * (param)	0x8	SceneRec	decl	sign	quad.v[1]	fn	
src/main/2B344.c	3019	func_8003FA24	deref-store	u8 *	4	( u8 * ) rec	rec	SceneRec * (param)	0xC	SceneRec	decl	sign	quad.v[2]	fn	
src/main/2B344.c	3019	func_8003FA24	deref-load	u8 *	4	obj	obj	u8 * (local)	0x60		untyped			fn	
src/main/2B344.c	3020	func_8003FA24	deref-store	void *	4	( u8 * ) rec	rec	SceneRec * (param)	0x10	SceneRec	decl	sign	quad.v[3]	fn	
src/main/2B344.c	3020	func_8003FA24	ptradd	u8	1	rec	rec	SceneRec * (param)	0x2C	SceneRec	decl	addr-of	inner.objs[3]	fn	
src/main/2B344.c	3021	func_8003FA24	ptradd	u8	1	rec	rec	SceneRec * (param)	0x6	SceneRec	decl	inside	quad.v[0]	fn	
src/main/2B344.c	3022	func_8003FA24	ptradd	u8	1	rec	rec	SceneRec * (param)	0x7	SceneRec	decl	inside	quad.v[0]	fn	
src/main/2B344.c	3032	func_8003FE40	deref-store	s16	2	( u8 * ) p	p	s16 * (local)	0x6		untyped				
src/main/2B344.c	3033	func_8003FE40	addr	s16	2	( u8 * ) p	p	s16 * (local)	0x8		untyped				
src/main/2B344.c	3053	func_8003FE40	deref-store	s16	2	addr	addr	s32 (local)	0x6		untyped				
src/main/2B344.c	3072	func_8003FECC	addr	s32	4	( ( u8 * ) a1 )	a1	s32 * (param)	0x1C	SceneRec	caller(1/1)	addr-of	inner.count	fn	
src/main/2B344.c	3075	func_8003FECC	addr	s32	4	( ( u8 * ) a1 )	a1	s32 * (param)	0x1C	SceneRec	caller(1/1)	addr-of	inner.count	fn	
src/main/2B344.c	3081	func_8003FECC	addr	s32	4	( t2 * 0x10 )	t2	s32 (local)	computed		unknown	computed		fn	
src/main/2B344.c	3082	func_8003FECC	addr	s32	4	( t2 * 4 )	t2	s32 (local)	computed		unknown	computed		fn	
src/main/2B344.c	3095	func_8003FECC	addr	u16	2	( ( u8 * ) a3 )	a3	s32 * (local)	0x84		untyped			fn	
src/main/2B344.c	3097	func_8003FECC	addr	u16	2	( ( u8 * ) a3 )	a3	s32 * (local)	0x86		untyped			fn	
src/main/2B344.c	3098	func_8003FECC	addr	u16	2	( ( u8 * ) a3 )	a3	s32 * (local)	0x88		untyped			fn	
src/main/2B344.c	3099	func_8003FECC	addr	u16	2	( ( u8 * ) a3 )	a3	s32 * (local)	0x8C		untyped			fn	
src/main/2B344.c	3101	func_8003FECC	addr	u16	2	( ( u8 * ) a3 )	a3	s32 * (local)	0x8E		untyped			fn	
src/main/2B344.c	3107	func_8003FECC	addr	s32	4	( ( u8 * ) a3 )	a3	s32 * (local)	0x8		untyped			site	
src/main/2B344.c	3108	func_8003FECC	addr	s32	4	( ( u8 * ) a3 )	a3	s32 * (local)	0x8		untyped			site	
src/main/2B344.c	3109	func_8003FECC	addr	s32	4	( ( u8 * ) t1 )	t1	s32 * (local)	0x78		untyped			fn	
src/main/2B344.c	3115	func_8003FECC	addr	s32	4	( ( u8 * ) t1 )	t1	s32 * (local)	0x2		untyped			site	
src/main/2B344.c	3116	func_8003FECC	addr	s32	4	( ( u8 * ) t1 )	t1	s32 * (local)	0x2		untyped			site	
src/main/2B344.c	3151	func_8004001C	pun-load	s16	2	a0	a0	u8 * (param)	0x0		untyped				
src/main/2B344.c	3158	func_80040068	pun-load	s16	2	a0	a0	u8 * (param)	0x0		untyped				
src/main/2B344.c	3168	func_800400B0	deref-store	s32	4	( u8 * ) v1	v1	s16 * (local)	0x34		untyped	computed			
src/main/2B344.c	3186	func_800400F8	addr	s16	2	( s32 ) s1	s1	s16 * (local)	0xD0		untyped				
src/main/2B344.c	3203	func_8004019C	addr	s32	4	( s32 ) v1	v1	s32 * (local)	computed		untyped	computed			
src/main/2B344.c	3206	func_8004019C	deref-store	s16	2	( s32 ) v1	v1	s32 * (local)	0x6		untyped				
src/main/309CC.c	111	func_80040304	deref-load	s16	2	ptr	ptr	s32 (local)	0x8		untyped				
src/main/309CC.c	130	func_80040400	addr	s16	2	( u8 * ) a1	a1	s16 * (param)	0x68		untyped				
src/main/309CC.c	133	func_80040400	addr	s16	2	( u8 * ) a1	a1	s16 * (param)	0x68		untyped				
src/main/309CC.c	135	func_80040400	addr	s16	2	( u8 * ) a1	a1	s16 * (param)	-0x68		untyped				
src/main/309CC.c	140	func_80040400	pun-store	u8	1	a1	a1	s16 * (param)	0x0		untyped				
src/main/309CC.c	141	func_80040400	deref-store	u8	1	( u8 * ) a1	a1	s16 * (param)	0x1		untyped				
src/main/309CC.c	142	func_80040400	deref-store	s32	4	( u8 * ) a1	a1	s16 * (param)	0xC		untyped				
src/main/309CC.c	147	func_80040400	deref-store	s32	4	( u8 * ) a1	a1	s16 * (param)	0x58		untyped				
src/main/309CC.c	148	func_80040400	deref-store	s16	2	( u8 * ) a1	a1	s16 * (param)	0x6A		untyped				
src/main/309CC.c	152	func_8004046C	deref-load	s32	4	( u8 * ) base	base	s32 * (local)	0x1A34		untyped	computed			
src/main/309CC.c	159	func_800404A0	deref-store	s32	4	( u8 * ) a0	a0	s16 * (param)	0x58		untyped				
src/main/309CC.c	160	func_800404A0	addr	s16	2	( u8 * ) a0	a0	s16 * (param)	0x68		untyped				
src/main/309CC.c	196	func_80040594	index-load	s16	2	a0	a0	s32 * (param)	0x6		untyped				
src/main/309CC.c	200	func_80040594	index-store	s16	2	a0	a0	s32 * (param)	0x6		untyped				
src/main/309CC.c	209	func_80040594	addr	s32	4	( s32 ) rmd	rmd	s32 * (local)	computed		untyped	computed			
src/main/309CC.c	212	func_80040594	index-load	s16	2	a0	a0	s32 * (param)	0x4		untyped				
src/main/309CC.c	215	func_80040594	index-load	s16	2	a0	a0	s32 * (param)	0x4		untyped				
src/main/309CC.c	224	func_80040594	addr	s32	4	( s32 ) rmd	rmd	s32 * (local)	computed		untyped	computed			
src/main/309CC.c	225	func_80040594	index-load	s16	2	a0	a0	s32 * (param)	0x4		untyped				
src/main/309CC.c	226	func_80040594	addr	s32	4	( s32 ) ptr	ptr	s32 * (local)	computed		untyped	computed			
src/main/309CC.c	226	func_80040594	addr	s32	4	( s32 ) rmd	rmd	s32 * (local)	computed		untyped	computed			
src/main/309CC.c	246	func_80040594	index-load	s16	2	a0	a0	s32 * (param)	0x4		untyped				
src/main/309CC.c	251	func_80040594	addr	s32	4	( s32 ) rmd	rmd	s32 * (local)	computed		untyped	computed			
src/main/309CC.c	254	func_80040594	addr	s32	4	( s32 ) rmd	rmd	s32 * (local)	computed		untyped	computed			
src/main/309CC.c	256	func_80040594	index-load	s16	2	a0	a0	s32 * (param)	0x14		untyped				
src/main/309CC.c	257	func_80040594	index-load	s16	2	a0	a0	s32 * (param)	0x16		untyped				
src/main/309CC.c	261	func_80040594	index-load	s16	2	a0	a0	s32 * (param)	0x4		untyped				
src/main/309CC.c	268	func_80040594	index-load	s16	2	a0	a0	s32 * (param)	0x14		untyped				
src/main/309CC.c	275	func_80040594	index-load	s16	2	a0	a0	s32 * (param)	0x14		untyped				
src/main/309CC.c	280	func_80040594	index-load	s16	2	a0	a0	s32 * (param)	0x14		untyped				
src/main/309CC.c	288	func_80040594	index-load	s16	2	a0	a0	s32 * (param)	0x4		untyped				
src/main/309CC.c	288	func_80040594	index-load	s16	2	a0	a0	s32 * (param)	0x8		untyped				
src/main/309CC.c	288	func_80040594	index-load	s16	2	a0	a0	s32 * (param)	0x4		untyped				
src/main/309CC.c	292	func_80040594	index-load	s16	2	a0	a0	s32 * (param)	0x4		untyped				
src/main/309CC.c	294	func_80040594	index-load	s16	2	a0	a0	s32 * (param)	0x4		untyped				
src/main/309CC.c	299	func_80040594	index-load	s16	2	a0	a0	s32 * (param)	0x4		untyped				
src/main/309CC.c	319	func_800408F8	deref-load	s16	2	( u8 * ) a0	a0	s32 * (param)	0x8		untyped				
src/main/309CC.c	321	func_800408F8	deref-store	u16	2	( u8 * ) a0	a0	s32 * (param)	0x12		untyped				
src/main/309CC.c	323	func_800408F8	deref-store	u16	2	( u8 * ) a0	a0	s32 * (param)	0x12		untyped				
src/main/309CC.c	327	func_800408F8	ptradd	u8	1	a0	a0	s32 * (param)	0x2C		untyped				
src/main/309CC.c	337	func_800408F8	deref-store	s16	2	p	p	u8 * (local)	0x8		untyped				
src/main/309CC.c	338	func_800408F8	deref-store	s16	2	p	p	u8 * (local)	0x2		untyped				
src/main/309CC.c	339	func_800408F8	deref-load	s16	2	( u8 * ) D_80094B96	D_80094B96	s16[] (tu-global)	computed		untyped	computed			
src/main/309CC.c	341	func_800408F8	deref-store	s32	4	p	p	u8 * (local)	0xC		untyped				
src/main/309CC.c	343	func_800408F8	deref-store	s32	4	p	p	u8 * (local)	0xC		untyped				
src/main/309CC.c	345	func_800408F8	deref-store	s32	4	p	p	u8 * (local)	0x4C		untyped				
src/main/309CC.c	345	func_800408F8	addr	s16	2	( u8 * ) D_80094B98	D_80094B98	s16[] (tu-global)	computed		untyped	computed			
src/main/309CC.c	345	func_800408F8	addr	u16	2	( u8 * ) a0	a0	s32 * (param)	0x12		untyped				
src/main/309CC.c	346	func_800408F8	deref-store	s32	4	p	p	u8 * (local)	0x50		untyped				
src/main/309CC.c	346	func_800408F8	addr	s16	2	( u8 * ) D_80094B9A	D_80094B9A	s16[] (tu-global)	computed		untyped	computed			
src/main/309CC.c	346	func_800408F8	addr	u16	2	( u8 * ) a0	a0	s32 * (param)	0x12		untyped				
src/main/309CC.c	347	func_800408F8	addr	s16	2	( u8 * ) D_80094B9C	D_80094B9C	s16[] (tu-global)	computed		untyped	computed			
src/main/309CC.c	347	func_800408F8	addr	u16	2	( u8 * ) a0	a0	s32 * (param)	0x12		untyped				
src/main/309CC.c	348	func_800408F8	deref-store	s16	2	p	p	u8 * (local)	0x10		untyped				
src/main/309CC.c	349	func_800408F8	deref-store	s16	2	p	p	u8 * (local)	0x12		untyped				
src/main/309CC.c	350	func_800408F8	deref-store	s16	2	p	p	u8 * (local)	0x14		untyped				
src/main/309CC.c	351	func_800408F8	deref-store	s16	2	p	p	u8 * (local)	0x6		untyped				
src/main/309CC.c	352	func_800408F8	deref-store	s32	4	p	p	u8 * (local)	0x54		untyped				
src/main/309CC.c	353	func_800408F8	deref-store	u16	2	p	p	u8 * (local)	0xA		untyped				
src/main/309CC.c	353	func_800408F8	deref-load	u16	2	( u8 * ) a0	a0	s32 * (param)	0x10		untyped				
src/main/309CC.c	354	func_800408F8	deref-store	u16	2	p	p	u8 * (local)	0x4		untyped				
src/main/309CC.c	354	func_800408F8	deref-load	u16	2	( u8 * ) a0	a0	s32 * (param)	0x14		untyped				
src/main/309CC.c	370	func_80040A78	deref-store	s32	4	arg0	arg0	s32 (param)	0x18F4		untyped				
src/main/309CC.c	371	func_80040A78	deref-store	s32	4	arg0	arg0	s32 (param)	0x18F8		untyped				
src/main/309CC.c	372	func_80040A78	deref-store	s32	4	arg0	arg0	s32 (param)	0x18FC		untyped				
src/main/309CC.c	373	func_80040A78	deref-store	s32	4	arg0	arg0	s32 (param)	0x1900		untyped				
src/main/309CC.c	374	func_80040A78	deref-store	s32	4	arg0	arg0	s32 (param)	0x1904		untyped				
src/main/309CC.c	375	func_80040A78	deref-store	s32	4	arg0	arg0	s32 (param)	0x1908		untyped				
src/main/309CC.c	376	func_80040A78	deref-store	s32	4	arg0	arg0	s32 (param)	0x190C		untyped				
src/main/309CC.c	377	func_80040A78	deref-store	s32	4	arg0	arg0	s32 (param)	0x1910		untyped				
src/main/309CC.c	378	func_80040A78	deref-store	s32	4	arg0	arg0	s32 (param)	0x1914		untyped				
src/main/309CC.c	379	func_80040A78	deref-store	s32	4	arg0	arg0	s32 (param)	0x1918		untyped				
src/main/309CC.c	380	func_80040A78	deref-store	s32	4	arg0	arg0	s32 (param)	0x191C		untyped				
src/main/309CC.c	381	func_80040A78	deref-store	s32	4	arg0	arg0	s32 (param)	0x1920		untyped				
src/main/309CC.c	382	func_80040A78	deref-store	s32	4	arg0	arg0	s32 (param)	0x1924		untyped				
src/main/309CC.c	383	func_80040A78	deref-store	s32	4	arg0	arg0	s32 (param)	0x1928		untyped				
src/main/309CC.c	384	func_80040A78	deref-store	s32	4	arg0	arg0	s32 (param)	0x192C		untyped				
src/main/309CC.c	385	func_80040A78	deref-store	s32	4	arg0	arg0	s32 (param)	0x1930		untyped				
src/main/309CC.c	386	func_80040A78	deref-store	s32	4	arg0	arg0	s32 (param)	0x1934		untyped				
src/main/309CC.c	387	func_80040A78	deref-store	s32	4	arg0	arg0	s32 (param)	0x1938		untyped				
src/main/309CC.c	388	func_80040A78	deref-store	s32	4	arg0	arg0	s32 (param)	0x193C		untyped				
src/main/309CC.c	389	func_80040A78	deref-store	s32	4	arg0	arg0	s32 (param)	0x1940		untyped				
src/main/309CC.c	391	func_80040A78	deref-store	s32	4	arg0	arg0	s32 (param)	0x1994		untyped				
src/main/309CC.c	407	func_80040B44	addr	s32	4	( u8 * ) arg0	arg0	s32 * (param)	0x10D4		untyped				
src/main/309CC.c	408	func_80040B44	addr	s32	4	( u8 * ) arg0	arg0	s32 * (param)	0x94		untyped				
src/main/309CC.c	409	func_80040B44	deref-load	s32 *	4	( u8 * ) arg0	arg0	s32 * (param)	0x1C		untyped				
src/main/309CC.c	410	func_80040B44	addr	s32	4	( u8 * ) v1	v1	s32 * (local)	computed		untyped	computed			
src/main/309CC.c	410	func_80040B44	deref-load	s32	4	( u8 * ) v1	v1	s32 * (local)	0x8		untyped				
src/main/309CC.c	425	func_80040B44	addr	s32	4	( u8 * ) arg0	arg0	s32 * (param)	0x4C		untyped				
src/main/309CC.c	427	func_80040B44	deref-store	s32	4	( u8 * ) p2	p2	s32 * (local)	0x1A34		untyped				
src/main/309CC.c	429	func_80040B44	addr	s32	4	( u8 * ) p2	p2	s32 * (local)	-0x4		untyped				
src/main/309CC.c	433	func_80040B44	pun-load	u16	2	t3	t3	s32 * (local)	0x0		untyped				
src/main/309CC.c	442	func_80040B44	addr	s32	4	( u8 * ) t3	t3	s32 * (local)	0x2		untyped				
src/main/309CC.c	443	func_80040B44	pun-load	u16	2	t3	t3	s32 * (local)	0x0		untyped				
src/main/309CC.c	444	func_80040B44	addr	s32	4	( u8 * ) t3	t3	s32 * (local)	0x2		untyped				
src/main/309CC.c	445	func_80040B44	addr	s32	4	a3 * 4	a3	s32 (local)	computed		unknown	computed			
src/main/309CC.c	449	func_80040B44	addr	s32	4	a3 * 0x68	a3	s32 (local)	computed		unknown	computed			
src/main/309CC.c	450	func_80040B44	deref-store	s16	2	( u8 * ) slot	slot	s32 * (local)	0x2		untyped				
src/main/309CC.c	452	func_80040B44	deref-store	s32	4	( t2 << 2 )	t2	s32 (local)	0x1A34		unknown	computed			
src/main/309CC.c	455	func_80040B44	addr	s32	4	a3 * 0x68	a3	s32 (local)	computed		unknown	computed			
src/main/309CC.c	456	func_80040B44	addr	s32	4	( u8 * ) a2	a2	s32 * (local)	0x60		untyped				
src/main/309CC.c	459	func_80040B44	pun-store	Copy16	16	t0	t0	s32 * (local)	0x0		untyped				
src/main/309CC.c	459	func_80040B44	pun-load	Copy16	16	a2	a2	s32 * (local)	0x0		untyped				
src/main/309CC.c	460	func_80040B44	addr	s32	4	( u8 * ) a2	a2	s32 * (local)	0x10		untyped				
src/main/309CC.c	461	func_80040B44	addr	s32	4	( u8 * ) t0	t0	s32 * (local)	0x10		untyped				
src/main/309CC.c	464	func_80040B44	pun-store	Copy8	8	t0	t0	s32 * (local)	0x0		untyped				
src/main/309CC.c	464	func_80040B44	pun-load	Copy8	8	a2	a2	s32 * (local)	0x0		untyped				
src/main/309CC.c	466	func_80040B44	deref-store	s16	2	( u8 * ) t5	t5	s32 * (local)	0x2		untyped				
src/main/309CC.c	467	func_80040B44	deref-store	s32	4	( u8 * ) t5	t5	s32 * (local)	0x58		untyped				
src/main/309CC.c	467	func_80040B44	ptradd	u8	1	t7	t7	s32 * (local)	computed		untyped	computed			
src/main/309CC.c	468	func_80040B44	deref-store	s32	4	( t2 << 2 )	t2	s32 (local)	0x1A34		unknown	computed			
src/main/309CC.c	469	func_80040B44	addr	s32	4	( u8 * ) t5	t5	s32 * (local)	0x68		untyped				
src/main/309CC.c	472	func_80040B44	pun-load	u16	2	t3	t3	s32 * (local)	0x0		untyped				
src/main/309CC.c	476	func_80040B44	deref-store	s32	4	( u8 * ) t5	t5	s32 * (local)	0x58		untyped				
src/main/309CC.c	481	func_80040CB8	ptradd	s8	1	arg0	arg0	void * (param)	0x8B4		untyped			fn	
src/main/309CC.c	520	func_80040CB8	deref-store	s16	2	ent	ent	s32 (local)	-0x56		untyped			fn	
src/main/309CC.c	522	func_80040CB8	deref-store	s8	1	ent	ent	s32 (local)	-0x57		untyped			fn	
src/main/309CC.c	523	func_80040CB8	deref-store	s16	2	ent	ent	s32 (local)	-0x50		untyped			fn	
src/main/309CC.c	524	func_80040CB8	deref-store	s32	4	ent	ent	s32 (local)	-0x4C		untyped			fn	
src/main/309CC.c	525	func_80040CB8	deref-store	s16	2	ent	ent	s32 (local)	-0x52		untyped			fn	
src/main/309CC.c	526	func_80040CB8	deref-store	s16	2	ent	ent	s32 (local)	-0x4E		untyped			fn	
src/main/309CC.c	528	func_80040CB8	deref-load	u16	2	( s32 ) arg0	arg0	void * (param)	0x16		untyped			fn	
src/main/309CC.c	530	func_80040CB8	pun-store	s32	4	ent	ent	s32 (local)	0x0		untyped			fn	
src/main/309CC.c	531	func_80040CB8	deref-store	s16	2	ent	ent	s32 (local)	-0x54		untyped			fn	
src/main/309CC.c	537	func_80040CB8	addr	s16	2	( s32 ) tbl	tbl	s16 * (local)	0xA		untyped			fn	
src/main/309CC.c	540	func_80040CB8	deref-store	s16	2	( s32 ) slot	slot	s8 * (local)	0x2		untyped			fn	
src/main/31548.c	33	func_80040D48	deref-store	s16	2	s4	s4	u8 * (local)	0x3C		untyped			site	
src/main/31548.c	34	func_80040D48	deref-store	s16	2	s4	s4	u8 * (local)	0x3E		untyped			fn	
src/main/31548.c	35	func_80040D48	deref-store	s16	2	s4	s4	u8 * (local)	0x40		untyped			fn	
src/main/31548.c	37	func_80040D48	deref-store	s32	4	s4	s4	u8 * (local)	0x78		untyped			fn	
src/main/31548.c	41	func_80040D48	deref-store	s32	4	s4	s4	u8 * (local)	0x7C		untyped			site	
src/main/31548.c	43	func_80040D48	deref-store	s32	4	s4	s4	u8 * (local)	0x80		untyped			fn	
src/main/31548.c	58	func_80040D48	deref-store	s32	4	s3	s3	u8 * (local)	0x4C		untyped			site	
src/main/31548.c	59	func_80040D48	deref-store	s32	4	s3	s3	u8 * (local)	0x50		untyped			fn	
src/main/31548.c	60	func_80040D48	deref-store	s32	4	s3	s3	u8 * (local)	0x54		untyped			fn	
src/main/31548.c	61	func_80040D48	deref-store	s16	2	s3	s3	u8 * (local)	0x10		untyped			fn	
src/main/31548.c	62	func_80040D48	deref-store	s16	2	s3	s3	u8 * (local)	0x12		untyped			fn	
src/main/31548.c	63	func_80040D48	deref-store	s16	2	s3	s3	u8 * (local)	0x14		untyped			fn	
src/main/31548.c	70	func_80040D48	deref-store	s16	2	a4p	a4p	u8 * (local)	0x10		untyped			fn	
src/main/31548.c	70	func_80040D48	deref-load	u16	2	( u8 * ) s1	s1	s16 * (local)	computed		untyped	computed		fn	
src/main/31548.c	72	func_80040D48	deref-store	s16	2	a4p	a4p	u8 * (local)	0x12		untyped			fn	
src/main/31548.c	72	func_80040D48	addr	u16	2	( u8 * ) s1	s1	s16 * (local)	0x2		untyped	computed		fn	
src/main/31548.c	74	func_80040D48	deref-store	s16	2	a4p	a4p	u8 * (local)	0x14		untyped			fn	
src/main/31548.c	74	func_80040D48	addr	u16	2	( u8 * ) s1	s1	s16 * (local)	0x4		untyped	computed		fn	
src/main/31548.c	82	func_80040D48	deref-store	s16	2	p	p	u8 * (local)	0x6		untyped			fn	
src/main/31548.c	87	func_80040D48	deref-store	s32	4	s2	s2	u8 * (local)	0x4C		untyped			fn	
src/main/31548.c	87	func_80040D48	deref-load	s16	2	( u8 * ) s1	s1	s16 * (local)	0x6C		untyped			fn	
src/main/31548.c	88	func_80040D48	deref-store	s32	4	s2	s2	u8 * (local)	0x50		untyped			fn	
src/main/31548.c	88	func_80040D48	addr	s16	2	( u8 * ) s1	s1	s16 * (local)	0x6E		untyped			fn	
src/main/31548.c	89	func_80040D48	deref-store	s32	4	s2	s2	u8 * (local)	0x54		untyped			fn	
src/main/31548.c	89	func_80040D48	addr	s16	2	( u8 * ) s1	s1	s16 * (local)	0x70		untyped			fn	
src/main/31548.c	90	func_80040D48	deref-store	s16	2	s2	s2	u8 * (local)	0x10		untyped			fn	
src/main/31548.c	90	func_80040D48	deref-load	u16	2	( u8 * ) s1	s1	s16 * (local)	0x72		untyped			fn	
src/main/31548.c	91	func_80040D48	deref-store	s16	2	s2	s2	u8 * (local)	0x12		untyped			fn	
src/main/31548.c	91	func_80040D48	addr	u16	2	( u8 * ) s1	s1	s16 * (local)	0x74		untyped			fn	
src/main/31548.c	92	func_80040D48	deref-store	s16	2	s2	s2	u8 * (local)	0x14		untyped			fn	
src/main/31548.c	92	func_80040D48	addr	u16	2	( u8 * ) s1	s1	s16 * (local)	0x76		untyped			fn	
src/main/31548.c	94	func_80040D48	addr	Unk80101DF0Rot	8	s2	s2	u8 * (local)	0x10		untyped			fn	
src/main/31548.c	94	func_80040D48	addr	Unk80101DF0Mat	32	s2	s2	u8 * (local)	0x38		untyped			fn	
src/main/31548.c	96	func_80040D48	deref-store	s32	4	s2	s2	u8 * (local)	0xB4		untyped			fn	
src/main/31548.c	96	func_80040D48	deref-load	s16	2	( u8 * ) s1	s1	s16 * (local)	0x78		untyped			fn	
src/main/31548.c	97	func_80040D48	deref-store	s32	4	s2	s2	u8 * (local)	0xB8		untyped			fn	
src/main/31548.c	97	func_80040D48	addr	s16	2	( u8 * ) s1	s1	s16 * (local)	0x7A		untyped			fn	
src/main/31548.c	98	func_80040D48	deref-store	s32	4	s2	s2	u8 * (local)	0xBC		untyped			fn	
src/main/31548.c	98	func_80040D48	addr	s16	2	( u8 * ) s1	s1	s16 * (local)	0x7C		untyped			fn	
src/main/31548.c	99	func_80040D48	deref-store	s16	2	s2	s2	u8 * (local)	0x78		untyped			fn	
src/main/31548.c	99	func_80040D48	deref-load	u16	2	( u8 * ) s1	s1	s16 * (local)	0x7E		untyped			fn	
src/main/31548.c	100	func_80040D48	deref-store	s16	2	s2	s2	u8 * (local)	0x7A		untyped			fn	
src/main/31548.c	100	func_80040D48	addr	u16	2	( u8 * ) s1	s1	s16 * (local)	0x80		untyped			fn	
src/main/31548.c	101	func_80040D48	deref-store	s16	2	s2	s2	u8 * (local)	0x7C		untyped			fn	
src/main/31548.c	101	func_80040D48	addr	u16	2	( u8 * ) s1	s1	s16 * (local)	0x82		untyped			fn	
src/main/31548.c	103	func_80040D48	addr	Unk80101DF0Rot	8	s2	s2	u8 * (local)	0x78		untyped			fn	
src/main/31548.c	103	func_80040D48	addr	Unk80101DF0Mat	32	s2	s2	u8 * (local)	0xA0		untyped			fn	
src/main/31548.c	107	func_80040D48	deref-store	s16	2	s3	s3	u8 * (local)	0x10		untyped			fn	
src/main/31548.c	108	func_80040D48	deref-store	s16	2	s3	s3	u8 * (local)	0x12		untyped			fn	
src/main/31548.c	109	func_80040D48	deref-store	s16	2	s3	s3	u8 * (local)	0x14		untyped			fn	
src/main/31548.c	110	func_80040D48	deref-store	s16	2	s3	s3	u8 * (local)	0x6		untyped			fn	
src/main/31548.c	111	func_80040D48	deref-store	s32	4	s3	s3	u8 * (local)	0x4C		untyped			fn	
src/main/31548.c	112	func_80040D48	deref-store	s32	4	s3	s3	u8 * (local)	0x54		untyped			fn	
src/main/31548.c	124	func_80040D48	deref-load	s32	4	s3	s3	u8 * (local)	0x50		untyped			fn	
src/main/31548.c	124	func_80040D48	deref-load	s16	2	s4	s4	u8 * (local)	0x12		untyped			fn	
src/main/31548.c	127	func_80040D48	deref-store	s32	4	s3	s3	u8 * (local)	0x50		untyped			fn	
src/main/31548.c	128	func_80040D48	deref-store	s16	2	s5	s5	u8 * (local)	0x6		untyped			fn	
src/main/31548.c	132	func_80040D48	addr	s32	4	( u8 * ) s1p	s1p	s32 * (local)	0x68		untyped			fn	
src/main/31548.c	138	func_80040D48	deref-store	s32	4	s3	s3	u8 * (local)	0x58		untyped			fn	
src/main/31548.c	144	func_80040D48	deref-store	s16	2	s3	s3	u8 * (local)	0x2		untyped			fn	
src/main/31548.c	149	func_80040D48	deref-load	s16	2	a4p	a4p	u8 * (local)	0x2		untyped			fn	
src/main/31548.c	167	func_80040D48	deref-load	u8 *	4	a3p	a3p	u8 * (local)	0x40		untyped			fn	
src/main/31548.c	171	func_80040D48	pun-store	Copy8_40D48	32	a3p	a3p	u8 * (local)	0x0		untyped			fn	
src/main/31548.c	171	func_80040D48	deref-load	Copy8_40D48	32	s5	s5	u8 * (local)	0x18		untyped			fn	
src/main/31548.c	180	func_80040D48	deref-load	s16	2	s4	s4	u8 * (local)	0x8B6		untyped			fn	
src/main/31548.c	187	func_80040D48	deref-load	s16	2	a2p	a2p	u8 * (local)	0x2		untyped			fn	
src/main/31548.c	191	func_80040D48	addr	s16	2	s4	s4	u8 * (local)	0x8B4		untyped			fn	
src/main/31548.c	192	func_80040D48	deref-store	s16	2	s4	s4	u8 * (local)	0x1A84		untyped			fn	
src/main/31548.c	215	func_80041188	addr	s32	4	( ( u8 * ) a4 )	a4	s32 * (param)	0x20		scratchpad-param(1/2)				
src/main/31548.c	218	func_80041188	addr	u16	2	offset	offset	s32 (local)	computed		untyped	computed			
src/main/31548.c	231	func_80041188	addr	s16	2	ents	ents	s32 (local)	0x6		untyped	computed			
src/main/31548.c	238	func_80041188	addr	s32	4	( ( u8 * ) a4 )	a4	s32 * (param)	0x20		scratchpad-param(1/2)				
src/main/31548.c	258	func_80041188	addr	s16	2	stptr2	stptr2	s32 (local)	0x6		untyped				
src/main/31548.c	301	func_80041430	addr	s32	4	* base			computed		unknown	computed			
src/main/31548.c	303	func_80041430	addr	s16	2	( u8 * ) s0	s0	s32 * (local)	0x2C		untyped				
src/main/31548.c	304	func_80041430	addr	s16	2	( u8 * ) s0	s0	s32 * (local)	0x8B4		untyped				
src/main/31548.c	305	func_80041430	addr	s16	2	( u8 * ) s0	s0	s32 * (local)	0x10D4		untyped				
src/main/31548.c	307	func_80041430	addr	s32	4	( u8 * ) s0	s0	s32 * (local)	0x112C		untyped				
src/main/31548.c	315	func_80041430	addr	s32	4	( u8 * ) v1	v1	s32 * (local)	0x68		untyped				
src/main/31548.c	320	func_80041430	deref-load	s32	4	( u8 * ) s0	s0	s32 * (local)	0x1A34		untyped	computed			
src/main/31548.c	322	func_80041430	deref-store	s32	4	( u8 * ) s0	s0	s32 * (local)	0x1A34		untyped	computed			
src/main/31D3C.c	112	func_80041688	ptradd	u8	1	player	player	s32 * (local)	0x94		untyped			fn	
src/main/31D3C.c	129	func_80041688	deref-load	s16	2	p	p	u8 * (local)	0x2		untyped			fn	
src/main/31D3C.c	137	func_80041688	ptradd	u8	1	player	player	s32 * (local)	0x10D5		untyped			fn	
src/main/31D3C.c	139	func_80041688	deref-load	s32	4	q	q	u8 * (local)	0x57		untyped			fn	
src/main/31D3C.c	147	func_80041688	ptradd	u8	1	player	player	s32 * (local)	0x18		untyped			fn	
src/main/31D3C.c	148	func_80041688	ptradd	u8	1	player	player	s32 * (local)	0x19		untyped			fn	
src/main/31D3C.c	149	func_80041688	ptradd	u8	1	player	player	s32 * (local)	0x1A		untyped			fn	
src/main/31D3C.c	153	func_80041688	ptradd	u8	1	player	player	s32 * (local)	0x18		untyped			fn	
src/main/31D3C.c	154	func_80041688	ptradd	u8	1	player	player	s32 * (local)	0x19		untyped			fn	
src/main/31D3C.c	155	func_80041688	ptradd	u8	1	player	player	s32 * (local)	0x1A		untyped			fn	
src/main/31D3C.c	165	func_800417D0	index-load	s16	2	a0	a0	s32 * (param)	0x6		ambiguous(Unk800A9CF8Entry|Unk80101DF0Record)				
src/main/31D3C.c	168	func_800417D0	index-load	s16	2	a0	a0	s32 * (param)	0x6		ambiguous(Unk800A9CF8Entry|Unk80101DF0Record)				
src/main/31D3C.c	169	func_800417D0	index-load	s16	2	a0	a0	s32 * (param)	0x8		ambiguous(Unk800A9CF8Entry|Unk80101DF0Record)				
src/main/31D3C.c	170	func_800417D0	addr	Unk80101DF0Rot	8	a0	a0	s32 * (param)	0x4		ambiguous(Unk800A9CF8Entry|Unk80101DF0Record)				
src/main/31D3C.c	170	func_800417D0	addr	Unk80101DF0Mat	32	a0	a0	s32 * (param)	0xE		ambiguous(Unk800A9CF8Entry|Unk80101DF0Record)				
src/main/31D3C.c	173	func_800417D0	index-load	s16	2	a0 [ 3 ]	a0	s32 * (param)	0x6		ambiguous(Unk800A9CF8Entry|Unk80101DF0Record)				
src/main/31D3C.c	176	func_800417D0	addr	void		( u8 * ) ( ( s32 * ) a0 [ 3 ] )	a0	s32 * (param)	0x18		ambiguous(Unk800A9CF8Entry|Unk80101DF0Record)				
src/main/31D3C.c	176	func_800417D0	addr	void		( u8 * ) a0	a0	s32 * (param)	0x38		ambiguous(Unk800A9CF8Entry|Unk80101DF0Record)				
src/main/31D3C.c	176	func_800417D0	addr	void		( u8 * ) a0	a0	s32 * (param)	0x18		ambiguous(Unk800A9CF8Entry|Unk80101DF0Record)				
src/main/31D3C.c	177	func_800417D0	addr	void		( u8 * ) ( ( s32 * ) a0 [ 3 ] )	a0	s32 * (param)	0x18		ambiguous(Unk800A9CF8Entry|Unk80101DF0Record)				
src/main/31D3C.c	177	func_800417D0	addr	void		( u8 * ) a0	a0	s32 * (param)	0x4C		ambiguous(Unk800A9CF8Entry|Unk80101DF0Record)				
src/main/31D3C.c	177	func_800417D0	addr	void		( u8 * ) a0	a0	s32 * (param)	0x2C		ambiguous(Unk800A9CF8Entry|Unk80101DF0Record)				
src/main/31D3C.c	179	func_800417D0	index-store	Block16	16	a0	a0	s32 * (param)	0x6		ambiguous(Unk800A9CF8Entry|Unk80101DF0Record)				
src/main/31D3C.c	179	func_800417D0	index-load	Block16	16	a0	a0	s32 * (param)	0xE		ambiguous(Unk800A9CF8Entry|Unk80101DF0Record)				
src/main/31D3C.c	180	func_800417D0	index-store	Block16	16	a0	a0	s32 * (param)	0x16		ambiguous(Unk800A9CF8Entry|Unk80101DF0Record)				
src/main/31D3C.c	180	func_800417D0	index-load	Block16	16	a0	a0	s32 * (param)	0x1E		ambiguous(Unk800A9CF8Entry|Unk80101DF0Record)				
src/main/31D3C.c	182	func_800417D0	index-store	s16	2	a0	a0	s32 * (param)	0x6		ambiguous(Unk800A9CF8Entry|Unk80101DF0Record)				
src/main/31D3C.c	187	func_800418D0	index-load	u16	2	a0	a0	s32 * (param)	0x10	Unk80101DF0Record	caller(4/4)	sign	xf.rot.vx		
src/main/31D3C.c	188	func_800418D0	index-load	u16	2	a0	a0	s32 * (param)	0x12	Unk80101DF0Record	caller(4/4)	sign	xf.rot.vy		
src/main/31D3C.c	189	func_800418D0	index-load	u16	2	a0	a0	s32 * (param)	0x14	Unk80101DF0Record	caller(4/4)	sign	xf.rot.vz		
src/main/31D3C.c	190	func_800418D0	index-load	s16	2	a0	a0	s32 * (param)	0x8	Unk80101DF0Record	caller(4/4)	exact	unk8		
src/main/31D3C.c	191	func_800418D0	addr	Unk80101DF0Mat	32	a0	a0	s32 * (param)	0xE	Unk80101DF0Record	caller(4/4)	inside	unkC		
src/main/31D3C.c	192	func_800418D0	index-store	Block16	16	a0	a0	s32 * (param)	0x6	Unk80101DF0Record	caller(4/4)	size	unk6		
src/main/31D3C.c	192	func_800418D0	index-load	Block16	16	a0	a0	s32 * (param)	0xE	Unk80101DF0Record	caller(4/4)	inside	unkC		
src/main/31D3C.c	193	func_800418D0	index-store	Block16	16	a0	a0	s32 * (param)	0x16	Unk80101DF0Record	caller(4/4)	size	xf.rot.pad		
src/main/31D3C.c	193	func_800418D0	index-load	Block16	16	a0	a0	s32 * (param)	0x1E	Unk80101DF0Record	caller(4/4)	size	xf.mat.m[1]		
src/main/31D3C.c	380	func_80041BF4	deref-load	s16 *	4	( u8 * ) D_80094DF0	D_80094DF0	s32[] (tu-global)	computed		untyped	computed		fn	
src/main/31D3C.c	391	func_80041BF4	ptradd	u8	1	& g_gpu_store_buf	g_gpu_store_buf	u16 (tu-global)	computed		untyped	computed		fn	
src/main/31D3C.c	397	func_80041BF4	pun-load	u16	2	tbl	tbl	s16 * (local)	0x0		untyped			fn	
src/main/31D3C.c	535	func_800421C8	addr	s32	4	( u8 * ) StageLight	StageLight	s32[] (tu-global)	computed		untyped	computed			
src/main/31D3C.c	545	func_800421C8	deref-load	s16	2	( u8 * ) p	p	s32 * (local)	0x2		untyped				
src/main/31D3C.c	549	func_800421C8	deref-load	s32	4	( u8 * ) p	p	s32 * (local)	0x4		untyped				
src/main/32D04.c	555	func_800432A0	pun-load	u16	2	& arg4	arg4	s32 (param)	0x0		untyped				
src/main/32D04.c	627	func_80043454	addr	u16	2	( u8 * ) SCRATCH_PTR	SCRATCH_PTR	?	computed		unknown	computed		fn	
src/main/32D04.c	658	func_80043454	ptradd	u8	1	SCRATCH_PTR	SCRATCH_PTR	?	0x20		unknown			fn	
src/main/32D04.c	662	func_80043454	ptradd	u8	1	SCRATCH_PTR	SCRATCH_PTR	?	0x28		unknown			fn	
src/main/32D04.c	666	func_80043454	ptradd	u8	1	SCRATCH_PTR	SCRATCH_PTR	?	0x28		unknown			fn	
src/main/32D04.c	670	func_80043454	ptradd	u8	1	SCRATCH_PTR	SCRATCH_PTR	?	0x34		unknown			fn	
src/main/32D04.c	685	func_80043454	addr	u16	2	( u8 * ) SCRATCH_PTR	SCRATCH_PTR	?	0x18		unknown			fn	
src/main/32D04.c	692	func_80043454	addr	u16	2	( u8 * ) SCRATCH_PTR	SCRATCH_PTR	?	0x18		unknown			fn	
src/main/32D04.c	698	func_80043454	addr	u16	2	( u8 * ) SCRATCH_PTR	SCRATCH_PTR	?	0x24		unknown			fn	
src/main/32D04.c	705	func_80043454	addr	u16	2	( u8 * ) SCRATCH_PTR	SCRATCH_PTR	?	0x2C		unknown			fn	
src/main/32D04.c	722	func_80043454	addr	u16	2	( u8 * ) SCRATCH_PTR	SCRATCH_PTR	?	0x14		unknown			fn	
src/main/32D04.c	729	func_80043454	addr	u16	2	( u8 * ) SCRATCH_PTR	SCRATCH_PTR	?	0x18		unknown			fn	
src/main/32D04.c	741	func_80043454	addr	u16	2	( u8 * ) SCRATCH_PTR	SCRATCH_PTR	?	0x14		unknown			fn	
src/main/32D04.c	748	func_80043454	addr	u16	2	( u8 * ) SCRATCH_PTR	SCRATCH_PTR	?	0x18		unknown			fn	
src/main/32D04.c	980	func_80044170	deref-load	s32	4	( s32 ) & a0	a0	s32 * (param)	0x4		untyped				
src/main/32D04.c	986	func_80044170	addr	s32	4	( s32 ) & a0	a0	s32 * (param)	0x8		untyped				
src/main/32D04.c	998	func_80044170	addr	s32	4	( entry * 4 )	entry	s32 (local)	computed		unknown	computed			
src/main/32D04.c	1022	func_8004428C	addr	s32	4	( s32 ) b	b	s32 * (local)	computed		untyped	computed		fn	
src/main/32D04.c	1050	func_8004428C	addr	s32	4	( s32 ) dest	dest	s32 * (local)	computed		untyped	computed		fn	
src/main/32D04.c	1156	func_80044504	addr	s32	4	D_800A3708	D_800A3708	s32 (tu-global)	0x18	Unk80101DF0Record	decl-elsewhere	addr-of	xf.mat.m[0]		
src/main/32D04.c	1157	func_80044504	addr	s32	4	D_800A370C	D_800A370C	s32 (tu-global)	0x18		untyped				
src/main/32D04.c	1158	func_80044504	addr	MATRIX	32	D_800A370C	D_800A370C	s32 (tu-global)	0x18		untyped				
src/main/32D04.c	1158	func_80044504	addr	MATRIX	32	D_800A3708	D_800A3708	s32 (tu-global)	0x18	Unk80101DF0Record	decl-elsewhere	addr-of	xf.mat.m[0]		
src/main/32D04.c	1205	func_80044670	pun-load	u16	2	a0	a0	s16 * (param)	0x0		untyped			fn	
src/main/35000.c	55	func_80044800	addr	s16	2	D_800A9CF8 . unk8	D_800A9CF8	Unk800A9CF8Header (header-global)	computed		unknown	computed		fn	
src/main/35000.c	87	func_80044800	addr	Unk800A9CF8Entry	104	( Unk800A6690Rec * ) D_800A9CF8 . unk10		Unk800A6690Rec *	computed	Unk800A6690Rec	cast	computed	node.unk0	fn	
src/main/35000.c	89	func_80044800	addr	s16	2	D_800A9CF8 . unk8	D_800A9CF8	Unk800A9CF8Header (header-global)	computed		unknown	computed		fn	
src/main/35000.c	124	func_80044B30	ptradd	Unk800A9CF8Entry	104	D_800A9CF8 . unkC	D_800A9CF8	Unk800A9CF8Header (header-global)	computed		unknown	computed		fn	
src/main/35000.c	145	func_80044B30	addr	Unk800A9CF8Entry	104	( Unk800A6690Rec * ) D_800A9CF8 . unk10		Unk800A6690Rec *	computed	Unk800A6690Rec	cast	computed	node.unk0	site	
src/main/35000.c	262	func_80044FA0	addr	s16	2	( u8 * ) & D_800963EE	D_800963EE	s16 (tu-global)	computed		untyped	computed			
src/main/35000.c	275	func_80044FA0	addr	s16	2	( u8 * ) & D_800963EE	D_800963EE	s16 (tu-global)	computed		untyped	computed			
src/main/35000.c	283	func_80045080	addr	s16	2	( u8 * ) & D_800963EE	D_800963EE	s16 (tu-global)	computed		untyped	computed			
src/main/35000.c	320	func_800450F4	addr	s32	4	a0 * 4	a0	s32 (param)	0x4		unknown	computed			
src/main/35000.c	567	func_80045878	addr	s32	4	( ( s32 ) s1 )	s1	s16 * (local)	0x20		untyped				
src/main/35000.c	569	func_80045878	addr	s32	4	( ( s32 ) s1 )	s1	s16 * (local)	0x1C		untyped				
src/main/35000.c	574	func_80045878	index-load	s32	4	s0	s0	s32 (local)	computed		untyped	computed			
src/main/35000.c	580	func_80045878	addr	s32	4	( ( s32 ) s1 )	s1	s16 * (local)	0x24		untyped				
src/main/35000.c	588	func_80045878	addr	s32	4	( ( s32 ) s1 )	s1	s16 * (local)	0x18		untyped				
src/main/35000.c	622	func_80045AA4	deref-load	s16	2	( u8 * ) ptr	ptr	s32 * (local)	0x4		untyped				
src/main/35000.c	729	func_80045B68	addr	s32	4	( s32 ) p	p	s32 * (local)	0x4		untyped				
src/main/35000.c	792	func_80046048	addr	s32	4	( u8 * ) s0	s0	s32 * (local)	computed		untyped	computed			
src/main/368E4.c	101	func_800460E4	pun-load	s32	4	arg1	arg1	s32 (param)	0x0		untyped			site	
src/main/368E4.c	102	func_800460E4	index-load	s32	4	arg1	arg1	s32 (param)	computed		untyped	computed		site	
src/main/368E4.c	108	func_800460E4	addr	s32	4	( u8 * ) s0	s0	s32 * (local)	computed		untyped	computed		fn	
src/main/368E4.c	110	func_800460E4	addr	s32	4	( s3 << 2 )	s3	s32 (local)	computed		unknown	computed		fn	
src/main/368E4.c	111	func_800460E4	addr	s32	4	( u8 * ) s0	s0	s32 * (local)	computed		untyped	computed		fn	
src/main/368E4.c	112	func_800460E4	addr	s32	4	( u8 * ) s0	s0	s32 * (local)	computed		untyped	computed		fn	
src/main/368E4.c	113	func_800460E4	addr	s32	4	( u8 * ) s0	s0	s32 * (local)	computed		untyped	computed		fn	
src/main/368E4.c	114	func_800460E4	addr	s32	4	( u8 * ) s0	s0	s32 * (local)	computed		untyped	computed		fn	
src/main/368E4.c	118	func_800460E4	addr	s32	4	( u8 * ) s0	s0	s32 * (local)	computed		untyped	computed		fn	
src/main/368E4.c	122	func_800460E4	addr	s32	4	( u8 * ) arg1	arg1	s32 (param)	computed		untyped	computed		fn	
src/main/368E4.c	122	func_800460E4	index-load	s32	4	arg1	arg1	s32 (param)	computed		untyped	computed		fn	
src/main/368E4.c	138	func_800460E4	addr	s32	4	( s32 ) s4	s4	s32 * (local)	computed		untyped	computed		fn	
src/main/368E4.c	139	func_800460E4	addr	s32	4	( s32 ) s1	s1	s32 * (local)	computed		untyped	computed		fn	
src/main/368E4.c	146	func_800460E4	addr	s32	4	( s3 << 2 )	s3	s32 (local)	computed		unknown	computed		fn	
src/main/368E4.c	148	func_800460E4	addr	s32	4	( u8 * ) s0	s0	s32 * (local)	computed		untyped	computed		fn	
src/main/368E4.c	149	func_800460E4	addr	s32	4	( u8 * ) s0	s0	s32 * (local)	computed		untyped	computed		fn	
src/main/368E4.c	162	func_800460E4	addr	s32	4	( s32 ) s1	s1	s32 * (local)	computed		untyped	computed		fn	
src/main/368E4.c	166	func_800460E4	addr	s32	4	( u8 * ) s0	s0	s32 * (local)	computed		untyped	computed		fn	
src/main/368E4.c	167	func_800460E4	addr	s32	4	( u8 * ) s0	s0	s32 * (local)	computed		untyped	computed		fn	
src/main/368E4.c	174	func_800460E4	addr	s32	4	( u8 * ) s0	s0	s32 * (local)	computed		untyped	computed		fn	
src/main/368E4.c	205	func_800464C4	addr	s32	4	( u8 * ) s0	s0	s32 * (local)	computed		untyped	computed			
src/main/368E4.c	209	func_800464C4	addr	s32	4	( u8 * ) s0	s0	s32 * (local)	computed		untyped	computed			
src/main/368E4.c	214	func_800464C4	addr	s32	4	( u8 * ) s0	s0	s32 * (local)	computed		untyped	computed			
src/main/368E4.c	219	func_800464C4	ptradd	u8	1	s1	s1	s32 * (local)	computed		untyped	computed			
src/main/368E4.c	241	func_8004659C	addr	s32	4	( u8 * ) s0	s0	s32 * (local)	computed		untyped	computed			
src/main/368E4.c	241	func_8004659C	pun-load	s32	4	v0	v0	s32 (local)	0x0		untyped				
src/main/368E4.c	243	func_8004659C	addr	s32	4	( u8 * ) s0	s0	s32 * (local)	computed		untyped	computed			
src/main/368E4.c	243	func_8004659C	pun-load	s32	4	v0	v0	s32 (local)	0x0		untyped				
src/main/368E4.c	245	func_8004659C	addr	s32	4	( u8 * ) s0	s0	s32 * (local)	computed		untyped	computed			
src/main/368E4.c	245	func_8004659C	pun-load	s32	4	v0	v0	s32 (local)	0x0		untyped				
src/main/368E4.c	247	func_8004659C	addr	s32	4	( u8 * ) s0	s0	s32 * (local)	computed		untyped	computed			
src/main/368E4.c	247	func_8004659C	pun-load	s32	4	v0	v0	s32 (local)	0x0		untyped				
src/main/368E4.c	248	func_8004659C	addr	s32	4	( u8 * ) s0	s0	s32 * (local)	computed		untyped	computed			
src/main/368E4.c	248	func_8004659C	deref-load	s32	4	v0	v0	s32 (local)	0x4		untyped				
src/main/368E4.c	400	func_800467B8	addr	s32	4	( u8 * ) s2	s2	s32 * (local)	computed		untyped	computed			
src/main/368E4.c	401	func_800467B8	addr	s32	4	( u8 * ) s2	s2	s32 * (local)	computed		untyped	computed			
src/main/368E4.c	454	func_800469C4	addr	s32	4	( u8 * ) v0	v0	s32 * (local)	computed		untyped	computed			
src/main/368E4.c	535	func_80046BF4	addr	u32	4	old_ptr	old_ptr	s32 (local)	0x10		untyped				
src/main/368E4.c	591	game_GetPlayerData	ptradd	u8	1	v0	v0	void * (local)	0x1994		untyped				
src/main/368E4.c	599	game_GetPlayerBase	ptradd	u8	1	v0	v0	void * (local)	0x2C		untyped				
src/main/368E4.c	694	camera_InitBoneData	pun-store	Unk80101DF0Mat	32	& g_cam_bone_data	g_cam_bone_data	u8 (tu-global)	0x0		untyped			fn	
src/main/368E4.c	704	camera_InitBoneData	struct-cast	CamHalves->hi		& D_800EEDD8	D_800EEDD8	s16 (tu-global)	0x2		untyped			fn	
src/main/368E4.c	704	camera_InitBoneData	struct-cast	CamHalves->hi		& D_800EEDD8	D_800EEDD8	s16 (tu-global)	0x2		untyped			fn	
src/main/368E4.c	1072	func_80047A90	deref-store	s32	4	( s8 * ) D_800EF800	D_800EF800	s32[] (tu-global)	computed		untyped	computed		fn	
src/main/368E4.c	1199	func_80047ED0	addr	s16	2	( u8 * ) D_800A33D0	D_800A33D0	s16 * (tu-global)	computed		untyped	computed			
src/main/368E4.c	1226	func_80047EE8	addr	u32	4	( s32 ) p	p	u32 * (local)	computed		untyped	computed		fn	
src/main/368E4.c	1228	func_80047EE8	addr	u32	4	saved	saved	s32 (local)	computed		untyped	computed		fn	
src/main/368E4.c	1242	func_80047EE8	addr	u32	4	( ( s32 ) p )	p	u32 * (local)	0x4		untyped			fn	
src/main/368E4.c	1244	func_80047EE8	addr	u32	4	( ( s32 ) p )	p	u32 * (local)	0x2		untyped			fn	
src/main/368E4.c	1246	func_80047EE8	addr	u32	4	( ( s32 ) p )	p	u32 * (local)	0x2		untyped			fn	
src/main/368E4.c	1248	func_80047EE8	addr	u32	4	( ( s32 ) p )	p	u32 * (local)	0x2		untyped			fn	
src/main/368E4.c	1253	func_80047EE8	addr	u32	4	( ( s32 ) p )	p	u32 * (local)	0x2		untyped			fn	
src/main/368E4.c	1271	func_80047FBC	addr	u32	4	( s32 ) p	p	u32 * (local)	computed		untyped	computed		site	
src/main/368E4.c	1272	func_80047FBC	addr	u32	4	base_addr	base_addr	s32 (local)	computed		untyped	computed		fn	
src/main/368E4.c	1287	func_80047FBC	addr	u32	4	( ( s32 ) p )	p	u32 * (local)	0x4		untyped			fn	
src/main/368E4.c	1289	func_80047FBC	addr	u32	4	( ( s32 ) p )	p	u32 * (local)	0x2		untyped			fn	
src/main/368E4.c	1291	func_80047FBC	addr	u32	4	( ( s32 ) p )	p	u32 * (local)	0x2		untyped			fn	
src/main/368E4.c	1294	func_80047FBC	addr	u32	4	( ( s32 ) p )	p	u32 * (local)	0x2		untyped			fn	
src/main/368E4.c	1296	func_80047FBC	addr	u32	4	( ( s32 ) p )	p	u32 * (local)	0x2		untyped			fn	
src/main/368E4.c	1315	func_800480C0	addr	u32	4	( s32 ) p	p	u32 * (local)	computed		untyped	computed		site	
src/main/368E4.c	1316	func_800480C0	addr	u32	4	base_addr	base_addr	s32 (local)	computed		untyped	computed		site	
src/main/368E4.c	1335	func_800480C0	addr	u32	4	( ( s32 ) p )	p	u32 * (local)	0x4		untyped			fn	
src/main/368E4.c	1337	func_800480C0	addr	u32	4	( ( s32 ) p )	p	u32 * (local)	0x2		untyped			fn	
src/main/368E4.c	1339	func_800480C0	addr	u32	4	( ( s32 ) p )	p	u32 * (local)	0x2		untyped			fn	
src/main/368E4.c	1342	func_800480C0	addr	u32	4	( ( s32 ) p )	p	u32 * (local)	0x2		untyped			fn	
src/main/368E4.c	1344	func_800480C0	addr	u32	4	( ( s32 ) p )	p	u32 * (local)	0x2		untyped			fn	
src/main/368E4.c	1380	func_800481E8	addr	u32	4	( s32 ) p	p	u32 * (local)	computed		untyped	computed		site	
src/main/368E4.c	1381	func_800481E8	addr	u32	4	( s32 ) base	base	u32 * (local)	computed		untyped	computed		fn	
src/main/368E4.c	1393	func_800481E8	addr	u32	4	( ( s32 ) p )	p	u32 * (local)	0x4		untyped			fn	
src/main/368E4.c	1395	func_800481E8	addr	u32	4	( ( s32 ) p )	p	u32 * (local)	0x2		untyped			fn	
src/main/368E4.c	1397	func_800481E8	addr	u32	4	( ( s32 ) p )	p	u32 * (local)	0x2		untyped			fn	
src/main/368E4.c	1399	func_800481E8	addr	u32	4	( ( s32 ) p )	p	u32 * (local)	0x2		untyped			fn	
src/main/368E4.c	1403	func_800481E8	addr	u32	4	( ( s32 ) p )	p	u32 * (local)	0x2		untyped			fn	
src/main/368E4.c	1416	func_800482C8	pun-load	u16	2	& arg4	arg4	s32 (param)	0x0		untyped				
src/main/368E4.c	1426	func_800482C8	pun-load	s32	4	arg0	arg0	u8 * (param)	0x0		untyped				
src/main/368E4.c	1436	func_800482C8	pun-load	u32	4	arg0	arg0	u8 * (param)	0x0		untyped				
src/main/368E4.c	1439	func_800482C8	addr	s32	4	arg0	arg0	u8 * (param)	0x4		untyped				
src/main/368E4.c	1444	func_800482C8	pun-load	u32	4	p_alt	p_alt	u8 * (local)	0x0		untyped				
src/main/368E4.c	1465	func_800483DC	pun-load	s32	4	arg1	arg1	s32 (param)	0x0		untyped				
src/main/368E4.c	1467	func_800483DC	pun-load	s32	4	arg0	arg0	s32 (param)	0x0		untyped				
src/main/368E4.c	1481	func_800483DC	pun-load	s32	4	arg0	arg0	s32 (param)	0x0		untyped				
src/main/368E4.c	1483	func_800483DC	pun-load	u16	2	arg0	arg0	s32 (param)	0x0		untyped				
src/main/368E4.c	1485	func_800483DC	pun-load	u16	2	arg0	arg0	s32 (param)	0x0		untyped				
src/main/368E4.c	1500	func_800484A0	pun-load	s32	4	arg0	arg0	u8 * (param)	0x0		untyped				
src/main/368E4.c	1506	func_800484A0	pun-load	u32	4	arg0	arg0	u8 * (param)	0x0		untyped				
src/main/368E4.c	1520	func_80048530	index-load	s32	4	arg0	arg0	s32 (param)	computed		untyped	computed		fn	
src/main/368E4.c	1530	func_80048530	pun-load	s32	4	arg0	arg0	s32 (param)	0x0		untyped			fn	
src/main/368E4.c	1534	func_80048530	pun-load	s32	4	arg0	arg0	s32 (param)	0x0		untyped			fn	
src/main/368E4.c	1737	func_80048AD0	deref-load	s16	2	temp_v0	temp_v0	s32 (local)	0x8		untyped			fn	
src/main/368E4.c	1742	func_80048AD0	deref-load	u32	4	base	base	u8 * (local)	0x8		untyped			fn	
src/main/368E4.c	1753	func_80048AD0	deref-store	s16	2	q	q	u8 * (local)	-0x8		untyped	computed		fn	
src/main/368E4.c	1754	func_80048AD0	deref-store	s16	2	q	q	u8 * (local)	-0x6		untyped	computed		fn	
src/main/368E4.c	1756	func_80048AD0	deref-store	s8	1	q	q	u8 * (local)	-0x9		untyped	computed		fn	
src/main/368E4.c	1757	func_80048AD0	deref-store	s16	2	q	q	u8 * (local)	computed		untyped	computed		fn	
src/main/368E4.c	1821	func_80048BA4	deref-store	MATRIX	32	prim	prim	u8 * (local)	0x18		untyped				
src/main/368E4.c	1833	func_80048BA4	deref-store	MATRIX	32	prim	prim	u8 * (local)	0x18		untyped				
src/main/368E4.c	1835	func_80048BA4	deref-store	s16	2	prim	prim	u8 * (local)	0x2		untyped				
src/main/368E4.c	1841	func_80048BA4	deref-store	MATRIX	32	prim	prim	u8 * (local)	0x18		untyped				
src/main/368E4.c	1843	func_80048BA4	deref-store	s16	2	prim	prim	u8 * (local)	0x2		untyped				
src/main/368E4.c	1852	func_80048BA4	pun-store	s32	4	g_gpu_ot256_ptr	g_gpu_ot256_ptr	s32 (tu-global)	0x0		untyped				
src/main/368E4.c	1924	func_80048FFC	struct-cast	OTag->addr		p	p	DR_MOVE * (local)	0x0	DR_MOVE	decl	other-struct:OTag		site	
src/main/368E4.c	1924	func_80048FFC	struct-cast	OTag->addr		& D_800A378C [ 0xFFF ]	D_800A378C	u32 * (header-global)	0x0		untyped			site	
src/main/368E4.c	1925	func_80048FFC	struct-cast	OTag->addr		& D_800A378C [ 0xFFF ]	D_800A378C	u32 * (header-global)	0x0		untyped			site	
src/main/368E4.c	1930	func_80048FFC	struct-cast	OTag->addr		p	p	DR_MOVE * (local)	0x0	DR_MOVE	decl	other-struct:OTag		fn	
src/main/368E4.c	1930	func_80048FFC	struct-cast	OTag->addr		& D_800A378C [ 0xFFF ]	D_800A378C	u32 * (header-global)	0x0		untyped			fn	
src/main/368E4.c	1931	func_80048FFC	struct-cast	OTag->addr		& D_800A378C [ 0xFFF ]	D_800A378C	u32 * (header-global)	0x0		untyped			fn	
src/main/368E4.c	2144	func_80049718	deref-store	s16	2	obj	obj	u8 * (local)	0x2		untyped			fn	
src/main/368E4.c	2145	func_80049718	deref-store	s16	2	obj	obj	u8 * (local)	0x4		untyped			fn	
src/main/368E4.c	2146	func_80049718	deref-store	s16	2	obj	obj	u8 * (local)	0x8		untyped			fn	
src/main/368E4.c	2147	func_80049718	deref-store	s32	4	obj	obj	u8 * (local)	0xC		untyped			fn	
src/main/368E4.c	2148	func_80049718	deref-store	s16	2	obj	obj	u8 * (local)	0xA		untyped			fn	
src/main/368E4.c	2151	func_80049718	deref-store	s16	2	obj	obj	u8 * (local)	0x10		untyped			fn	
src/main/368E4.c	2152	func_80049718	deref-store	s16	2	obj	obj	u8 * (local)	0x12		untyped			fn	
src/main/368E4.c	2153	func_80049718	deref-store	s16	2	obj	obj	u8 * (local)	0x14		untyped			fn	
src/main/368E4.c	2154	func_80049718	addr	Unk80101DF0Rot	8	obj	obj	u8 * (local)	0x10		untyped			fn	
src/main/368E4.c	2154	func_80049718	addr	Unk80101DF0Mat	32	obj	obj	u8 * (local)	0x18		untyped			fn	
src/main/368E4.c	2155	func_80049718	deref-store	s32	4	obj	obj	u8 * (local)	0x2C		untyped			fn	
src/main/368E4.c	2156	func_80049718	deref-store	s32	4	obj	obj	u8 * (local)	0x30		untyped			fn	
src/main/368E4.c	2157	func_80049718	deref-store	s32	4	obj	obj	u8 * (local)	0x34		untyped			fn	
src/main/368E4.c	2169	func_80049718	deref-store	s32	4	part	part	u8 * (local)	0x4C		untyped			fn	
src/main/368E4.c	2169	func_80049718	deref-load	s32	4	part	part	u8 * (local)	0x4C		untyped			fn	
src/main/368E4.c	2169	func_80049718	deref-load	s16	2	vehicle	vehicle	u8 * (local)	0x12		untyped			fn	
src/main/368E4.c	2170	func_80049718	deref-store	s32	4	part	part	u8 * (local)	0x50		untyped			fn	
src/main/368E4.c	2170	func_80049718	deref-load	s32	4	part	part	u8 * (local)	0x50		untyped			fn	
src/main/368E4.c	2170	func_80049718	deref-load	s16	2	vehicle	vehicle	u8 * (local)	0x12		untyped			fn	
src/main/368E4.c	2171	func_80049718	deref-store	s32	4	part	part	u8 * (local)	0x54		untyped			fn	
src/main/368E4.c	2171	func_80049718	deref-load	s32	4	part	part	u8 * (local)	0x54		untyped			fn	
src/main/368E4.c	2171	func_80049718	deref-load	s16	2	vehicle	vehicle	u8 * (local)	0x12		untyped			fn	
src/main/368E4.c	2172	func_80049718	addr	MATRIX	32	vehicle	vehicle	u8 * (local)	0x44		untyped			fn	
src/main/368E4.c	2172	func_80049718	addr	MATRIX	32	part	part	u8 * (local)	0x38		untyped			fn	
src/main/368E4.c	2172	func_80049718	addr	MATRIX	32	obj	obj	u8 * (local)	0x18		untyped			fn	
src/main/368E4.c	2173	func_80049718	deref-load	s32	4	part	part	u8 * (local)	0x4C		untyped			fn	
src/main/368E4.c	2174	func_80049718	deref-load	s32	4	part	part	u8 * (local)	0x50		untyped			fn	
src/main/368E4.c	2175	func_80049718	deref-load	s32	4	part	part	u8 * (local)	0x54		untyped			fn	
src/main/368E4.c	2176	func_80049718	addr	MATRIX	32	* ( u8 * * ) ( part + 0xC )			0x18		unknown			fn	
src/main/368E4.c	2176	func_80049718	deref-load	u8 *	4	part	part	u8 * (local)	0xC		untyped			fn	
src/main/368E4.c	2176	func_80049718	addr	VECTOR	16	obj	obj	u8 * (local)	0x2C		untyped			fn	
src/main/368E4.c	2177	func_80049718	deref-store	s32	4	obj	obj	u8 * (local)	0x2C		untyped			fn	
src/main/368E4.c	2177	func_80049718	deref-load	s32	4	obj	obj	u8 * (local)	0x2C		untyped			fn	
src/main/368E4.c	2177	func_80049718	deref-load	s32	4	* ( u8 * * ) ( part + 0xC )			0x2C		unknown			fn	
src/main/368E4.c	2177	func_80049718	deref-load	u8 *	4	part	part	u8 * (local)	0xC		untyped			fn	
src/main/368E4.c	2178	func_80049718	deref-store	s32	4	obj	obj	u8 * (local)	0x30		untyped			fn	
src/main/368E4.c	2178	func_80049718	deref-load	s32	4	obj	obj	u8 * (local)	0x30		untyped			fn	
src/main/368E4.c	2178	func_80049718	deref-load	s32	4	* ( u8 * * ) ( part + 0xC )			0x30		unknown			fn	
src/main/368E4.c	2178	func_80049718	deref-load	u8 *	4	part	part	u8 * (local)	0xC		untyped			fn	
src/main/368E4.c	2179	func_80049718	deref-store	s32	4	obj	obj	u8 * (local)	0x34		untyped			fn	
src/main/368E4.c	2179	func_80049718	deref-load	s32	4	obj	obj	u8 * (local)	0x34		untyped			fn	
src/main/368E4.c	2179	func_80049718	deref-load	s32	4	* ( u8 * * ) ( part + 0xC )			0x34		unknown			fn	
src/main/368E4.c	2179	func_80049718	deref-load	u8 *	4	part	part	u8 * (local)	0xC		untyped			fn	
src/main/368E4.c	2182	func_80049718	deref-store	MATRIX	32	part	part	u8 * (local)	0x18		untyped			fn	
src/main/368E4.c	2182	func_80049718	deref-load	MATRIX	32	obj	obj	u8 * (local)	0x18		untyped			fn	
src/main/368E4.c	2183	func_80049718	deref-load	s16	2	vehicle	vehicle	u8 * (local)	0x1A84		untyped			fn	
src/main/368E4.c	2188	func_80049718	pun-store	u8 *	4	ot	ot	u8 * (local)	0x0		untyped			fn	
src/main/368E4.c	2201	func_80049718	deref-store	s32	4	obj	obj	u8 * (local)	0x58		untyped			fn	
src/main/368E4.c	2203	func_80049718	deref-store	s32	4	obj	obj	u8 * (local)	0xC		untyped			fn	
src/main/368E4.c	2204	func_80049718	deref-store	s16	2	obj	obj	u8 * (local)	0x6		untyped			fn	
src/main/368E4.c	2205	func_80049718	deref-store	s16	2	obj	obj	u8 * (local)	0x8		untyped			fn	
src/main/368E4.c	2206	func_80049718	deref-store	s16	2	obj	obj	u8 * (local)	0xA		untyped			fn	
src/main/368E4.c	2207	func_80049718	deref-store	s16	2	obj	obj	u8 * (local)	0x4		untyped			fn	
src/main/368E4.c	2208	func_80049718	deref-store	s16	2	obj	obj	u8 * (local)	0x2		untyped			fn	
src/main/368E4.c	2210	func_80049718	pun-store	u8 *	4	ot	ot	u8 * (local)	0x0		untyped			fn	
src/main/368E4.c	2255	func_80049A2C	addr	s16	2	new_var8	new_var8	u8 * (local)	computed		untyped	computed		fn	
src/main/368E4.c	2264	func_80049A2C	addr	s16	2	obj	obj	u8 * (local)	0x4		untyped			fn	
src/main/368E4.c	2265	func_80049A2C	addr	s16	2	obj	obj	u8 * (local)	0x8		untyped			fn	
src/main/368E4.c	2266	func_80049A2C	addr	s16	2	obj	obj	u8 * (local)	0xA		untyped			fn	
src/main/368E4.c	2267	func_80049A2C	addr	s16	2	obj	obj	u8 * (local)	0x2		untyped			fn	
src/main/368E4.c	2269	func_80049A2C	addr	s32	4	obj	obj	u8 * (local)	0x4C		untyped			fn	
src/main/368E4.c	2269	func_80049A2C	addr	s16	2	vehicle	vehicle	u8 * (local)	0x12		untyped			fn	
src/main/368E4.c	2271	func_80049A2C	addr	s32	4	obj	obj	u8 * (local)	0x50		untyped			fn	
src/main/368E4.c	2271	func_80049A2C	addr	s16	2	vehicle	vehicle	u8 * (local)	0x12		untyped			fn	
src/main/368E4.c	2273	func_80049A2C	addr	s32	4	obj	obj	u8 * (local)	0x54		untyped			fn	
src/main/368E4.c	2273	func_80049A2C	addr	s16	2	vehicle	vehicle	u8 * (local)	0x12		untyped			fn	
src/main/368E4.c	2275	func_80049A2C	addr	u16	2	obj	obj	u8 * (local)	0x10		untyped			fn	
src/main/368E4.c	2277	func_80049A2C	addr	u16	2	obj	obj	u8 * (local)	0x12		untyped			fn	
src/main/368E4.c	2279	func_80049A2C	addr	s32	4	obj	obj	u8 * (local)	0xC		untyped			fn	
src/main/368E4.c	2280	func_80049A2C	addr	s16	2	obj	obj	u8 * (local)	0x6		untyped			fn	
src/main/368E4.c	2281	func_80049A2C	addr	u16	2	obj	obj	u8 * (local)	0x14		untyped			fn	
src/main/368E4.c	2290	func_80049A2C	addr	s32	4	obj	obj	u8 * (local)	0xC		untyped			fn	
src/main/368E4.c	2292	func_80049A2C	addr	s16	2	obj	obj	u8 * (local)	0x6		untyped			fn	
src/main/368E4.c	2293	func_80049A2C	addr	s16	2	obj	obj	u8 * (local)	0x8		untyped			fn	
src/main/368E4.c	2296	func_80049A2C	addr	s16	2	obj	obj	u8 * (local)	0x4		untyped			fn	
src/main/368E4.c	2297	func_80049A2C	addr	s16	2	obj	obj	u8 * (local)	0x2		untyped			fn	
src/main/368E4.c	2298	func_80049A2C	addr	s32	4	obj	obj	u8 * (local)	0x58		untyped			fn	
src/main/368E4.c	2298	func_80049A2C	addr	s16	2	vehicle	vehicle	u8 * (local)	0x1A84		untyped			fn	
src/main/368E4.c	2322	func_80049C24	pun-load	s32	4	arg0	arg0	s32 (param)	0x0		untyped				
src/main/368E4.c	2324	func_80049C24	deref-load	s32	4	arg0	arg0	s32 (param)	0x4		untyped	computed			
src/main/368E4.c	2325	func_80049C24	deref-load	s32	4	arg0	arg0	s32 (param)	0x8		untyped				
src/main/368E4.c	2328	func_80049C24	deref-load	s32	4	arg0	arg0	s32 (param)	0x4		untyped				
src/main/368E4.c	2334	func_80049C24	deref-load	s32	4	arg0	arg0	s32 (param)	0xC		untyped				
src/main/368E4.c	2372	func_80049C24	pun-store	s32	4	v1	v1	s32 (local)	0x0		untyped				
src/main/368E4.c	2375	func_80049C24	pun-store	s32	4	var_s3	var_s3	s32 (local)	0x0		untyped				
src/main/368E4.c	2389	func_80049C24	pun-store	s32	4	var_s3	var_s3	s32 (local)	0x0		untyped				
src/main/3AB48.c	377	func_80053304	pun-store	_S16_53304	16	& D_800EFA00	D_800EFA00	u8 (tu-global)	0x0		untyped				
src/main/3AB48.c	377	func_80053304	pun-load	_S16_53304	16	arg0	arg0	s32 * (param)	0x0		untyped				
src/main/3AB48.c	378	func_80053304	deref-store	_S16_53304	16	( u8 * ) D_800A33F4	D_800A33F4	s32 (tu-global)	0x18		untyped				
src/main/3AB48.c	378	func_80053304	pun-load	_S16_53304	16	arg1	arg1	s32 * (param)	0x0		untyped				
src/main/3AB48.c	380	func_80053304	deref-load	s32	4	( u8 * ) D_800A33F4	D_800A33F4	s32 (tu-global)	0x18		untyped				
src/main/3AB48.c	380	func_80053304	deref-load	s32	4	( u8 * ) D_800A33F4	D_800A33F4	s32 (tu-global)	0x8		untyped				
src/main/3AB48.c	381	func_80053304	deref-load	s32	4	( u8 * ) D_800A33F4	D_800A33F4	s32 (tu-global)	0x1C		untyped				
src/main/3AB48.c	381	func_80053304	deref-load	s32	4	( u8 * ) D_800A33F4	D_800A33F4	s32 (tu-global)	0xC		untyped				
src/main/3AB48.c	382	func_80053304	deref-load	s32	4	( u8 * ) D_800A33F4	D_800A33F4	s32 (tu-global)	0x20		untyped				
src/main/3AB48.c	382	func_80053304	deref-load	s32	4	( u8 * ) D_800A33F4	D_800A33F4	s32 (tu-global)	0x10		untyped				
src/main/3AB48.c	384	func_80053304	deref-load	s32	4	p	p	u8 * (local)	0x18		untyped				
src/main/3AB48.c	385	func_80053304	deref-load	s32	4	p	p	u8 * (local)	0x8		untyped				
src/main/3AB48.c	386	func_80053304	deref-load	s32	4	p	p	u8 * (local)	0x1C		untyped				
src/main/3AB48.c	387	func_80053304	deref-load	s32	4	p	p	u8 * (local)	0xC		untyped				
src/main/3AB48.c	388	func_80053304	deref-store	s32	4	p	p	u8 * (local)	0x5C		untyped				
src/main/3AB48.c	389	func_80053304	deref-load	s32	4	p	p	u8 * (local)	0x20		untyped				
src/main/3AB48.c	390	func_80053304	deref-store	s32	4	p	p	u8 * (local)	0x8		untyped				
src/main/3AB48.c	391	func_80053304	deref-store	s32	4	p	p	u8 * (local)	0xC		untyped				
src/main/3AB48.c	392	func_80053304	deref-load	s32	4	p	p	u8 * (local)	0x10		untyped				
src/main/3AB48.c	393	func_80053304	deref-store	s32	4	p	p	u8 * (local)	0x10		untyped				
src/main/3AB48.c	395	func_80053304	deref-store	s32	4	( u8 * ) D_800A33F4	D_800A33F4	s32 (tu-global)	0x5C		untyped				
src/main/3AB48.c	406	func_8005344C	deref-store	_S16_5344C	16	( u8 * ) D_800A33F4	D_800A33F4	s32 (tu-global)	0x8		untyped				
src/main/3AB48.c	406	func_8005344C	pun-load	_S16_5344C	16	arg0	arg0	s32 * (param)	0x0		ambiguous(Vec3i32|Vec4i32)				
src/main/3AB48.c	407	func_8005344C	deref-store	_S16_5344C	16	( u8 * ) D_800A33F4	D_800A33F4	s32 (tu-global)	0x18		untyped				
src/main/3AB48.c	407	func_8005344C	pun-load	_S16_5344C	16	arg1	arg1	s32 * (param)	0x0		scratchpad-param(4/8)				
src/main/3AB48.c	409	func_8005344C	deref-load	s32	4	( u8 * ) D_800A33F4	D_800A33F4	s32 (tu-global)	0x18		untyped				
src/main/3AB48.c	409	func_8005344C	deref-load	s32	4	( u8 * ) D_800A33F4	D_800A33F4	s32 (tu-global)	0x8		untyped				
src/main/3AB48.c	410	func_8005344C	deref-load	s32	4	( u8 * ) D_800A33F4	D_800A33F4	s32 (tu-global)	0x1C		untyped				
src/main/3AB48.c	410	func_8005344C	deref-load	s32	4	( u8 * ) D_800A33F4	D_800A33F4	s32 (tu-global)	0xC		untyped				
src/main/3AB48.c	411	func_8005344C	deref-load	s32	4	( u8 * ) D_800A33F4	D_800A33F4	s32 (tu-global)	0x20		untyped				
src/main/3AB48.c	411	func_8005344C	deref-load	s32	4	( u8 * ) D_800A33F4	D_800A33F4	s32 (tu-global)	0x10		untyped				
src/main/3AB48.c	413	func_8005344C	deref-load	s32	4	p	p	u8 * (local)	0x18		untyped				
src/main/3AB48.c	414	func_8005344C	deref-load	s32	4	p	p	u8 * (local)	0x8		untyped				
src/main/3AB48.c	415	func_8005344C	deref-load	s32	4	p	p	u8 * (local)	0x1C		untyped				
src/main/3AB48.c	416	func_8005344C	deref-load	s32	4	p	p	u8 * (local)	0xC		untyped				
src/main/3AB48.c	417	func_8005344C	deref-store	s32	4	p	p	u8 * (local)	0x5C		untyped				
src/main/3AB48.c	418	func_8005344C	deref-load	s32	4	p	p	u8 * (local)	0x20		untyped				
src/main/3AB48.c	419	func_8005344C	deref-store	s32	4	p	p	u8 * (local)	0x8		untyped				
src/main/3AB48.c	420	func_8005344C	deref-store	s32	4	p	p	u8 * (local)	0xC		untyped				
src/main/3AB48.c	421	func_8005344C	deref-load	s32	4	p	p	u8 * (local)	0x10		untyped				
src/main/3AB48.c	422	func_8005344C	deref-store	s32	4	p	p	u8 * (local)	0x10		untyped				
src/main/3AB48.c	424	func_8005344C	deref-store	s32	4	( u8 * ) D_800A33F4	D_800A33F4	s32 (tu-global)	0x5C		untyped				
src/main/3AB48.c	432	func_80053584	pun-store	_S16_53584	16	& D_800EFA00	D_800EFA00	u8 (tu-global)	0x0		untyped				
src/main/3AB48.c	432	func_80053584	pun-load	_S16_53584	16	arg0	arg0	s32 * (param)	0x0		untyped				
src/main/3AB48.c	433	func_80053584	deref-store	_S16_53584	16	( u8 * ) D_800A33F4	D_800A33F4	s32 (tu-global)	0x18		untyped				
src/main/3AB48.c	433	func_80053584	pun-load	_S16_53584	16	arg1	arg1	s32 * (param)	0x0		untyped				
src/main/3AB48.c	434	func_80053584	deref-store	s32	4	( u8 * ) D_800A33F4	D_800A33F4	s32 (tu-global)	0x5C		untyped				
src/main/3AB48.c	440	func_80053614	deref-store	_S16_53614	16	( u8 * ) D_800A33F4	D_800A33F4	s32 (tu-global)	0x8		untyped				
src/main/3AB48.c	440	func_80053614	pun-load	_S16_53614	16	arg0	arg0	s32 * (param)	0x0		scratchpad-param(1/19)				
src/main/3AB48.c	441	func_80053614	deref-store	_S16_53614	16	( u8 * ) D_800A33F4	D_800A33F4	s32 (tu-global)	0x18		untyped				
src/main/3AB48.c	441	func_80053614	pun-load	_S16_53614	16	arg1	arg1	s32 * (param)	0x0		scratchpad-param(2/19)				
src/main/3AB48.c	442	func_80053614	deref-store	s32	4	( u8 * ) D_800A33F4	D_800A33F4	s32 (tu-global)	0x5C		untyped				
src/main/3AB48.c	449	func_80053694	deref-load	s32	4	p	p	u8 * (local)	0x0		untyped				
src/main/3AB48.c	450	func_80053694	deref-load	s16	2	p	p	u8 * (local)	0x48		untyped				
src/main/3AB48.c	451	func_80053694	deref-load	s32	4	p	p	u8 * (local)	0x38		untyped				
src/main/3AB48.c	452	func_80053694	deref-load	s32	4	p	p	u8 * (local)	0x3C		untyped				
src/main/3AB48.c	453	func_80053694	deref-load	s16	2	p	p	u8 * (local)	0x4A		untyped				
src/main/3AB48.c	454	func_80053694	deref-load	s32	4	p	p	u8 * (local)	0x40		untyped				
src/main/3AB48.c	455	func_80053694	deref-load	s32	4	p	p	u8 * (local)	0x28		untyped				
src/main/3AB48.c	456	func_80053694	deref-load	s32	4	p	p	u8 * (local)	0x2C		untyped				
src/main/3AB48.c	457	func_80053694	deref-load	s32	4	p	p	u8 * (local)	0x30		untyped				
src/main/3AB48.c	458	func_80053694	deref-load	u16	2	p	p	u8 * (local)	0x4		untyped				
src/main/3AB48.c	478	func_80053754	index-load	u16	2	D_800A33F0	D_800A33F0	s32 (tu-global)	computed		untyped	computed			
src/main/3AB48.c	492	func_80053754	pun-load	s16	2	data	data	s32 (local)	0x0		untyped				
src/main/3AB48.c	495	func_80053754	pun-load	s16	2	data	data	s32 (local)	0x0		untyped				
src/main/3AB48.c	497	func_80053754	pun-load	s16	2	data	data	s32 (local)	0x0		untyped				
src/main/3AB48.c	499	func_80053754	pun-load	s16	2	data	data	s32 (local)	0x0		untyped				
src/main/3AB48.c	501	func_80053754	pun-load	u16	2	data	data	s32 (local)	0x0		untyped				
src/main/3AB48.c	503	func_80053754	pun-load	s16	2	data	data	s32 (local)	0x0		untyped				
src/main/3AB48.c	523	func_80053754	pun-load	s16	2	data	data	s32 (local)	0x0		untyped				
src/main/3AB48.c	525	func_80053754	pun-load	s16	2	data	data	s32 (local)	0x0		untyped				
src/main/3AB48.c	527	func_80053754	pun-load	s16	2	data	data	s32 (local)	0x0		untyped				
src/main/3AB48.c	529	func_80053754	pun-load	s16	2	data	data	s32 (local)	0x0		untyped				
src/main/3AB48.c	531	func_80053754	pun-load	s16	2	data	data	s32 (local)	0x0		untyped				
src/main/3AB48.c	533	func_80053754	pun-load	s16	2	data	data	s32 (local)	0x0		untyped				
src/main/3AB48.c	536	func_80053754	pun-load	s16	2	data	data	s32 (local)	0x0		untyped				
src/main/3AB48.c	538	func_80053754	pun-load	s16	2	data	data	s32 (local)	0x0		untyped				
src/main/3AB48.c	540	func_80053754	pun-load	s16	2	data	data	s32 (local)	0x0		untyped				
src/main/3AB48.c	543	func_80053754	pun-load	u16	2	data	data	s32 (local)	0x0		untyped				
src/main/3AB48.c	548	func_80053754	pun-load	s16	2	data	data	s32 (local)	0x0		untyped				
src/main/3AB48.c	550	func_80053754	pun-load	s16	2	data	data	s32 (local)	0x0		untyped				
src/main/3AB48.c	555	func_80053754	pun-load	s16	2	data	data	s32 (local)	0x0		untyped				
src/main/3AB48.c	557	func_80053754	pun-load	s16	2	data	data	s32 (local)	0x0		untyped				
src/main/3AB48.c	587	func_80053754	pun-load	s16	2	data	data	s32 (local)	0x0		untyped				
src/main/3AB48.c	608	func_80053E9C	index-load	u16	2	D_800A33F0	D_800A33F0	s32 (tu-global)	computed		untyped	computed			
src/main/3AB48.c	622	func_80053E9C	pun-load	s16	2	data	data	s32 (local)	0x0		untyped				
src/main/3AB48.c	625	func_80053E9C	pun-load	s16	2	data	data	s32 (local)	0x0		untyped				
src/main/3AB48.c	627	func_80053E9C	pun-load	s16	2	data	data	s32 (local)	0x0		untyped				
src/main/3AB48.c	629	func_80053E9C	pun-load	s16	2	data	data	s32 (local)	0x0		untyped				
src/main/3AB48.c	631	func_80053E9C	pun-load	u16	2	data	data	s32 (local)	0x0		untyped				
src/main/3AB48.c	633	func_80053E9C	pun-load	s16	2	data	data	s32 (local)	0x0		untyped				
src/main/3AB48.c	648	func_80053E9C	pun-load	u16	2	data	data	s32 (local)	0x0		untyped				
src/main/3AB48.c	653	func_80053E9C	pun-load	s16	2	data	data	s32 (local)	0x0		untyped				
src/main/3AB48.c	655	func_80053E9C	pun-load	s16	2	data	data	s32 (local)	0x0		untyped				
src/main/3AB48.c	661	func_80053E9C	pun-load	s16	2	data	data	s32 (local)	0x0		untyped				
src/main/3AB48.c	663	func_80053E9C	pun-load	s16	2	data	data	s32 (local)	0x0		untyped				
src/main/3AB48.c	693	func_80053E9C	pun-load	s16	2	data	data	s32 (local)	0x0		untyped				
src/main/3AB48.c	748	func_80054604	deref-load	s32	4	* ( s32 * ) ( p + 4 )			computed		unknown	computed		fn	
src/main/3AB48.c	748	func_80054604	deref-load	s32	4	p	p	s32 (local)	0x4		untyped			fn	
src/main/3AB48.c	750	func_80054604	deref-load	u16	2	* ( s32 * ) ( p + 8 )			computed		unknown	computed		fn	
src/main/3AB48.c	750	func_80054604	deref-load	s32	4	p	p	s32 (local)	0x8		untyped			fn	
src/main/3AB48.c	861	func_8005490C	deref-load	s32	4	s -> unk2C	s	Unk800EFAE8Ctrl * (local)	0xC		unknown			fn	
src/main/3AB48.c	862	func_8005490C	deref-load	s32	4	s -> unk2C	s	Unk800EFAE8Ctrl * (local)	0x10		unknown			fn	
src/main/3AB48.c	863	func_8005490C	deref-load	s32	4	s -> unk2C	s	Unk800EFAE8Ctrl * (local)	0x14		unknown			fn	
src/main/3AB48.c	866	func_8005490C	pun-load	s32	4	s -> unk34 [ j ]	s	Unk800EFAE8Ctrl * (local)	0x0		unknown			fn	
src/main/3AB48.c	876	func_8005490C	deref-load	s32	4	s -> unk2C	s	Unk800EFAE8Ctrl * (local)	0x18		unknown			fn	
src/main/3AB48.c	879	func_8005490C	deref-load	s32	4	s -> unk2C	s	Unk800EFAE8Ctrl * (local)	0x1C		unknown			fn	
src/main/3AB48.c	938	func_8005490C	deref-load	s16	2	( u8 * ) player	player	s32 * (local)	0x12		untyped			fn	
src/main/3AB48.c	963	func_8005490C	index-load	u32	4	s -> unk3C [ i ]	s	Unk800EFAE8Ctrl * (local)	computed		unknown	computed		fn	
src/main/3AB48.c	983	func_80054F68	addr	u32	4	v3	v3	s32 (local)	0x10		untyped				
src/main/3AB48.c	1014	func_8005509C	ptradd	u8	1	D_80101EC8	D_80101EC8	Unk80101EC8Record[] (header-global)	computed	Unk80101EC8Record	decl	computed	other		
src/main/3AB48.c	1025	func_800550E8	ptradd	u8	1	D_80101EC8	D_80101EC8	Unk80101EC8Record[] (header-global)	computed	Unk80101EC8Record	decl	computed	other		
src/main/3AB48.c	1160	func_80055138	ptradd	u8	1	list	list	u16 * (local)	computed		untyped	computed		fn	
src/main/3AB48.c	1257	func_80055948	deref-load	u8 *	4	arg0	arg0	u8 * (param)	0x3B4	Unk80101EC8Record	caller(1/1)	exact	unk_3B4		
src/main/3AB48.c	1259	func_80055948	deref-load	s16	2	arg0	arg0	u8 * (param)	0x46	Unk80101EC8Record	caller(1/1)	exact	unk_46		
src/main/3AB48.c	1273	func_80055948	deref-load	s32	4	arg0	arg0	u8 * (param)	0x430	Unk80101EC8Record	caller(1/1)	exact	unk_430		
src/main/3AB48.c	1274	func_80055948	deref-load	s16	2	arg0	arg0	u8 * (param)	0x43C	Unk80101EC8Record	caller(1/1)	exact	unk_43C		
src/main/3AB48.c	1276	func_80055948	deref-load	s16	2	arg0	arg0	u8 * (param)	0x43C	Unk80101EC8Record	caller(1/1)	exact	unk_43C		
src/main/3AB48.c	1280	func_80055948	deref-load	s32	4	arg0	arg0	u8 * (param)	0x430	Unk80101EC8Record	caller(1/1)	exact	unk_430		
src/main/3AB48.c	1284	func_80055948	pun-load	u8 *	4	arg0	arg0	u8 * (param)	0x0	Unk80101EC8Record	caller(1/1)	exact	other		
src/main/3AB48.c	1285	func_80055948	deref-load	u16	2	other	other	u8 * (local)	0x6A		untyped				
src/main/3AB48.c	1286	func_80055948	deref-load	s32	4	other	other	u8 * (local)	0xF4		untyped				
src/main/3AB48.c	1286	func_80055948	deref-load	s16	2	arg0	arg0	u8 * (param)	0x40E	Unk80101EC8Record	caller(1/1)	exact	unk_40E		
src/main/3AB48.c	1287	func_80055948	deref-load	s32	4	other	other	u8 * (local)	0xFC		untyped				
src/main/3AB48.c	1287	func_80055948	deref-load	s16	2	arg0	arg0	u8 * (param)	0x410	Unk80101EC8Record	caller(1/1)	exact	unk_410		
src/main/3AB48.c	1288	func_80055948	deref-load	s16	2	arg0	arg0	u8 * (param)	0x412	Unk80101EC8Record	caller(1/1)	exact	unk_412		
src/main/3AB48.c	1295	func_80055948	deref-load	s32	4	arg0	arg0	u8 * (param)	0x430	Unk80101EC8Record	caller(1/1)	exact	unk_430		
src/main/3AB48.c	1299	func_80055948	deref-store	s32	4	arg0	arg0	u8 * (param)	0x3B4	Unk80101EC8Record	caller(1/1)	exact	unk_3B4		
src/main/3AB48.c	1302	func_80055948	deref-store	s32	4	arg0	arg0	u8 * (param)	0x3B4	Unk80101EC8Record	caller(1/1)	exact	unk_3B4		
src/main/3AB48.c	1310	func_80055948	deref-store	s32	4	arg0	arg0	u8 * (param)	0x3B4	Unk80101EC8Record	caller(1/1)	exact	unk_3B4		
src/main/3AB48.c	1316	func_80055948	deref-store	s32	4	arg0	arg0	u8 * (param)	0x3C8	Unk80101EC8Record	caller(1/1)	exact	unk_3C8		
src/main/3AB48.c	1318	func_80055948	deref-store	s32	4	arg0	arg0	u8 * (param)	0x3C8	Unk80101EC8Record	caller(1/1)	exact	unk_3C8		
src/main/3AB48.c	1322	func_80055948	deref-load	s32	4	arg0	arg0	u8 * (param)	0x3C8	Unk80101EC8Record	caller(1/1)	exact	unk_3C8		
src/main/3AB48.c	1648	func_80056CB8	deref-load	u16	2	arg0	arg0	s32 (param)	0x3E8	Unk80101EC8Record	caller(1/1)	exact	unk_3E8	fn	
src/main/3AB48.c	1665	func_80056CB8	pun-load	s32	4	arg0	arg0	s32 (param)	0x0	Unk80101EC8Record	caller(1/1)	exact	other	fn	
src/main/3AB48.c	1668	func_80056CB8	deref-load	u16	2	arg0	arg0	s32 (param)	0x6A	Unk80101EC8Record	caller(1/1)	exact	unk_6A	fn	
src/main/3AB48.c	1668	func_80056CB8	deref-load	u16	2	arg0	arg0	s32 (param)	0x6A	Unk80101EC8Record	caller(1/1)	exact	unk_6A	fn	
src/main/3AB48.c	1669	func_80056CB8	deref-load	s16	2	obj	obj	s32 (local)	0x1CA	Unk80101EC8Record	assign(13140/2)	exact	unk_1C8.vy	fn	
src/main/3AB48.c	1671	func_80056CB8	deref-load	s32	4	obj	obj	s32 (local)	0xF4	Unk80101EC8Record	assign(13140/2)	exact	unk_F4.x	fn	
src/main/3AB48.c	1672	func_80056CB8	deref-load	s32	4	obj	obj	s32 (local)	0xFC	Unk80101EC8Record	assign(13140/2)	exact	unk_F4.z	fn	
src/main/3AB48.c	1677	func_80056CB8	deref-load	s32	4	obj	obj	s32 (local)	0xB8	Unk80101EC8Record	assign(13140/2)	exact	unk_B8.vx	fn	
src/main/3AB48.c	1679	func_80056CB8	deref-load	s32	4	obj	obj	s32 (local)	0xC0	Unk80101EC8Record	assign(13140/2)	exact	unk_B8.vz	fn	
src/main/3AB48.c	1680	func_80056CB8	deref-load	s32	4	obj	obj	s32 (local)	0xB8	Unk80101EC8Record	assign(13140/2)	exact	unk_B8.vx	fn	
src/main/3AB48.c	1681	func_80056CB8	deref-load	s32	4	obj	obj	s32 (local)	0xBC	Unk80101EC8Record	assign(13140/2)	exact	unk_B8.vy	fn	
src/main/3AB48.c	1682	func_80056CB8	deref-load	s32	4	obj	obj	s32 (local)	0xC0	Unk80101EC8Record	assign(13140/2)	exact	unk_B8.vz	fn	
src/main/3AB48.c	1684	func_80056CB8	deref-load	s32	4	obj	obj	s32 (local)	0xBC	Unk80101EC8Record	assign(13140/2)	exact	unk_B8.vy	fn	
src/main/3AB48.c	1694	func_80056CB8	deref-load	s32	4	obj	obj	s32 (local)	0xBC	Unk80101EC8Record	assign(13140/2)	exact	unk_B8.vy	fn	
src/main/3AB48.c	1697	func_80056CB8	deref-load	s32	4	obj	obj	s32 (local)	0xBC	Unk80101EC8Record	assign(13140/2)	exact	unk_B8.vy	fn	
src/main/3AB48.c	1702	func_80056CB8	deref-load	s32	4	obj	obj	s32 (local)	0xBC	Unk80101EC8Record	assign(13140/2)	exact	unk_B8.vy	fn	
src/main/3AB48.c	1705	func_80056CB8	deref-load	s32	4	obj	obj	s32 (local)	0xB8	Unk80101EC8Record	assign(13140/2)	exact	unk_B8.vx	fn	
src/main/3AB48.c	1706	func_80056CB8	deref-load	s32	4	obj	obj	s32 (local)	0xC0	Unk80101EC8Record	assign(13140/2)	exact	unk_B8.vz	fn	
src/main/3AB48.c	1708	func_80056CB8	deref-load	s32	4	obj	obj	s32 (local)	0xBC	Unk80101EC8Record	assign(13140/2)	exact	unk_B8.vy	fn	
src/main/3AB48.c	1714	func_80056CB8	deref-store	s8	1	arg0	arg0	s32 (param)	0x444	Unk80101EC8Record	caller(1/1)	computed	unk_444[0x0]	fn	
src/main/3AB48.c	1788	func_80057094	deref-load	s32	4	( s32 ) arg0	arg0	void * (param)	0xF4	Unk80101EC8Record	caller(1/1)	exact	unk_F4.x		
src/main/3AB48.c	1788	func_80057094	deref-load	s32	4	( s32 ) arg0	arg0	void * (param)	0xFC	Unk80101EC8Record	caller(1/1)	exact	unk_F4.z		
src/main/3AB48.c	1789	func_80057094	deref-load	s32	4	( s32 ) arg0	arg0	void * (param)	0xF4	Unk80101EC8Record	caller(1/1)	exact	unk_F4.x		
src/main/3AB48.c	1789	func_80057094	deref-load	s32	4	( s32 ) arg0	arg0	void * (param)	0xFC	Unk80101EC8Record	caller(1/1)	exact	unk_F4.z		
src/main/3AB48.c	1795	func_80057094	deref-load	u16	2	( s32 ) arg0	arg0	void * (param)	0x3E8	Unk80101EC8Record	caller(1/1)	exact	unk_3E8		
src/main/3AB48.c	2103	func_80057CC8	addr	s16	2	( ( ( s32 ) ( next_idx << 16 ) >> 16 ) << 2 )			computed		unknown	computed		fn	
src/main/3AB48.c	3462	func_8005B644	deref-store	s32	4	( u8 * ) & g_vab_rec_ptr	g_vab_rec_ptr	s32 *[] (tu-global)	computed		untyped	computed			
src/main/3AB48.c	3463	func_8005B644	deref-store	s32	4	( u8 * ) & g_vab_vb_sbaddr	g_vab_vb_sbaddr	s32[] (tu-global)	computed		untyped	computed			
src/main/3AB48.c	3653	func_8005BA8C	index-store	s32	4	p	p	u8 * (local)	0x30		untyped				
src/main/3AB48.c	3654	func_8005BA8C	index-load	s32	4	p	p	u8 * (local)	0x30		untyped				
src/main/3AB48.c	3660	func_8005BA8C	index-load	VabEnt	8	p	p	u8 * (local)	0x0		untyped				
src/main/3AB48.c	3661	func_8005BA8C	index-load	VabEnt	8	p	p	u8 * (local)	0x0		untyped				
src/main/3AB48.c	3662	func_8005BA8C	index-load	VabEnt	8	p	p	u8 * (local)	computed		untyped	computed			
src/main/3AB48.c	3663	func_8005BA8C	index-load	VabEnt	8	p	p	u8 * (local)	computed		untyped	computed			
src/main/3AB48.c	3665	func_8005BA8C	index-load	VabEnt	8	p	p	u8 * (local)	computed		untyped	computed			
src/main/3AB48.c	3666	func_8005BA8C	index-load	VabEnt	8	p	p	u8 * (local)	computed		untyped	computed			
src/main/3AB48.c	3674	func_8005BA8C	index-load	u8	1	loc . ent [ i ] . off	loc	VabLoad (local)	computed		unknown	computed			
src/main/3AB48.c	3710	snd_CloseListedVabs	addr	u8	1	( s32 ) s0	s0	u8 * (local)	0x3		untyped				
src/main/3AB48.c	3907	snd_VabFakeOpen	addr	s32 *	4	base	base	u8 * (local)	computed		untyped	computed			
src/main/3AB48.c	3910	snd_VabFakeOpen	addr	s32	4	( u8 * ) v	v	s32 * (local)	computed		untyped	computed			
src/main/3AB48.c	3914	snd_VabFakeOpen	deref-store	s32	4	( u8 * ) vv	vv	s32 * (local)	0x4		untyped				
src/main/3AB48.c	3914	snd_VabFakeOpen	deref-load	s32	4	( u8 * ) vv	vv	s32 * (local)	0x4		untyped				
src/main/3AB48.c	3916	snd_VabFakeOpen	deref-load	s32	4	( u8 * ) * p			0x4		unknown				
src/main/3AB48.c	3916	snd_VabFakeOpen	deref-load	s32	4	( u8 * ) & g_vab_vb_sbaddr	g_vab_vb_sbaddr	s32[] (tu-global)	computed		untyped	computed			
src/main/3AB48.c	3933	snd_VabOpen	deref-store	s32	4	a0 [ 1 ]	a0	s32 * (param)	0x8	GameObj	caller(1/1)	size	field_08		
src/main/3AB48.c	3988	func_8005C6D0	index-load	u32	4	g_vab_rec_ptr [ vab ] [ 0 ]	g_vab_rec_ptr	s32 *[] (tu-global)	computed		unknown	computed			
src/main/3AB48.c	4061	func_8005C8A8	pun-load	s16	2	& arg1	arg1	s32 (param)	0x0		untyped			site	
src/main/3AB48.c	4343	func_8005D46C	addr	void		( u8 * ) ( & D_8009B2C8 )	D_8009B2C8	s32 (tu-global)	computed		untyped	computed			
src/main/3AB48.c	4354	func_8005D46C	addr	void		( ( u8 * ) ( & D_8009B2C8 ) + stride )			0xC		unknown				
src/main/3AB48.c	4422	func_8005D554	addr	Unk8009B398Record	12	row_off	row_off	s32 (local)	computed		untyped	computed		site	
src/main/3AB48.c	4450	func_8005D554	addr	Unk8009B398Record	12	hdr1_row	hdr1_row	u8 * (local)	computed		untyped	computed		fn	
src/main/3AB48.c	4580	func_8005D814	ptradd	u8	1	arg0	arg0	s16 * (param)	0x2		untyped			fn	
src/main/3AB48.c	4597	func_8005D814	ptradd	u8	1	arg0	arg0	s16 * (param)	0x3		untyped			fn	
src/main/3AB48.c	4990	func_8005E54C	pun-store	s32	4	points	points	s16[] (local)	0x0		untyped			fn	
src/main/3AB48.c	5348	func_8005FA98	addr	void		( u8 * ) ( & D_8009B63C )	D_8009B63C	s32 (tu-global)	computed		untyped	computed			
src/main/3AB48.c	5367	func_8005FA98	addr	void		( u8 * ) ( & D_8009B610 )	D_8009B610	s32 (tu-global)	computed		untyped	computed			
src/main/3AB48.c	5451	func_8005FC9C	addr	PolyG4FC9C	36	arg0	arg0	s32 (param)	0x28C		untyped				
src/main/3AB48.c	5519	func_8005FC9C	addr	s32	4	( u8 * ) & D_8009B698	D_8009B698	s32 (tu-global)	computed		untyped	computed			
src/main/3AB48.c	5589	func_800600C8	addr	s32	4	( s32 ) & D_8009B708	D_8009B708	s32 (tu-global)	computed		untyped	computed			
src/main/3AB48.c	5630	func_800602AC	ptradd	u8	1	arg1	arg1	s32 * (param)	0x60		untyped				
src/main/3AB48.c	5632	func_800602AC	ptradd	u8	1	arg1	arg1	s32 * (param)	0x14		untyped				
src/main/3AB48.c	5821	func_80060544	addr	s32	4	( ( s32 ) p1 )	p1	s32 * (local)	0x8		untyped			fn	
src/main/3AB48.c	5823	func_80060544	addr	s32	4	( ( s32 ) p0 )	p0	s32 * (local)	0xC	Unk8009B398Record	assign(39183/2)	beyond	+0xC>=0xC	fn	
src/main/3AB48.c	5857	func_80060768	deref-store	u8	1	arg0	arg0	s32 (param)	0x7D4		untyped			fn	
src/main/3AB48.c	5858	func_80060768	deref-store	s16	2	arg0	arg0	s32 (param)	0x7D8		untyped			fn	
src/main/3AB48.c	5859	func_80060768	deref-store	u8	1	arg0	arg0	s32 (param)	0x7D5		untyped			fn	
src/main/3AB48.c	5860	func_80060768	deref-store	u8	1	arg0	arg0	s32 (param)	0x7D6		untyped			fn	
src/main/3AB48.c	5861	func_80060768	deref-store	s16	2	arg0	arg0	s32 (param)	0x7DA		untyped			fn	
src/main/3AB48.c	5871	func_80060768	deref-store	s16	2	arg0	arg0	s32 (param)	0x7DE		untyped			fn	
src/main/3AB48.c	5872	func_80060768	deref-store	s16	2	arg0	arg0	s32 (param)	0x7DC		untyped			fn	
src/main/3AB48.c	5881	func_80060768	deref-store	u8	1	tile_off	tile_off	s32 (local)	0x4		untyped			fn	
src/main/3AB48.c	5882	func_80060768	deref-store	s16	2	tile_off	tile_off	s32 (local)	0x8		untyped			fn	
src/main/3AB48.c	5883	func_80060768	deref-store	u8	1	tile_off	tile_off	s32 (local)	0x5		untyped			fn	
src/main/3AB48.c	5884	func_80060768	deref-store	u8	1	tile_off	tile_off	s32 (local)	0x6		untyped			fn	
src/main/3AB48.c	5885	func_80060768	deref-store	s16	2	tile_off	tile_off	s32 (local)	0xA		untyped			fn	
src/main/3AB48.c	5895	func_80060768	deref-store	s16	2	tile_off	tile_off	s32 (local)	0xE		untyped			fn	
src/main/3AB48.c	5896	func_80060768	deref-store	s16	2	tile_off	tile_off	s32 (local)	0xC		untyped			fn	
src/main/3AB48.c	5905	func_80060768	deref-store	s16	2	tile_off	tile_off	s32 (local)	0x8		untyped			fn	
src/main/3AB48.c	5906	func_80060768	deref-store	s16	2	tile_off	tile_off	s32 (local)	0xA		untyped			fn	
src/main/3AB48.c	5907	func_80060768	deref-store	s16	2	tile_off	tile_off	s32 (local)	0xC		untyped			fn	
src/main/3AB48.c	5908	func_80060768	deref-store	u8	1	tile_off	tile_off	s32 (local)	0x4		untyped			fn	
src/main/3AB48.c	5909	func_80060768	deref-store	u8	1	tile_off	tile_off	s32 (local)	0x5		untyped			fn	
src/main/3AB48.c	5910	func_80060768	deref-store	u8	1	tile_off	tile_off	s32 (local)	0x6		untyped			fn	
src/main/3AB48.c	5911	func_80060768	deref-store	s16	2	tile_off	tile_off	s32 (local)	0xE		untyped			fn	
src/main/3AB48.c	5917	func_80060768	deref-store	s16	2	tile_off	tile_off	s32 (local)	0x8		untyped			fn	
src/main/3AB48.c	5918	func_80060768	deref-store	s16	2	tile_off	tile_off	s32 (local)	0xA		untyped			fn	
src/main/3AB48.c	5919	func_80060768	deref-store	s16	2	tile_off	tile_off	s32 (local)	0xC		untyped			fn	
src/main/3AB48.c	5920	func_80060768	deref-store	u8	1	tile_off	tile_off	s32 (local)	0x4		untyped			fn	
src/main/3AB48.c	5921	func_80060768	deref-store	u8	1	tile_off	tile_off	s32 (local)	0x5		untyped			fn	
src/main/3AB48.c	5922	func_80060768	deref-store	u8	1	tile_off	tile_off	s32 (local)	0x6		untyped			fn	
src/main/3AB48.c	5923	func_80060768	deref-store	s16	2	tile_off	tile_off	s32 (local)	0xE		untyped			fn	
src/main/51268.c	170	func_80060B70	deref-store	u16	2	dst_u16	dst_u16	s32 (local)	0x0		untyped				
src/main/51268.c	170	func_80060B70	deref-load	u16	2	* ( s32 * ) ( outer + 4 )			0x0		unknown				
src/main/51268.c	170	func_80060B70	deref-load	s32	4	outer	outer	s32 (local)	0x4		untyped				
src/main/51268.c	171	func_80060B70	deref-store	u16	2	dst_u16	dst_u16	s32 (local)	0x2		untyped				
src/main/51268.c	171	func_80060B70	deref-load	u16	2	* ( s32 * ) ( outer + 4 )			0x2		unknown				
src/main/51268.c	171	func_80060B70	deref-load	s32	4	outer	outer	s32 (local)	0x4		untyped				
src/main/51268.c	172	func_80060B70	deref-store	u16	2	dst_u16	dst_u16	s32 (local)	0x4		untyped				
src/main/51268.c	172	func_80060B70	deref-load	u16	2	* ( s32 * ) ( outer + 4 )			0x4		unknown				
src/main/51268.c	172	func_80060B70	deref-load	s32	4	outer	outer	s32 (local)	0x4		untyped				
src/main/51268.c	175	func_80060B70	deref-store	s32	4	dst_s32	dst_s32	s32 (local)	0x0		untyped				
src/main/51268.c	175	func_80060B70	deref-load	s32	4	* ( s32 * ) ( outer + 8 )			0x0		unknown				
src/main/51268.c	175	func_80060B70	deref-load	s32	4	outer	outer	s32 (local)	0x8		untyped				
src/main/51268.c	176	func_80060B70	deref-store	s32	4	dst_s32	dst_s32	s32 (local)	0x4		untyped				
src/main/51268.c	176	func_80060B70	deref-load	s32	4	* ( s32 * ) ( outer + 8 )			0x4		unknown				
src/main/51268.c	176	func_80060B70	deref-load	s32	4	outer	outer	s32 (local)	0x8		untyped				
src/main/51268.c	179	func_80060B70	deref-store	s32	4	dst_s32	dst_s32	s32 (local)	0x8		untyped				
src/main/51268.c	179	func_80060B70	deref-load	s32	4	* ( s32 * ) ( outer + 8 )			0x8		unknown				
src/main/51268.c	179	func_80060B70	deref-load	s32	4	outer	outer	s32 (local)	0x8		untyped				
src/main/51268.c	183	func_80060B70	pun-load	u16	2	D_800A3468	D_800A3468	s32 (tu-global)	0x0		untyped				
src/main/51268.c	184	func_80060B70	addr	s32	4	( s32 ) & chractar_use_pset_combo_id_table	chractar_use_pset_combo_id_table	s32[] (tu-global)	computed		untyped	computed			
src/main/51268.c	185	func_80060B70	deref-load	u8	1	( s32 ) & D_8009BA60	D_8009BA60	u8[] (tu-global)	computed		untyped	computed			
src/main/51268.c	185	func_80060B70	deref-load	s32	4	( s32 ) & D_800F10D0	D_800F10D0	s32[] (tu-global)	computed		untyped	computed			
src/main/51268.c	187	func_80060B70	addr	s32	4	( s32 ) D_800A3468	D_800A3468	s32 (tu-global)	0x14		untyped				
src/main/51268.c	362	func_80061064	deref-store	s32 *	4	( s32 ) D_800A3468	D_800A3468	s32 (tu-global)	0x14		untyped				
src/main/51268.c	362	func_80061064	addr	s32	4	i	i	s32 (local)	computed		untyped	computed			
src/main/51268.c	363	func_80061064	ptradd	u8	1	& D_800F1150	D_800F1150	u8[] (tu-global)	computed		untyped	computed			
src/main/51268.c	364	func_80061064	pun-store	s32	4	D_800A3468	D_800A3468	s32 (tu-global)	0x0		untyped				
src/main/51268.c	395	func_800611A4	addr	u16	2	( ( s32 ) arg1 )	arg1	s32 * (param)	0x2		untyped				
src/main/51268.c	397	func_800611A4	addr	u16	2	( ( s32 ) arg1 )	arg1	s32 * (param)	0x4		untyped				
src/main/51268.c	422	func_80061250	deref-store	s32	4	( s32 ) D_800A3468	D_800A3468	s32 (tu-global)	0x14		untyped				
src/main/51268.c	423	func_80061250	pun-store	s32	4	D_800A3468	D_800A3468	s32 (tu-global)	0x0		untyped				
src/main/51268.c	508	func_8006156C	deref-store	s32	4	( s32 ) D_800A3468	D_800A3468	s32 (tu-global)	0x14		untyped				
src/main/51268.c	509	func_8006156C	pun-store	s32	4	D_800A3468	D_800A3468	s32 (tu-global)	0x0		untyped				
src/main/51268.c	608	func_800617C8	deref-store	s32	4	( s32 ) D_800A3468	D_800A3468	s32 (tu-global)	0x14		untyped				
src/main/51268.c	609	func_800617C8	pun-store	s32	4	D_800A3468	D_800A3468	s32 (tu-global)	0x0		untyped				
src/main/51268.c	640	func_800618B4	deref-store	s32	4	( s32 ) D_800A3468	D_800A3468	s32 (tu-global)	0x14		untyped			fn	
src/main/51268.c	641	func_800618B4	pun-store	s32	4	D_800A3468	D_800A3468	s32 (tu-global)	0x0		untyped			fn	
src/main/51268.c	709	func_80061ACC	deref-store	s32	4	( s32 ) D_800A3468	D_800A3468	s32 (tu-global)	0x14		untyped				
src/main/51268.c	710	func_80061ACC	pun-store	s32	4	D_800A3468	D_800A3468	s32 (tu-global)	0x0		untyped				
src/main/51268.c	712	func_80061ACC	deref-store	s32	4	( s32 ) D_800A3468	D_800A3468	s32 (tu-global)	0x14		untyped				
src/main/51268.c	713	func_80061ACC	pun-store	s32	4	D_800A3468	D_800A3468	s32 (tu-global)	0x0		untyped				
src/main/51268.c	718	func_80061ACC	pun-store	s32	4	D_800A3468	D_800A3468	s32 (tu-global)	0x0		untyped				
src/main/51268.c	720	func_80061ACC	deref-store	s32	4	( s32 ) D_800A3468	D_800A3468	s32 (tu-global)	0x14		untyped				
src/main/51268.c	721	func_80061ACC	pun-store	s32	4	D_800A3468	D_800A3468	s32 (tu-global)	0x0		untyped				
src/main/51268.c	752	func_80061C00	deref-store	s32	4	sp30	sp30	u8[] (local)	0x1C		untyped				
src/main/51268.c	753	func_80061C00	deref-store	s32	4	sp30	sp30	u8[] (local)	0x18		untyped				
src/main/51268.c	754	func_80061C00	deref-store	s32	4	sp30	sp30	u8[] (local)	0x14		untyped				
src/main/51268.c	761	func_80061C00	deref-store	s32	4	D_800A3468	D_800A3468	s32 (tu-global)	0xC		untyped				
src/main/51268.c	762	func_80061C00	deref-store	s32	4	D_800A3468	D_800A3468	s32 (tu-global)	0x10		untyped				
src/main/51268.c	770	func_80061C00	deref-store	s32	4	D_800A3468	D_800A3468	s32 (tu-global)	0x14		untyped				
src/main/51268.c	771	func_80061C00	pun-store	s32	4	D_800A3468	D_800A3468	s32 (tu-global)	0x0		untyped				
src/main/51268.c	776	func_80061C00	deref-store	s32	4	D_800A3468	D_800A3468	s32 (tu-global)	0x14		untyped				
src/main/51268.c	777	func_80061C00	pun-store	s32	4	D_800A3468	D_800A3468	s32 (tu-global)	0x0		untyped				
src/main/51268.c	805	func_80061D74	deref-store	s32	4	sp30	sp30	u8[] (local)	0x1C		untyped				
src/main/51268.c	806	func_80061D74	deref-store	s32	4	sp30	sp30	u8[] (local)	0x18		untyped				
src/main/51268.c	807	func_80061D74	deref-store	s32	4	sp30	sp30	u8[] (local)	0x14		untyped				
src/main/51268.c	814	func_80061D74	deref-store	s32	4	D_800A3468	D_800A3468	s32 (tu-global)	0xC		untyped				
src/main/51268.c	815	func_80061D74	deref-store	s32	4	D_800A3468	D_800A3468	s32 (tu-global)	0x10		untyped				
src/main/51268.c	823	func_80061D74	deref-store	s32	4	D_800A3468	D_800A3468	s32 (tu-global)	0x14		untyped				
src/main/51268.c	824	func_80061D74	pun-store	s32	4	D_800A3468	D_800A3468	s32 (tu-global)	0x0		untyped				
src/main/51268.c	828	func_80061D74	deref-store	s32	4	D_800A3468	D_800A3468	s32 (tu-global)	0x14		untyped				
src/main/51268.c	829	func_80061D74	pun-store	s32	4	D_800A3468	D_800A3468	s32 (tu-global)	0x0		untyped				
src/main/51268.c	846	func_80061EC0	deref-store	s32	4	( s32 ) D_800A3468	D_800A3468	s32 (tu-global)	0x14		untyped				
src/main/51268.c	847	func_80061EC0	pun-store	s32	4	D_800A3468	D_800A3468	s32 (tu-global)	0x0		untyped				
src/main/51268.c	873	func_80061FAC	deref-store	s32	4	s0	s0	u8 * (local)	0x1C		untyped				
src/main/51268.c	874	func_80061FAC	deref-store	s32	4	s0	s0	u8 * (local)	0x18		untyped				
src/main/51268.c	875	func_80061FAC	deref-store	s32	4	s0	s0	u8 * (local)	0x14		untyped				
src/main/51268.c	884	func_80062020	deref-load	s32	4	( u8 * ) arg0	arg0	s32 * (param)	0x0		untyped				
src/main/51268.c	890	func_80062020	deref-load	s32	4	( u8 * ) arg0	arg0	s32 * (param)	computed		untyped	computed			
src/main/51268.c	891	func_80062020	deref-load	s32	4	( u8 * ) arg0	arg0	s32 * (param)	0x4		untyped	computed			
src/main/51268.c	892	func_80062020	deref-load	s32	4	( u8 * ) arg0	arg0	s32 * (param)	0x8		untyped	computed			
src/main/51268.c	895	func_80062020	deref-load	s32	4	( u8 * ) arg0	arg0	s32 * (param)	computed		untyped	computed			
src/main/51268.c	952	func_800620B8	deref-load	u16 *	4	outer	outer	s32 (local)	0x4		untyped			fn	
src/main/51268.c	954	func_800620B8	deref-load	u16 *	4	outer	outer	s32 (local)	0x4		untyped			fn	
src/main/51268.c	955	func_800620B8	deref-load	u16 *	4	outer	outer	s32 (local)	0x4		untyped			fn	
src/main/51268.c	958	func_800620B8	deref-load	s32 *	4	outer	outer	s32 (local)	0x8		untyped			fn	
src/main/51268.c	960	func_800620B8	deref-load	s32 *	4	outer	outer	s32 (local)	0x8		untyped			fn	
src/main/51268.c	961	func_800620B8	deref-load	s32 *	4	outer	outer	s32 (local)	0x8		untyped			fn	
src/main/51268.c	965	func_800620B8	addr	s16	2	base	base	u8 * (local)	0x10		untyped			fn	
src/main/51268.c	966	func_800620B8	addr	s16	2	base	base	u8 * (local)	0x12		untyped			fn	
src/main/51268.c	967	func_800620B8	addr	VECTOR	16	base	base	u8 * (local)	0x14		untyped			fn	
src/main/51268.c	968	func_800620B8	addr	VECTOR	16	base	base	u8 * (local)	0x24		untyped			fn	
src/main/51268.c	969	func_800620B8	addr	SVECTOR	8	base	base	u8 * (local)	0x34		untyped			fn	
src/main/51268.c	970	func_800620B8	addr	s32	4	base	base	u8 * (local)	0x3C		untyped			fn	
src/main/51268.c	971	func_800620B8	addr	u32	4	base	base	u8 * (local)	0x44		untyped			fn	
src/main/51268.c	975	func_800620B8	pun-store	s32	4	D_800A34B0	D_800A34B0	s32 (tu-global)	0x0		untyped			fn	
src/main/51268.c	976	func_800620B8	pun-store	s32	4	D_800A3490	D_800A3490	s32 (tu-global)	0x0		untyped			fn	
src/main/51268.c	984	func_800620B8	pun-store	s16	2	D_800A34A8	D_800A34A8	s32 (tu-global)	0x0		untyped			site	
src/main/51268.c	985	func_800620B8	pun-store	s16	2	D_800A34AC	D_800A34AC	s32 (tu-global)	0x0		untyped			fn	
src/main/51268.c	988	func_800620B8	pun-store	s16	2	D_800A34A8	D_800A34A8	s32 (tu-global)	0x0		untyped			fn	
src/main/51268.c	989	func_800620B8	pun-store	s16	2	D_800A34AC	D_800A34AC	s32 (tu-global)	0x0		untyped			fn	
src/main/51268.c	1000	func_800620B8	pun-store	u16	2	D_800A349C	D_800A349C	s32 (tu-global)	0x0		untyped			fn	
src/main/51268.c	1000	func_800620B8	index-load	u16	2	D_800A3488	D_800A3488	s32 (tu-global)	0x4		untyped			fn	
src/main/51268.c	1001	func_800620B8	pun-store	u16	2	D_800A34A4	D_800A34A4	s32 (tu-global)	0x0		untyped			fn	
src/main/51268.c	1001	func_800620B8	index-load	u16	2	D_800A3488	D_800A3488	s32 (tu-global)	0x6		untyped			fn	
src/main/51268.c	1004	func_800620B8	pun-store	s16	2	D_800A34A8	D_800A34A8	s32 (tu-global)	0x0		untyped			fn	
src/main/51268.c	1005	func_800620B8	pun-store	s16	2	D_800A34AC	D_800A34AC	s32 (tu-global)	0x0		untyped			fn	
src/main/51268.c	1008	func_800620B8	pun-store	s16	2	D_800A34A8	D_800A34A8	s32 (tu-global)	0x0		untyped			fn	
src/main/51268.c	1009	func_800620B8	pun-store	s16	2	D_800A34AC	D_800A34AC	s32 (tu-global)	0x0		untyped			fn	
src/main/51268.c	1015	func_800620B8	pun-store	u16	2	D_800A349C	D_800A349C	s32 (tu-global)	0x0		untyped			fn	
src/main/51268.c	1015	func_800620B8	index-load	u16	2	D_800A3488	D_800A3488	s32 (tu-global)	0x4		untyped			fn	
src/main/51268.c	1016	func_800620B8	pun-store	u16	2	D_800A34A4	D_800A34A4	s32 (tu-global)	0x0		untyped			fn	
src/main/51268.c	1016	func_800620B8	index-load	u16	2	D_800A3488	D_800A3488	s32 (tu-global)	0x6		untyped			fn	
src/main/51268.c	1019	func_800620B8	index-load	s32	4	D_800A3470	D_800A3470	s32 (tu-global)	0x0		untyped			fn	
src/main/51268.c	1020	func_800620B8	index-load	s32	4	D_800A3470	D_800A3470	s32 (tu-global)	0x4		untyped			fn	
src/main/51268.c	1021	func_800620B8	index-load	s32	4	D_800A3470	D_800A3470	s32 (tu-global)	0x8		untyped			fn	
src/main/51268.c	1026	func_800620B8	ptradd	u8	1	tv	tv	VECTOR * (local)	-0x14	VECTOR	decl	beyond	+0x-14>=0x10	fn	
src/main/51268.c	1032	func_800620B8	pun-load	s32	4	D_800A34D0	D_800A34D0	s32 (tu-global)	0x0		untyped			fn	
src/main/51268.c	1033	func_800620B8	pun-load	s32	4	D_800A34B0	D_800A34B0	s32 (tu-global)	0x0		untyped			fn	
src/main/51268.c	1034	func_800620B8	pun-store	s32	4	D_800A3494	D_800A3494	s32 (tu-global)	0x0		untyped			fn	
src/main/51268.c	1034	func_800620B8	index-load	u16	2	D_800A348C	D_800A348C	s32 (tu-global)	0x0		untyped			fn	
src/main/51268.c	1034	func_800620B8	index-load	u16	2	D_800A348C	D_800A348C	s32 (tu-global)	0x2		untyped			fn	
src/main/51268.c	1035	func_800620B8	pun-store	u16	2	D_800A3498	D_800A3498	s32 (tu-global)	0x0		untyped			fn	
src/main/51268.c	1035	func_800620B8	index-load	u16	2	D_800A3488	D_800A3488	s32 (tu-global)	0x4		untyped			fn	
src/main/51268.c	1036	func_800620B8	pun-store	u16	2	D_800A34A0	D_800A34A0	s32 (tu-global)	0x0		untyped			fn	
src/main/51268.c	1036	func_800620B8	index-load	u16	2	D_800A3488	D_800A3488	s32 (tu-global)	0x6		untyped			fn	
src/main/51268.c	1037	func_800620B8	pun-store	s32	4	D_800A34D0	D_800A34D0	s32 (tu-global)	0x0		untyped			fn	
src/main/51268.c	1037	func_800620B8	pun-load	s32	4	D_800A34D0	D_800A34D0	s32 (tu-global)	0x0		untyped			fn	
src/main/51268.c	1037	func_800620B8	pun-load	s32	4	D_800A34D0	D_800A34D0	s32 (tu-global)	0x0		untyped			fn	
src/main/51268.c	1038	func_800620B8	pun-store	s32	4	D_800A34B4	D_800A34B4	s32 (tu-global)	0x0		untyped			fn	
src/main/51268.c	1038	func_800620B8	pun-load	s32	4	D_800A34B0	D_800A34B0	s32 (tu-global)	0x0		untyped			fn	
src/main/51268.c	1038	func_800620B8	pun-load	s32	4	D_800A34D0	D_800A34D0	s32 (tu-global)	0x0		untyped			fn	
src/main/51268.c	1039	func_800620B8	pun-load	s16	2	D_800A34A8	D_800A34A8	s32 (tu-global)	0x0		untyped			fn	
src/main/51268.c	1039	func_800620B8	pun-load	s32	4	D_800A34B4	D_800A34B4	s32 (tu-global)	0x0		untyped			fn	
src/main/51268.c	1042	func_800620B8	pun-load	s16	2	D_800A34AC	D_800A34AC	s32 (tu-global)	0x0		untyped			fn	
src/main/51268.c	1042	func_800620B8	pun-load	s32	4	D_800A34B4	D_800A34B4	s32 (tu-global)	0x0		untyped			fn	
src/main/51268.c	1047	func_800620B8	pun-load	s32	4	D_800A3490	D_800A3490	s32 (tu-global)	0x0		untyped			fn	
src/main/51268.c	1048	func_800620B8	pun-load	s32	4	D_800A3494	D_800A3494	s32 (tu-global)	0x0		untyped			fn	
src/main/51268.c	1052	func_800620B8	pun-load	s32	4	D_800A34B8	D_800A34B8	s32 (tu-global)	0x0		untyped			fn	
src/main/51268.c	1053	func_800620B8	pun-load	s32	4	D_800A34B8	D_800A34B8	s32 (tu-global)	0x0		untyped			fn	
src/main/51268.c	1054	func_800620B8	pun-load	s32	4	D_800A34B8	D_800A34B8	s32 (tu-global)	0x0		untyped			fn	
src/main/51268.c	1055	func_800620B8	pun-load	s32	4	D_800A34B8	D_800A34B8	s32 (tu-global)	0x0		untyped			fn	
src/main/51268.c	1056	func_800620B8	pun-load	s32	4	D_800A34B8	D_800A34B8	s32 (tu-global)	0x0		untyped			fn	
src/main/51268.c	1057	func_800620B8	pun-load	s32	4	D_800A34B8	D_800A34B8	s32 (tu-global)	0x0		untyped			fn	
src/main/51268.c	1058	func_800620B8	pun-load	s32	4	D_800A34B8	D_800A34B8	s32 (tu-global)	0x0		untyped			fn	
src/main/51268.c	1059	func_800620B8	pun-load	s32	4	D_800A34B8	D_800A34B8	s32 (tu-global)	0x0		untyped			fn	
src/main/51268.c	1060	func_800620B8	pun-load	u16	2	D_800A3498	D_800A3498	s32 (tu-global)	0x0		untyped			fn	
src/main/51268.c	1061	func_800620B8	pun-load	u16	2	D_800A34A0	D_800A34A0	s32 (tu-global)	0x0		untyped			fn	
src/main/51268.c	1062	func_800620B8	pun-load	u16	2	D_800A349C	D_800A349C	s32 (tu-global)	0x0		untyped			fn	
src/main/51268.c	1063	func_800620B8	pun-load	u16	2	D_800A34A0	D_800A34A0	s32 (tu-global)	0x0		untyped			fn	
src/main/51268.c	1064	func_800620B8	pun-load	u16	2	D_800A3498	D_800A3498	s32 (tu-global)	0x0		untyped			fn	
src/main/51268.c	1065	func_800620B8	pun-load	u16	2	D_800A34A4	D_800A34A4	s32 (tu-global)	0x0		untyped			fn	
src/main/51268.c	1066	func_800620B8	pun-load	u16	2	D_800A349C	D_800A349C	s32 (tu-global)	0x0		untyped			fn	
src/main/51268.c	1067	func_800620B8	pun-load	u16	2	D_800A34A4	D_800A34A4	s32 (tu-global)	0x0		untyped			fn	
src/main/51268.c	1073	func_800620B8	pun-store	u32	4	D_800A34E8	D_800A34E8	s32 (tu-global)	0x0		untyped			fn	
src/main/51268.c	1073	func_800620B8	pun-load	u32	4	D_800A34E8	D_800A34E8	s32 (tu-global)	0x0		untyped			fn	
src/main/51268.c	1073	func_800620B8	pun-load	u32	4	D_800A34E4	D_800A34E4	s32 (tu-global)	0x0		untyped			fn	
src/main/51268.c	1074	func_800620B8	pun-store	u32	4	D_800A34E4	D_800A34E4	s32 (tu-global)	0x0		untyped			fn	
src/main/51268.c	1074	func_800620B8	pun-load	u32	4	D_800A34E4	D_800A34E4	s32 (tu-global)	0x0		untyped			fn	
src/main/51268.c	1146	func_8006295C	addr	MATRIX	32	( u8 * ) prim	prim	POLY_FT4 * (local)	0x78	POLY_FT4	decl	beyond	+0x78>=0x28	fn	
src/main/51268.c	1147	func_8006295C	addr	MATRIX	32	( u8 * ) prim	prim	POLY_FT4 * (local)	0x138	POLY_FT4	decl	beyond	+0x138>=0x28	fn	
src/main/51268.c	1148	func_8006295C	addr	s32	4	( u8 * ) prim	prim	POLY_FT4 * (local)	0x158	POLY_FT4	decl	beyond	+0x158>=0x28	fn	
src/main/51268.c	1149	func_8006295C	addr	s32	4	( u8 * ) prim	prim	POLY_FT4 * (local)	0x168	POLY_FT4	decl	beyond	+0x168>=0x28	fn	
src/main/51268.c	1150	func_8006295C	addr	u16	2	( u8 * ) prim	prim	POLY_FT4 * (local)	0x16C	POLY_FT4	decl	beyond	+0x16C>=0x28	fn	
src/main/51268.c	1151	func_8006295C	addr	s32	4	( u8 * ) prim	prim	POLY_FT4 * (local)	0x178	POLY_FT4	decl	beyond	+0x178>=0x28	fn	
src/main/51268.c	1152	func_8006295C	addr	s32	4	( u8 * ) prim	prim	POLY_FT4 * (local)	0x188	POLY_FT4	decl	beyond	+0x188>=0x28	fn	
src/main/51268.c	1164	func_8006295C	index-load	s32	4	D_800A3470	D_800A3470	s32 (tu-global)	0x0		untyped			fn	
src/main/51268.c	1165	func_8006295C	index-load	s32	4	D_800A3470	D_800A3470	s32 (tu-global)	0x4		untyped			fn	
src/main/51268.c	1166	func_8006295C	index-load	s32	4	D_800A3470	D_800A3470	s32 (tu-global)	0x8		untyped			fn	
src/main/51268.c	1172	func_8006295C	pun-store	s32	4	& prim -> r0	prim	POLY_FT4 * (local)	0x0		unknown			fn	
src/main/51268.c	1176	func_8006295C	pun-store	s32	4	& prim -> r0	prim	POLY_FT4 * (local)	0x0		unknown			fn	
src/main/51268.c	1184	func_8006295C	pun-store	u16	2	D_800A349C	D_800A349C	s32 (tu-global)	0x0		untyped			fn	
src/main/51268.c	1184	func_8006295C	index-load	u16	2	D_800A3488	D_800A3488	s32 (tu-global)	0x4		untyped			fn	
src/main/51268.c	1186	func_8006295C	pun-store	u16	2	D_800A349C	D_800A349C	s32 (tu-global)	0x0		untyped			fn	
src/main/51268.c	1186	func_8006295C	index-load	u16	2	D_800A3488	D_800A3488	s32 (tu-global)	0x4		untyped			fn	
src/main/51268.c	1188	func_8006295C	pun-store	u16	2	D_800A34A4	D_800A34A4	s32 (tu-global)	0x0		untyped			fn	
src/main/51268.c	1188	func_8006295C	index-load	u16	2	D_800A3488	D_800A3488	s32 (tu-global)	0x6		untyped			fn	
src/main/51268.c	1189	func_8006295C	pun-store	s32	4	D_800A3490	D_800A3490	s32 (tu-global)	0x0		untyped			fn	
src/main/51268.c	1190	func_8006295C	pun-store	s32	4	D_800A3494	D_800A3494	s32 (tu-global)	0x0		untyped			fn	
src/main/51268.c	1190	func_8006295C	index-load	u16	2	D_800A3488	D_800A3488	s32 (tu-global)	0x0		untyped			fn	
src/main/51268.c	1190	func_8006295C	index-load	u16	2	D_800A3488	D_800A3488	s32 (tu-global)	0x2		untyped			fn	
src/main/51268.c	1191	func_8006295C	pun-store	s32	4	D_800A3490	D_800A3490	s32 (tu-global)	0x0		untyped			fn	
src/main/51268.c	1191	func_8006295C	pun-load	s32	4	D_800A3490	D_800A3490	s32 (tu-global)	0x0		untyped			fn	
src/main/51268.c	1192	func_8006295C	pun-store	u16	2	D_800A3498	D_800A3498	s32 (tu-global)	0x0		untyped			fn	
src/main/51268.c	1192	func_8006295C	index-load	u16	2	D_800A3488	D_800A3488	s32 (tu-global)	0x4		untyped			fn	
src/main/51268.c	1193	func_8006295C	pun-store	u16	2	D_800A34A0	D_800A34A0	s32 (tu-global)	0x0		untyped			fn	
src/main/51268.c	1193	func_8006295C	index-load	u16	2	D_800A3488	D_800A3488	s32 (tu-global)	0x6		untyped			fn	
src/main/51268.c	1194	func_8006295C	pun-store	u16	2	D_800A34D4	D_800A34D4	s32 (tu-global)	0x0		untyped			fn	
src/main/51268.c	1194	func_8006295C	pun-load	u16	2	D_800A3498	D_800A3498	s32 (tu-global)	0x0		untyped			fn	
src/main/51268.c	1194	func_8006295C	pun-load	u16	2	D_800A34A0	D_800A34A0	s32 (tu-global)	0x0		untyped			fn	
src/main/51268.c	1195	func_8006295C	pun-store	u16	2	D_800A34D8	D_800A34D8	s32 (tu-global)	0x0		untyped			fn	
src/main/51268.c	1195	func_8006295C	pun-load	u16	2	D_800A349C	D_800A349C	s32 (tu-global)	0x0		untyped			fn	
src/main/51268.c	1195	func_8006295C	pun-load	u16	2	D_800A34A0	D_800A34A0	s32 (tu-global)	0x0		untyped			fn	
src/main/51268.c	1196	func_8006295C	pun-store	u16	2	D_800A34DC	D_800A34DC	s32 (tu-global)	0x0		untyped			fn	
src/main/51268.c	1196	func_8006295C	pun-load	u16	2	D_800A3498	D_800A3498	s32 (tu-global)	0x0		untyped			fn	
src/main/51268.c	1196	func_8006295C	pun-load	u16	2	D_800A34A4	D_800A34A4	s32 (tu-global)	0x0		untyped			fn	
src/main/51268.c	1197	func_8006295C	pun-store	u16	2	D_800A34E0	D_800A34E0	s32 (tu-global)	0x0		untyped			fn	
src/main/51268.c	1197	func_8006295C	pun-load	u16	2	D_800A349C	D_800A349C	s32 (tu-global)	0x0		untyped			fn	
src/main/51268.c	1197	func_8006295C	pun-load	u16	2	D_800A34A4	D_800A34A4	s32 (tu-global)	0x0		untyped			fn	
src/main/51268.c	1198	func_8006295C	index-store	u8	1	prim	prim	POLY_FT4 * (local)	0x3	POLY_FT4	decl	inside	tag	fn	
src/main/51268.c	1200	func_8006295C	pun-store	s32	4	& prim -> u0	prim	POLY_FT4 * (local)	0x0		unknown			fn	
src/main/51268.c	1200	func_8006295C	pun-load	u16	2	D_800A34D4	D_800A34D4	s32 (tu-global)	0x0		untyped			fn	
src/main/51268.c	1200	func_8006295C	pun-load	s32	4	D_800A3494	D_800A3494	s32 (tu-global)	0x0		untyped			fn	
src/main/51268.c	1201	func_8006295C	pun-store	s32	4	& prim -> u1	prim	POLY_FT4 * (local)	0x0		unknown			fn	
src/main/51268.c	1201	func_8006295C	pun-load	u16	2	D_800A34D8	D_800A34D8	s32 (tu-global)	0x0		untyped			fn	
src/main/51268.c	1201	func_8006295C	pun-load	s32	4	D_800A3490	D_800A3490	s32 (tu-global)	0x0		untyped			fn	
src/main/51268.c	1202	func_8006295C	pun-store	u16	2	& prim -> u2	prim	POLY_FT4 * (local)	0x0		unknown			fn	
src/main/51268.c	1202	func_8006295C	pun-load	u16	2	D_800A34DC	D_800A34DC	s32 (tu-global)	0x0		untyped			fn	
src/main/51268.c	1203	func_8006295C	pun-store	u16	2	& prim -> u3	prim	POLY_FT4 * (local)	0x0		unknown			fn	
src/main/51268.c	1203	func_8006295C	pun-load	u16	2	D_800A34E0	D_800A34E0	s32 (tu-global)	0x0		untyped			fn	
src/main/51268.c	1214	func_8006295C	pun-store	s32	4	D_800A34D0	D_800A34D0	s32 (tu-global)	0x0		untyped			fn	
src/main/51268.c	1214	func_8006295C	pun-load	s32	4	D_800A34D0	D_800A34D0	s32 (tu-global)	0x0		untyped			fn	
src/main/51268.c	1215	func_8006295C	pun-load	s32	4	D_800A34D0	D_800A34D0	s32 (tu-global)	0x0		untyped			fn	
src/main/51268.c	1216	func_8006295C	pun-store	s32	4	D_800A34D0	D_800A34D0	s32 (tu-global)	0x0		untyped			fn	
src/main/51268.c	1218	func_8006295C	pun-load	s32	4	D_800A34D0	D_800A34D0	s32 (tu-global)	0x0		untyped			fn	
src/main/51268.c	1219	func_8006295C	pun-load	s32	4	D_800A34D0	D_800A34D0	s32 (tu-global)	0x0		untyped			fn	
src/main/51268.c	1220	func_8006295C	pun-store	s32	4	& prim -> x0	prim	POLY_FT4 * (local)	0x0		unknown			fn	
src/main/51268.c	1221	func_8006295C	pun-store	s32	4	& prim -> x1	prim	POLY_FT4 * (local)	0x0		unknown			fn	
src/main/51268.c	1222	func_8006295C	pun-store	s32	4	& prim -> x2	prim	POLY_FT4 * (local)	0x0		unknown			fn	
src/main/51268.c	1223	func_8006295C	pun-store	s32	4	& prim -> x3	prim	POLY_FT4 * (local)	0x0		unknown			fn	
src/main/51268.c	1310	func_80063084	addr	VECTOR	16	base	base	u8 * (local)	0x14		untyped				
src/main/51268.c	1311	func_80063084	addr	SVECTOR	8	base	base	u8 * (local)	0x24		untyped				
src/main/51268.c	1312	func_80063084	addr	SVECTOR	8	base	base	u8 * (local)	0x2C		untyped				
src/main/51268.c	1313	func_80063084	addr	s32	4	base	base	u8 * (local)	0x34		untyped				
src/main/51268.c	1314	func_80063084	addr	s32	4	base	base	u8 * (local)	0x38		untyped				
src/main/51268.c	1315	func_80063084	addr	s32	4	base	base	u8 * (local)	0x3C		untyped				
src/main/51268.c	1334	func_80063084	pun-store	s32	4	D_800A34B0	D_800A34B0	s32 (tu-global)	0x0		untyped				
src/main/51268.c	1335	func_80063084	pun-store	s16	2	D_800A34A8	D_800A34A8	s32 (tu-global)	0x0		untyped				
src/main/51268.c	1336	func_80063084	pun-store	s16	2	D_800A34AC	D_800A34AC	s32 (tu-global)	0x0		untyped				
src/main/51268.c	1337	func_80063084	pun-store	s32	4	D_800A3490	D_800A3490	s32 (tu-global)	0x0		untyped				
src/main/51268.c	1338	func_80063084	pun-store	s32	4	D_800A3490	D_800A3490	s32 (tu-global)	0x0		untyped				
src/main/51268.c	1338	func_80063084	pun-load	s32	4	D_800A3490	D_800A3490	s32 (tu-global)	0x0		untyped				
src/main/51268.c	1346	func_80063084	index-load	s32	4	D_800A3470	D_800A3470	s32 (tu-global)	0x0		untyped				
src/main/51268.c	1347	func_80063084	index-load	s32	4	D_800A3470	D_800A3470	s32 (tu-global)	0x8		untyped				
src/main/51268.c	1351	func_80063084	index-load	s32	4	D_800A3470	D_800A3470	s32 (tu-global)	0x4		untyped				
src/main/51268.c	1353	func_80063084	index-load	s32	4	D_800A3470	D_800A3470	s32 (tu-global)	0x4		untyped				
src/main/51268.c	1358	func_80063084	ptradd	u8	1	tv	tv	VECTOR * (local)	-0x14	VECTOR	decl	beyond	+0x-14>=0x10		
src/main/51268.c	1373	func_80063084	pun-store	s32	4	D_800A3494	D_800A3494	s32 (tu-global)	0x0		untyped				
src/main/51268.c	1373	func_80063084	index-load	u16	2	D_800A3488	D_800A3488	s32 (tu-global)	0x0		untyped				
src/main/51268.c	1373	func_80063084	index-load	u16	2	D_800A3488	D_800A3488	s32 (tu-global)	0x2		untyped				
src/main/51268.c	1374	func_80063084	pun-store	u16	2	D_800A3498	D_800A3498	s32 (tu-global)	0x0		untyped				
src/main/51268.c	1374	func_80063084	index-load	u16	2	D_800A3488	D_800A3488	s32 (tu-global)	0x4		untyped				
src/main/51268.c	1375	func_80063084	pun-store	u16	2	D_800A34A0	D_800A34A0	s32 (tu-global)	0x0		untyped				
src/main/51268.c	1375	func_80063084	index-load	u16	2	D_800A3488	D_800A3488	s32 (tu-global)	0x6		untyped				
src/main/51268.c	1376	func_80063084	pun-store	u16	2	D_800A349C	D_800A349C	s32 (tu-global)	0x0		untyped				
src/main/51268.c	1376	func_80063084	index-load	u16	2	D_800A3488	D_800A3488	s32 (tu-global)	0x4		untyped				
src/main/51268.c	1377	func_80063084	pun-store	u16	2	D_800A34A4	D_800A34A4	s32 (tu-global)	0x0		untyped				
src/main/51268.c	1377	func_80063084	index-load	u16	2	D_800A3488	D_800A3488	s32 (tu-global)	0x6		untyped				
src/main/51268.c	1378	func_80063084	pun-store	u16	2	D_800A34D4	D_800A34D4	s32 (tu-global)	0x0		untyped				
src/main/51268.c	1378	func_80063084	pun-load	u16	2	D_800A3498	D_800A3498	s32 (tu-global)	0x0		untyped				
src/main/51268.c	1378	func_80063084	pun-load	u16	2	D_800A34A0	D_800A34A0	s32 (tu-global)	0x0		untyped				
src/main/51268.c	1379	func_80063084	pun-store	u16	2	D_800A34D8	D_800A34D8	s32 (tu-global)	0x0		untyped				
src/main/51268.c	1379	func_80063084	pun-load	u16	2	D_800A349C	D_800A349C	s32 (tu-global)	0x0		untyped				
src/main/51268.c	1379	func_80063084	pun-load	u16	2	D_800A34A0	D_800A34A0	s32 (tu-global)	0x0		untyped				
src/main/51268.c	1380	func_80063084	pun-store	u16	2	D_800A34DC	D_800A34DC	s32 (tu-global)	0x0		untyped				
src/main/51268.c	1380	func_80063084	pun-load	u16	2	D_800A3498	D_800A3498	s32 (tu-global)	0x0		untyped				
src/main/51268.c	1380	func_80063084	pun-load	u16	2	D_800A34A4	D_800A34A4	s32 (tu-global)	0x0		untyped				
src/main/51268.c	1381	func_80063084	pun-store	u16	2	D_800A34E0	D_800A34E0	s32 (tu-global)	0x0		untyped				
src/main/51268.c	1381	func_80063084	pun-load	u16	2	D_800A349C	D_800A349C	s32 (tu-global)	0x0		untyped				
src/main/51268.c	1381	func_80063084	pun-load	u16	2	D_800A34A4	D_800A34A4	s32 (tu-global)	0x0		untyped				
src/main/51268.c	1382	func_80063084	pun-load	s32	4	D_800A34D0	D_800A34D0	s32 (tu-global)	0x0		untyped				
src/main/51268.c	1383	func_80063084	pun-load	s32	4	D_800A34B0	D_800A34B0	s32 (tu-global)	0x0		untyped				
src/main/51268.c	1384	func_80063084	pun-store	s32	4	D_800A34B4	D_800A34B4	s32 (tu-global)	0x0		untyped				
src/main/51268.c	1384	func_80063084	pun-load	s32	4	D_800A34B0	D_800A34B0	s32 (tu-global)	0x0		untyped				
src/main/51268.c	1384	func_80063084	pun-load	s32	4	D_800A34D0	D_800A34D0	s32 (tu-global)	0x0		untyped				
src/main/51268.c	1387	func_80063084	pun-store	s16	2	D_800A34C0	D_800A34C0	s32 (tu-global)	0x0		untyped				
src/main/51268.c	1387	func_80063084	pun-load	s16	2	D_800A34A8	D_800A34A8	s32 (tu-global)	0x0		untyped				
src/main/51268.c	1387	func_80063084	pun-load	s32	4	D_800A34B4	D_800A34B4	s32 (tu-global)	0x0		untyped				
src/main/51268.c	1388	func_80063084	pun-load	s16	2	D_800A34A8	D_800A34A8	s32 (tu-global)	0x0		untyped				
src/main/51268.c	1388	func_80063084	pun-load	s32	4	D_800A34B4	D_800A34B4	s32 (tu-global)	0x0		untyped				
src/main/51268.c	1389	func_80063084	pun-store	s32	4	D_800A34C8	D_800A34C8	s32 (tu-global)	0x0		untyped				
src/main/51268.c	1389	func_80063084	pun-load	s16	2	D_800A34AC	D_800A34AC	s32 (tu-global)	0x0		untyped				
src/main/51268.c	1389	func_80063084	pun-load	s32	4	D_800A34B4	D_800A34B4	s32 (tu-global)	0x0		untyped				
src/main/51268.c	1390	func_80063084	pun-load	s16	2	D_800A34AC	D_800A34AC	s32 (tu-global)	0x0		untyped				
src/main/51268.c	1390	func_80063084	pun-load	s32	4	D_800A34B4	D_800A34B4	s32 (tu-global)	0x0		untyped				
src/main/51268.c	1393	func_80063084	pun-store	s16	2	D_800A34C0	D_800A34C0	s32 (tu-global)	0x0		untyped				
src/main/51268.c	1393	func_80063084	pun-load	s16	2	D_800A34C0	D_800A34C0	s32 (tu-global)	0x0		untyped				
src/main/51268.c	1395	func_80063084	pun-store	s16	2	D_800A34C0	D_800A34C0	s32 (tu-global)	0x0		untyped				
src/main/51268.c	1395	func_80063084	pun-load	s16	2	D_800A34C0	D_800A34C0	s32 (tu-global)	0x0		untyped				
src/main/51268.c	1398	func_80063084	pun-store	s32	4	D_800A34C8	D_800A34C8	s32 (tu-global)	0x0		untyped				
src/main/51268.c	1398	func_80063084	pun-load	s32	4	D_800A34C8	D_800A34C8	s32 (tu-global)	0x0		untyped				
src/main/51268.c	1400	func_80063084	pun-store	s32	4	D_800A34C8	D_800A34C8	s32 (tu-global)	0x0		untyped				
src/main/51268.c	1400	func_80063084	pun-load	s32	4	D_800A34C8	D_800A34C8	s32 (tu-global)	0x0		untyped				
src/main/51268.c	1403	func_80063084	pun-store	s32	4	& prim -> r0	prim	POLY_FT4 * (local)	0x0		unknown				
src/main/51268.c	1405	func_80063084	pun-store	s32	4	& prim -> r0	prim	POLY_FT4 * (local)	0x0		unknown				
src/main/51268.c	1409	func_80063084	pun-store	s16	2	D_800A34C0	D_800A34C0	s32 (tu-global)	0x0		untyped				
src/main/51268.c	1409	func_80063084	pun-load	s16	2	D_800A34C0	D_800A34C0	s32 (tu-global)	0x0		untyped				
src/main/51268.c	1410	func_80063084	pun-store	s32	4	D_800A34C8	D_800A34C8	s32 (tu-global)	0x0		untyped				
src/main/51268.c	1410	func_80063084	pun-load	s32	4	D_800A34C8	D_800A34C8	s32 (tu-global)	0x0		untyped				
src/main/51268.c	1415	func_80063084	pun-store	s32	4	& prim -> r0	prim	POLY_FT4 * (local)	0x0		unknown				
src/main/51268.c	1417	func_80063084	pun-store	s32	4	& prim -> r0	prim	POLY_FT4 * (local)	0x0		unknown				
src/main/51268.c	1420	func_80063084	index-store	u8	1	prim	prim	POLY_FT4 * (local)	0x3	POLY_FT4	decl	inside	tag		
src/main/51268.c	1422	func_80063084	pun-store	s16	2	D_800A34C0	D_800A34C0	s32 (tu-global)	0x0		untyped				
src/main/51268.c	1422	func_80063084	pun-load	s16	2	D_800A34C0	D_800A34C0	s32 (tu-global)	0x0		untyped				
src/main/51268.c	1423	func_80063084	pun-store	s16	2	D_800A34BC	D_800A34BC	s32 (tu-global)	0x0		untyped				
src/main/51268.c	1423	func_80063084	pun-load	s16	2	D_800A34C0	D_800A34C0	s32 (tu-global)	0x0		untyped				
src/main/51268.c	1424	func_80063084	pun-store	s32	4	D_800A34C4	D_800A34C4	s32 (tu-global)	0x0		untyped				
src/main/51268.c	1424	func_80063084	pun-load	s32	4	D_800A34C8	D_800A34C8	s32 (tu-global)	0x0		untyped				
src/main/51268.c	1425	func_80063084	pun-store	s32	4	D_800A34C8	D_800A34C8	s32 (tu-global)	0x0		untyped				
src/main/51268.c	1426	func_80063084	pun-store	s32	4	& prim -> x0	prim	POLY_FT4 * (local)	0x0		unknown				
src/main/51268.c	1426	func_80063084	pun-load	s32	4	D_800A34B8	D_800A34B8	s32 (tu-global)	0x0		untyped				
src/main/51268.c	1426	func_80063084	pun-load	s16	2	D_800A34BC	D_800A34BC	s32 (tu-global)	0x0		untyped				
src/main/51268.c	1426	func_80063084	pun-load	s32	4	D_800A34C4	D_800A34C4	s32 (tu-global)	0x0		untyped				
src/main/51268.c	1427	func_80063084	pun-store	s32	4	& prim -> x1	prim	POLY_FT4 * (local)	0x0		unknown				
src/main/51268.c	1427	func_80063084	pun-load	s32	4	D_800A34B8	D_800A34B8	s32 (tu-global)	0x0		untyped				
src/main/51268.c	1427	func_80063084	pun-load	s16	2	D_800A34C0	D_800A34C0	s32 (tu-global)	0x0		untyped				
src/main/51268.c	1427	func_80063084	pun-load	s32	4	D_800A34C4	D_800A34C4	s32 (tu-global)	0x0		untyped				
src/main/51268.c	1428	func_80063084	pun-store	s32	4	& prim -> x2	prim	POLY_FT4 * (local)	0x0		unknown				
src/main/51268.c	1428	func_80063084	pun-load	s32	4	D_800A34B8	D_800A34B8	s32 (tu-global)	0x0		untyped				
src/main/51268.c	1428	func_80063084	pun-load	s16	2	D_800A34BC	D_800A34BC	s32 (tu-global)	0x0		untyped				
src/main/51268.c	1428	func_80063084	pun-load	s32	4	D_800A34C8	D_800A34C8	s32 (tu-global)	0x0		untyped				
src/main/51268.c	1429	func_80063084	pun-store	s32	4	& prim -> x3	prim	POLY_FT4 * (local)	0x0		unknown				
src/main/51268.c	1429	func_80063084	pun-load	s32	4	D_800A34B8	D_800A34B8	s32 (tu-global)	0x0		untyped				
src/main/51268.c	1429	func_80063084	pun-load	s16	2	D_800A34C0	D_800A34C0	s32 (tu-global)	0x0		untyped				
src/main/51268.c	1429	func_80063084	pun-load	s32	4	D_800A34C8	D_800A34C8	s32 (tu-global)	0x0		untyped				
src/main/51268.c	1430	func_80063084	pun-store	s32	4	& prim -> u0	prim	POLY_FT4 * (local)	0x0		unknown				
src/main/51268.c	1430	func_80063084	pun-load	u16	2	D_800A34D4	D_800A34D4	s32 (tu-global)	0x0		untyped				
src/main/51268.c	1430	func_80063084	pun-load	s32	4	D_800A3494	D_800A3494	s32 (tu-global)	0x0		untyped				
src/main/51268.c	1431	func_80063084	pun-store	s32	4	& prim -> u1	prim	POLY_FT4 * (local)	0x0		unknown				
src/main/51268.c	1431	func_80063084	pun-load	u16	2	D_800A34D8	D_800A34D8	s32 (tu-global)	0x0		untyped				
src/main/51268.c	1431	func_80063084	pun-load	s32	4	D_800A3490	D_800A3490	s32 (tu-global)	0x0		untyped				
src/main/51268.c	1432	func_80063084	pun-store	u16	2	& prim -> u2	prim	POLY_FT4 * (local)	0x0		unknown				
src/main/51268.c	1432	func_80063084	pun-load	u16	2	D_800A34DC	D_800A34DC	s32 (tu-global)	0x0		untyped				
src/main/51268.c	1433	func_80063084	pun-store	u16	2	& prim -> u3	prim	POLY_FT4 * (local)	0x0		unknown				
src/main/51268.c	1433	func_80063084	pun-load	u16	2	D_800A34E0	D_800A34E0	s32 (tu-global)	0x0		untyped				
src/main/51268.c	1436	func_80063084	pun-store	u32	4	prim	prim	POLY_FT4 * (local)	0x0	POLY_FT4	decl	exact	tag		
src/main/51268.c	1436	func_80063084	pun-load	u32	4	prim	prim	POLY_FT4 * (local)	0x0	POLY_FT4	decl	exact	tag		
src/main/51268.c	1436	func_80063084	pun-load	u32	4	D_800A34E4	D_800A34E4	s32 (tu-global)	0x0		untyped				
src/main/51268.c	1437	func_80063084	pun-store	u32	4	D_800A34E4	D_800A34E4	s32 (tu-global)	0x0		untyped				
src/main/51268.c	1437	func_80063084	pun-load	u32	4	D_800A34E4	D_800A34E4	s32 (tu-global)	0x0		untyped				
src/main/51268.c	1468	func_80063B78	pun-store	s32	4	D_800A3480	D_800A3480	s32 (tu-global)	0x0		untyped				
src/main/51268.c	1472	func_80063BA4	pun-store	s32	4	D_800A3480	D_800A3480	s32 (tu-global)	0x0		untyped				
src/main/51268.c	1508	func_80063BD0	index-load	u16	2	D_800A3478	D_800A3478	s32 (tu-global)	0x2		untyped				
src/main/51268.c	1510	func_80063BD0	index-load	s32	4	D_800A347C	D_800A347C	s32 (tu-global)	0x0		untyped				
src/main/51268.c	1511	func_80063BD0	index-load	s32	4	D_800A347C	D_800A347C	s32 (tu-global)	0x4		untyped				
src/main/51268.c	1512	func_80063BD0	index-load	s32	4	D_800A347C	D_800A347C	s32 (tu-global)	0x8		untyped				
src/main/51268.c	1518	func_80063BD0	index-load	u16	2	D_800A3478	D_800A3478	s32 (tu-global)	0x2		untyped				
src/main/51268.c	1520	func_80063BD0	index-load	s32	4	D_800A347C	D_800A347C	s32 (tu-global)	0x0		untyped				
src/main/51268.c	1521	func_80063BD0	index-load	s32	4	D_800A347C	D_800A347C	s32 (tu-global)	0x4		untyped				
src/main/51268.c	1522	func_80063BD0	index-load	s32	4	D_800A347C	D_800A347C	s32 (tu-global)	0x8		untyped				
src/main/51268.c	1572	func_80063E10	addr	MATRIX	32	( u8 * ) prim	prim	POLY_FT4 * (local)	0x28	POLY_FT4	decl	beyond	+0x28>=0x28	fn	
src/main/51268.c	1573	func_80063E10	addr	MATRIX	32	( u8 * ) prim	prim	POLY_FT4 * (local)	0x168	POLY_FT4	decl	beyond	+0x168>=0x28	fn	
src/main/51268.c	1574	func_80063E10	addr	s32	4	( u8 * ) prim	prim	POLY_FT4 * (local)	0x188	POLY_FT4	decl	beyond	+0x188>=0x28	fn	
src/main/51268.c	1575	func_80063E10	addr	u16	2	( u8 * ) prim	prim	POLY_FT4 * (local)	0x19C	POLY_FT4	decl	beyond	+0x19C>=0x28	fn	
src/main/51268.c	1576	func_80063E10	addr	u16	2	( u8 * ) prim	prim	POLY_FT4 * (local)	0x1B0	POLY_FT4	decl	beyond	+0x1B0>=0x28	fn	
src/main/51268.c	1583	func_80063E10	pun-load	s32	4	D_800A3480	D_800A3480	s32 (tu-global)	0x0		untyped			fn	
src/main/51268.c	1585	func_80063E10	pun-store	s32	4	D_800A3490	D_800A3490	s32 (tu-global)	0x0		untyped			fn	
src/main/51268.c	1586	func_80063E10	pun-store	s32	4	D_800A3494	D_800A3494	s32 (tu-global)	0x0		untyped			fn	
src/main/51268.c	1586	func_80063E10	index-load	u16	2	D_800A3488	D_800A3488	s32 (tu-global)	0x0		untyped			fn	
src/main/51268.c	1586	func_80063E10	index-load	u16	2	D_800A3488	D_800A3488	s32 (tu-global)	0x2		untyped			fn	
src/main/51268.c	1587	func_80063E10	pun-store	s32	4	D_800A3490	D_800A3490	s32 (tu-global)	0x0		untyped			fn	
src/main/51268.c	1587	func_80063E10	pun-load	s32	4	D_800A3490	D_800A3490	s32 (tu-global)	0x0		untyped			fn	
src/main/51268.c	1588	func_80063E10	pun-store	u16	2	D_800A3498	D_800A3498	s32 (tu-global)	0x0		untyped			fn	
src/main/51268.c	1588	func_80063E10	index-load	u16	2	D_800A3488	D_800A3488	s32 (tu-global)	0x4		untyped			fn	
src/main/51268.c	1589	func_80063E10	pun-store	u16	2	D_800A34A0	D_800A34A0	s32 (tu-global)	0x0		untyped			fn	
src/main/51268.c	1589	func_80063E10	index-load	u16	2	D_800A3488	D_800A3488	s32 (tu-global)	0x6		untyped			fn	
src/main/51268.c	1590	func_80063E10	pun-store	u16	2	D_800A349C	D_800A349C	s32 (tu-global)	0x0		untyped			fn	
src/main/51268.c	1590	func_80063E10	index-load	u16	2	D_800A3488	D_800A3488	s32 (tu-global)	0x4		untyped			fn	
src/main/51268.c	1591	func_80063E10	pun-store	u16	2	D_800A34A4	D_800A34A4	s32 (tu-global)	0x0		untyped			fn	
src/main/51268.c	1591	func_80063E10	index-load	u16	2	D_800A3488	D_800A3488	s32 (tu-global)	0x6		untyped			fn	
src/main/51268.c	1592	func_80063E10	pun-store	u16	2	D_800A34D4	D_800A34D4	s32 (tu-global)	0x0		untyped			fn	
src/main/51268.c	1592	func_80063E10	pun-load	u16	2	D_800A3498	D_800A3498	s32 (tu-global)	0x0		untyped			fn	
src/main/51268.c	1592	func_80063E10	pun-load	u16	2	D_800A34A0	D_800A34A0	s32 (tu-global)	0x0		untyped			fn	
src/main/51268.c	1593	func_80063E10	pun-store	u16	2	D_800A34D8	D_800A34D8	s32 (tu-global)	0x0		untyped			fn	
src/main/51268.c	1593	func_80063E10	pun-load	u16	2	D_800A349C	D_800A349C	s32 (tu-global)	0x0		untyped			fn	
src/main/51268.c	1593	func_80063E10	pun-load	u16	2	D_800A34A0	D_800A34A0	s32 (tu-global)	0x0		untyped			fn	
src/main/51268.c	1594	func_80063E10	pun-store	u16	2	D_800A34DC	D_800A34DC	s32 (tu-global)	0x0		untyped			fn	
src/main/51268.c	1594	func_80063E10	pun-load	u16	2	D_800A3498	D_800A3498	s32 (tu-global)	0x0		untyped			fn	
src/main/51268.c	1594	func_80063E10	pun-load	u16	2	D_800A34A4	D_800A34A4	s32 (tu-global)	0x0		untyped			fn	
src/main/51268.c	1595	func_80063E10	pun-store	u16	2	D_800A34E0	D_800A34E0	s32 (tu-global)	0x0		untyped			fn	
src/main/51268.c	1595	func_80063E10	pun-load	u16	2	D_800A349C	D_800A349C	s32 (tu-global)	0x0		untyped			fn	
src/main/51268.c	1595	func_80063E10	pun-load	u16	2	D_800A34A4	D_800A34A4	s32 (tu-global)	0x0		untyped			fn	
src/main/51268.c	1597	func_80063E10	pun-store	s32	4	D_800A34B0	D_800A34B0	s32 (tu-global)	0x0		untyped			fn	
src/main/51268.c	1609	func_80063E10	index-store	u8	1	prim	prim	POLY_FT4 * (local)	0x3	POLY_FT4	decl	inside	tag	fn	
src/main/51268.c	1611	func_80063E10	pun-store	s32	4	& prim -> u0	prim	POLY_FT4 * (local)	0x0		unknown			fn	
src/main/51268.c	1611	func_80063E10	pun-load	u16	2	D_800A34D4	D_800A34D4	s32 (tu-global)	0x0		untyped			fn	
src/main/51268.c	1611	func_80063E10	pun-load	s32	4	D_800A3494	D_800A3494	s32 (tu-global)	0x0		untyped			fn	
src/main/51268.c	1612	func_80063E10	pun-store	s32	4	& prim -> u1	prim	POLY_FT4 * (local)	0x0		unknown			fn	
src/main/51268.c	1612	func_80063E10	pun-load	u16	2	D_800A34D8	D_800A34D8	s32 (tu-global)	0x0		untyped			fn	
src/main/51268.c	1612	func_80063E10	pun-load	s32	4	D_800A3490	D_800A3490	s32 (tu-global)	0x0		untyped			fn	
src/main/51268.c	1613	func_80063E10	pun-store	u16	2	& prim -> u2	prim	POLY_FT4 * (local)	0x0		unknown			fn	
src/main/51268.c	1613	func_80063E10	pun-load	u16	2	D_800A34DC	D_800A34DC	s32 (tu-global)	0x0		untyped			fn	
src/main/51268.c	1614	func_80063E10	pun-store	u16	2	& prim -> u3	prim	POLY_FT4 * (local)	0x0		unknown			fn	
src/main/51268.c	1614	func_80063E10	pun-load	u16	2	D_800A34E0	D_800A34E0	s32 (tu-global)	0x0		untyped			fn	
src/main/51268.c	1615	func_80063E10	index-load	s32	4	D_800A3470	D_800A3470	s32 (tu-global)	0x0		untyped			fn	
src/main/51268.c	1616	func_80063E10	index-load	s32	4	D_800A3470	D_800A3470	s32 (tu-global)	0x4		untyped			fn	
src/main/51268.c	1617	func_80063E10	index-load	s32	4	D_800A3470	D_800A3470	s32 (tu-global)	0x8		untyped			fn	
src/main/51268.c	1663	func_80063E10	ptradd	u8	1	& mats [ i ]	mats	MATRIX * (local)	0x2	MATRIX	decl	inside	m[0]	fn	
src/main/51268.c	1678	func_80063E10	ptradd	u8	1	cm	cm	MATRIX * (local)	0x2	MATRIX	decl	inside	m[0]	fn	
src/main/51268.c	1687	func_80063E10	ptradd	u8	1	& mats [ i ]	mats	MATRIX * (local)	0x4	MATRIX	decl	inside	m[0]	fn	
src/main/51268.c	1702	func_80063E10	ptradd	u8	1	cm	cm	MATRIX * (local)	0x4	MATRIX	decl	inside	m[0]	fn	
src/main/51268.c	1780	func_80063E10	pun-load	s32	4	D_800A34D0	D_800A34D0	s32 (tu-global)	0x0		untyped			fn	
src/main/51268.c	1783	func_80063E10	pun-store	s32	4	D_800A34D0	D_800A34D0	s32 (tu-global)	0x0		untyped			fn	
src/main/51268.c	1783	func_80063E10	pun-load	s32	4	D_800A34D0	D_800A34D0	s32 (tu-global)	0x0		untyped			fn	
src/main/51268.c	1784	func_80063E10	pun-load	s32	4	D_800A34D0	D_800A34D0	s32 (tu-global)	0x0		untyped			fn	
src/main/51268.c	1787	func_80063E10	pun-load	s32	4	D_800A34B0	D_800A34B0	s32 (tu-global)	0x0		untyped			fn	
src/main/51268.c	1787	func_80063E10	pun-load	s32	4	D_800A34D0	D_800A34D0	s32 (tu-global)	0x0		untyped			fn	
src/main/51268.c	1790	func_80063E10	pun-load	s32	4	D_800A34D0	D_800A34D0	s32 (tu-global)	0x0		untyped			fn	
src/main/51268.c	1806	func_80063E10	pun-store	s32	4	& prim -> x0	prim	POLY_FT4 * (local)	0x0		unknown			fn	
src/main/51268.c	1807	func_80063E10	pun-store	s32	4	& prim -> x1	prim	POLY_FT4 * (local)	0x0		unknown			fn	
src/main/51268.c	1808	func_80063E10	pun-store	s32	4	& prim -> x2	prim	POLY_FT4 * (local)	0x0		unknown			fn	
src/main/51268.c	1809	func_80063E10	pun-store	s32	4	& prim -> x3	prim	POLY_FT4 * (local)	0x0		unknown			fn	
src/main/51268.c	1823	func_80063E10	pun-store	u32	4	D_800A34E8	D_800A34E8	s32 (tu-global)	0x0		untyped			fn	
src/main/51268.c	1823	func_80063E10	pun-load	u32	4	D_800A34E8	D_800A34E8	s32 (tu-global)	0x0		untyped			fn	
src/main/51268.c	1823	func_80063E10	pun-load	u32	4	D_800A34E4	D_800A34E4	s32 (tu-global)	0x0		untyped			fn	
src/main/51268.c	1824	func_80063E10	pun-store	u32	4	D_800A34E4	D_800A34E4	s32 (tu-global)	0x0		untyped			fn	
src/main/51268.c	1824	func_80063E10	pun-load	u32	4	D_800A34E4	D_800A34E4	s32 (tu-global)	0x0		untyped			fn	
src/main/51268.c	1859	func_800644FC	addr	s16	2	( u8 * ) D_800F1000	D_800F1000	SVECTOR[] (tu-global)	computed	SVECTOR	decl	computed	vx	fn	
src/main/51268.c	1884	func_800645B0	index-load	s32	4	D_800A347C	D_800A347C	s32 (tu-global)	0x0		untyped				
src/main/51268.c	1885	func_800645B0	index-load	s32	4	D_800A347C	D_800A347C	s32 (tu-global)	0x4		untyped				
src/main/51268.c	1886	func_800645B0	index-load	s32	4	D_800A347C	D_800A347C	s32 (tu-global)	0x8		untyped				
src/main/51268.c	1931	func_800646E8	addr	u32	4	base	base	u8 * (local)	0x48		untyped				
src/main/51268.c	1932	func_800646E8	addr	s16	2	base	base	u8 * (local)	0x10		untyped				
src/main/51268.c	1933	func_800646E8	addr	s16	2	base	base	u8 * (local)	0x12		untyped				
src/main/51268.c	1934	func_800646E8	addr	s32	4	base	base	u8 * (local)	0x14		untyped				
src/main/51268.c	1935	func_800646E8	addr	VECTOR	16	base	base	u8 * (local)	0x18		untyped				
src/main/51268.c	1936	func_800646E8	addr	VECTOR	16	base	base	u8 * (local)	0x28		untyped				
src/main/51268.c	1937	func_800646E8	addr	SVECTOR	8	base	base	u8 * (local)	0x38		untyped				
src/main/51268.c	1938	func_800646E8	addr	s32	4	base	base	u8 * (local)	0x40		untyped				
src/main/51268.c	1939	func_800646E8	addr	POLY_FT4 *	4	base	base	u8 * (local)	0x44		untyped				
src/main/51268.c	1955	func_800646E8	pun-store	s32	4	D_800A34B0	D_800A34B0	s32 (tu-global)	0x0		untyped				
src/main/51268.c	1956	func_800646E8	pun-store	s16	2	D_800A34A8	D_800A34A8	s32 (tu-global)	0x0		untyped				
src/main/51268.c	1957	func_800646E8	pun-store	s16	2	D_800A34AC	D_800A34AC	s32 (tu-global)	0x0		untyped				
src/main/51268.c	1958	func_800646E8	pun-store	s32	4	D_800A3490	D_800A3490	s32 (tu-global)	0x0		untyped				
src/main/51268.c	1967	func_800646E8	index-load	s32	4	D_800A3470	D_800A3470	s32 (tu-global)	0x0		untyped				
src/main/51268.c	1968	func_800646E8	index-load	s32	4	D_800A3470	D_800A3470	s32 (tu-global)	0x4		untyped				
src/main/51268.c	1969	func_800646E8	index-load	s32	4	D_800A3470	D_800A3470	s32 (tu-global)	0x8		untyped				
src/main/51268.c	1972	func_800646E8	ptradd	u8	1	trans	trans	VECTOR * (local)	-0x14	VECTOR	decl	beyond	+0x-14>=0x10		
src/main/51268.c	1979	func_800646E8	pun-store	s32	4	D_800A3494	D_800A3494	s32 (tu-global)	0x0		untyped				
src/main/51268.c	1979	func_800646E8	struct-cast	TexRec->clut_x		D_800A3488	D_800A3488	s32 (tu-global)	0x0		untyped				
src/main/51268.c	1979	func_800646E8	struct-cast	TexRec->clut_y		D_800A3488	D_800A3488	s32 (tu-global)	0x2		untyped				
src/main/51268.c	1980	func_800646E8	pun-store	u16	2	D_800A3498	D_800A3498	s32 (tu-global)	0x0		untyped				
src/main/51268.c	1980	func_800646E8	struct-cast	TexRec->u		D_800A3488	D_800A3488	s32 (tu-global)	0x4		untyped				
src/main/51268.c	1981	func_800646E8	pun-store	u16	2	D_800A34A0	D_800A34A0	s32 (tu-global)	0x0		untyped				
src/main/51268.c	1981	func_800646E8	struct-cast	TexRec->v		D_800A3488	D_800A3488	s32 (tu-global)	0x6		untyped				
src/main/51268.c	1982	func_800646E8	pun-store	u16	2	D_800A349C	D_800A349C	s32 (tu-global)	0x0		untyped				
src/main/51268.c	1982	func_800646E8	struct-cast	TexRec->u		D_800A3488	D_800A3488	s32 (tu-global)	0x4		untyped				
src/main/51268.c	1983	func_800646E8	pun-store	u16	2	D_800A34A4	D_800A34A4	s32 (tu-global)	0x0		untyped				
src/main/51268.c	1983	func_800646E8	struct-cast	TexRec->v		D_800A3488	D_800A3488	s32 (tu-global)	0x6		untyped				
src/main/51268.c	1984	func_800646E8	pun-load	s32	4	D_800A34D0	D_800A34D0	s32 (tu-global)	0x0		untyped				
src/main/51268.c	1988	func_800646E8	pun-load	s32	4	D_800A34B0	D_800A34B0	s32 (tu-global)	0x0		untyped				
src/main/51268.c	1991	func_800646E8	pun-store	s32	4	D_800A34B4	D_800A34B4	s32 (tu-global)	0x0		untyped				
src/main/51268.c	1991	func_800646E8	pun-load	s32	4	D_800A34B0	D_800A34B0	s32 (tu-global)	0x0		untyped				
src/main/51268.c	1991	func_800646E8	pun-load	s32	4	D_800A34D0	D_800A34D0	s32 (tu-global)	0x0		untyped				
src/main/51268.c	1992	func_800646E8	pun-load	s16	2	D_800A34A8	D_800A34A8	s32 (tu-global)	0x0		untyped				
src/main/51268.c	1992	func_800646E8	pun-load	s32	4	D_800A34B4	D_800A34B4	s32 (tu-global)	0x0		untyped				
src/main/51268.c	1993	func_800646E8	pun-load	s16	2	D_800A34A8	D_800A34A8	s32 (tu-global)	0x0		untyped				
src/main/51268.c	1993	func_800646E8	pun-load	s32	4	D_800A34B4	D_800A34B4	s32 (tu-global)	0x0		untyped				
src/main/51268.c	1994	func_800646E8	pun-load	s16	2	D_800A34AC	D_800A34AC	s32 (tu-global)	0x0		untyped				
src/main/51268.c	1994	func_800646E8	pun-load	s32	4	D_800A34B4	D_800A34B4	s32 (tu-global)	0x0		untyped				
src/main/51268.c	1995	func_800646E8	pun-load	s16	2	D_800A34AC	D_800A34AC	s32 (tu-global)	0x0		untyped				
src/main/51268.c	1995	func_800646E8	pun-load	s32	4	D_800A34B4	D_800A34B4	s32 (tu-global)	0x0		untyped				
src/main/51268.c	1999	func_800646E8	pun-load	s32	4	D_800A3490	D_800A3490	s32 (tu-global)	0x0		untyped				
src/main/51268.c	2000	func_800646E8	pun-load	s32	4	D_800A3494	D_800A3494	s32 (tu-global)	0x0		untyped				
src/main/51268.c	2010	func_800646E8	pun-load	s32	4	D_800A34B8	D_800A34B8	s32 (tu-global)	0x0		untyped				
src/main/51268.c	2011	func_800646E8	pun-load	s32	4	D_800A34B8	D_800A34B8	s32 (tu-global)	0x0		untyped				
src/main/51268.c	2012	func_800646E8	pun-load	s32	4	D_800A34B8	D_800A34B8	s32 (tu-global)	0x0		untyped				
src/main/51268.c	2013	func_800646E8	pun-load	s32	4	D_800A34B8	D_800A34B8	s32 (tu-global)	0x0		untyped				
src/main/51268.c	2014	func_800646E8	pun-load	s32	4	D_800A34B8	D_800A34B8	s32 (tu-global)	0x0		untyped				
src/main/51268.c	2015	func_800646E8	pun-load	s32	4	D_800A34B8	D_800A34B8	s32 (tu-global)	0x0		untyped				
src/main/51268.c	2016	func_800646E8	pun-load	s32	4	D_800A34B8	D_800A34B8	s32 (tu-global)	0x0		untyped				
src/main/51268.c	2017	func_800646E8	pun-load	s32	4	D_800A34B8	D_800A34B8	s32 (tu-global)	0x0		untyped				
src/main/51268.c	2018	func_800646E8	pun-load	u16	2	D_800A3498	D_800A3498	s32 (tu-global)	0x0		untyped				
src/main/51268.c	2019	func_800646E8	pun-load	u16	2	D_800A34A0	D_800A34A0	s32 (tu-global)	0x0		untyped				
src/main/51268.c	2020	func_800646E8	pun-load	u16	2	D_800A349C	D_800A349C	s32 (tu-global)	0x0		untyped				
src/main/51268.c	2021	func_800646E8	pun-load	u16	2	D_800A34A0	D_800A34A0	s32 (tu-global)	0x0		untyped				
src/main/51268.c	2022	func_800646E8	pun-load	u16	2	D_800A3498	D_800A3498	s32 (tu-global)	0x0		untyped				
src/main/51268.c	2023	func_800646E8	pun-load	u16	2	D_800A34A4	D_800A34A4	s32 (tu-global)	0x0		untyped				
src/main/51268.c	2024	func_800646E8	pun-load	u16	2	D_800A349C	D_800A349C	s32 (tu-global)	0x0		untyped				
src/main/51268.c	2025	func_800646E8	pun-load	u16	2	D_800A34A4	D_800A34A4	s32 (tu-global)	0x0		untyped				
src/main/51268.c	2044	func_800646E8	pun-store	u32	4	D_800A34E8	D_800A34E8	s32 (tu-global)	0x0		untyped				
src/main/51268.c	2044	func_800646E8	pun-load	u32	4	D_800A34E8	D_800A34E8	s32 (tu-global)	0x0		untyped				
src/main/51268.c	2044	func_800646E8	pun-load	u32	4	D_800A34E4	D_800A34E4	s32 (tu-global)	0x0		untyped				
src/main/51268.c	2045	func_800646E8	pun-store	u32	4	D_800A34E4	D_800A34E4	s32 (tu-global)	0x0		untyped				
src/main/51268.c	2045	func_800646E8	pun-load	u32	4	D_800A34E4	D_800A34E4	s32 (tu-global)	0x0		untyped				
src/main/51268.c	2054	func_80064E90	deref-load	s32	4	( s32 ) p	p	void * (local)	0x0		untyped				
src/main/51268.c	2055	func_80064E90	deref-load	s32	4	( s32 ) p	p	void * (local)	0x4		untyped				
src/main/51268.c	2056	func_80064E90	deref-load	s32	4	( s32 ) p	p	void * (local)	0x8		untyped				
src/main/51268.c	2065	func_80064ED8	deref-load	s32	4	( s32 ) p	p	void * (local)	0x0		untyped				
src/main/51268.c	2066	func_80064ED8	deref-load	s32	4	( s32 ) p	p	void * (local)	0x4		untyped				
src/main/51268.c	2067	func_80064ED8	deref-load	s32	4	( s32 ) p	p	void * (local)	0x8		untyped				
src/main/51268.c	2076	func_80064F20	deref-load	s32	4	( s32 ) p	p	void * (local)	0x0		untyped				
src/main/51268.c	2077	func_80064F20	deref-load	s32	4	( s32 ) p	p	void * (local)	0x4		untyped				
src/main/51268.c	2078	func_80064F20	deref-load	s32	4	( s32 ) p	p	void * (local)	0x8		untyped				
src/main/51268.c	2088	func_80064F68	deref-load	s32	4	( s32 ) p	p	void * (local)	0x0		untyped				
src/main/51268.c	2089	func_80064F68	deref-load	s32	4	( s32 ) p	p	void * (local)	0x4		untyped				
src/main/51268.c	2090	func_80064F68	deref-load	s32	4	( s32 ) p	p	void * (local)	0x8		untyped				
src/main/51268.c	2101	func_80064FB4	deref-load	s32	4	( s32 ) p	p	void * (local)	0x0		untyped				
src/main/51268.c	2102	func_80064FB4	deref-load	s32	4	( s32 ) p	p	void * (local)	0x4		untyped				
src/main/51268.c	2103	func_80064FB4	deref-load	s32	4	( s32 ) p	p	void * (local)	0x8		untyped				
src/main/51268.c	2115	func_80065000	deref-load	s32	4	( s32 ) p	p	void * (local)	0x0		untyped				
src/main/51268.c	2116	func_80065000	deref-load	s32	4	( s32 ) p	p	void * (local)	0x4		untyped				
src/main/51268.c	2117	func_80065000	deref-load	s32	4	( s32 ) p	p	void * (local)	0x8		untyped				
src/main/51268.c	2121	func_80065000	pun-load	s32	4	q	q	void * (local)	0x0		untyped				
src/main/51268.c	2128	func_8006505C	deref-load	s32	4	( s32 ) p	p	void * (local)	0x0		untyped				
src/main/51268.c	2129	func_8006505C	deref-load	s32	4	( s32 ) p	p	void * (local)	0x4		untyped				
src/main/51268.c	2130	func_8006505C	deref-load	s32	4	( s32 ) p	p	void * (local)	0x8		untyped				
src/main/51268.c	2139	func_800650A4	deref-load	s32	4	( s32 ) p	p	void * (local)	0x0		untyped				
src/main/51268.c	2140	func_800650A4	deref-load	s32	4	( s32 ) p	p	void * (local)	0x4		untyped				
src/main/51268.c	2141	func_800650A4	deref-load	s32	4	( s32 ) p	p	void * (local)	0x8		untyped				
src/main/51268.c	2150	func_800650EC	deref-load	s32	4	( s32 ) p	p	void * (local)	0x0		untyped				
src/main/51268.c	2151	func_800650EC	deref-load	s32	4	( s32 ) p	p	void * (local)	0x4		untyped				
src/main/51268.c	2152	func_800650EC	deref-load	s32	4	( s32 ) p	p	void * (local)	0x8		untyped				
src/main/51268.c	2161	func_80065134	deref-load	s32	4	( s32 ) p	p	void * (local)	0x0		untyped				
src/main/51268.c	2162	func_80065134	deref-load	s32	4	( s32 ) p	p	void * (local)	0x4		untyped				
src/main/51268.c	2163	func_80065134	deref-load	s32	4	( s32 ) p	p	void * (local)	0x8		untyped				
src/main/51268.c	2208	func_80065264	deref-load	s32	4	( s32 ) p	p	void * (local)	0x0		untyped				
src/main/51268.c	2209	func_80065264	deref-load	s32	4	( s32 ) p	p	void * (local)	0x4		untyped				
src/main/51268.c	2210	func_80065264	deref-load	s32	4	( s32 ) p	p	void * (local)	0x8		untyped				
src/main/51268.c	2219	func_800652AC	deref-load	s32	4	( s32 ) p	p	void * (local)	0x0		untyped				
src/main/51268.c	2220	func_800652AC	deref-load	s32	4	( s32 ) p	p	void * (local)	0x4		untyped				
src/main/51268.c	2221	func_800652AC	deref-load	s32	4	( s32 ) p	p	void * (local)	0x8		untyped				
src/main/51268.c	2286	func_80065484	pun-store	s32	4	D_800A3484	D_800A3484	s32 (tu-global)	0x0		untyped				
src/main/51268.c	2288	func_80065484	pun-load	s32	4	D_800A3484	D_800A3484	s32 (tu-global)	0x0		untyped				
src/main/51268.c	2457	func_80065800	addr	s32	4	outer	outer	s32 (local)	0x10		untyped			fn	
src/main/51268.c	2458	func_80065800	addr	VECTOR	16	outer	outer	s32 (local)	0x14		untyped			fn	
src/main/51268.c	2459	func_80065800	addr	VECTOR	16	outer	outer	s32 (local)	0x54		untyped			fn	
src/main/51268.c	2460	func_80065800	addr	SVECTOR	8	outer	outer	s32 (local)	0x64		untyped			fn	
src/main/51268.c	2461	func_80065800	addr	s16	2	outer	outer	s32 (local)	0x6C		untyped			fn	
src/main/51268.c	2462	func_80065800	addr	s16	2	outer	outer	s32 (local)	0x70		untyped			fn	
src/main/51268.c	2463	func_80065800	addr	MATRIX	32	outer	outer	s32 (local)	0x74		untyped			fn	
src/main/51268.c	2464	func_80065800	addr	s16	2	outer	outer	s32 (local)	0x94		untyped			fn	
src/main/51268.c	2465	func_80065800	addr	s16	2	outer	outer	s32 (local)	0x96		untyped			fn	
src/main/51268.c	2480	func_80065800	index-load	s32	4	D_800A3470	D_800A3470	s32 (tu-global)	0x0		untyped			fn	
src/main/51268.c	2481	func_80065800	index-load	s32	4	D_800A3470	D_800A3470	s32 (tu-global)	0x4		untyped			fn	
src/main/51268.c	2482	func_80065800	index-load	s32	4	D_800A3470	D_800A3470	s32 (tu-global)	0x8		untyped			fn	
src/main/51268.c	2528	func_80065800	pun-store	s32	4	D_800A34D0	D_800A34D0	s32 (tu-global)	0x0		untyped			fn	
src/main/51268.c	2528	func_80065800	pun-load	s32	4	D_800A34D0	D_800A34D0	s32 (tu-global)	0x0		untyped			fn	
src/main/51268.c	2528	func_80065800	pun-load	s32	4	D_800A34D0	D_800A34D0	s32 (tu-global)	0x0		untyped			fn	
src/main/51268.c	2531	func_80065800	pun-store	s16	2	D_800A34A8	D_800A34A8	s32 (tu-global)	0x0		untyped			fn	
src/main/51268.c	2532	func_80065800	pun-store	s16	2	D_800A34AC	D_800A34AC	s32 (tu-global)	0x0		untyped			fn	
src/main/51268.c	2535	func_80065800	pun-store	s32	4	D_800A3490	D_800A3490	s32 (tu-global)	0x0		untyped			fn	
src/main/51268.c	2539	func_80065800	pun-load	s32	4	D_800A34D0	D_800A34D0	s32 (tu-global)	0x0		untyped			fn	
src/main/51268.c	2558	func_80065800	pun-store	s16	2	D_800A34A8	D_800A34A8	s32 (tu-global)	0x0		untyped			fn	
src/main/51268.c	2559	func_80065800	pun-store	s16	2	D_800A34AC	D_800A34AC	s32 (tu-global)	0x0		untyped			fn	
src/main/51268.c	2613	func_80065800	pun-store	s16	2	D_800A34A8	D_800A34A8	s32 (tu-global)	0x0		untyped			fn	
src/main/51268.c	2614	func_80065800	pun-store	s16	2	D_800A34AC	D_800A34AC	s32 (tu-global)	0x0		untyped			fn	
src/main/51268.c	2615	func_80065800	pun-store	s32	4	D_800A3490	D_800A3490	s32 (tu-global)	0x0		untyped			fn	
src/main/51268.c	2617	func_80065800	pun-store	s16	2	D_800A34A8	D_800A34A8	s32 (tu-global)	0x0		untyped			fn	
src/main/51268.c	2618	func_80065800	pun-store	s16	2	D_800A34AC	D_800A34AC	s32 (tu-global)	0x0		untyped			fn	
src/main/51268.c	2633	func_80065800	pun-store	s16	2	D_800A34A8	D_800A34A8	s32 (tu-global)	0x0		untyped			fn	
src/main/51268.c	2634	func_80065800	pun-store	s16	2	D_800A34AC	D_800A34AC	s32 (tu-global)	0x0		untyped			fn	
src/main/51268.c	2643	func_80065800	pun-store	s16	2	D_800A34A8	D_800A34A8	s32 (tu-global)	0x0		untyped			fn	
src/main/51268.c	2644	func_80065800	pun-store	s16	2	D_800A34AC	D_800A34AC	s32 (tu-global)	0x0		untyped			fn	
src/main/51268.c	2651	func_80065800	pun-store	s32	4	D_800A3490	D_800A3490	s32 (tu-global)	0x0		untyped			fn	
src/main/51268.c	2658	func_80065800	pun-store	s32	4	D_800A3490	D_800A3490	s32 (tu-global)	0x0		untyped			fn	
src/main/51268.c	2669	func_80065800	pun-store	s32	4	D_800A3494	D_800A3494	s32 (tu-global)	0x0		untyped			fn	
src/main/51268.c	2669	func_80065800	index-load	u16	2	D_800A3488	D_800A3488	s32 (tu-global)	0x0		untyped			fn	
src/main/51268.c	2669	func_80065800	index-load	u16	2	D_800A3488	D_800A3488	s32 (tu-global)	0x2		untyped			fn	
src/main/51268.c	2670	func_80065800	pun-store	u16	2	D_800A3498	D_800A3498	s32 (tu-global)	0x0		untyped			fn	
src/main/51268.c	2670	func_80065800	index-load	u16	2	D_800A3488	D_800A3488	s32 (tu-global)	0x4		untyped			fn	
src/main/51268.c	2671	func_80065800	pun-store	u16	2	D_800A34A0	D_800A34A0	s32 (tu-global)	0x0		untyped			fn	
src/main/51268.c	2671	func_80065800	index-load	u16	2	D_800A3488	D_800A3488	s32 (tu-global)	0x6		untyped			fn	
src/main/51268.c	2672	func_80065800	pun-store	u16	2	D_800A349C	D_800A349C	s32 (tu-global)	0x0		untyped			fn	
src/main/51268.c	2672	func_80065800	index-load	u16	2	D_800A3488	D_800A3488	s32 (tu-global)	0x4		untyped			fn	
src/main/51268.c	2673	func_80065800	pun-store	u16	2	D_800A34A4	D_800A34A4	s32 (tu-global)	0x0		untyped			fn	
src/main/51268.c	2673	func_80065800	index-load	u16	2	D_800A3488	D_800A3488	s32 (tu-global)	0x6		untyped			fn	
src/main/51268.c	2674	func_80065800	pun-store	s32	4	D_800A34B0	D_800A34B0	s32 (tu-global)	0x0		untyped			fn	
src/main/51268.c	2675	func_80065800	pun-store	s32	4	D_800A34B4	D_800A34B4	s32 (tu-global)	0x0		untyped			fn	
src/main/51268.c	2675	func_80065800	pun-load	s32	4	D_800A34B0	D_800A34B0	s32 (tu-global)	0x0		untyped			fn	
src/main/51268.c	2675	func_80065800	pun-load	s32	4	D_800A34D0	D_800A34D0	s32 (tu-global)	0x0		untyped			fn	
src/main/51268.c	2676	func_80065800	pun-load	s16	2	D_800A34A8	D_800A34A8	s32 (tu-global)	0x0		untyped			fn	
src/main/51268.c	2676	func_80065800	pun-load	s32	4	D_800A34B4	D_800A34B4	s32 (tu-global)	0x0		untyped			fn	
src/main/51268.c	2677	func_80065800	pun-load	s16	2	D_800A34A8	D_800A34A8	s32 (tu-global)	0x0		untyped			fn	
src/main/51268.c	2677	func_80065800	pun-load	s32	4	D_800A34B4	D_800A34B4	s32 (tu-global)	0x0		untyped			fn	
src/main/51268.c	2678	func_80065800	pun-load	s16	2	D_800A34AC	D_800A34AC	s32 (tu-global)	0x0		untyped			fn	
src/main/51268.c	2678	func_80065800	pun-load	s32	4	D_800A34B4	D_800A34B4	s32 (tu-global)	0x0		untyped			fn	
src/main/51268.c	2679	func_80065800	pun-load	s16	2	D_800A34AC	D_800A34AC	s32 (tu-global)	0x0		untyped			fn	
src/main/51268.c	2679	func_80065800	pun-load	s32	4	D_800A34B4	D_800A34B4	s32 (tu-global)	0x0		untyped			fn	
src/main/51268.c	2681	func_80065800	pun-load	s32	4	D_800A3490	D_800A3490	s32 (tu-global)	0x0		untyped			fn	
src/main/51268.c	2682	func_80065800	pun-load	s32	4	D_800A3494	D_800A3494	s32 (tu-global)	0x0		untyped			fn	
src/main/51268.c	2683	func_80065800	pun-load	u16	2	D_800A3498	D_800A3498	s32 (tu-global)	0x0		untyped			fn	
src/main/51268.c	2684	func_80065800	pun-load	u16	2	D_800A34A0	D_800A34A0	s32 (tu-global)	0x0		untyped			fn	
src/main/51268.c	2685	func_80065800	pun-load	u16	2	D_800A349C	D_800A349C	s32 (tu-global)	0x0		untyped			fn	
src/main/51268.c	2686	func_80065800	pun-load	u16	2	D_800A34A0	D_800A34A0	s32 (tu-global)	0x0		untyped			fn	
src/main/51268.c	2687	func_80065800	pun-load	u16	2	D_800A3498	D_800A3498	s32 (tu-global)	0x0		untyped			fn	
src/main/51268.c	2688	func_80065800	pun-load	u16	2	D_800A34A4	D_800A34A4	s32 (tu-global)	0x0		untyped			fn	
src/main/51268.c	2689	func_80065800	pun-load	u16	2	D_800A349C	D_800A349C	s32 (tu-global)	0x0		untyped			fn	
src/main/51268.c	2690	func_80065800	pun-load	u16	2	D_800A34A4	D_800A34A4	s32 (tu-global)	0x0		untyped			fn	
src/main/51268.c	2697	func_80065800	pun-load	s32	4	D_800A34B8	D_800A34B8	s32 (tu-global)	0x0		untyped			fn	
src/main/51268.c	2698	func_80065800	pun-load	s32	4	D_800A34B8	D_800A34B8	s32 (tu-global)	0x0		untyped			fn	
src/main/51268.c	2699	func_80065800	pun-load	s32	4	D_800A34B8	D_800A34B8	s32 (tu-global)	0x0		untyped			fn	
src/main/51268.c	2700	func_80065800	pun-load	s32	4	D_800A34B8	D_800A34B8	s32 (tu-global)	0x0		untyped			fn	
src/main/51268.c	2701	func_80065800	pun-load	s32	4	D_800A34B8	D_800A34B8	s32 (tu-global)	0x0		untyped			fn	
src/main/51268.c	2702	func_80065800	pun-load	s32	4	D_800A34B8	D_800A34B8	s32 (tu-global)	0x0		untyped			fn	
src/main/51268.c	2703	func_80065800	pun-load	s32	4	D_800A34B8	D_800A34B8	s32 (tu-global)	0x0		untyped			fn	
src/main/51268.c	2704	func_80065800	pun-load	s32	4	D_800A34B8	D_800A34B8	s32 (tu-global)	0x0		untyped			fn	
src/main/51268.c	2737	func_80065800	pun-load	s32	4	D_800A34B8	D_800A34B8	s32 (tu-global)	0x0		untyped			fn	
src/main/51268.c	2738	func_80065800	pun-load	s32	4	D_800A34B8	D_800A34B8	s32 (tu-global)	0x0		untyped			fn	
src/main/51268.c	2739	func_80065800	pun-load	s32	4	D_800A34B8	D_800A34B8	s32 (tu-global)	0x0		untyped			fn	
src/main/51268.c	2740	func_80065800	pun-load	s32	4	D_800A34B8	D_800A34B8	s32 (tu-global)	0x0		untyped			fn	
src/main/51268.c	2741	func_80065800	pun-load	s32	4	D_800A34B8	D_800A34B8	s32 (tu-global)	0x0		untyped			fn	
src/main/51268.c	2742	func_80065800	pun-load	s32	4	D_800A34B8	D_800A34B8	s32 (tu-global)	0x0		untyped			fn	
src/main/51268.c	2743	func_80065800	pun-load	s32	4	D_800A34B8	D_800A34B8	s32 (tu-global)	0x0		untyped			fn	
src/main/51268.c	2744	func_80065800	pun-load	s32	4	D_800A34B8	D_800A34B8	s32 (tu-global)	0x0		untyped			fn	
src/main/51268.c	2763	func_80065800	pun-load	s32	4	D_800A34B8	D_800A34B8	s32 (tu-global)	0x0		untyped			fn	
src/main/51268.c	2764	func_80065800	pun-load	s32	4	D_800A34B8	D_800A34B8	s32 (tu-global)	0x0		untyped			fn	
src/main/51268.c	2765	func_80065800	pun-load	s32	4	D_800A34B8	D_800A34B8	s32 (tu-global)	0x0		untyped			fn	
src/main/51268.c	2766	func_80065800	pun-load	s32	4	D_800A34B8	D_800A34B8	s32 (tu-global)	0x0		untyped			fn	
src/main/51268.c	2767	func_80065800	pun-load	s32	4	D_800A34B8	D_800A34B8	s32 (tu-global)	0x0		untyped			fn	
src/main/51268.c	2768	func_80065800	pun-load	s32	4	D_800A34B8	D_800A34B8	s32 (tu-global)	0x0		untyped			fn	
src/main/51268.c	2769	func_80065800	pun-load	s32	4	D_800A34B8	D_800A34B8	s32 (tu-global)	0x0		untyped			fn	
src/main/51268.c	2770	func_80065800	pun-load	s32	4	D_800A34B8	D_800A34B8	s32 (tu-global)	0x0		untyped			fn	
src/main/51268.c	2780	func_80065800	pun-load	s32	4	D_800A34B8	D_800A34B8	s32 (tu-global)	0x0		untyped			fn	
src/main/51268.c	2781	func_80065800	pun-load	s32	4	D_800A34B8	D_800A34B8	s32 (tu-global)	0x0		untyped			fn	
src/main/51268.c	2782	func_80065800	pun-load	s32	4	D_800A34B8	D_800A34B8	s32 (tu-global)	0x0		untyped			fn	
src/main/51268.c	2783	func_80065800	pun-load	s32	4	D_800A34B8	D_800A34B8	s32 (tu-global)	0x0		untyped			fn	
src/main/51268.c	2784	func_80065800	pun-load	s32	4	D_800A34B8	D_800A34B8	s32 (tu-global)	0x0		untyped			fn	
src/main/51268.c	2785	func_80065800	pun-load	s32	4	D_800A34B8	D_800A34B8	s32 (tu-global)	0x0		untyped			fn	
src/main/51268.c	2786	func_80065800	pun-load	s32	4	D_800A34B8	D_800A34B8	s32 (tu-global)	0x0		untyped			fn	
src/main/51268.c	2787	func_80065800	pun-load	s32	4	D_800A34B8	D_800A34B8	s32 (tu-global)	0x0		untyped			fn	
src/main/51268.c	2804	func_80065800	pun-load	s32	4	D_800A34B8	D_800A34B8	s32 (tu-global)	0x0		untyped			fn	
src/main/51268.c	2805	func_80065800	pun-load	s32	4	D_800A34B8	D_800A34B8	s32 (tu-global)	0x0		untyped			fn	
src/main/51268.c	2806	func_80065800	pun-load	s32	4	D_800A34B8	D_800A34B8	s32 (tu-global)	0x0		untyped			fn	
src/main/51268.c	2807	func_80065800	pun-load	s32	4	D_800A34B8	D_800A34B8	s32 (tu-global)	0x0		untyped			fn	
src/main/51268.c	2808	func_80065800	pun-load	s32	4	D_800A34B8	D_800A34B8	s32 (tu-global)	0x0		untyped			fn	
src/main/51268.c	2809	func_80065800	pun-load	s32	4	D_800A34B8	D_800A34B8	s32 (tu-global)	0x0		untyped			fn	
src/main/51268.c	2810	func_80065800	pun-load	s32	4	D_800A34B8	D_800A34B8	s32 (tu-global)	0x0		untyped			fn	
src/main/51268.c	2811	func_80065800	pun-load	s32	4	D_800A34B8	D_800A34B8	s32 (tu-global)	0x0		untyped			fn	
src/main/51268.c	2813	func_80065800	pun-load	s32	4	D_800A34B8	D_800A34B8	s32 (tu-global)	0x0		untyped			fn	
src/main/51268.c	2814	func_80065800	pun-load	s32	4	D_800A34B8	D_800A34B8	s32 (tu-global)	0x0		untyped			fn	
src/main/51268.c	2815	func_80065800	pun-load	s32	4	D_800A34B8	D_800A34B8	s32 (tu-global)	0x0		untyped			fn	
src/main/51268.c	2816	func_80065800	pun-load	s32	4	D_800A34B8	D_800A34B8	s32 (tu-global)	0x0		untyped			fn	
src/main/51268.c	2817	func_80065800	pun-load	s32	4	D_800A34B8	D_800A34B8	s32 (tu-global)	0x0		untyped			fn	
src/main/51268.c	2818	func_80065800	pun-load	s32	4	D_800A34B8	D_800A34B8	s32 (tu-global)	0x0		untyped			fn	
src/main/51268.c	2819	func_80065800	pun-load	s32	4	D_800A34B8	D_800A34B8	s32 (tu-global)	0x0		untyped			fn	
src/main/51268.c	2820	func_80065800	pun-load	s32	4	D_800A34B8	D_800A34B8	s32 (tu-global)	0x0		untyped			fn	
src/main/51268.c	2822	func_80065800	pun-load	s32	4	D_800A34B8	D_800A34B8	s32 (tu-global)	0x0		untyped			fn	
src/main/51268.c	2823	func_80065800	pun-load	s32	4	D_800A34B8	D_800A34B8	s32 (tu-global)	0x0		untyped			fn	
src/main/51268.c	2824	func_80065800	pun-load	s32	4	D_800A34B8	D_800A34B8	s32 (tu-global)	0x0		untyped			fn	
src/main/51268.c	2825	func_80065800	pun-load	s32	4	D_800A34B8	D_800A34B8	s32 (tu-global)	0x0		untyped			fn	
src/main/51268.c	2826	func_80065800	pun-load	s32	4	D_800A34B8	D_800A34B8	s32 (tu-global)	0x0		untyped			fn	
src/main/51268.c	2827	func_80065800	pun-load	s32	4	D_800A34B8	D_800A34B8	s32 (tu-global)	0x0		untyped			fn	
src/main/51268.c	2828	func_80065800	pun-load	s32	4	D_800A34B8	D_800A34B8	s32 (tu-global)	0x0		untyped			fn	
src/main/51268.c	2829	func_80065800	pun-load	s32	4	D_800A34B8	D_800A34B8	s32 (tu-global)	0x0		untyped			fn	
src/main/51268.c	3002	func_80067200	index-load	s32	4	D_800A347C	D_800A347C	s32 (tu-global)	0x0		untyped				
src/main/51268.c	3003	func_80067200	index-load	s32	4	D_800A347C	D_800A347C	s32 (tu-global)	0x4		untyped				
src/main/51268.c	3004	func_80067200	index-load	s32	4	D_800A347C	D_800A347C	s32 (tu-global)	0x8		untyped				
src/main/51268.c	3005	func_80067200	index-load	u16	2	D_800A3478	D_800A3478	s32 (tu-global)	0x0		untyped				
src/main/51268.c	3006	func_80067200	index-load	u16	2	D_800A3478	D_800A3478	s32 (tu-global)	0x2		untyped				
src/main/51268.c	3007	func_80067200	index-load	u16	2	D_800A3478	D_800A3478	s32 (tu-global)	0x4		untyped				
src/main/51268.c	3139	func_800678A8	addr	s16	2	outer	outer	s32 (local)	0x2		untyped				
src/main/51268.c	3140	func_800678A8	addr	s16	2	outer	outer	s32 (local)	0x6C		untyped				
src/main/51268.c	3144	func_800678A8	deref-store	s32	4	outer	outer	s32 (local)	0x80		untyped				
src/main/51268.c	3145	func_800678A8	deref-store	s32	4	outer	outer	s32 (local)	0x4		untyped				
src/main/51268.c	3146	func_800678A8	pun-store	s32	4	D_800A3490	D_800A3490	s32 (tu-global)	0x0		untyped				
src/main/51268.c	3150	func_800678A8	deref-store	s16	2	outer	outer	s32 (local)	0x2		untyped				
src/main/51268.c	3151	func_800678A8	deref-store	s16	2	outer	outer	s32 (local)	0x0		untyped				
src/main/51268.c	3152	func_800678A8	pun-store	s16	2	D_800A34A8	D_800A34A8	s32 (tu-global)	0x0		untyped				
src/main/51268.c	3153	func_800678A8	pun-store	s16	2	D_800A34AC	D_800A34AC	s32 (tu-global)	0x0		untyped				
src/main/51268.c	3157	func_800678A8	deref-store	s16	2	outer	outer	s32 (local)	0x2		untyped				
src/main/51268.c	3158	func_800678A8	deref-store	s16	2	outer	outer	s32 (local)	0x0		untyped				
src/main/51268.c	3159	func_800678A8	pun-store	s16	2	D_800A34A8	D_800A34A8	s32 (tu-global)	0x0		untyped				
src/main/51268.c	3160	func_800678A8	pun-store	s16	2	D_800A34AC	D_800A34AC	s32 (tu-global)	0x0		untyped				
src/main/51268.c	3164	func_800678A8	deref-store	s16	2	outer	outer	s32 (local)	0x70		untyped				
src/main/51268.c	3166	func_800678A8	deref-store	s16	2	outer	outer	s32 (local)	0x70		untyped				
src/main/51268.c	3169	func_800678A8	deref-load	s16	2	outer	outer	s32 (local)	0x70		untyped				
src/main/51268.c	3171	func_800678A8	deref-load	s16	2	outer	outer	s32 (local)	0x70		untyped				
src/main/51268.c	3173	func_800678A8	deref-store	s16	2	outer	outer	s32 (local)	0x0		untyped				
src/main/51268.c	3175	func_800678A8	pun-store	s16	2	D_800A34A8	D_800A34A8	s32 (tu-global)	0x0		untyped				
src/main/51268.c	3176	func_800678A8	pun-store	s16	2	D_800A34AC	D_800A34AC	s32 (tu-global)	0x0		untyped				
src/main/51268.c	3177	func_800678A8	pun-store	s32	4	D_800A3490	D_800A3490	s32 (tu-global)	0x0		untyped				
src/main/51268.c	3180	func_800678A8	pun-store	s32	4	D_800A3490	D_800A3490	s32 (tu-global)	0x0		untyped				
src/main/51268.c	3182	func_800678A8	deref-store	s16	2	outer	outer	s32 (local)	0x2		untyped				
src/main/51268.c	3183	func_800678A8	deref-store	s16	2	outer	outer	s32 (local)	0x0		untyped				
src/main/51268.c	3184	func_800678A8	pun-store	s16	2	D_800A34A8	D_800A34A8	s32 (tu-global)	0x0		untyped				
src/main/51268.c	3185	func_800678A8	pun-store	s16	2	D_800A34AC	D_800A34AC	s32 (tu-global)	0x0		untyped				
src/main/51268.c	3190	func_800678A8	pun-store	s32	4	D_800A3494	D_800A3494	s32 (tu-global)	0x0		untyped				
src/main/51268.c	3191	func_800678A8	pun-store	s32	4	D_800A3490	D_800A3490	s32 (tu-global)	0x0		untyped				
src/main/51268.c	3192	func_800678A8	pun-store	s16	2	D_800A3498	D_800A3498	s32 (tu-global)	0x0		untyped				
src/main/51268.c	3192	func_800678A8	index-load	u16	2	D_800A3488	D_800A3488	s32 (tu-global)	0x4		untyped				
src/main/51268.c	3193	func_800678A8	pun-store	s16	2	D_800A34A0	D_800A34A0	s32 (tu-global)	0x0		untyped				
src/main/51268.c	3193	func_800678A8	index-load	u16	2	D_800A3488	D_800A3488	s32 (tu-global)	0x6		untyped				
src/main/51268.c	3194	func_800678A8	pun-store	s16	2	D_800A349C	D_800A349C	s32 (tu-global)	0x0		untyped				
src/main/51268.c	3194	func_800678A8	pun-load	u16	2	outer	outer	s32 (local)	0x0		untyped				
src/main/51268.c	3194	func_800678A8	index-load	u16	2	D_800A3488	D_800A3488	s32 (tu-global)	0x4		untyped				
src/main/51268.c	3195	func_800678A8	pun-store	s16	2	D_800A34A4	D_800A34A4	s32 (tu-global)	0x0		untyped				
src/main/51268.c	3195	func_800678A8	pun-load	u16	2	p2	p2	s16 * (local)	0x0		untyped				
src/main/51268.c	3195	func_800678A8	index-load	u16	2	D_800A3488	D_800A3488	s32 (tu-global)	0x6		untyped				
src/main/51268.c	3196	func_800678A8	pun-store	s16	2	D_800A34D4	D_800A34D4	s32 (tu-global)	0x0		untyped				
src/main/51268.c	3196	func_800678A8	pun-load	u16	2	D_800A3498	D_800A3498	s32 (tu-global)	0x0		untyped				
src/main/51268.c	3196	func_800678A8	pun-load	u16	2	D_800A34A0	D_800A34A0	s32 (tu-global)	0x0		untyped				
src/main/51268.c	3197	func_800678A8	pun-store	s16	2	D_800A34D8	D_800A34D8	s32 (tu-global)	0x0		untyped				
src/main/51268.c	3197	func_800678A8	pun-load	u16	2	D_800A349C	D_800A349C	s32 (tu-global)	0x0		untyped				
src/main/51268.c	3197	func_800678A8	pun-load	u16	2	D_800A34A0	D_800A34A0	s32 (tu-global)	0x0		untyped				
src/main/51268.c	3198	func_800678A8	pun-store	s16	2	D_800A34DC	D_800A34DC	s32 (tu-global)	0x0		untyped				
src/main/51268.c	3198	func_800678A8	pun-load	u16	2	D_800A3498	D_800A3498	s32 (tu-global)	0x0		untyped				
src/main/51268.c	3198	func_800678A8	pun-load	u16	2	D_800A34A4	D_800A34A4	s32 (tu-global)	0x0		untyped				
src/main/51268.c	3199	func_800678A8	pun-store	s16	2	D_800A34E0	D_800A34E0	s32 (tu-global)	0x0		untyped				
src/main/51268.c	3199	func_800678A8	pun-load	u16	2	D_800A349C	D_800A349C	s32 (tu-global)	0x0		untyped				
src/main/51268.c	3199	func_800678A8	pun-load	u16	2	D_800A34A4	D_800A34A4	s32 (tu-global)	0x0		untyped				
src/main/51268.c	3275	func_80067D14	addr	s32	4	outer	outer	s32 (local)	0x1AC		untyped				
src/main/51268.c	3277	func_80067D14	addr	u32	4	outer	outer	s32 (local)	0x4		untyped				
src/main/51268.c	3278	func_80067D14	addr	s32	4	outer	outer	s32 (local)	0x24		untyped				
src/main/51268.c	3279	func_80067D14	addr	VECTOR	16	outer	outer	s32 (local)	0x34		untyped				
src/main/51268.c	3280	func_80067D14	addr	SVECTOR	8	outer	outer	s32 (local)	0x44		untyped				
src/main/51268.c	3281	func_80067D14	addr	VECTOR	16	outer	outer	s32 (local)	0x5C		untyped				
src/main/51268.c	3282	func_80067D14	addr	s16	2	outer	outer	s32 (local)	0x6C		untyped				
src/main/51268.c	3283	func_80067D14	addr	s16	2	outer	outer	s32 (local)	0x6E		untyped				
src/main/51268.c	3284	func_80067D14	addr	s16	2	outer	outer	s32 (local)	0x70		untyped				
src/main/51268.c	3285	func_80067D14	addr	u8	1	outer	outer	s32 (local)	0x72		untyped				
src/main/51268.c	3286	func_80067D14	addr	u8	1	outer	outer	s32 (local)	0x73		untyped				
src/main/51268.c	3287	func_80067D14	addr	u8	1	outer	outer	s32 (local)	0x74		untyped				
src/main/51268.c	3288	func_80067D14	addr	s16	2	outer	outer	s32 (local)	0x78		untyped				
src/main/51268.c	3289	func_80067D14	addr	POLY_FT4 *	4	outer	outer	s32 (local)	0x80		untyped				
src/main/51268.c	3290	func_80067D14	addr	Unk800EFC78Record *	4	outer	outer	s32 (local)	0x84		untyped				
src/main/51268.c	3291	func_80067D14	addr	Unk800F0C10Record *	4	outer	outer	s32 (local)	0x88		untyped				
src/main/51268.c	3292	func_80067D14	addr	s16	2	outer	outer	s32 (local)	0x8C		untyped				
src/main/51268.c	3311	func_80067D14	index-load	s32	4	D_800A3470	D_800A3470	s32 (tu-global)	0x0		untyped				
src/main/51268.c	3313	func_80067D14	index-load	s32	4	D_800A3470	D_800A3470	s32 (tu-global)	0x4		untyped				
src/main/51268.c	3315	func_80067D14	index-load	s32	4	D_800A3470	D_800A3470	s32 (tu-global)	0x8		untyped				
src/main/51268.c	3346	func_80067D14	ptradd	u8	1	p_out	p_out	s32 * (local)	-0x14		untyped				
src/main/51268.c	3412	func_80067D14	ptradd	s32	4	D_800A34B8	D_800A34B8	s32 (tu-global)	0x4		untyped				
src/main/51268.c	3413	func_80067D14	ptradd	s32	4	D_800A34B8	D_800A34B8	s32 (tu-global)	0x8		untyped				
src/main/51268.c	3419	func_80067D14	pun-load	s32	4	D_800A34D0	D_800A34D0	s32 (tu-global)	0x0		untyped				
src/main/51268.c	3422	func_80067D14	index-store	s32	4	D_800A34D0	D_800A34D0	s32 (tu-global)	0x4		untyped				
src/main/51268.c	3422	func_80067D14	pun-load	s32	4	D_800A34D0	D_800A34D0	s32 (tu-global)	0x0		untyped				
src/main/51268.c	3422	func_80067D14	pun-load	s32	4	D_800A34D0	D_800A34D0	s32 (tu-global)	0x0		untyped				
src/main/51268.c	3423	func_80067D14	pun-store	s32	4	D_800A34D0	D_800A34D0	s32 (tu-global)	0x0		untyped				
src/main/51268.c	3423	func_80067D14	index-load	s32	4	D_800A34D0	D_800A34D0	s32 (tu-global)	0x4		untyped				
src/main/51268.c	3424	func_80067D14	pun-load	s32	4	D_800A34D0	D_800A34D0	s32 (tu-global)	0x0		untyped				
src/main/51268.c	3425	func_80067D14	pun-store	s32	4	D_800A34D0	D_800A34D0	s32 (tu-global)	0x0		untyped				
src/main/51268.c	3427	func_80067D14	pun-store	s32	4	D_800A34CC	D_800A34CC	s32 (tu-global)	0x0		untyped				
src/main/51268.c	3428	func_80067D14	pun-load	s32	4	D_800A34D0	D_800A34D0	s32 (tu-global)	0x0		untyped				
src/main/51268.c	3428	func_80067D14	pun-load	s32	4	D_800A34CC	D_800A34CC	s32 (tu-global)	0x0		untyped				
src/main/51268.c	3433	func_80067D14	pun-store	s32	4	D_800A34B4	D_800A34B4	s32 (tu-global)	0x0		untyped				
src/main/51268.c	3433	func_80067D14	pun-load	s32	4	D_800A34B0	D_800A34B0	s32 (tu-global)	0x0		untyped				
src/main/51268.c	3433	func_80067D14	index-load	s32	4	D_800A34D0	D_800A34D0	s32 (tu-global)	0x4		untyped				
src/main/51268.c	3434	func_80067D14	pun-store	s16	2	D_800A34C0	D_800A34C0	s32 (tu-global)	0x0		untyped				
src/main/51268.c	3434	func_80067D14	pun-load	s16	2	D_800A34A8	D_800A34A8	s32 (tu-global)	0x0		untyped				
src/main/51268.c	3434	func_80067D14	pun-load	s32	4	D_800A34B4	D_800A34B4	s32 (tu-global)	0x0		untyped				
src/main/51268.c	3435	func_80067D14	pun-load	s16	2	D_800A34A8	D_800A34A8	s32 (tu-global)	0x0		untyped				
src/main/51268.c	3435	func_80067D14	pun-load	s32	4	D_800A34B4	D_800A34B4	s32 (tu-global)	0x0		untyped				
src/main/51268.c	3436	func_80067D14	pun-store	s32	4	D_800A34C8	D_800A34C8	s32 (tu-global)	0x0		untyped				
src/main/51268.c	3436	func_80067D14	pun-load	s16	2	D_800A34AC	D_800A34AC	s32 (tu-global)	0x0		untyped				
src/main/51268.c	3436	func_80067D14	pun-load	s32	4	D_800A34B4	D_800A34B4	s32 (tu-global)	0x0		untyped				
src/main/51268.c	3437	func_80067D14	pun-load	s16	2	D_800A34AC	D_800A34AC	s32 (tu-global)	0x0		untyped				
src/main/51268.c	3437	func_80067D14	pun-load	s32	4	D_800A34B4	D_800A34B4	s32 (tu-global)	0x0		untyped				
src/main/51268.c	3439	func_80067D14	pun-store	s32	4	D_800A34B4	D_800A34B4	s32 (tu-global)	0x0		untyped				
src/main/51268.c	3439	func_80067D14	pun-load	s32	4	D_800A34B0	D_800A34B0	s32 (tu-global)	0x0		untyped				
src/main/51268.c	3439	func_80067D14	index-load	s32	4	D_800A34D0	D_800A34D0	s32 (tu-global)	0x4		untyped				
src/main/51268.c	3440	func_80067D14	pun-store	s16	2	D_800A34C0	D_800A34C0	s32 (tu-global)	0x0		untyped				
src/main/51268.c	3440	func_80067D14	pun-load	s16	2	D_800A34A8	D_800A34A8	s32 (tu-global)	0x0		untyped				
src/main/51268.c	3440	func_80067D14	pun-load	s32	4	D_800A34B4	D_800A34B4	s32 (tu-global)	0x0		untyped				
src/main/51268.c	3441	func_80067D14	pun-load	s16	2	D_800A34A8	D_800A34A8	s32 (tu-global)	0x0		untyped				
src/main/51268.c	3441	func_80067D14	pun-load	s32	4	D_800A34B4	D_800A34B4	s32 (tu-global)	0x0		untyped				
src/main/51268.c	3442	func_80067D14	pun-store	s32	4	D_800A34C8	D_800A34C8	s32 (tu-global)	0x0		untyped				
src/main/51268.c	3442	func_80067D14	pun-load	s16	2	D_800A34AC	D_800A34AC	s32 (tu-global)	0x0		untyped				
src/main/51268.c	3442	func_80067D14	pun-load	s32	4	D_800A34B4	D_800A34B4	s32 (tu-global)	0x0		untyped				
src/main/51268.c	3443	func_80067D14	pun-load	s16	2	D_800A34AC	D_800A34AC	s32 (tu-global)	0x0		untyped				
src/main/51268.c	3443	func_80067D14	pun-load	s32	4	D_800A34B4	D_800A34B4	s32 (tu-global)	0x0		untyped				
src/main/51268.c	3444	func_80067D14	pun-store	s16	2	D_800A34C0	D_800A34C0	s32 (tu-global)	0x0		untyped				
src/main/51268.c	3444	func_80067D14	pun-load	s16	2	D_800A34C0	D_800A34C0	s32 (tu-global)	0x0		untyped				
src/main/51268.c	3445	func_80067D14	pun-store	s32	4	D_800A34C8	D_800A34C8	s32 (tu-global)	0x0		untyped				
src/main/51268.c	3445	func_80067D14	pun-load	s32	4	D_800A34C8	D_800A34C8	s32 (tu-global)	0x0		untyped				
src/main/51268.c	3447	func_80067D14	pun-store	s32	4	D_800A34B4	D_800A34B4	s32 (tu-global)	0x0		untyped				
src/main/51268.c	3447	func_80067D14	pun-load	s32	4	D_800A34B0	D_800A34B0	s32 (tu-global)	0x0		untyped				
src/main/51268.c	3447	func_80067D14	index-load	s32	4	D_800A34D0	D_800A34D0	s32 (tu-global)	0x4		untyped				
src/main/51268.c	3448	func_80067D14	pun-store	s16	2	D_800A34C0	D_800A34C0	s32 (tu-global)	0x0		untyped				
src/main/51268.c	3448	func_80067D14	pun-load	s16	2	D_800A34A8	D_800A34A8	s32 (tu-global)	0x0		untyped				
src/main/51268.c	3448	func_80067D14	pun-load	s32	4	D_800A34B4	D_800A34B4	s32 (tu-global)	0x0		untyped				
src/main/51268.c	3449	func_80067D14	pun-load	s16	2	D_800A34A8	D_800A34A8	s32 (tu-global)	0x0		untyped				
src/main/51268.c	3449	func_80067D14	pun-load	s32	4	D_800A34B4	D_800A34B4	s32 (tu-global)	0x0		untyped				
src/main/51268.c	3450	func_80067D14	pun-store	s32	4	D_800A34C8	D_800A34C8	s32 (tu-global)	0x0		untyped				
src/main/51268.c	3450	func_80067D14	pun-load	s16	2	D_800A34AC	D_800A34AC	s32 (tu-global)	0x0		untyped				
src/main/51268.c	3450	func_80067D14	pun-load	s32	4	D_800A34B4	D_800A34B4	s32 (tu-global)	0x0		untyped				
src/main/51268.c	3451	func_80067D14	pun-load	s16	2	D_800A34AC	D_800A34AC	s32 (tu-global)	0x0		untyped				
src/main/51268.c	3451	func_80067D14	pun-load	s32	4	D_800A34B4	D_800A34B4	s32 (tu-global)	0x0		untyped				
src/main/51268.c	3452	func_80067D14	pun-store	s16	2	D_800A34C0	D_800A34C0	s32 (tu-global)	0x0		untyped				
src/main/51268.c	3452	func_80067D14	pun-load	s16	2	D_800A34C0	D_800A34C0	s32 (tu-global)	0x0		untyped				
src/main/51268.c	3453	func_80067D14	pun-store	s32	4	D_800A34C8	D_800A34C8	s32 (tu-global)	0x0		untyped				
src/main/51268.c	3453	func_80067D14	pun-load	s32	4	D_800A34C8	D_800A34C8	s32 (tu-global)	0x0		untyped				
src/main/51268.c	3455	func_80067D14	pun-store	s32	4	D_800A34B4	D_800A34B4	s32 (tu-global)	0x0		untyped				
src/main/51268.c	3455	func_80067D14	pun-load	s32	4	D_800A34B0	D_800A34B0	s32 (tu-global)	0x0		untyped				
src/main/51268.c	3455	func_80067D14	index-load	s32	4	D_800A34D0	D_800A34D0	s32 (tu-global)	0x4		untyped				
src/main/51268.c	3456	func_80067D14	pun-store	s16	2	D_800A34C0	D_800A34C0	s32 (tu-global)	0x0		untyped				
src/main/51268.c	3456	func_80067D14	pun-load	s16	2	D_800A34A8	D_800A34A8	s32 (tu-global)	0x0		untyped				
src/main/51268.c	3456	func_80067D14	pun-load	s32	4	D_800A34B4	D_800A34B4	s32 (tu-global)	0x0		untyped				
src/main/51268.c	3457	func_80067D14	pun-load	s16	2	D_800A34A8	D_800A34A8	s32 (tu-global)	0x0		untyped				
src/main/51268.c	3457	func_80067D14	pun-load	s32	4	D_800A34B4	D_800A34B4	s32 (tu-global)	0x0		untyped				
src/main/51268.c	3458	func_80067D14	pun-store	s32	4	D_800A34C8	D_800A34C8	s32 (tu-global)	0x0		untyped				
src/main/51268.c	3458	func_80067D14	pun-load	s16	2	D_800A34AC	D_800A34AC	s32 (tu-global)	0x0		untyped				
src/main/51268.c	3458	func_80067D14	pun-load	s32	4	D_800A34B4	D_800A34B4	s32 (tu-global)	0x0		untyped				
src/main/51268.c	3459	func_80067D14	pun-load	s16	2	D_800A34AC	D_800A34AC	s32 (tu-global)	0x0		untyped				
src/main/51268.c	3459	func_80067D14	pun-load	s32	4	D_800A34B4	D_800A34B4	s32 (tu-global)	0x0		untyped				
src/main/51268.c	3464	func_80067D14	pun-load	s16	2	D_800A34C0	D_800A34C0	s32 (tu-global)	0x0		untyped				
src/main/51268.c	3464	func_80067D14	pun-load	s16	2	D_800A34A8	D_800A34A8	s32 (tu-global)	0x0		untyped				
src/main/51268.c	3465	func_80067D14	pun-store	s16	2	D_800A34C0	D_800A34C0	s32 (tu-global)	0x0		untyped				
src/main/51268.c	3465	func_80067D14	pun-load	s16	2	D_800A34A8	D_800A34A8	s32 (tu-global)	0x0		untyped				
src/main/51268.c	3466	func_80067D14	pun-store	s32	4	D_800A34C8	D_800A34C8	s32 (tu-global)	0x0		untyped				
src/main/51268.c	3466	func_80067D14	pun-load	s16	2	D_800A34AC	D_800A34AC	s32 (tu-global)	0x0		untyped				
src/main/51268.c	3468	func_80067D14	pun-store	s16	2	D_800A34BC	D_800A34BC	s32 (tu-global)	0x0		untyped				
src/main/51268.c	3468	func_80067D14	pun-load	s16	2	D_800A34C0	D_800A34C0	s32 (tu-global)	0x0		untyped				
src/main/51268.c	3469	func_80067D14	pun-store	s32	4	D_800A34C4	D_800A34C4	s32 (tu-global)	0x0		untyped				
src/main/51268.c	3469	func_80067D14	pun-load	s32	4	D_800A34C8	D_800A34C8	s32 (tu-global)	0x0		untyped				
src/main/51268.c	3470	func_80067D14	pun-store	s32	4	D_800A34C8	D_800A34C8	s32 (tu-global)	0x0		untyped				
src/main/51268.c	3471	func_80067D14	pun-store	s32	4	D_800A34C4	D_800A34C4	s32 (tu-global)	0x0		untyped				
src/main/51268.c	3487	func_80067D14	pun-load	s32	4	D_800A34D0	D_800A34D0	s32 (tu-global)	0x0		untyped				
src/main/51268.c	3488	func_80067D14	pun-load	s32	4	& (			0x0		unknown				
src/main/51268.c	3489	func_80067D14	index-load	s32	4	D_800A34B8	D_800A34B8	s32 (tu-global)	computed		untyped	computed			
src/main/51268.c	3489	func_80067D14	pun-load	s16	2	D_800A34BC	D_800A34BC	s32 (tu-global)	0x0		untyped				
src/main/51268.c	3489	func_80067D14	pun-load	s32	4	D_800A34C4	D_800A34C4	s32 (tu-global)	0x0		untyped				
src/main/51268.c	3490	func_80067D14	pun-load	s32	4	& (			0x0		unknown				
src/main/51268.c	3491	func_80067D14	index-load	s32	4	D_800A34B8	D_800A34B8	s32 (tu-global)	computed		untyped	computed			
src/main/51268.c	3491	func_80067D14	pun-load	s16	2	D_800A34C0	D_800A34C0	s32 (tu-global)	0x0		untyped				
src/main/51268.c	3491	func_80067D14	pun-load	s32	4	D_800A34C4	D_800A34C4	s32 (tu-global)	0x0		untyped				
src/main/51268.c	3492	func_80067D14	pun-load	s32	4	& (			0x0		unknown				
src/main/51268.c	3493	func_80067D14	index-load	s32	4	D_800A34B8	D_800A34B8	s32 (tu-global)	computed		untyped	computed			
src/main/51268.c	3493	func_80067D14	pun-load	s16	2	D_800A34BC	D_800A34BC	s32 (tu-global)	0x0		untyped				
src/main/51268.c	3493	func_80067D14	pun-load	s32	4	D_800A34C8	D_800A34C8	s32 (tu-global)	0x0		untyped				
src/main/51268.c	3494	func_80067D14	pun-load	s32	4	& (			0x0		unknown				
src/main/51268.c	3495	func_80067D14	index-load	s32	4	D_800A34B8	D_800A34B8	s32 (tu-global)	computed		untyped	computed			
src/main/51268.c	3495	func_80067D14	pun-load	s16	2	D_800A34C0	D_800A34C0	s32 (tu-global)	0x0		untyped				
src/main/51268.c	3495	func_80067D14	pun-load	s32	4	D_800A34C8	D_800A34C8	s32 (tu-global)	0x0		untyped				
src/main/51268.c	3496	func_80067D14	pun-load	s32	4	& (			0x0		unknown				
src/main/51268.c	3496	func_80067D14	pun-load	u16	2	D_800A34D4	D_800A34D4	s32 (tu-global)	0x0		untyped				
src/main/51268.c	3496	func_80067D14	pun-load	s32	4	D_800A3494	D_800A3494	s32 (tu-global)	0x0		untyped				
src/main/51268.c	3497	func_80067D14	pun-load	s32	4	& (			0x0		unknown				
src/main/51268.c	3497	func_80067D14	pun-load	u16	2	D_800A34D8	D_800A34D8	s32 (tu-global)	0x0		untyped				
src/main/51268.c	3497	func_80067D14	pun-load	s32	4	D_800A3490	D_800A3490	s32 (tu-global)	0x0		untyped				
src/main/51268.c	3498	func_80067D14	pun-load	u16	2	& (			0x0		unknown				
src/main/51268.c	3498	func_80067D14	pun-load	u16	2	D_800A34DC	D_800A34DC	s32 (tu-global)	0x0		untyped				
src/main/51268.c	3499	func_80067D14	pun-load	u16	2	& (			0x0		unknown				
src/main/51268.c	3499	func_80067D14	pun-load	u16	2	D_800A34E0	D_800A34E0	s32 (tu-global)	0x0		untyped				
src/main/51268.c	3502	func_80067D14	pun-load	s32	4	& (			0x0		unknown				
src/main/51268.c	3504	func_80067D14	pun-load	s32	4	& (			0x0		unknown				
src/main/51268.c	3511	func_80067D14	pun-load	s32	4	& (			0x0		unknown				
src/main/51268.c	3514	func_80067D14	pun-load	s32	4	& (			0x0		unknown				
src/main/51268.c	3517	func_80067D14	pun-load	s32	4	& (			0x0		unknown				
src/main/51268.c	3524	func_80067D14	pun-load	s32	4	& (			0x0		unknown				
src/main/51268.c	3538	func_80068D88	addr	s16	2	outer	outer	s32 (local)	0x6E		untyped				
src/main/51268.c	3539	func_80068D88	addr	s32	4	outer	outer	s32 (local)	0x7C		untyped				
src/main/51268.c	3540	func_80068D88	addr	s32	4	outer	outer	s32 (local)	0x80		untyped				
src/main/51268.c	3541	func_80068D88	addr	s16	2	outer	outer	s32 (local)	0x8C		untyped				
src/main/51268.c	3564	func_80068D88	deref-load	u16	2	( s32 ) p_matrix	p_matrix	s16 * (local)	computed		untyped	computed			
src/main/51268.c	3565	func_80068D88	addr	s32	4	g_gpu_ot_ptr	g_gpu_ot_ptr	s32 (local)	computed		untyped	computed			
src/main/51268.c	3577	func_80068D88	pun-store	u16	2	p_idx	p_idx	s16 * (local)	0x0		untyped				
src/main/51268.c	3577	func_80068D88	pun-load	u16	2	p_idx	p_idx	s16 * (local)	0x0		untyped				
src/main/51268.c	3674	func_80068F70	deref-store	s16	2	p_34fc	p_34fc	s32 (local)	0x2A		untyped			fn	
src/main/51268.c	3675	func_80068F70	deref-store	s16	2	p_34fc	p_34fc	s32 (local)	0x28		untyped			fn	
src/main/51268.c	3683	func_80068F70	deref-store	s16	2	p_34fc	p_34fc	s32 (local)	0x12		untyped			fn	
src/main/51268.c	3684	func_80068F70	deref-store	s16	2	p_34fc	p_34fc	s32 (local)	0x10		untyped			fn	
src/main/51268.c	3685	func_80068F70	deref-store	s16	2	p_34fc	p_34fc	s32 (local)	0xE		untyped			fn	
src/main/51268.c	3686	func_80068F70	deref-store	s16	2	p_34fc	p_34fc	s32 (local)	0xC		untyped			fn	
src/main/51268.c	3693	func_80068F70	deref-store	s8	1	( u8 * ) D_800A34FC	D_800A34FC	s32 (tu-global)	0x30		untyped			fn	
src/main/51268.c	3693	func_80068F70	index-load	s32	4	D_800A3524	D_800A3524	s32 (tu-global)	0x20		untyped			fn	
src/main/51268.c	3706	func_80069120	addr	s32	4	( u8 * ) D_800A351C	D_800A351C	s32 (tu-global)	computed		untyped	computed			
src/main/51268.c	3776	func_800692C0	addr	s16	2	( s32 ) arg3	arg3	s16 * (param)	computed		untyped	computed		fn	
src/main/51268.c	3780	func_800692C0	deref-load	u32	4	( s32 ) & D_800A32C8	D_800A32C8	s32 (header-global)	computed		untyped	computed		fn	
src/main/51268.c	3838	func_800693CC	addr	s16	2	D_800A34FC	D_800A34FC	s32 (tu-global)	0xC		untyped			fn	
src/main/51268.c	3877	func_800693CC	index-store	s32	4	D_800A3524	D_800A3524	s32 (tu-global)	0x20		untyped			fn	
src/main/51268.c	3881	func_800693CC	index-store	s32	4	D_800A3524	D_800A3524	s32 (tu-global)	0x20		untyped			fn	
src/main/51268.c	3882	func_800693CC	index-load	s32	4	D_800A3524	D_800A3524	s32 (tu-global)	0x20		untyped			fn	
src/main/51268.c	3883	func_800693CC	index-load	s32	4	D_800A3524	D_800A3524	s32 (tu-global)	0x20		untyped			fn	
src/main/51268.c	3887	func_800693CC	index-store	s32	4	D_800A3524	D_800A3524	s32 (tu-global)	0x20		untyped			fn	
src/main/51268.c	3889	func_800693CC	index-store	s32	4	D_800A3524	D_800A3524	s32 (tu-global)	0x20		untyped			fn	
src/main/51268.c	3959	func_80069898	deref-store	u16	2	p	p	u8 * (local)	0x8		untyped				
src/main/51268.c	3960	func_80069898	deref-store	u16	2	p	p	u8 * (local)	0xA		untyped				
src/main/51268.c	3961	func_80069898	deref-store	u16	2	p	p	u8 * (local)	0xC		untyped				
src/main/51268.c	3962	func_80069898	deref-store	u16	2	p	p	u8 * (local)	0xE		untyped				
src/main/51268.c	3964	func_80069898	ptradd	u32	4	g_gpu_ot_ptr	g_gpu_ot_ptr	s32 (tu-global)	computed		untyped	computed			
src/main/51268.c	3971	func_80069898	deref-store	u16	2	p	p	u8 * (local)	0x8		untyped				
src/main/51268.c	3972	func_80069898	deref-store	u16	2	p	p	u8 * (local)	0xA		untyped				
src/main/51268.c	3973	func_80069898	deref-store	u16	2	p	p	u8 * (local)	0xC		untyped				
src/main/51268.c	3974	func_80069898	deref-store	u16	2	p	p	u8 * (local)	0xE		untyped				
src/main/51268.c	3976	func_80069898	ptradd	u32	4	g_gpu_ot_ptr	g_gpu_ot_ptr	s32 (tu-global)	computed		untyped	computed			
src/main/51268.c	3983	func_80069898	deref-store	u16	2	p	p	u8 * (local)	0x8		untyped				
src/main/51268.c	3984	func_80069898	deref-store	u16	2	p	p	u8 * (local)	0xA		untyped				
src/main/51268.c	3985	func_80069898	deref-store	u16	2	p	p	u8 * (local)	0xC		untyped				
src/main/51268.c	3986	func_80069898	deref-store	u16	2	p	p	u8 * (local)	0xE		untyped				
src/main/51268.c	3988	func_80069898	ptradd	u32	4	g_gpu_ot_ptr	g_gpu_ot_ptr	s32 (tu-global)	computed		untyped	computed			
src/main/51268.c	4043	func_80069AE4	deref-store	s16	2	p	p	u8 * (local)	0x8		untyped				
src/main/51268.c	4044	func_80069AE4	deref-store	s16	2	p	p	u8 * (local)	0xA		untyped				
src/main/51268.c	4045	func_80069AE4	deref-store	s16	2	p	p	u8 * (local)	0xC		untyped				
src/main/51268.c	4046	func_80069AE4	deref-store	s16	2	p	p	u8 * (local)	0xE		untyped				
src/main/51268.c	4048	func_80069AE4	addr	u32	4	g_gpu_ot_ptr	g_gpu_ot_ptr	s32 (tu-global)	0x44		untyped				
src/main/51268.c	4052	func_80069AE4	deref-store	s16	2	p	p	u8 * (local)	0x8		untyped				
src/main/51268.c	4053	func_80069AE4	deref-store	s16	2	p	p	u8 * (local)	0xA		untyped				
src/main/51268.c	4054	func_80069AE4	deref-store	s16	2	p	p	u8 * (local)	0xC		untyped				
src/main/51268.c	4055	func_80069AE4	deref-store	s16	2	p	p	u8 * (local)	0xE		untyped				
src/main/51268.c	4057	func_80069AE4	addr	u32	4	g_gpu_ot_ptr	g_gpu_ot_ptr	s32 (tu-global)	0x44		untyped				
src/main/51268.c	4062	func_80069AE4	deref-store	s16	2	p	p	u8 * (local)	0x8		untyped				
src/main/51268.c	4063	func_80069AE4	deref-store	s16	2	p	p	u8 * (local)	0xA		untyped				
src/main/51268.c	4064	func_80069AE4	deref-store	s16	2	p	p	u8 * (local)	0xC		untyped				
src/main/51268.c	4065	func_80069AE4	deref-store	s16	2	p	p	u8 * (local)	0xE		untyped				
src/main/51268.c	4067	func_80069AE4	addr	u32	4	g_gpu_ot_ptr	g_gpu_ot_ptr	s32 (tu-global)	0x44		untyped				
src/main/51268.c	4072	func_80069AE4	deref-store	s16	2	p	p	u8 * (local)	0x8		untyped				
src/main/51268.c	4073	func_80069AE4	deref-store	s16	2	p	p	u8 * (local)	0xA		untyped				
src/main/51268.c	4074	func_80069AE4	deref-store	s16	2	p	p	u8 * (local)	0xC		untyped				
src/main/51268.c	4075	func_80069AE4	deref-store	s16	2	p	p	u8 * (local)	0xE		untyped				
src/main/51268.c	4077	func_80069AE4	addr	u32	4	g_gpu_ot_ptr	g_gpu_ot_ptr	s32 (tu-global)	0x44		untyped				
src/main/51268.c	4084	func_80069AE4	deref-load	s32 *	4	arg0 [ 1 ]	arg0	s32 * (param)	0x34		untyped				
src/main/51268.c	4110	func_80069AE4	deref-store	s16	2	poly	poly	u8 * (local)	0x8		untyped				
src/main/51268.c	4111	func_80069AE4	deref-store	s16	2	poly	poly	u8 * (local)	0xA		untyped				
src/main/51268.c	4112	func_80069AE4	deref-store	s16	2	poly	poly	u8 * (local)	0xC		untyped				
src/main/51268.c	4113	func_80069AE4	deref-store	s16	2	poly	poly	u8 * (local)	0xE		untyped				
src/main/51268.c	4114	func_80069AE4	deref-store	s16	2	poly	poly	u8 * (local)	0x10		untyped				
src/main/51268.c	4115	func_80069AE4	deref-store	s16	2	poly	poly	u8 * (local)	0x12		untyped				
src/main/51268.c	4116	func_80069AE4	deref-store	s16	2	poly	poly	u8 * (local)	0x14		untyped				
src/main/51268.c	4117	func_80069AE4	deref-store	s16	2	poly	poly	u8 * (local)	0x16		untyped				
src/main/51268.c	4124	func_80069AE4	deref-store	s16	2	poly	poly	u8 * (local)	0x8		untyped				
src/main/51268.c	4125	func_80069AE4	deref-store	s16	2	poly	poly	u8 * (local)	0xC		untyped				
src/main/51268.c	4126	func_80069AE4	deref-store	s16	2	poly	poly	u8 * (local)	0xA		untyped				
src/main/51268.c	4127	func_80069AE4	deref-store	s16	2	poly	poly	u8 * (local)	0xE		untyped				
src/main/51268.c	4128	func_80069AE4	deref-store	s16	2	poly	poly	u8 * (local)	0x10		untyped				
src/main/51268.c	4129	func_80069AE4	deref-store	s16	2	poly	poly	u8 * (local)	0x12		untyped				
src/main/51268.c	4130	func_80069AE4	deref-store	s16	2	poly	poly	u8 * (local)	0x14		untyped				
src/main/51268.c	4131	func_80069AE4	deref-store	s16	2	poly	poly	u8 * (local)	0x16		untyped				
src/main/51268.c	4138	func_80069AE4	deref-store	s16	2	poly	poly	u8 * (local)	0x8		untyped				
src/main/51268.c	4139	func_80069AE4	deref-store	s16	2	poly	poly	u8 * (local)	0xA		untyped				
src/main/51268.c	4140	func_80069AE4	deref-store	s16	2	poly	poly	u8 * (local)	0xC		untyped				
src/main/51268.c	4141	func_80069AE4	deref-store	s16	2	poly	poly	u8 * (local)	0xE		untyped				
src/main/51268.c	4142	func_80069AE4	deref-store	s16	2	poly	poly	u8 * (local)	0x10		untyped				
src/main/51268.c	4143	func_80069AE4	deref-store	s16	2	poly	poly	u8 * (local)	0x12		untyped				
src/main/51268.c	4144	func_80069AE4	deref-store	s16	2	poly	poly	u8 * (local)	0x14		untyped				
src/main/51268.c	4145	func_80069AE4	deref-store	s16	2	poly	poly	u8 * (local)	0x16		untyped				
src/main/51268.c	4174	func_80069E18	deref-load	s32	4	arg0	arg0	s32 (param)	0x18		untyped				
src/main/51268.c	4176	func_80069E18	deref-store	u8	1	tile	tile	s32 (local)	0x4		untyped				
src/main/51268.c	4177	func_80069E18	deref-store	u8	1	tile	tile	s32 (local)	0x5		untyped				
src/main/51268.c	4178	func_80069E18	deref-store	u8	1	tile	tile	s32 (local)	0x6		untyped				
src/main/51268.c	4179	func_80069E18	deref-store	s16	2	tile	tile	s32 (local)	0xC		untyped				
src/main/51268.c	4180	func_80069E18	deref-store	s16	2	tile	tile	s32 (local)	0x8		untyped				
src/main/51268.c	4181	func_80069E18	deref-store	s16	2	tile	tile	s32 (local)	0xA		untyped				
src/main/51268.c	4182	func_80069E18	deref-store	s16	2	tile	tile	s32 (local)	0xE		untyped				
src/main/51268.c	4185	func_80069E18	deref-store	s32	4	arg0	arg0	s32 (param)	0x18		untyped				
src/main/51268.c	4187	func_80069E18	deref-load	s32	4	* ( s32 * ) ( arg0 + 4 )			0x14		unknown				
src/main/51268.c	4187	func_80069E18	deref-load	s32	4	arg0	arg0	s32 (param)	0x4		untyped				
src/main/51268.c	4195	func_80069E18	deref-load	s32	4	arg0	arg0	s32 (param)	0x1C		untyped				
src/main/51268.c	4196	func_80069E18	deref-load	s32	4	arg0	arg0	s32 (param)	0x1C		untyped				
src/main/51268.c	4197	func_80069E18	deref-store	s32	4	arg0	arg0	s32 (param)	0x1C		untyped				
src/main/51268.c	4197	func_80069E18	deref-load	s32	4	arg0	arg0	s32 (param)	0x1C		untyped				
src/main/51268.c	4202	func_80069E18	deref-load	s32	4	arg0	arg0	s32 (param)	0x14		untyped				
src/main/51268.c	4203	func_80069E18	deref-store	s32	4	arg0	arg0	s32 (param)	0x14		untyped				
src/main/51268.c	4205	func_80069E18	deref-load	s32	4	ptr	ptr	s32 (local)	0x4		untyped				
src/main/51268.c	4209	func_80069E18	deref-load	s32	4	arg0	arg0	s32 (param)	0x14		untyped				
src/main/51268.c	4210	func_80069E18	deref-store	s32	4	arg0	arg0	s32 (param)	0x14		untyped				
src/main/51268.c	4212	func_80069E18	deref-load	s32	4	ptr	ptr	s32 (local)	0x8		untyped				
src/main/51268.c	4216	func_80069E18	deref-load	s32	4	arg0	arg0	s32 (param)	0x14		untyped				
src/main/51268.c	4217	func_80069E18	deref-store	s32	4	arg0	arg0	s32 (param)	0x14		untyped				
src/main/51268.c	4258	func_80069F80	deref-load	s32 *	4	arg0 [ 1 ]	arg0	s32 * (param)	0x1C		untyped			fn	
src/main/51268.c	4268	func_80069F80	index-load	s32	4	D_800A3524	D_800A3524	s32 (tu-global)	0x20		untyped			fn	
src/main/51268.c	4270	func_80069F80	deref-load	s16	2	D_800A34FC	D_800A34FC	s32 (tu-global)	0xC		untyped			fn	
src/main/51268.c	4353	func_8006A1A0	deref-load	s32 *	4	arg0 [ 1 ]	arg0	s32 * (param)	0x1C		untyped			fn	
src/main/51268.c	4363	func_8006A1A0	index-load	s32	4	D_800A3524	D_800A3524	s32 (tu-global)	0x20		untyped			fn	
src/main/51268.c	4365	func_8006A1A0	deref-load	s16	2	D_800A34FC	D_800A34FC	s32 (tu-global)	0xC		untyped			fn	
src/main/51268.c	4417	func_8006A3CC	deref-store	s32	4	arg1	arg1	u8 * (param)	0x0		untyped				
src/main/51268.c	4417	func_8006A3CC	deref-load	s32	4	* ( s32 * ) ( * ( s32 * ) ( ( u8 * ) arg0 + 4 ) + 0x1C )			0x10		unknown				
src/main/51268.c	4417	func_8006A3CC	deref-load	s32	4	* ( s32 * ) ( ( u8 * ) arg0 + 4 )			0x1C		unknown				
src/main/51268.c	4417	func_8006A3CC	deref-load	s32	4	( u8 * ) arg0	arg0	s32 * (param)	0x4		untyped				
src/main/51268.c	4418	func_8006A3CC	deref-store	s32	4	arg1	arg1	u8 * (param)	0x18		untyped				
src/main/51268.c	4419	func_8006A3CC	deref-store	s32	4	arg1	arg1	u8 * (param)	0x1C		untyped				
src/main/51268.c	4420	func_8006A3CC	deref-store	s8	1	arg1	arg1	u8 * (param)	0x28		untyped				
src/main/51268.c	4421	func_8006A3CC	deref-store	s32	4	arg1	arg1	u8 * (param)	0x10		untyped				
src/main/51268.c	4422	func_8006A3CC	deref-store	s32	4	arg1	arg1	u8 * (param)	0x14		untyped				
src/main/51268.c	4423	func_8006A3CC	deref-store	s32	4	arg1	arg1	u8 * (param)	0x4		untyped				
src/main/51268.c	4423	func_8006A3CC	deref-load	s32	4	arg1	arg1	u8 * (param)	0x0		untyped				
src/main/51268.c	4424	func_8006A3CC	deref-store	s32	4	arg1	arg1	u8 * (param)	0x8		untyped				
src/main/51268.c	4426	func_8006A3CC	deref-load	s32	4	arg1	arg1	u8 * (param)	0x0		untyped				
src/main/51268.c	4431	func_8006A494	deref-store	s32	4	arg1	arg1	u8 * (param)	0x0	S_6A880	caller(1/1)	exact	header		
src/main/51268.c	4431	func_8006A494	deref-load	s32	4	* ( s32 * ) ( * ( s32 * ) ( ( u8 * ) arg0 + 4 ) + 0x1C )			0x24		unknown				
src/main/51268.c	4431	func_8006A494	deref-load	s32	4	* ( s32 * ) ( ( u8 * ) arg0 + 4 )			0x1C		unknown				
src/main/51268.c	4431	func_8006A494	deref-load	s32	4	( u8 * ) arg0	arg0	s32 * (param)	0x4		untyped				
src/main/51268.c	4432	func_8006A494	deref-store	s32	4	arg1	arg1	u8 * (param)	0x18	S_6A880	caller(1/1)	exact	x		
src/main/51268.c	4433	func_8006A494	deref-store	s32	4	arg1	arg1	u8 * (param)	0x1C	S_6A880	caller(1/1)	exact	y		
src/main/51268.c	4434	func_8006A494	deref-store	s8	1	arg1	arg1	u8 * (param)	0x28	S_6A880	caller(1/1)	sign	has_color		
src/main/51268.c	4435	func_8006A494	deref-store	s32	4	arg1	arg1	u8 * (param)	0x10	S_6A880	caller(1/1)	exact	semi		
src/main/51268.c	4436	func_8006A494	deref-store	s32	4	arg1	arg1	u8 * (param)	0x14	S_6A880	caller(1/1)	exact	ot_idx		
src/main/51268.c	4437	func_8006A494	deref-store	s32	4	arg1	arg1	u8 * (param)	0x20	S_6A880	caller(1/1)	exact	scale_x		
src/main/51268.c	4438	func_8006A494	deref-store	s32	4	arg1	arg1	u8 * (param)	0x24	S_6A880	caller(1/1)	exact	scale_y		
src/main/51268.c	4439	func_8006A494	deref-store	s32	4	arg1	arg1	u8 * (param)	0x4	S_6A880	caller(1/1)	exact	table		
src/main/51268.c	4439	func_8006A494	deref-load	s32	4	arg1	arg1	u8 * (param)	0x0	S_6A880	caller(1/1)	exact	header		
src/main/51268.c	4440	func_8006A494	deref-store	s32	4	arg1	arg1	u8 * (param)	0xC	S_6A880	caller(1/1)	exact	ft4_out		
src/main/51268.c	4442	func_8006A494	deref-load	s32	4	arg1	arg1	u8 * (param)	0x0	S_6A880	caller(1/1)	exact	header		
src/main/51268.c	4451	func_8006A564	deref-load	u8 *	4	arg0	arg0	u8 * (param)	0x18		untyped				
src/main/51268.c	4456	func_8006A564	deref-load	u8	1	arg1	arg1	u8 * (param)	0x29	S_6A880	caller(2/2)	exact	col_r		
src/main/51268.c	4459	func_8006A564	deref-load	u8	1	arg1	arg1	u8 * (param)	0x2B	S_6A880	caller(2/2)	exact	col_b		
src/main/51268.c	4468	func_8006A564	deref-store	s16	2	tile	tile	u8 * (local)	0x8		untyped				
src/main/51268.c	4469	func_8006A564	deref-store	s16	2	tile	tile	u8 * (local)	0xA		untyped				
src/main/51268.c	4469	func_8006A564	deref-load	s32	4	arg1	arg1	u8 * (param)	0x1C	S_6A880	caller(2/2)	exact	y		
src/main/51268.c	4470	func_8006A564	deref-store	s16	2	tile	tile	u8 * (local)	0xC		untyped				
src/main/51268.c	4470	func_8006A564	deref-load	s32	4	arg1	arg1	u8 * (param)	0x18	S_6A880	caller(2/2)	exact	x		
src/main/51268.c	4471	func_8006A564	deref-store	s16	2	tile	tile	u8 * (local)	0xE		untyped				
src/main/51268.c	4473	func_8006A564	deref-load	s32	4	arg1	arg1	u8 * (param)	0x10	S_6A880	caller(2/2)	exact	semi		
src/main/51268.c	4474	func_8006A564	deref-load	s32	4	arg1	arg1	u8 * (param)	0x14	S_6A880	caller(2/2)	exact	ot_idx		
src/main/51268.c	4481	func_8006A564	deref-load	u8	1	arg1	arg1	u8 * (param)	0x29	S_6A880	caller(2/2)	exact	col_r		
src/main/51268.c	4484	func_8006A564	deref-load	u8	1	arg1	arg1	u8 * (param)	0x2B	S_6A880	caller(2/2)	exact	col_b		
src/main/51268.c	4492	func_8006A564	deref-store	s16	2	tile	tile	u8 * (local)	0x8		untyped				
src/main/51268.c	4492	func_8006A564	deref-load	s32	4	arg1	arg1	u8 * (param)	0x18	S_6A880	caller(2/2)	exact	x		
src/main/51268.c	4493	func_8006A564	deref-store	s16	2	tile	tile	u8 * (local)	0xA		untyped				
src/main/51268.c	4493	func_8006A564	deref-load	s32	4	arg1	arg1	u8 * (param)	0x1C	S_6A880	caller(2/2)	exact	y		
src/main/51268.c	4494	func_8006A564	deref-store	s16	2	tile	tile	u8 * (local)	0xC		untyped				
src/main/51268.c	4495	func_8006A564	deref-store	s16	2	tile	tile	u8 * (local)	0xE		untyped				
src/main/51268.c	4498	func_8006A564	deref-load	s32	4	arg1	arg1	u8 * (param)	0x14	S_6A880	caller(2/2)	exact	ot_idx		
src/main/51268.c	4505	func_8006A564	deref-load	u8	1	arg1	arg1	u8 * (param)	0x29	S_6A880	caller(2/2)	exact	col_r		
src/main/51268.c	4509	func_8006A564	deref-load	u8	1	arg1	arg1	u8 * (param)	0x2B	S_6A880	caller(2/2)	exact	col_b		
src/main/51268.c	4518	func_8006A564	deref-store	s16	2	tile	tile	u8 * (local)	0x8		untyped				
src/main/51268.c	4518	func_8006A564	deref-load	s32	4	arg1	arg1	u8 * (param)	0x18	S_6A880	caller(2/2)	exact	x		
src/main/51268.c	4519	func_8006A564	deref-store	s16	2	tile	tile	u8 * (local)	0xA		untyped				
src/main/51268.c	4519	func_8006A564	deref-load	s32	4	arg1	arg1	u8 * (param)	0x1C	S_6A880	caller(2/2)	exact	y		
src/main/51268.c	4520	func_8006A564	deref-store	s16	2	tile	tile	u8 * (local)	0xC		untyped				
src/main/51268.c	4521	func_8006A564	deref-store	s16	2	tile	tile	u8 * (local)	0xE		untyped				
src/main/51268.c	4524	func_8006A564	deref-load	s32	4	arg1	arg1	u8 * (param)	0x14	S_6A880	caller(2/2)	exact	ot_idx		
src/main/51268.c	4526	func_8006A564	deref-load	u8 *	4	arg0	arg0	u8 * (param)	0x4		untyped				
src/main/51268.c	4528	func_8006A564	deref-store	u8 *	4	arg0	arg0	u8 * (param)	0x18		untyped				
src/main/51268.c	4529	func_8006A564	deref-load	u8 *	4	obj2	obj2	u8 * (local)	0x1C		untyped				
src/main/51268.c	4532	func_8006A564	deref-store	s32	4	arg1	arg1	u8 * (param)	0x0	S_6A880	caller(2/2)	exact	header		
src/main/51268.c	4532	func_8006A564	deref-load	s32	4	tile	tile	u8 * (local)	0x28		untyped				
src/main/51268.c	4534	func_8006A564	deref-store	u8	1	arg1	arg1	u8 * (param)	0x2A	S_6A880	caller(2/2)	exact	col_g		
src/main/51268.c	4535	func_8006A564	deref-store	u8	1	arg1	arg1	u8 * (param)	0x29	S_6A880	caller(2/2)	exact	col_r		
src/main/51268.c	4535	func_8006A564	deref-load	u8	1	arg1	arg1	u8 * (param)	0x29	S_6A880	caller(2/2)	exact	col_r		
src/main/51268.c	4536	func_8006A564	deref-store	u8	1	arg1	arg1	u8 * (param)	0x2B	S_6A880	caller(2/2)	exact	col_b		
src/main/51268.c	4536	func_8006A564	deref-load	u8	1	arg1	arg1	u8 * (param)	0x2B	S_6A880	caller(2/2)	exact	col_b		
src/main/51268.c	4538	func_8006A564	deref-store	u8	1	arg1	arg1	u8 * (param)	0x2B	S_6A880	caller(2/2)	exact	col_b		
src/main/51268.c	4539	func_8006A564	deref-store	u8	1	arg1	arg1	u8 * (param)	0x2A	S_6A880	caller(2/2)	exact	col_g		
src/main/51268.c	4540	func_8006A564	deref-store	u8	1	arg1	arg1	u8 * (param)	0x29	S_6A880	caller(2/2)	exact	col_r		
src/main/51268.c	4543	func_8006A564	deref-store	s32	4	arg1	arg1	u8 * (param)	0x18	S_6A880	caller(2/2)	exact	x		
src/main/51268.c	4544	func_8006A564	deref-load	s32	4	arg1	arg1	u8 * (param)	0x0	S_6A880	caller(2/2)	exact	header		
src/main/51268.c	4546	func_8006A564	deref-store	s32	4	arg1	arg1	u8 * (param)	0x1C	S_6A880	caller(2/2)	exact	y		
src/main/51268.c	4547	func_8006A564	deref-store	s32	4	arg1	arg1	u8 * (param)	0x4	S_6A880	caller(2/2)	exact	table		
src/main/51268.c	4549	func_8006A564	deref-store	s32	4	arg1	arg1	u8 * (param)	0x8	S_6A880	caller(2/2)	exact	sprt_out		
src/main/51268.c	4549	func_8006A564	deref-load	s32	4	arg0	arg0	u8 * (param)	0x14		untyped				
src/main/51268.c	4550	func_8006A564	deref-store	s32	4	arg0	arg0	u8 * (param)	0x14		untyped				
src/main/51268.c	4552	func_8006A564	deref-load	s32	4	tile	tile	u8 * (local)	0x2C		untyped				
src/main/51268.c	4554	func_8006A564	deref-store	s32	4	arg1	arg1	u8 * (param)	0x0	S_6A880	caller(2/2)	exact	header		
src/main/51268.c	4555	func_8006A564	deref-store	s32	4	arg1	arg1	u8 * (param)	0x4	S_6A880	caller(2/2)	exact	table		
src/main/51268.c	4556	func_8006A564	deref-store	s32	4	arg1	arg1	u8 * (param)	0x8	S_6A880	caller(2/2)	exact	sprt_out		
src/main/51268.c	4556	func_8006A564	deref-load	s32	4	arg0	arg0	u8 * (param)	0x14		untyped				
src/main/51268.c	4557	func_8006A564	deref-store	s32	4	arg0	arg0	u8 * (param)	0x14		untyped				
src/main/51268.c	4560	func_8006A564	deref-load	s32	4	arg0	arg0	u8 * (param)	0x1C		untyped				
src/main/51268.c	4561	func_8006A564	deref-load	s32	4	arg1	arg1	u8 * (param)	0x0	S_6A880	caller(2/2)	exact	header		
src/main/51268.c	4562	func_8006A564	deref-load	s32	4	arg1	arg1	u8 * (param)	0x14	S_6A880	caller(2/2)	exact	ot_idx		
src/main/51268.c	4562	func_8006A564	deref-load	u8 *	4	arg0	arg0	u8 * (param)	0x1C		untyped				
src/main/51268.c	4563	func_8006A564	deref-store	s32	4	arg0	arg0	u8 * (param)	0x1C		untyped				
src/main/51268.c	4563	func_8006A564	deref-load	s32	4	arg0	arg0	u8 * (param)	0x1C		untyped				
src/main/51268.c	4618	func_8006A880	deref-load	s32 *	4	* ( s32 * ) ( arg0 + 4 )			0x18		unknown				
src/main/51268.c	4618	func_8006A880	deref-load	s32	4	arg0	arg0	u8 * (param)	0x4		untyped				
src/main/51268.c	4622	func_8006A880	deref-load	s32	4	arg0	arg0	u8 * (param)	0x1C		untyped				
src/main/51268.c	4623	func_8006A880	deref-load	s32	4	arg0	arg0	u8 * (param)	0x1C		untyped				
src/main/51268.c	4624	func_8006A880	deref-store	s32	4	arg0	arg0	u8 * (param)	0x1C		untyped				
src/main/51268.c	4629	func_8006A880	deref-load	s32	4	arg0	arg0	u8 * (param)	0x20		untyped				
src/main/51268.c	4630	func_8006A880	deref-load	s32	4	arg0	arg0	u8 * (param)	0x20		untyped				
src/main/51268.c	4631	func_8006A880	deref-store	s32	4	arg0	arg0	u8 * (param)	0x20		untyped				
src/main/51268.c	4638	func_8006A880	deref-load	s32	4	arg0	arg0	u8 * (param)	0x24		untyped				
src/main/51268.c	4639	func_8006A880	deref-load	s32	4	arg0	arg0	u8 * (param)	0x24		untyped				
src/main/51268.c	4640	func_8006A880	deref-store	s32	4	arg0	arg0	u8 * (param)	0x24		untyped				
src/main/51268.c	4654	func_8006A880	deref-load	s16	2	D_800A34FC	D_800A34FC	s32 (tu-global)	0xE		untyped				
src/main/51268.c	4662	func_8006A880	index-load	s32	4	D_800A3524	D_800A3524	s32 (tu-global)	0x20		untyped				
src/main/51268.c	4675	func_8006A880	deref-load	s32	4	arg0	arg0	u8 * (param)	0x14		untyped				
src/main/51268.c	4676	func_8006A880	deref-store	s32	4	arg0	arg0	u8 * (param)	0x14		untyped				
src/main/51268.c	4677	func_8006A880	deref-load	s32	4	arg0	arg0	u8 * (param)	0x1C		untyped				
src/main/51268.c	4678	func_8006A880	deref-load	s32	4	arg0	arg0	u8 * (param)	0x1C		untyped				
src/main/51268.c	4679	func_8006A880	deref-store	s32	4	arg0	arg0	u8 * (param)	0x1C		untyped				
src/main/51268.c	4684	func_8006A880	deref-load	s32 *	4	* ( s32 * ) ( arg0 + 4 )			0x40		unknown				
src/main/51268.c	4684	func_8006A880	deref-load	s32	4	arg0	arg0	u8 * (param)	0x4		untyped				
src/main/51268.c	4693	func_8006A880	deref-load	s32	4	arg0	arg0	u8 * (param)	0x14		untyped				
src/main/51268.c	4694	func_8006A880	deref-store	s32	4	arg0	arg0	u8 * (param)	0x14		untyped				
src/main/51268.c	4695	func_8006A880	deref-load	s32	4	arg0	arg0	u8 * (param)	0x1C		untyped				
src/main/51268.c	4696	func_8006A880	deref-load	s32	4	arg0	arg0	u8 * (param)	0x1C		untyped				
src/main/51268.c	4697	func_8006A880	deref-store	s32	4	arg0	arg0	u8 * (param)	0x1C		untyped				
src/main/51268.c	4699	func_8006A880	deref-load	s32 *	4	* ( s32 * ) ( arg0 + 4 )			0x18		unknown				
src/main/51268.c	4699	func_8006A880	deref-load	s32	4	arg0	arg0	u8 * (param)	0x4		untyped				
src/main/51268.c	4704	func_8006A880	deref-load	s32	4	arg0	arg0	u8 * (param)	0x20		untyped				
src/main/51268.c	4705	func_8006A880	deref-load	s32	4	arg0	arg0	u8 * (param)	0x20		untyped				
src/main/51268.c	4706	func_8006A880	deref-store	s32	4	arg0	arg0	u8 * (param)	0x20		untyped				
src/main/51268.c	4709	func_8006A880	deref-load	s32	4	arg0	arg0	u8 * (param)	0x24		untyped				
src/main/51268.c	4710	func_8006A880	deref-load	s32	4	arg0	arg0	u8 * (param)	0x24		untyped				
src/main/51268.c	4711	func_8006A880	deref-store	s32	4	arg0	arg0	u8 * (param)	0x24		untyped				
src/main/51268.c	4720	func_8006A880	deref-load	s16	2	D_800A34FC	D_800A34FC	s32 (tu-global)	0xE		untyped				
src/main/51268.c	4728	func_8006A880	index-load	s32	4	D_800A3524	D_800A3524	s32 (tu-global)	0x20		untyped				
src/main/51268.c	4742	func_8006A880	deref-load	s32	4	arg0	arg0	u8 * (param)	0x14		untyped				
src/main/51268.c	4743	func_8006A880	deref-store	s32	4	arg0	arg0	u8 * (param)	0x14		untyped				
src/main/51268.c	4744	func_8006A880	deref-load	s32	4	arg0	arg0	u8 * (param)	0x1C		untyped				
src/main/51268.c	4745	func_8006A880	deref-load	s32	4	arg0	arg0	u8 * (param)	0x1C		untyped				
src/main/51268.c	4746	func_8006A880	deref-store	s32	4	arg0	arg0	u8 * (param)	0x1C		untyped				
src/main/51268.c	4752	func_8006A880	deref-load	s32	4	arg0	arg0	u8 * (param)	0x1C		untyped				
src/main/51268.c	4753	func_8006A880	deref-load	s32	4	arg0	arg0	u8 * (param)	0x1C		untyped				
src/main/51268.c	4754	func_8006A880	deref-store	s32	4	arg0	arg0	u8 * (param)	0x1C		untyped				
src/main/51268.c	4755	func_8006A880	deref-load	s32	4	arg0	arg0	u8 * (param)	0x1C		untyped				
src/main/51268.c	4756	func_8006A880	deref-load	s32	4	arg0	arg0	u8 * (param)	0x1C		untyped				
src/main/51268.c	4757	func_8006A880	deref-store	s32	4	arg0	arg0	u8 * (param)	0x1C		untyped				
src/main/51268.c	4759	func_8006A880	deref-load	s32 *	4	* ( s32 * ) ( arg0 + 4 )			0x24		unknown				
src/main/51268.c	4759	func_8006A880	deref-load	s32	4	arg0	arg0	u8 * (param)	0x4		untyped				
src/main/51268.c	4768	func_8006A880	deref-load	s32	4	arg0	arg0	u8 * (param)	0x14		untyped				
src/main/51268.c	4769	func_8006A880	deref-store	s32	4	arg0	arg0	u8 * (param)	0x14		untyped				
src/main/51268.c	4770	func_8006A880	deref-load	s32	4	arg0	arg0	u8 * (param)	0x1C		untyped				
src/main/51268.c	4771	func_8006A880	deref-load	s32	4	arg0	arg0	u8 * (param)	0x1C		untyped				
src/main/51268.c	4772	func_8006A880	deref-store	s32	4	arg0	arg0	u8 * (param)	0x1C		untyped				
src/main/51268.c	4774	func_8006A880	deref-load	s32 *	4	* ( s32 * ) ( arg0 + 4 )			0x24		unknown				
src/main/51268.c	4774	func_8006A880	deref-load	s32	4	arg0	arg0	u8 * (param)	0x4		untyped				
src/main/51268.c	4785	func_8006A880	deref-load	s32	4	arg0	arg0	u8 * (param)	0x8		untyped				
src/main/51268.c	4786	func_8006A880	deref-store	s32	4	arg0	arg0	u8 * (param)	0x8		untyped				
src/main/51268.c	4788	func_8006A880	deref-load	u8 *	4	arg0	arg0	u8 * (param)	0x18		untyped				
src/main/51268.c	4789	func_8006A880	deref-load	u8 *	4	arg0	arg0	u8 * (param)	0x18		untyped				
src/main/51268.c	4790	func_8006A880	deref-load	u8 *	4	arg0	arg0	u8 * (param)	0x18		untyped				
src/main/51268.c	4791	func_8006A880	deref-load	u8 *	4	arg0	arg0	u8 * (param)	0x18		untyped				
src/main/51268.c	4792	func_8006A880	deref-store	s16	2	* ( u8 * * ) ( arg0 + 0x18 )			0x8		unknown				
src/main/51268.c	4792	func_8006A880	deref-load	u8 *	4	arg0	arg0	u8 * (param)	0x18		untyped				
src/main/51268.c	4793	func_8006A880	deref-store	s16	2	* ( u8 * * ) ( arg0 + 0x18 )			0xA		unknown				
src/main/51268.c	4793	func_8006A880	deref-load	u8 *	4	arg0	arg0	u8 * (param)	0x18		untyped				
src/main/51268.c	4794	func_8006A880	deref-store	s16	2	* ( u8 * * ) ( arg0 + 0x18 )			0xC		unknown				
src/main/51268.c	4794	func_8006A880	deref-load	u8 *	4	arg0	arg0	u8 * (param)	0x18		untyped				
src/main/51268.c	4795	func_8006A880	deref-store	s16	2	* ( u8 * * ) ( arg0 + 0x18 )			0xE		unknown				
src/main/51268.c	4795	func_8006A880	deref-load	u8 *	4	arg0	arg0	u8 * (param)	0x18		untyped				
src/main/51268.c	4796	func_8006A880	deref-load	u8 *	4	arg0	arg0	u8 * (param)	0x18		untyped				
src/main/51268.c	4797	func_8006A880	deref-load	s32	4	arg0	arg0	u8 * (param)	0x18		untyped				
src/main/51268.c	4798	func_8006A880	deref-store	u8 *	4	arg0	arg0	u8 * (param)	0x18		untyped				
src/main/51268.c	4800	func_8006A880	deref-load	s32	4	arg0	arg0	u8 * (param)	0x1C		untyped				
src/main/51268.c	4801	func_8006A880	deref-load	s32	4	arg0	arg0	u8 * (param)	0x1C		untyped				
src/main/51268.c	4802	func_8006A880	deref-store	s32	4	arg0	arg0	u8 * (param)	0x1C		untyped				
src/main/51268.c	4830	func_8006B120	deref-load	s32 *	4	arg0 [ 1 ]	arg0	s32 * (param)	0x28		untyped				
src/main/51268.c	4849	func_8006B120	deref-load	s16	2	D_800A34FC	D_800A34FC	s32 (tu-global)	0xE		untyped				
src/main/51268.c	4870	func_8006B120	index-load	u32	4	D_800A3524	D_800A3524	s32 (tu-global)	0x20		untyped				
src/main/51268.c	4876	func_8006B120	deref-load	s16	2	D_800A34FC	D_800A34FC	s32 (tu-global)	0xC		untyped				
src/main/51268.c	4897	func_8006B120	index-load	u32	4	D_800A3524	D_800A3524	s32 (tu-global)	0x20		untyped				
src/main/51268.c	4903	func_8006B120	deref-load	s16	2	D_800A34FC	D_800A34FC	s32 (tu-global)	0xC		untyped				
src/main/51268.c	4924	func_8006B120	index-load	u32	4	D_800A3524	D_800A3524	s32 (tu-global)	0x20		untyped				
src/main/51268.c	4930	func_8006B120	deref-load	s16	2	D_800A34FC	D_800A34FC	s32 (tu-global)	0xC		untyped				
src/main/51268.c	4946	func_8006B120	deref-load	s32 *	4	arg0 [ 1 ]	arg0	s32 * (param)	0x28		untyped				
src/main/51268.c	4967	func_8006B578	pun-load	u32	4	arg1	arg1	s32 * (param)	0x0		untyped				
src/main/51268.c	4969	func_8006B578	addr	s16	2	D_800A34FC	D_800A34FC	s32 (tu-global)	0xC		untyped				
src/main/51268.c	5044	func_8006B578	pun-load	u32	4	arg1	arg1	s32 * (param)	0x0		untyped				
src/main/51268.c	5055	func_8006B578	pun-load	u32	4	arg1	arg1	s32 * (param)	0x0		untyped				
src/main/51268.c	5062	func_8006B578	pun-load	u32	4	arg1	arg1	s32 * (param)	0x0		untyped				
src/main/51268.c	5068	func_8006B578	pun-load	u32	4	arg1	arg1	s32 * (param)	0x0		untyped				
src/main/51268.c	5075	func_8006B578	pun-load	u32	4	arg1	arg1	s32 * (param)	0x0		untyped				
src/main/51268.c	5178	func_8006BB68	deref-load	s32 *	4	arg0 [ 1 ]	arg0	s32 * (param)	0x2C		untyped				
src/main/51268.c	5198	func_8006BB68	deref-load	s16	2	D_800A34FC	D_800A34FC	s32 (tu-global)	0xE		untyped				
src/main/51268.c	5209	func_8006BB68	deref-load	s32 *	4	arg0 [ 1 ]	arg0	s32 * (param)	0x28		untyped				
src/main/51268.c	5238	func_8006BD28	deref-load	s32 *	4	* ( s32 * ) ( D_800A34FC + 0x24 )			0x20		unknown			fn	
src/main/51268.c	5238	func_8006BD28	deref-load	s32	4	D_800A34FC	D_800A34FC	s32 (tu-global)	0x24		untyped			fn	
src/main/51268.c	5309	func_8006BEC4	deref-load	Vec2s16 *	4	* ( s32 * ) ( D_800A34FC + 0x24 )			0x48		unknown				
src/main/51268.c	5309	func_8006BEC4	deref-load	s32	4	D_800A34FC	D_800A34FC	s32 (tu-global)	0x24		untyped				
src/main/51268.c	5462	func_8006C21C	deref-load	s32 *	4	arg0 [ 1 ]	arg0	s32 * (param)	0x30		untyped			fn	
src/main/51268.c	5477	func_8006C21C	deref-load	s32 *	4	arg0 [ 1 ]	arg0	s32 * (param)	0x30		untyped			fn	
src/main/51268.c	5481	func_8006C21C	deref-load	s16	2	D_800A34FC	D_800A34FC	s32 (tu-global)	0x28		untyped	computed		fn	
src/main/51268.c	5483	func_8006C21C	deref-load	u8	1	D_800A3524	D_800A3524	s32 (tu-global)	0x17		untyped	computed		fn	
src/main/51268.c	5483	func_8006C21C	deref-load	s16	2	D_800A34FC	D_800A34FC	s32 (tu-global)	0x28		untyped	computed		fn	
src/main/51268.c	5504	func_8006C21C	deref-load	s32 *	4	arg0 [ 1 ]	arg0	s32 * (param)	0x30		untyped			fn	
src/main/51268.c	5525	func_8006C21C	deref-load	s32 *	4	arg0 [ 1 ]	arg0	s32 * (param)	0x30		untyped			fn	
src/main/51268.c	5531	func_8006C21C	deref-load	Rec_8006C21C *	4	* ( s32 * ) ( D_800A34FC + 0x24 )			0x44		unknown			fn	
src/main/51268.c	5531	func_8006C21C	deref-load	s32	4	D_800A34FC	D_800A34FC	s32 (tu-global)	0x24		untyped			fn	
src/main/51268.c	5555	func_8006C21C	deref-load	s16	2	D_800A34FC	D_800A34FC	s32 (tu-global)	0x28		untyped	computed		fn	
src/main/51268.c	5671	func_8006CBD4	deref-load	s16	2	( u8 * ) D_800A34FC	D_800A34FC	s32 (tu-global)	0x28		untyped	computed			
src/main/51268.c	5672	func_8006CBD4	ptradd	u8	1	D_800A3524	D_800A3524	s32 (tu-global)	computed		untyped	computed			
src/main/51268.c	5674	func_8006CBD4	ptradd	u8	1	D_800A3524	D_800A3524	s32 (tu-global)	computed		untyped	computed			
src/main/51268.c	5691	func_8006CCC8	deref-load	s32	4	( u8 * ) D_800A34FC	D_800A34FC	s32 (tu-global)	0x28		untyped				
src/main/51268.c	5705	func_8006CCC8	index-load	s16	2	( u8 * ) D_800A34FC	D_800A34FC	s32 (tu-global)	0x28		untyped	computed			
src/main/51268.c	5706	func_8006CCC8	index-store	s16	2	( u8 * ) D_800A34FC	D_800A34FC	s32 (tu-global)	0x28		untyped	computed			
src/main/51268.c	5708	func_8006CCC8	index-store	s16	2	( u8 * ) D_800A34FC	D_800A34FC	s32 (tu-global)	0x28		untyped	computed			
src/main/51268.c	5708	func_8006CCC8	index-load	s16	2	( u8 * ) D_800A34FC	D_800A34FC	s32 (tu-global)	0x28		untyped	computed			
src/main/51268.c	5712	func_8006CCC8	index-load	s16	2	( u8 * ) D_800A34FC	D_800A34FC	s32 (tu-global)	0x28		untyped	computed			
src/main/51268.c	5713	func_8006CCC8	index-store	s16	2	( u8 * ) D_800A34FC	D_800A34FC	s32 (tu-global)	0x28		untyped	computed			
src/main/51268.c	5715	func_8006CCC8	index-store	s16	2	( u8 * ) D_800A34FC	D_800A34FC	s32 (tu-global)	0x28		untyped	computed			
src/main/51268.c	5715	func_8006CCC8	index-load	s16	2	( u8 * ) D_800A34FC	D_800A34FC	s32 (tu-global)	0x28		untyped	computed			
src/main/51268.c	5719	func_8006CCC8	index-load	s16	2	( u8 * ) D_800A34FC	D_800A34FC	s32 (tu-global)	0x28		untyped	computed			
src/main/51268.c	5733	func_8006CCC8	ptradd	u8	1	D_800A3524	D_800A3524	s32 (tu-global)	computed		untyped	computed			
src/main/51268.c	5743	func_8006CCC8	ptradd	u8	1	D_800A3524	D_800A3524	s32 (tu-global)	computed		untyped	computed			
src/main/51268.c	5793	func_8006CFBC	deref-load	s32 *	4	arg0 [ 1 ]	arg0	s32 * (param)	0x30		untyped				
src/main/51268.c	5805	func_8006CFBC	ptradd	s8	1	s . header	s	Env_8006CFBC (local)	0xC		unknown				
src/main/51268.c	5808	func_8006CFBC	deref-load	u8	1	D_800A3524	D_800A3524	s32 (tu-global)	0x17		untyped	computed			
src/main/51268.c	5825	func_8006CFBC	ptradd	s8	1	s . header	s	Env_8006CFBC (local)	0xC		unknown				
src/main/51268.c	5837	func_8006CFBC	deref-load	s32	4	D_800A34FC	D_800A34FC	s32 (tu-global)	0x28		untyped				
src/main/51268.c	5846	func_8006CFBC	ptradd	s8	1	s . header	s	Env_8006CFBC (local)	0xC		unknown				
src/main/51268.c	5918	func_8006D3DC	deref-load	s32 *	4	arg0 [ 1 ]	arg0	s32 * (param)	0x38		untyped				
src/main/51268.c	5929	func_8006D3DC	deref-load	s16	2	D_800A34FC	D_800A34FC	s32 (tu-global)	0xE		untyped				
src/main/51268.c	5944	func_8006D3DC	addr	s8	1	hdr	hdr	s32 (local)	0xC		untyped				
src/main/51268.c	5990	func_8006D5D4	addr	s32	4	( s32 ) D_800A3524	D_800A3524	s32 (tu-global)	0x14		untyped				
src/main/51268.c	6058	func_8006D808	addr	s8	1	( s32 ) s . header	s	EnvA (local)	0xC		unknown			fn	
src/main/51268.c	6072	func_8006D808	deref-load	u8	1	D_800A3524	D_800A3524	s32 (tu-global)	0x24		untyped	computed		fn	
src/main/51268.c	6077	func_8006D808	addr	s8	1	arg2 [ 4 ]	arg2	s32 * (param)	0x18		untyped	computed		fn	
src/main/51268.c	6078	func_8006D808	index-load	s16	2	arg2 [ 7 ]	arg2	s32 * (param)	computed		untyped	computed		fn	
src/main/51268.c	6108	func_8006D808	deref-load	u8	1	D_800A3524	D_800A3524	s32 (tu-global)	0x21		untyped	computed		fn	
src/main/51268.c	6111	func_8006D808	deref-load	u8	1	D_800A3524	D_800A3524	s32 (tu-global)	0x22		untyped	computed		fn	
src/main/51268.c	6114	func_8006D808	deref-load	u8	1	D_800A3524	D_800A3524	s32 (tu-global)	0x23		untyped	computed		fn	
src/main/51268.c	6122	func_8006D808	deref-store	s16	2	p	p	s32 (local)	0x8		untyped			fn	
src/main/51268.c	6132	func_8006D808	deref-store	s16	2	( s32 ) s . header	s	EnvA (local)	0x8		unknown			fn	
src/main/51268.c	6194	func_8006DD94	deref-load	s32 *	4	arg0 [ 1 ]	arg0	s32 * (param)	0x3C		untyped			fn	
src/main/51268.c	6201	func_8006DD94	deref-load	s16	2	D_800A34FC	D_800A34FC	s32 (tu-global)	0xE		untyped			fn	
src/main/51268.c	6214	func_8006DD94	addr	s8	1	hdr	hdr	s32 (local)	0xC		untyped			fn	
src/main/51268.c	6288	func_8006E10C	index-load	s32	4	D_800A3524	D_800A3524	s32 (tu-global)	0x20		untyped			fn	
src/main/51268.c	6339	func_8006E390	index-load	s32	4	D_800A34FC	D_800A34FC	s32 (tu-global)	0x24		untyped				
src/main/5ED34.c	114	func_8006E534	deref-load	s32	4	arg2	arg2	u8 * (param)	0x14		untyped				
src/main/5ED34.c	134	func_8006E534	deref-load	s32	4	D_800A3568	D_800A3568	s32 (tu-global)	0x14		untyped				
src/main/5ED34.c	196	func_8006E534	deref-store	s32	4	( s32 ) D_800A35C4	D_800A35C4	void * (tu-global)	0x8		untyped				
src/main/5ED34.c	197	func_8006E534	deref-store	s32	4	( s32 ) D_800A35C4	D_800A35C4	void * (tu-global)	0xC		untyped				
src/main/5ED34.c	240	func_8006E950	index-load	s32	4	( unsigned char * ) s1	s1	s32 * (local)	0x8		untyped				
src/main/5ED34.c	289	func_8006EACC	index-load	s32	4	D_800A35C4	D_800A35C4	void * (tu-global)	0xC		untyped				
src/main/5ED34.c	290	func_8006EACC	index-store	s32	4	D_800A35C4	D_800A35C4	void * (tu-global)	0x8		untyped				
src/main/5ED34.c	290	func_8006EACC	index-load	s32	4	D_800A35C4	D_800A35C4	void * (tu-global)	0x8		untyped				
src/main/5ED34.c	291	func_8006EACC	index-store	s32	4	D_800A35C4	D_800A35C4	void * (tu-global)	0xC		untyped				
src/main/5ED34.c	310	func_8006EC0C	pun-load	u8	1	& D_800A3578	D_800A3578	s16 (tu-global)	0x0		untyped				
src/main/5ED34.c	373	func_8006ECF4	pun-load	s32	4	arg0	arg0	s32 (param)	0x0		untyped			fn	
src/main/5ED34.c	374	func_8006ECF4	deref-load	s32	4	v0	v0	s32 (local)	0x54		untyped			fn	
src/main/5ED34.c	383	func_8006ECF4	deref-load	s32	4	( s32 ) D_800A35C4	D_800A35C4	void * (tu-global)	0x8		untyped			fn	
src/main/5ED34.c	401	func_8006ECF4	deref-load	s32	4	( s32 ) D_800A35A8	D_800A35A8	s32 (tu-global)	0x84		untyped			fn	
src/main/5ED34.c	402	func_8006ECF4	addr	void		s0	s0	s32 (local)	0x108		untyped			fn	
src/main/5ED34.c	405	func_8006ECF4	deref-load	s32	4	( s32 ) D_800A35A8	D_800A35A8	s32 (tu-global)	0x88		untyped			fn	
src/main/5ED34.c	406	func_8006ECF4	addr	void		s0	s0	s32 (local)	0x114		untyped			fn	
src/main/5ED34.c	409	func_8006ECF4	deref-load	s32	4	( s32 ) D_800A35A8	D_800A35A8	s32 (tu-global)	0x8C		untyped			fn	
src/main/5ED34.c	410	func_8006ECF4	addr	void		s0	s0	s32 (local)	0x120		untyped			fn	
src/main/5ED34.c	413	func_8006ECF4	deref-load	s32	4	( s32 ) D_800A35A8	D_800A35A8	s32 (tu-global)	0x90		untyped			fn	
src/main/5ED34.c	414	func_8006ECF4	addr	void		s0	s0	s32 (local)	0x12C		untyped			fn	
src/main/5ED34.c	417	func_8006ECF4	deref-load	s32	4	( s32 ) D_800A35A8	D_800A35A8	s32 (tu-global)	0x94		untyped			fn	
src/main/5ED34.c	418	func_8006ECF4	addr	void		s0	s0	s32 (local)	0x138		untyped			fn	
src/main/5ED34.c	421	func_8006ECF4	addr	void		s0	s0	s32 (local)	computed		untyped	computed		fn	
src/main/5ED34.c	438	func_8006ECF4	addr	void		s0	s0	s32 (local)	computed		untyped	computed		fn	
src/main/5ED34.c	444	func_8006ECF4	deref-load	s32	4	( s32 ) D_800A3568	D_800A3568	s32 (tu-global)	0x14		untyped			fn	
src/main/5ED34.c	446	func_8006ECF4	addr	s32	4	s3	s3	s32 (local)	0x4		untyped			fn	
src/main/5ED34.c	449	func_8006ECF4	addr	s32	4	s3	s3	s32 (local)	computed		untyped	computed		fn	
src/main/5ED34.c	452	func_8006ECF4	deref-load	s32	4	arg0	arg0	s32 (param)	0x4		untyped			fn	
src/main/5ED34.c	454	func_8006ECF4	deref-store	s32	4	arg0	arg0	s32 (param)	0x4		untyped			fn	
src/main/5ED34.c	456	func_8006ECF4	deref-store	s32	4	arg0	arg0	s32 (param)	0x4		untyped			fn	
src/main/5ED34.c	468	func_8006F038	addr	s32	4	( ( s32 ) arg0 )	arg0	s32 (param)	0x14		untyped				
src/main/5ED34.c	471	func_8006F038	addr	s16	2	( ( s32 ) temp_s0 )	temp_s0	s32 (local)	0x8		untyped				
src/main/5ED34.c	472	func_8006F038	addr	s16	2	( ( s32 ) temp_s0 )	temp_s0	s32 (local)	0xA		untyped				
src/main/5ED34.c	473	func_8006F038	addr	s8	1	( ( s32 ) temp_s0 )	temp_s0	s32 (local)	0x4		untyped				
src/main/5ED34.c	475	func_8006F038	addr	s16	2	( ( s32 ) temp_s0 )	temp_s0	s32 (local)	0xC		untyped				
src/main/5ED34.c	476	func_8006F038	addr	s8	1	( ( s32 ) temp_s0 )	temp_s0	s32 (local)	0x5		untyped				
src/main/5ED34.c	478	func_8006F038	addr	s16	2	( ( s32 ) temp_s0 )	temp_s0	s32 (local)	0xE		untyped				
src/main/5ED34.c	479	func_8006F038	addr	s8	1	( ( s32 ) temp_s0 )	temp_s0	s32 (local)	0x6		untyped				
src/main/5ED34.c	483	func_8006F038	addr	s32	4	( ( s32 ) arg0 )	arg0	s32 (param)	0x14		untyped				
src/main/5ED34.c	484	func_8006F038	addr	s32	4	( ( s32 ) arg0 )	arg0	s32 (param)	0x18		untyped				
src/main/5ED34.c	485	func_8006F038	addr	s32	4	( ( s32 ) arg0 )	arg0	s32 (param)	0x18		untyped				
src/main/5ED34.c	486	func_8006F038	addr	s32	4	( ( s32 ) arg0 )	arg0	s32 (param)	0x18		untyped				
src/main/5ED34.c	486	func_8006F038	addr	s32	4	( ( s32 ) arg0 )	arg0	s32 (param)	0x18		untyped				
src/main/5ED34.c	562	func_8006F100	deref-load	s32	4	D_800A35A8	D_800A35A8	s32 (tu-global)	0x58		untyped			fn	
src/main/5ED34.c	564	func_8006F100	deref-load	Obj_8006F100 *	4	base	base	s32 (local)	computed		untyped	computed		fn	
src/main/5ED34.c	566	func_8006F100	deref-load	s32	4	D_800A3568	D_800A3568	s32 (tu-global)	0x14		untyped			fn	
src/main/5ED34.c	615	func_8006F100	deref-load	s32	4	arg0	arg0	s32 (param)	0x4		untyped			fn	
src/main/5ED34.c	617	func_8006F100	deref-store	s32	4	arg0	arg0	s32 (param)	0x4		untyped			fn	
src/main/5ED34.c	619	func_8006F100	deref-store	s32	4	arg0	arg0	s32 (param)	0x4		untyped			fn	
src/main/5ED34.c	655	func_8006F528	deref-load	s32 *	4	D_800A35A8	D_800A35A8	s32 (tu-global)	0x5C		untyped				
src/main/5ED34.c	662	func_8006F528	addr	s32	4	base	base	s32 (local)	0xC		untyped				
src/main/5ED34.c	673	func_8006F528	addr	s32	4	( s32 ) s . p1	s	S46C (local)	0x8		unknown				
src/main/5ED34.c	683	func_8006F528	addr	s32	4	base	base	s32 (local)	0xC		untyped				
src/main/5ED34.c	693	func_8006F528	addr	s32	4	base	base	s32 (local)	0xC		untyped				
src/main/5ED34.c	704	func_8006F528	addr	s32	4	( s32 ) s . p1	s	S46C (local)	0x8		unknown				
src/main/5ED34.c	714	func_8006F528	addr	s32	4	base	base	s32 (local)	0xC		untyped				
src/main/5ED34.c	725	func_8006F528	index-load	u16	2	D_800A35C0	D_800A35C0	s32 (tu-global)	0x2		untyped				
src/main/5ED34.c	732	func_8006F528	index-load	u16	2	D_800A35C0	D_800A35C0	s32 (tu-global)	0x0		untyped				
src/main/5ED34.c	733	func_8006F528	index-load	u16	2	D_800A35C0	D_800A35C0	s32 (tu-global)	0x2		untyped				
src/main/5ED34.c	734	func_8006F528	index-load	u16	2	D_800A35C0	D_800A35C0	s32 (tu-global)	0x4		untyped				
src/main/5ED34.c	735	func_8006F528	index-load	u16	2	D_800A35C0	D_800A35C0	s32 (tu-global)	0x6		untyped				
src/main/5ED34.c	748	func_8006F528	deref-load	s16	2	D_800A35C0	D_800A35C0	s32 (tu-global)	0x8		untyped				
src/main/5ED34.c	754	func_8006F528	deref-store	s16	2	offset	offset	u8 * (local)	0x10		untyped				
src/main/5ED34.c	755	func_8006F528	deref-store	u16	2	D_800A35C4	D_800A35C4	void * (tu-global)	0x12		untyped				
src/main/5ED34.c	755	func_8006F528	deref-load	u16	2	D_800A35C0	D_800A35C0	s32 (tu-global)	0xA		untyped				
src/main/5ED34.c	760	func_8006F528	deref-store	u16	2	D_800A35C4	D_800A35C4	void * (tu-global)	0x10		untyped				
src/main/5ED34.c	760	func_8006F528	deref-load	u16	2	D_800A35C0	D_800A35C0	s32 (tu-global)	0x8		untyped				
src/main/5ED34.c	761	func_8006F528	deref-store	u16	2	D_800A35C4	D_800A35C4	void * (tu-global)	0x12		untyped				
src/main/5ED34.c	761	func_8006F528	deref-load	u16	2	D_800A35C0	D_800A35C0	s32 (tu-global)	0xA		untyped				
src/main/5ED34.c	772	func_8006F528	deref-load	s32	4	D_800A3568	D_800A3568	s32 (tu-global)	0x20		untyped				
src/main/5ED34.c	785	func_8006F528	deref-store	s16	2	prim	prim	u8 * (local)	0x8		untyped				
src/main/5ED34.c	786	func_8006F528	deref-store	s16	2	prim	prim	u8 * (local)	0xA		untyped				
src/main/5ED34.c	787	func_8006F528	deref-store	s16	2	prim	prim	u8 * (local)	0xC		untyped				
src/main/5ED34.c	788	func_8006F528	deref-store	s16	2	prim	prim	u8 * (local)	0xE		untyped				
src/main/5ED34.c	798	func_8006F528	addr	s32	4	base	base	s32 (local)	0xC		untyped				
src/main/5ED34.c	850	func_8006F97C	deref-load	s32 *	4	D_800A35A8	D_800A35A8	s32 (tu-global)	0x60		untyped			fn	
src/main/5ED34.c	865	func_8006F97C	index-load	s16	2	D_800A35C4	D_800A35C4	void * (tu-global)	computed		untyped	computed		fn	
src/main/5ED34.c	866	func_8006F97C	index-load	s32	4	D_800A35C4	D_800A35C4	void * (tu-global)	0x8		untyped			fn	
src/main/5ED34.c	867	func_8006F97C	index-load	s32	4	D_800A35C4	D_800A35C4	void * (tu-global)	0x8		untyped			fn	
src/main/5ED34.c	871	func_8006F97C	index-load	s16	2	D_800A35C4	D_800A35C4	void * (tu-global)	computed		untyped	computed		fn	
src/main/5ED34.c	872	func_8006F97C	index-load	s16	2	D_800A35C4	D_800A35C4	void * (tu-global)	computed		untyped	computed		fn	
src/main/5ED34.c	872	func_8006F97C	index-load	s32	4	D_800A35C4	D_800A35C4	void * (tu-global)	0x8		untyped			fn	
src/main/5ED34.c	888	func_8006F97C	index-load	s16	2	D_800A35C4	D_800A35C4	void * (tu-global)	computed		untyped	computed		fn	
src/main/5ED34.c	889	func_8006F97C	index-load	s32	4	D_800A35C4	D_800A35C4	void * (tu-global)	0x8		untyped			fn	
src/main/5ED34.c	890	func_8006F97C	index-load	s32	4	D_800A35C4	D_800A35C4	void * (tu-global)	0x8		untyped			fn	
src/main/5ED34.c	894	func_8006F97C	index-load	s16	2	D_800A35C4	D_800A35C4	void * (tu-global)	computed		untyped	computed		fn	
src/main/5ED34.c	895	func_8006F97C	index-load	s16	2	D_800A35C4	D_800A35C4	void * (tu-global)	computed		untyped	computed		fn	
src/main/5ED34.c	895	func_8006F97C	index-load	s32	4	D_800A35C4	D_800A35C4	void * (tu-global)	0x8		untyped			fn	
src/main/5ED34.c	900	func_8006F97C	deref-load	u8	1	s . header	s	DescF97C (local)	0x2		unknown			fn	
src/main/5ED34.c	927	func_8006F97C	index-load	s16	2	D_800A35C4	D_800A35C4	void * (tu-global)	computed		untyped	computed		fn	
src/main/5ED34.c	930	func_8006F97C	index-load	s32	4	D_800A35C4	D_800A35C4	void * (tu-global)	0x8		untyped			fn	
src/main/5ED34.c	1001	func_80070188	deref-load	s32 *	4	D_800A35A8	D_800A35A8	s32 (tu-global)	0x74		untyped				
src/main/5ED34.c	1003	func_80070188	index-load	s32	4	arg0	arg0	s32 (param)	0x18		untyped				
src/main/5ED34.c	1004	func_80070188	index-load	s32	4	arg0	arg0	s32 (param)	0x18		untyped				
src/main/5ED34.c	1005	func_80070188	index-store	s32	4	arg0	arg0	s32 (param)	0x18		untyped				
src/main/5ED34.c	1013	func_80070188	index-store	s16	2	D_800A35C4	D_800A35C4	void * (tu-global)	computed		untyped	computed			
src/main/5ED34.c	1068	func_80070188	index-load	s16	2	D_800A35C4	D_800A35C4	void * (tu-global)	computed		untyped	computed			
src/main/5ED34.c	1069	func_80070188	index-store	s16	2	D_800A35C4	D_800A35C4	void * (tu-global)	computed		untyped	computed			
src/main/5ED34.c	1075	func_80070188	deref-store	u8	1	s . header	s	DescF97C (local)	0x2		unknown				
src/main/5ED34.c	1081	func_80070188	index-load	s32	4	arg0	arg0	s32 (param)	0x10		untyped				
src/main/5ED34.c	1082	func_80070188	index-store	s32	4	arg0	arg0	s32 (param)	0x10		untyped				
src/main/5ED34.c	1092	func_80070188	deref-load	s32	4	D_800A3568	D_800A3568	s32 (tu-global)	0x14		untyped				
src/main/5ED34.c	1099	func_80070188	index-load	s16	2	D_800A35C4	D_800A35C4	void * (tu-global)	0x0		untyped				
src/main/5ED34.c	1126	func_80070188	index-load	s16	2	D_800A35C4	D_800A35C4	void * (tu-global)	computed		untyped	computed			
src/main/5ED34.c	1137	func_80070188	index-load	s32	4	D_800A35C4	D_800A35C4	void * (tu-global)	0x8		untyped				
src/main/5ED34.c	1144	func_80070188	index-load	s32	4	arg0	arg0	s32 (param)	0x10		untyped				
src/main/5ED34.c	1145	func_80070188	index-store	s32	4	arg0	arg0	s32 (param)	0x10		untyped				
src/main/5ED34.c	1147	func_80070188	index-load	s16	2	D_800A35C4	D_800A35C4	void * (tu-global)	0x0		untyped				
src/main/5ED34.c	1148	func_80070188	deref-load	s32	4	D_800A3568	D_800A3568	s32 (tu-global)	0x14		untyped				
src/main/5ED34.c	1151	func_80070188	index-load	s16	2	D_800A35C4	D_800A35C4	void * (tu-global)	0x2		untyped				
src/main/5ED34.c	1200	func_80070C70	addr	s32 *	4	D_800A35A8	D_800A35A8	s32 (tu-global)	0x64		untyped			fn	
src/main/5ED34.c	1207	func_80070C70	deref-load	s32	4	ctx_or_var_s2	ctx_or_var_s2	s32 (local)	0x4		untyped			fn	
src/main/5ED34.c	1211	func_80070C70	deref-load	s32	4	arg0	arg0	s32 (param)	0x10		untyped			fn	
src/main/5ED34.c	1213	func_80070C70	deref-store	s32	4	arg0	arg0	s32 (param)	0x10		untyped			fn	
src/main/5ED34.c	1214	func_80070C70	struct-cast	GameObj->field_18		arg0	arg0	s32 (param)	0x18		untyped			fn	
src/main/5ED34.c	1215	func_80070C70	struct-cast	GameObj->field_18		arg0	arg0	s32 (param)	0x18		untyped			fn	
src/main/5ED34.c	1216	func_80070C70	struct-cast	GameObj->field_18		arg0	arg0	s32 (param)	0x18		untyped			fn	
src/main/5ED34.c	1222	func_80070C70	pun-load	s32	4	ctx_or_var_s2	ctx_or_var_s2	s32 (local)	0x0		untyped			fn	
src/main/5ED34.c	1228	func_80070C70	deref-load	s32	4	arg0	arg0	s32 (param)	0x10		untyped			fn	
src/main/5ED34.c	1230	func_80070C70	deref-store	s32	4	arg0	arg0	s32 (param)	0x10		untyped			fn	
src/main/5ED34.c	1233	func_80070C70	pun-load	s32	4	ctx_or_var_s2	ctx_or_var_s2	s32 (local)	0x0		untyped			fn	
src/main/5ED34.c	1234	func_80070C70	struct-cast	GameObj->field_18		arg0	arg0	s32 (param)	0x18		untyped			fn	
src/main/5ED34.c	1235	func_80070C70	struct-cast	GameObj->field_18		arg0	arg0	s32 (param)	0x18		untyped			fn	
src/main/5ED34.c	1236	func_80070C70	struct-cast	GameObj->field_18		arg0	arg0	s32 (param)	0x18		untyped			fn	
src/main/5ED34.c	1237	func_80070C70	deref-load	s32	4	ctx_or_var_s2	ctx_or_var_s2	s32 (local)	0x8		untyped			fn	
src/main/5ED34.c	1250	func_80070C70	deref-load	s32	4	arg0	arg0	s32 (param)	0x10		untyped			fn	
src/main/5ED34.c	1252	func_80070C70	deref-store	s32	4	arg0	arg0	s32 (param)	0x10		untyped			fn	
src/main/5ED34.c	1255	func_80070C70	struct-cast	GameObj->field_18		arg0	arg0	s32 (param)	0x18		untyped			fn	
src/main/5ED34.c	1256	func_80070C70	struct-cast	GameObj->field_18		arg0	arg0	s32 (param)	0x18		untyped			fn	
src/main/5ED34.c	1257	func_80070C70	struct-cast	GameObj->field_18		arg0	arg0	s32 (param)	0x18		untyped			fn	
src/main/5ED34.c	1282	func_80070F78	deref-load	s32 *	4	D_800A35A8	D_800A35A8	s32 (tu-global)	0x74		untyped			fn	
src/main/5ED34.c	1284	func_80070F78	index-load	s32	4	arg0	arg0	s32 (param)	0x18		untyped			fn	
src/main/5ED34.c	1285	func_80070F78	index-load	s32	4	arg0	arg0	s32 (param)	0x18		untyped			fn	
src/main/5ED34.c	1286	func_80070F78	index-store	s32	4	arg0	arg0	s32 (param)	0x18		untyped			fn	
src/main/5ED34.c	1295	func_80070F78	index-store	s16	2	D_800A35C4	D_800A35C4	void * (tu-global)	computed		untyped	computed		fn	
src/main/5ED34.c	1299	func_80070F78	index-store	s16	2	D_800A35C4	D_800A35C4	void * (tu-global)	computed		untyped	computed		fn	
src/main/5ED34.c	1309	func_80070F78	deref-load	u8 *	4	D_800A35A8	D_800A35A8	s32 (tu-global)	0x7C		untyped			fn	
src/main/5ED34.c	1316	func_80070F78	deref-load	s32	4	D_800A3568	D_800A3568	s32 (tu-global)	0x14		untyped			fn	
src/main/5ED34.c	1334	func_80070F78	index-store	s16	2	D_800A35C4	D_800A35C4	void * (tu-global)	computed		untyped	computed		fn	
src/main/5ED34.c	1368	func_80070F78	addr	s32	4	D_800A35A8	D_800A35A8	s32 (tu-global)	0x14		untyped	computed		fn	
src/main/5ED34.c	1379	func_80070F78	deref-load	s32	4	D_800A3568	D_800A3568	s32 (tu-global)	0x14		untyped			fn	
src/main/5ED34.c	1387	func_80070F78	addr	s32	4	D_800A35A8	D_800A35A8	s32 (tu-global)	0x14		untyped	computed		fn	
src/main/5ED34.c	1417	func_80070F78	index-load	s16	2	D_800A35C4	D_800A35C4	void * (tu-global)	computed		untyped	computed		fn	
src/main/5ED34.c	1418	func_80070F78	index-store	s16	2	D_800A35C4	D_800A35C4	void * (tu-global)	computed		untyped	computed		fn	
src/main/5ED34.c	1420	func_80070F78	deref-load	s32 *	4	D_800A35A8	D_800A35A8	s32 (tu-global)	0x74		untyped			fn	
src/main/5ED34.c	1425	func_80070F78	deref-store	u8	1	s -> header	s	DescF97C * (param)	0x2		unknown			fn	
src/main/5ED34.c	1432	func_80070F78	index-load	s32	4	arg0	arg0	s32 (param)	0x10		untyped			fn	
src/main/5ED34.c	1433	func_80070F78	index-store	s32	4	arg0	arg0	s32 (param)	0x10		untyped			fn	
src/main/5ED34.c	1438	func_80070F78	index-load	s16	2	D_800A35C4	D_800A35C4	void * (tu-global)	computed		untyped	computed		fn	
src/main/5ED34.c	1450	func_80070F78	index-load	s32	4	D_800A35C4	D_800A35C4	void * (tu-global)	0x8		untyped			fn	
src/main/5ED34.c	1456	func_80070F78	index-load	s32	4	arg0	arg0	s32 (param)	0x4		untyped			fn	
src/main/5ED34.c	1458	func_80070F78	index-store	s32	4	arg0	arg0	s32 (param)	0x4		untyped			fn	
src/main/5ED34.c	1462	func_80070F78	ptradd	s16	2	D_800A35C4	D_800A35C4	void * (tu-global)	0x4		untyped			fn	
src/main/5ED34.c	1469	func_80070F78	deref-load	u8 *	4	D_800A35A8	D_800A35A8	s32 (tu-global)	0x7C		untyped			fn	
src/main/5ED34.c	1477	func_80070F78	addr	s32	4	D_800A35A8	D_800A35A8	s32 (tu-global)	0x14		untyped	computed		fn	
src/main/5ED34.c	1495	func_80070F78	index-store	s16	2	D_800A35C4	D_800A35C4	void * (tu-global)	computed		untyped	computed		fn	
src/main/5ED34.c	1499	func_80070F78	deref-load	s32 *	4	D_800A35A8	D_800A35A8	s32 (tu-global)	0x60		untyped			fn	
src/main/5ED34.c	1511	func_80070F78	deref-load	s32	4	D_800A3568	D_800A3568	s32 (tu-global)	0x14		untyped			fn	
src/main/5ED34.c	1513	func_80070F78	deref-load	u8	1	s -> header	s	DescF97C * (param)	0x2		unknown			fn	
src/main/5ED34.c	1516	func_80070F78	deref-load	u8	1	s -> header	s	DescF97C * (param)	0x2		unknown			fn	
src/main/5ED34.c	1518	func_80070F78	index-load	s32	4	arg0	arg0	s32 (param)	0x4		untyped			fn	
src/main/5ED34.c	1519	func_80070F78	index-store	s32	4	arg0	arg0	s32 (param)	0x4		untyped			fn	
src/main/5ED34.c	1522	func_80070F78	index-load	s16	2	D_800A35C4	D_800A35C4	void * (tu-global)	0x4		untyped			fn	
src/main/5ED34.c	1526	func_80070F78	index-load	s16	2	D_800A35C4	D_800A35C4	void * (tu-global)	0x6		untyped			fn	
src/main/5ED34.c	1552	func_80071C4C	deref-load	s32	4	D_800A35A8	D_800A35A8	s32 (tu-global)	0x58		untyped			fn	
src/main/5ED34.c	1560	func_80071C4C	deref-load	Obj_8006F100 *	4	base	base	s32 (local)	computed		untyped	computed		fn	
src/main/5ED34.c	1562	func_80071C4C	deref-load	s32	4	D_800A3568	D_800A3568	s32 (tu-global)	0x14		untyped			fn	
src/main/5ED34.c	1585	func_80071C4C	deref-load	s32	4	arg0	arg0	s32 (param)	0x4		untyped			fn	
src/main/5ED34.c	1587	func_80071C4C	deref-store	s32	4	arg0	arg0	s32 (param)	0x4		untyped			fn	
src/main/5ED34.c	1589	func_80071C4C	deref-store	s32	4	arg0	arg0	s32 (param)	0x4		untyped			fn	
src/main/5ED34.c	1603	func_80071C4C	deref-store	s32	4	D_800A3568	D_800A3568	s32 (tu-global)	0x14		untyped			fn	
src/main/5ED34.c	1604	func_80071C4C	deref-load	s32	4	D_800A3568	D_800A3568	s32 (tu-global)	0x14		untyped			fn	
src/main/5ED34.c	1626	func_80071C4C	deref-store	u8	1	D_800A3568	D_800A3568	s32 (tu-global)	computed		untyped	computed		fn	
src/main/5ED34.c	1633	func_80071C4C	deref-store	u8	1	D_800A3568	D_800A3568	s32 (tu-global)	0x1		untyped	computed		fn	
src/main/5ED34.c	1700	func_800720FC	deref-load	u8 *	4	D_800A35A8	D_800A35A8	s32 (tu-global)	0x80		untyped			fn	
src/main/5ED34.c	1704	func_800720FC	index-load	u16	2	D_800A35C0	D_800A35C0	s32 (tu-global)	0x0		untyped			fn	
src/main/5ED34.c	1705	func_800720FC	index-load	u16	2	D_800A35C0	D_800A35C0	s32 (tu-global)	0x2		untyped			fn	
src/main/5ED34.c	1706	func_800720FC	index-load	u16	2	D_800A35C0	D_800A35C0	s32 (tu-global)	0x4		untyped			fn	
src/main/5ED34.c	1707	func_800720FC	index-load	u16	2	D_800A35C0	D_800A35C0	s32 (tu-global)	0x6		untyped			fn	
src/main/5ED34.c	1708	func_800720FC	index-load	s32	4	arg0	arg0	s32 (param)	0x1C		untyped			fn	
src/main/5ED34.c	1709	func_800720FC	index-load	s32	4	arg0	arg0	s32 (param)	0x1C		untyped			fn	
src/main/5ED34.c	1710	func_800720FC	index-store	s32	4	arg0	arg0	s32 (param)	0x1C		untyped			fn	
src/main/5ED34.c	1711	func_800720FC	index-store	u16	2	D_800A35C4	D_800A35C4	void * (tu-global)	0x10		untyped			fn	
src/main/5ED34.c	1711	func_800720FC	index-load	u16	2	D_800A35C0	D_800A35C0	s32 (tu-global)	0x8		untyped			fn	
src/main/5ED34.c	1712	func_800720FC	index-store	u16	2	D_800A35C4	D_800A35C4	void * (tu-global)	0x12		untyped			fn	
src/main/5ED34.c	1712	func_800720FC	index-load	u16	2	D_800A35C0	D_800A35C0	s32 (tu-global)	0xA		untyped			fn	
src/main/5ED34.c	1713	func_800720FC	index-load	s32	4	arg0	arg0	s32 (param)	0x20		untyped			fn	
src/main/5ED34.c	1713	func_800720FC	ptradd	u16	2	D_800A35C4	D_800A35C4	void * (tu-global)	0x10		untyped			fn	
src/main/5ED34.c	1714	func_800720FC	index-load	s32	4	arg0	arg0	s32 (param)	0x20		untyped			fn	
src/main/5ED34.c	1715	func_800720FC	index-store	s32	4	arg0	arg0	s32 (param)	0x20		untyped			fn	
src/main/5ED34.c	1720	func_800720FC	deref-load	s32 *	4	D_800A35A8	D_800A35A8	s32 (tu-global)	0x74		untyped			fn	
src/main/5ED34.c	1726	func_800720FC	index-load	s32	4	arg0	arg0	s32 (param)	0x10		untyped			fn	
src/main/5ED34.c	1727	func_800720FC	index-store	s32	4	arg0	arg0	s32 (param)	0x10		untyped			fn	
src/main/5ED34.c	1733	func_800720FC	index-load	s32	4	arg0	arg0	s32 (param)	0x10		untyped			fn	
src/main/5ED34.c	1734	func_800720FC	index-store	s32	4	arg0	arg0	s32 (param)	0x10		untyped			fn	
src/main/5ED34.c	1738	func_800720FC	index-load	s32	4	arg0	arg0	s32 (param)	0x18		untyped			fn	
src/main/5ED34.c	1739	func_800720FC	index-load	s32	4	arg0	arg0	s32 (param)	0x18		untyped			fn	
src/main/5ED34.c	1740	func_800720FC	index-store	s32	4	arg0	arg0	s32 (param)	0x18		untyped			fn	
src/main/5ED34.c	1745	func_800720FC	struct-cast	Sheets720FC->hdr0		arg1	arg1	s32 (param)	0x0		untyped			fn	
src/main/5ED34.c	1748	func_800720FC	index-load	s32	4	arg0	arg0	s32 (param)	0x10		untyped			fn	
src/main/5ED34.c	1749	func_800720FC	index-store	s32	4	arg0	arg0	s32 (param)	0x10		untyped			fn	
src/main/5ED34.c	1750	func_800720FC	index-store	u16	2	D_800A35C4	D_800A35C4	void * (tu-global)	0x10		untyped			fn	
src/main/5ED34.c	1750	func_800720FC	index-load	u16	2	D_800A35C0	D_800A35C0	s32 (tu-global)	0x8		untyped			fn	
src/main/5ED34.c	1751	func_800720FC	index-store	u16	2	D_800A35C4	D_800A35C4	void * (tu-global)	0x12		untyped			fn	
src/main/5ED34.c	1751	func_800720FC	index-load	u16	2	D_800A35C0	D_800A35C0	s32 (tu-global)	0xA		untyped			fn	
src/main/5ED34.c	1762	func_800720FC	index-store	s16	2	D_800A35C4	D_800A35C4	void * (tu-global)	computed		untyped	computed		fn	
src/main/5ED34.c	1768	func_800720FC	index-load	s32	4	arg0	arg0	s32 (param)	0x20		untyped			fn	
src/main/5ED34.c	1768	func_800720FC	ptradd	u16	2	D_800A35C4	D_800A35C4	void * (tu-global)	0x10		untyped			fn	
src/main/5ED34.c	1769	func_800720FC	index-load	s32	4	arg0	arg0	s32 (param)	0x20		untyped			fn	
src/main/5ED34.c	1770	func_800720FC	index-store	s32	4	arg0	arg0	s32 (param)	0x20		untyped			fn	
src/main/5ED34.c	1772	func_800720FC	index-load	u16	2	D_800A35C0	D_800A35C0	s32 (tu-global)	0x2		untyped			fn	
src/main/5ED34.c	1775	func_800720FC	index-load	s32	4	arg0	arg0	s32 (param)	0x1C		untyped			fn	
src/main/5ED34.c	1776	func_800720FC	index-load	s32	4	arg0	arg0	s32 (param)	0x1C		untyped			fn	
src/main/5ED34.c	1777	func_800720FC	index-store	s32	4	arg0	arg0	s32 (param)	0x1C		untyped			fn	
src/main/5ED34.c	1778	func_800720FC	index-load	s32	4	arg0	arg0	s32 (param)	0x18		untyped			fn	
src/main/5ED34.c	1779	func_800720FC	index-load	s32	4	arg0	arg0	s32 (param)	0x18		untyped			fn	
src/main/5ED34.c	1780	func_800720FC	index-store	s32	4	arg0	arg0	s32 (param)	0x18		untyped			fn	
src/main/5ED34.c	1792	func_800720FC	struct-cast	Sheets720FC->hdr4		arg1	arg1	s32 (param)	0x4		untyped			fn	
src/main/5ED34.c	1797	func_800720FC	index-load	s32	4	arg0	arg0	s32 (param)	0x4		untyped			fn	
src/main/5ED34.c	1798	func_800720FC	index-store	s32	4	arg0	arg0	s32 (param)	0x4		untyped			fn	
src/main/5ED34.c	1799	func_800720FC	deref-load	u8	1	s . header	s	Desc720FC (local)	0x2		unknown			fn	
src/main/5ED34.c	1800	func_800720FC	index-load	s32	4	arg0	arg0	s32 (param)	0x4		untyped			fn	
src/main/5ED34.c	1801	func_800720FC	index-store	s32	4	arg0	arg0	s32 (param)	0x4		untyped			fn	
src/main/5ED34.c	1831	func_800720FC	index-load	s32	4	D_800A35C4	D_800A35C4	void * (tu-global)	0x8		untyped			fn	
src/main/5ED34.c	1840	func_800720FC	struct-cast	Sheets720FC->hdr8		arg1	arg1	s32 (param)	0x8		untyped			fn	
src/main/5ED34.c	1843	func_800720FC	index-load	s32	4	arg0	arg0	s32 (param)	0x4		untyped			fn	
src/main/5ED34.c	1844	func_800720FC	index-store	s32	4	arg0	arg0	s32 (param)	0x4		untyped			fn	
src/main/5ED34.c	1859	func_800720FC	ptradd	s32	4	arg1	arg1	s32 (param)	computed		untyped	computed		fn	
src/main/5ED34.c	1861	func_800720FC	struct-cast	Sheets720FC->hdr30		arg1	arg1	s32 (param)	0x30		untyped			fn	
src/main/5ED34.c	1865	func_800720FC	index-load	s32	4	arg0	arg0	s32 (param)	0x4		untyped			fn	
src/main/5ED34.c	1866	func_800720FC	index-store	s32	4	arg0	arg0	s32 (param)	0x4		untyped			fn	
src/main/5ED34.c	1870	func_800720FC	struct-cast	Sheets720FC->hdr2C		arg1	arg1	s32 (param)	0x2C		untyped			fn	
src/main/5ED34.c	1873	func_800720FC	index-load	s32	4	arg0	arg0	s32 (param)	0x4		untyped			fn	
src/main/5ED34.c	1874	func_800720FC	index-store	s32	4	arg0	arg0	s32 (param)	0x4		untyped			fn	
src/main/5ED34.c	1904	func_800720FC	index-store	s16	2	D_800A35C4	D_800A35C4	void * (tu-global)	0x6		untyped			fn	
src/main/5ED34.c	1905	func_800720FC	index-store	s16	2	D_800A35C4	D_800A35C4	void * (tu-global)	0x4		untyped			fn	
src/main/5ED34.c	1913	func_800720FC	struct-cast	Cfg720FC->unk14_4		D_800A3568	D_800A3568	s32 (tu-global)	0x0		untyped			fn	
src/main/5ED34.c	1915	func_800720FC	struct-cast	Cfg720FC->unk14_4		D_800A3568	D_800A3568	s32 (tu-global)	0x0		untyped			fn	
src/main/5ED34.c	1937	func_80072BC4	deref-store	u8	1	( s32 ) ( arg1 )	arg1	GameObj * (param)	0x4	GameObj	decl	size	field_04		
src/main/5ED34.c	1938	func_80072BC4	deref-store	u8	1	( s32 ) ( arg1 )	arg1	GameObj * (param)	0x5	GameObj	decl	inside	field_04		
src/main/5ED34.c	1939	func_80072BC4	deref-store	u8	1	( s32 ) ( arg1 )	arg1	GameObj * (param)	0x6	GameObj	decl	size	field_06		
src/main/5ED34.c	1940	func_80072BC4	deref-store	u8	1	( s32 ) ( arg1 )	arg1	GameObj * (param)	0xC	GameObj	decl	size	field_0C		
src/main/5ED34.c	1941	func_80072BC4	deref-store	u8	1	( s32 ) ( arg1 )	arg1	GameObj * (param)	0xD	GameObj	decl	inside	field_0C		
src/main/5ED34.c	1942	func_80072BC4	deref-store	u8	1	( s32 ) ( arg1 )	arg1	GameObj * (param)	0xE	GameObj	decl	size	field_0E		
src/main/5ED34.c	1943	func_80072BC4	deref-store	u8	1	( s32 ) ( arg1 )	arg1	GameObj * (param)	0x14	GameObj	decl	size	field_14		
src/main/5ED34.c	1944	func_80072BC4	deref-store	u8	1	( s32 ) ( arg1 )	arg1	GameObj * (param)	0x15	GameObj	decl	inside	field_14		
src/main/5ED34.c	1945	func_80072BC4	deref-store	u8	1	( s32 ) ( arg1 )	arg1	GameObj * (param)	0x16	GameObj	decl	size	field_16		
src/main/5ED34.c	1946	func_80072BC4	deref-load	s32	4	( s32 ) ( D_800A35C4 )	D_800A35C4	void * (tu-global)	0x8		untyped				
src/main/5ED34.c	1947	func_80072BC4	deref-store	u8	1	( s32 ) ( arg1 )	arg1	GameObj * (param)	0x1D	GameObj	decl	inside	field_1C		
src/main/5ED34.c	1950	func_80072BC4	deref-store	u8	1	( s32 ) ( arg1 )	arg1	GameObj * (param)	0x1D	GameObj	decl	inside	field_1C		
src/main/5ED34.c	1953	func_80072BC4	deref-store	u8	1	( s32 ) ( arg1 )	arg1	GameObj * (param)	0x1C	GameObj	decl	size	field_1C		
src/main/5ED34.c	1954	func_80072BC4	deref-store	u8	1	( s32 ) ( arg1 )	arg1	GameObj * (param)	0x1E	GameObj	decl	inside	field_1C		
src/main/5ED34.c	1956	func_80072BC4	deref-store	u8	1	( s32 ) ( arg1 )	arg1	GameObj * (param)	0x4	GameObj	decl	size	field_04		
src/main/5ED34.c	1957	func_80072BC4	deref-store	u8	1	( s32 ) ( arg1 )	arg1	GameObj * (param)	0x5	GameObj	decl	inside	field_04		
src/main/5ED34.c	1958	func_80072BC4	deref-store	u8	1	( s32 ) ( arg1 )	arg1	GameObj * (param)	0x6	GameObj	decl	size	field_06		
src/main/5ED34.c	1959	func_80072BC4	deref-store	u8	1	( s32 ) ( arg1 )	arg1	GameObj * (param)	0xC	GameObj	decl	size	field_0C		
src/main/5ED34.c	1960	func_80072BC4	deref-store	u8	1	( s32 ) ( arg1 )	arg1	GameObj * (param)	0xD	GameObj	decl	inside	field_0C		
src/main/5ED34.c	1961	func_80072BC4	deref-store	u8	1	( s32 ) ( arg1 )	arg1	GameObj * (param)	0xE	GameObj	decl	size	field_0E		
src/main/5ED34.c	1962	func_80072BC4	deref-store	u8	1	( s32 ) ( arg1 )	arg1	GameObj * (param)	0x14	GameObj	decl	size	field_14		
src/main/5ED34.c	1963	func_80072BC4	deref-store	u8	1	( s32 ) ( arg1 )	arg1	GameObj * (param)	0x15	GameObj	decl	inside	field_14		
src/main/5ED34.c	1964	func_80072BC4	deref-store	u8	1	( s32 ) ( arg1 )	arg1	GameObj * (param)	0x16	GameObj	decl	size	field_16		
src/main/5ED34.c	1965	func_80072BC4	deref-store	u8	1	( s32 ) ( arg1 )	arg1	GameObj * (param)	0x1C	GameObj	decl	size	field_1C		
src/main/5ED34.c	1966	func_80072BC4	deref-store	u8	1	( s32 ) ( arg1 )	arg1	GameObj * (param)	0x1D	GameObj	decl	inside	field_1C		
src/main/5ED34.c	1967	func_80072BC4	deref-store	u8	1	( s32 ) ( arg1 )	arg1	GameObj * (param)	0x1E	GameObj	decl	inside	field_1C		
src/main/5ED34.c	1970	func_80072BC4	ptradd	u8	1	arg1	arg1	GameObj * (param)	0x24	GameObj	decl	addr-of	field_24		
src/main/5ED34.c	1982	func_80072CD4	deref-load	s32	4	( s32 ) ( D_800A35C4 )	D_800A35C4	void * (tu-global)	0x8		untyped				
src/main/5ED34.c	1983	func_80072CD4	deref-store	u8	1	( s32 ) ( arg1 )	arg1	GameObj * (param)	0x4	GameObj	decl	size	field_04		
src/main/5ED34.c	1984	func_80072CD4	deref-store	u8	1	( s32 ) ( arg1 )	arg1	GameObj * (param)	0x5	GameObj	decl	inside	field_04		
src/main/5ED34.c	1985	func_80072CD4	deref-store	u8	1	( s32 ) ( arg1 )	arg1	GameObj * (param)	0x6	GameObj	decl	size	field_06		
src/main/5ED34.c	1986	func_80072CD4	deref-store	u8	1	( s32 ) ( arg1 )	arg1	GameObj * (param)	0xC	GameObj	decl	size	field_0C		
src/main/5ED34.c	1987	func_80072CD4	deref-store	u8	1	( s32 ) ( arg1 )	arg1	GameObj * (param)	0xD	GameObj	decl	inside	field_0C		
src/main/5ED34.c	1988	func_80072CD4	deref-store	u8	1	( s32 ) ( arg1 )	arg1	GameObj * (param)	0xE	GameObj	decl	size	field_0E		
src/main/5ED34.c	1990	func_80072CD4	deref-store	u8	1	( s32 ) ( arg1 )	arg1	GameObj * (param)	0x4	GameObj	decl	size	field_04		
src/main/5ED34.c	1991	func_80072CD4	deref-store	u8	1	( s32 ) ( arg1 )	arg1	GameObj * (param)	0x5	GameObj	decl	inside	field_04		
src/main/5ED34.c	1992	func_80072CD4	deref-store	u8	1	( s32 ) ( arg1 )	arg1	GameObj * (param)	0x6	GameObj	decl	size	field_06		
src/main/5ED34.c	1993	func_80072CD4	deref-store	u8	1	( s32 ) ( arg1 )	arg1	GameObj * (param)	0xC	GameObj	decl	size	field_0C		
src/main/5ED34.c	1994	func_80072CD4	deref-store	u8	1	( s32 ) ( arg1 )	arg1	GameObj * (param)	0xD	GameObj	decl	inside	field_0C		
src/main/5ED34.c	1995	func_80072CD4	deref-store	u8	1	( s32 ) ( arg1 )	arg1	GameObj * (param)	0xE	GameObj	decl	size	field_0E		
src/main/5ED34.c	1997	func_80072CD4	deref-store	u8	1	( s32 ) ( arg1 )	arg1	GameObj * (param)	0x14	GameObj	decl	size	field_14		
src/main/5ED34.c	1998	func_80072CD4	deref-store	u8	1	( s32 ) ( arg1 )	arg1	GameObj * (param)	0x15	GameObj	decl	inside	field_14		
src/main/5ED34.c	1999	func_80072CD4	deref-store	u8	1	( s32 ) ( arg1 )	arg1	GameObj * (param)	0x1C	GameObj	decl	size	field_1C		
src/main/5ED34.c	2000	func_80072CD4	deref-store	u8	1	( s32 ) ( arg1 )	arg1	GameObj * (param)	0x1D	GameObj	decl	inside	field_1C		
src/main/5ED34.c	2001	func_80072CD4	deref-store	u8	1	( s32 ) ( arg1 )	arg1	GameObj * (param)	0x16	GameObj	decl	size	field_16		
src/main/5ED34.c	2002	func_80072CD4	deref-store	u8	1	( s32 ) ( arg1 )	arg1	GameObj * (param)	0x1E	GameObj	decl	inside	field_1C		
src/main/5ED34.c	2004	func_80072CD4	deref-store	u8	1	( s32 ) ( arg1 )	arg1	GameObj * (param)	0x4	GameObj	decl	size	field_04		
src/main/5ED34.c	2005	func_80072CD4	deref-store	u8	1	( s32 ) ( arg1 )	arg1	GameObj * (param)	0x5	GameObj	decl	inside	field_04		
src/main/5ED34.c	2006	func_80072CD4	deref-store	u8	1	( s32 ) ( arg1 )	arg1	GameObj * (param)	0x6	GameObj	decl	size	field_06		
src/main/5ED34.c	2007	func_80072CD4	deref-store	u8	1	( s32 ) ( arg1 )	arg1	GameObj * (param)	0xC	GameObj	decl	size	field_0C		
src/main/5ED34.c	2008	func_80072CD4	deref-store	u8	1	( s32 ) ( arg1 )	arg1	GameObj * (param)	0xD	GameObj	decl	inside	field_0C		
src/main/5ED34.c	2009	func_80072CD4	deref-store	u8	1	( s32 ) ( arg1 )	arg1	GameObj * (param)	0xE	GameObj	decl	size	field_0E		
src/main/5ED34.c	2010	func_80072CD4	deref-store	u8	1	( s32 ) ( arg1 )	arg1	GameObj * (param)	0x14	GameObj	decl	size	field_14		
src/main/5ED34.c	2011	func_80072CD4	deref-store	u8	1	( s32 ) ( arg1 )	arg1	GameObj * (param)	0x15	GameObj	decl	inside	field_14		
src/main/5ED34.c	2012	func_80072CD4	deref-store	u8	1	( s32 ) ( arg1 )	arg1	GameObj * (param)	0x16	GameObj	decl	size	field_16		
src/main/5ED34.c	2013	func_80072CD4	deref-store	u8	1	( s32 ) ( arg1 )	arg1	GameObj * (param)	0x1C	GameObj	decl	size	field_1C		
src/main/5ED34.c	2014	func_80072CD4	deref-store	u8	1	( s32 ) ( arg1 )	arg1	GameObj * (param)	0x1D	GameObj	decl	inside	field_1C		
src/main/5ED34.c	2015	func_80072CD4	deref-store	u8	1	( s32 ) ( arg1 )	arg1	GameObj * (param)	0x1E	GameObj	decl	inside	field_1C		
src/main/5ED34.c	2018	func_80072CD4	ptradd	u8	1	arg1	arg1	GameObj * (param)	0x24	GameObj	decl	addr-of	field_24		
src/main/5ED34.c	2037	func_80072E10	deref-load	PolyG4Xy *	4	( s32 ) arg0	arg0	s32 (param)	0xC		untyped				
src/main/5ED34.c	2074	func_80072E10	deref-store	PolyG4Xy *	4	( s32 ) arg0	arg0	s32 (param)	0xC		untyped				
src/main/5ED34.c	2095	func_80072F30	addr	s32	4	a1	a1	u8 * (param)	0x10	TileXy	caller(4/4)	beyond	+0x10>=0x10		
src/main/5ED34.c	2111	func_80072FCC	addr	s32	4	a1	a1	u8 * (param)	0x10	TileXy	caller(2/2)	beyond	+0x10>=0x10		
src/main/5ED34.c	2123	func_80073060	deref-load	TileXy *	4	( s32 ) arg0	arg0	s32 (param)	0x14		untyped				
src/main/5ED34.c	2160	func_80073060	deref-store	TileXy *	4	( s32 ) arg0	arg0	s32 (param)	0x14		untyped				
src/main/5ED34.c	2187	func_80073200	deref-load	s32 *	4	D_800A35A8	D_800A35A8	s32 (tu-global)	0x5C		untyped			fn	
src/main/5ED34.c	2188	func_80073200	deref-load	s32	4	( s32 ) ctx	ctx	s32 * (local)	0xC		untyped			fn	
src/main/5ED34.c	2190	func_80073200	deref-load	s32	4	arg0	arg0	s32 (param)	0x18		untyped			fn	
src/main/5ED34.c	2191	func_80073200	deref-load	s32	4	arg0	arg0	s32 (param)	0x18		untyped			fn	
src/main/5ED34.c	2192	func_80073200	deref-store	s32	4	arg0	arg0	s32 (param)	0x18		untyped			fn	
src/main/5ED34.c	2192	func_80073200	deref-load	s32	4	arg0	arg0	s32 (param)	0x18		untyped			fn	
src/main/5ED34.c	2194	func_80073200	deref-load	s32	4	( s32 ) ctx	ctx	s32 * (local)	0x10		untyped			fn	
src/main/5ED34.c	2199	func_80073200	deref-load	s32	4	( s32 ) D_800A35C4	D_800A35C4	void * (tu-global)	0x8		untyped			fn	
src/main/5ED34.c	2221	func_80073200	deref-load	s32	4	arg0	arg0	s32 (param)	0x4		untyped			fn	
src/main/5ED34.c	2222	func_80073200	deref-store	s32	4	arg0	arg0	s32 (param)	0x4		untyped			fn	
src/main/5ED34.c	2224	func_80073200	deref-load	s32	4	arg0	arg0	s32 (param)	0x4		untyped			fn	
src/main/5ED34.c	2225	func_80073200	deref-store	s32	4	arg0	arg0	s32 (param)	0x4		untyped			fn	
src/main/5ED34.c	2227	func_80073200	deref-load	s32	4	arg0	arg0	s32 (param)	0x4		untyped			fn	
src/main/5ED34.c	2228	func_80073200	deref-store	s32	4	arg0	arg0	s32 (param)	0x4		untyped			fn	
src/main/5ED34.c	2230	func_80073200	deref-load	s32	4	arg0	arg0	s32 (param)	0x4		untyped			fn	
src/main/5ED34.c	2231	func_80073200	deref-store	s32	4	arg0	arg0	s32 (param)	0x4		untyped			fn	
src/main/5ED34.c	2232	func_80073200	deref-load	s32	4	arg0	arg0	s32 (param)	0x18		untyped			fn	
src/main/5ED34.c	2233	func_80073200	deref-load	s32	4	arg0	arg0	s32 (param)	0x18		untyped			fn	
src/main/5ED34.c	2234	func_80073200	deref-store	s32	4	arg0	arg0	s32 (param)	0x18		untyped			fn	
src/main/5ED34.c	2234	func_80073200	deref-load	s32	4	arg0	arg0	s32 (param)	0x18		untyped			fn	
src/main/5ED34.c	2244	func_80073200	deref-load	s32	4	( s32 ) ctx	ctx	s32 * (local)	0x14		untyped			fn	
src/main/5ED34.c	2248	func_80073200	deref-load	s32	4	arg0	arg0	s32 (param)	0x10		untyped			fn	
src/main/5ED34.c	2249	func_80073200	deref-store	s32	4	arg0	arg0	s32 (param)	0x10		untyped			fn	
src/main/5ED34.c	2250	func_80073200	deref-load	s32	4	arg0	arg0	s32 (param)	0x18		untyped			fn	
src/main/5ED34.c	2251	func_80073200	deref-load	s32	4	arg0	arg0	s32 (param)	0x18		untyped			fn	
src/main/5ED34.c	2260	func_80073200	deref-store	s32	4	arg0	arg0	s32 (param)	0x18		untyped			fn	
src/main/5ED34.c	2260	func_80073200	deref-load	s32	4	arg0	arg0	s32 (param)	0x18		untyped			fn	
src/main/5ED34.c	2264	func_80073200	deref-load	s32	4	( s32 ) D_800A35C4	D_800A35C4	void * (tu-global)	0x8		untyped			fn	
src/main/5ED34.c	2265	func_80073200	deref-load	s32	4	( s32 ) ctx	ctx	s32 * (local)	0x28		untyped	computed		fn	
src/main/5ED34.c	2269	func_80073200	deref-load	s32	4	arg0	arg0	s32 (param)	0x10		untyped			fn	
src/main/5ED34.c	2270	func_80073200	deref-store	s32	4	arg0	arg0	s32 (param)	0x10		untyped			fn	
src/main/5ED34.c	2271	func_80073200	deref-load	s32	4	arg0	arg0	s32 (param)	0x18		untyped			fn	
src/main/5ED34.c	2272	func_80073200	deref-load	s32	4	arg0	arg0	s32 (param)	0x18		untyped			fn	
src/main/5ED34.c	2273	func_80073200	deref-store	s32	4	arg0	arg0	s32 (param)	0x18		untyped			fn	
src/main/5ED34.c	2273	func_80073200	deref-load	s32	4	arg0	arg0	s32 (param)	0x18		untyped			fn	
src/main/63D2C.c	92	func_8007352C	ptradd	SprtEntA	8	env -> table	env	EnvA * (local)	computed		unknown	computed			
src/main/64FD8.c	235	func_80074B18	deref-store	u8	1	p	p	u8 * (local)	0x4		untyped				
src/main/64FD8.c	235	func_80074B18	deref-load	u8	1	t	t	u8 * (local)	0x8		untyped				
src/main/64FD8.c	236	func_80074B18	deref-store	u8	1	p	p	u8 * (local)	0x5		untyped				
src/main/64FD8.c	236	func_80074B18	deref-load	u8	1	t	t	u8 * (local)	0x9		untyped				
src/main/64FD8.c	237	func_80074B18	deref-store	u8	1	p	p	u8 * (local)	0x6		untyped				
src/main/64FD8.c	237	func_80074B18	deref-load	u8	1	t	t	u8 * (local)	0xA		untyped				
src/main/64FD8.c	238	func_80074B18	deref-store	u16	2	p	p	u8 * (local)	0xC		untyped				
src/main/64FD8.c	238	func_80074B18	deref-load	u16	2	t	t	u8 * (local)	0x4		untyped				
src/main/64FD8.c	239	func_80074B18	deref-store	u16	2	p	p	u8 * (local)	0xE		untyped				
src/main/64FD8.c	239	func_80074B18	deref-load	u16	2	t	t	u8 * (local)	0x6		untyped				
src/main/64FD8.c	242	func_80074B18	deref-store	s16	2	p	p	u8 * (local)	0x8		untyped				
src/main/64FD8.c	242	func_80074B18	deref-load	u16	2	t	t	u8 * (local)	0x0		untyped				
src/main/64FD8.c	243	func_80074B18	deref-store	s16	2	p	p	u8 * (local)	0xA		untyped				
src/main/64FD8.c	243	func_80074B18	deref-load	u16	2	t	t	u8 * (local)	0x2		untyped				
src/main/64FD8.c	245	func_80074B18	deref-store	s16	2	p	p	u8 * (local)	0x8		untyped				
src/main/64FD8.c	245	func_80074B18	deref-load	u16	2	t	t	u8 * (local)	0x0		untyped				
src/main/64FD8.c	246	func_80074B18	deref-store	s16	2	p	p	u8 * (local)	0xA		untyped				
src/main/64FD8.c	246	func_80074B18	deref-load	u16	2	t	t	u8 * (local)	0x2		untyped				
src/main/64FD8.c	273	func_80074D2C	deref-load	s32	4	( s32 ) * ( s32 * ) arg0			0x1C		unknown				
src/main/64FD8.c	274	func_80074D2C	deref-load	s32	4	( ( arg2 << 16 ) >> 14 )			computed		unknown	computed			
src/main/64FD8.c	283	func_80074D2C	deref-load	s32	4	arg0	arg0	s32 (param)	0x10		untyped				
src/main/64FD8.c	284	func_80074D2C	deref-store	s32	4	arg0	arg0	s32 (param)	0x10		untyped				
src/main/64FD8.c	285	func_80074D2C	deref-load	s32	4	arg0	arg0	s32 (param)	0x18		untyped				
src/main/64FD8.c	286	func_80074D2C	deref-load	s32	4	arg0	arg0	s32 (param)	0x18		untyped				
src/main/64FD8.c	287	func_80074D2C	deref-store	s32	4	arg0	arg0	s32 (param)	0x18		untyped				
src/main/64FD8.c	312	func_80074E08	deref-store	u8	1	prim	prim	s32 (local)	0x4		untyped				
src/main/64FD8.c	313	func_80074E08	deref-store	u8	1	prim	prim	s32 (local)	0x5		untyped				
src/main/64FD8.c	314	func_80074E08	deref-store	u8	1	prim	prim	s32 (local)	0x6		untyped				
src/main/64FD8.c	315	func_80074E08	deref-store	s16	2	prim	prim	s32 (local)	0x8		untyped				
src/main/64FD8.c	316	func_80074E08	deref-store	s16	2	prim	prim	s32 (local)	0xA		untyped				
src/main/64FD8.c	317	func_80074E08	deref-store	s16	2	prim	prim	s32 (local)	0xC		untyped				
src/main/64FD8.c	318	func_80074E08	deref-store	s16	2	prim	prim	s32 (local)	0xE		untyped				
src/main/64FD8.c	328	func_80074E08	deref-load	s32 *	4	arg0 [ 0 ]	arg0	s32 * (param)	0x18		untyped				
src/main/64FD8.c	346	func_80074E08	deref-load	u8	1	s . header	s	EnvA (local)	0x2		unknown				
src/main/64FD8.c	382	func_80074E08	struct-cast	DRAWENV->clip		SELWORK -> f24	SELWORK	?	0x0		unknown				
src/main/64FD8.c	383	func_80074E08	struct-cast	DRAWENV->clip		SELWORK -> f24	SELWORK	?	0x0		unknown				
src/main/64FD8.c	390	func_80074E08	struct-cast	DRAWENV->clip		SELWORK -> f24	SELWORK	?	0x0		unknown				
src/main/64FD8.c	391	func_80074E08	struct-cast	DRAWENV->clip		SELWORK -> f24	SELWORK	?	0x0		unknown				
src/main/64FD8.c	392	func_80074E08	struct-cast	DRAWENV->clip		SELWORK -> f24	SELWORK	?	0x0		unknown				
src/main/64FD8.c	393	func_80074E08	struct-cast	DRAWENV->clip		SELWORK -> f24	SELWORK	?	0x0		unknown				
src/main/64FD8.c	399	func_80074E08	struct-cast	DRAWENV->ofs		SELWORK -> f24	SELWORK	?	0x8		unknown				
src/main/64FD8.c	400	func_80074E08	struct-cast	DRAWENV->ofs		SELWORK -> f24	SELWORK	?	0x8		unknown				
src/main/64FD8.c	406	func_80074E08	struct-cast	DRAWENV->ofs		SELWORK -> f24	SELWORK	?	0x8		unknown				
src/main/64FD8.c	407	func_80074E08	struct-cast	DRAWENV->ofs		SELWORK -> f24	SELWORK	?	0x8		unknown				
src/main/64FD8.c	505	func_800753D8	deref-load	s32 *	4	arg0 [ 0 ]	arg0	s32 * (param)	0x2C		untyped			fn	
src/main/64FD8.c	520	func_800753D8	deref-load	s32 *	4	arg0 [ 0 ]	arg0	s32 * (param)	0x14		untyped			fn	
src/main/64FD8.c	530	func_800753D8	deref-load	u8	1	s . sp18	s	S_753D8 (local)	0x2		unknown			fn	
src/main/64FD8.c	536	func_800753D8	deref-load	s32 *	4	arg0 [ 0 ]	arg0	s32 * (param)	0x2C		untyped			fn	
src/main/64FD8.c	608	func_80075830	deref-load	s32	4	* ( s32 * ) ( * arg0 + 0x14 )			0x54		unknown				
src/main/64FD8.c	608	func_80075830	deref-load	s32	4	* arg0			0x14		unknown				
src/main/64FD8.c	681	func_800759D0	deref-load	s32 *	4	arg0 [ 0 ]	arg0	s32 * (param)	0x14		untyped			fn	
src/main/64FD8.c	693	func_800759D0	deref-load	u8	1	s . sp18	s	S_80074488 (local)	0x2		unknown			fn	
src/main/64FD8.c	752	func_800759D0	deref-load	u8	1	s . sp18	s	S_80074488 (local)	0x2		unknown			fn	
src/main/64FD8.c	760	func_800759D0	deref-load	s32 *	4	arg0 [ 0 ]	arg0	s32 * (param)	0x20		untyped	computed		fn	
src/main/64FD8.c	778	func_800759D0	deref-load	s32 *	4	arg0 [ 0 ]	arg0	s32 * (param)	0x14		untyped			fn	
src/main/64FD8.c	944	func_8007636C	deref-load	s32 *	4	arg0 [ 0 ]	arg0	s32 * (param)	0x30		untyped			fn	
src/main/64FD8.c	963	func_8007636C	deref-load	s32 *	4	arg0 [ 0 ]	arg0	s32 * (param)	0x14		untyped			fn	
src/main/64FD8.c	972	func_8007636C	deref-load	u8	1	s . sp18	s	S_80074488 (local)	0x2		unknown			fn	
src/main/64FD8.c	980	func_8007636C	deref-load	s32 *	4	arg0 [ 0 ]	arg0	s32 * (param)	0x30		untyped			fn	
src/main/64FD8.c	1008	func_8007636C	deref-load	s32 *	4	arg0 [ 0 ]	arg0	s32 * (param)	0x20		untyped	computed		fn	
src/main/64FD8.c	1017	func_8007636C	deref-load	u8	1	s . sp18	s	S_80074488 (local)	0x2		unknown			fn	
src/main/64FD8.c	1024	func_8007636C	deref-load	s32 *	4	arg0 [ 0 ]	arg0	s32 * (param)	0x14		untyped			fn	
src/main/64FD8.c	1156	func_80076D74	deref-store	u8	1	p	p	u8 * (local)	0x4		untyped			fn	
src/main/64FD8.c	1157	func_80076D74	deref-store	u8	1	p	p	u8 * (local)	0x5		untyped			fn	
src/main/64FD8.c	1158	func_80076D74	deref-store	u8	1	p	p	u8 * (local)	0x6		untyped			fn	
src/main/64FD8.c	1159	func_80076D74	deref-store	s16	2	p	p	u8 * (local)	0x8		untyped			fn	
src/main/64FD8.c	1160	func_80076D74	deref-store	s16	2	p	p	u8 * (local)	0xA		untyped			fn	
src/main/64FD8.c	1161	func_80076D74	deref-store	s16	2	p	p	u8 * (local)	0xC		untyped			fn	
src/main/64FD8.c	1162	func_80076D74	deref-store	s16	2	p	p	u8 * (local)	0xE		untyped			fn	
src/main/64FD8.c	1211	func_800770B8	addr	void		arg0	arg0	s32 (param)	0x58		untyped			fn	
src/main/64FD8.c	2046	func_80077D94	struct-cast	Ctx77D94->in30		D_800A35F8	D_800A35F8	s32 (tu-global)	0x30		untyped			fn	
src/main/64FD8.c	2047	func_80077D94	struct-cast	Ctx77D94->table		D_800A35F8	D_800A35F8	s32 (tu-global)	0x14		untyped			fn	
src/main/64FD8.c	2048	func_80077D94	struct-cast	Ctx77D94->out34		D_800A35F8	D_800A35F8	s32 (tu-global)	0x34		untyped			fn	
src/main/64FD8.c	2074	func_80077D94	struct-cast	Ctx77D94->hdr18		D_800A35F8	D_800A35F8	s32 (tu-global)	0x18		untyped			fn	
src/main/64FD8.c	2094	func_80077D94	struct-cast	Ctx77D94->hdr24		D_800A35F8	D_800A35F8	s32 (tu-global)	0x24		untyped			fn	
src/main/64FD8.c	2113	func_80077D94	struct-cast	Ctx77D94->hdr20		D_800A35F8	D_800A35F8	s32 (tu-global)	0x20		untyped			fn	
src/main/64FD8.c	2135	func_80077D94	deref-load	s32	4	D_800A35F8	D_800A35F8	s32 (tu-global)	computed		untyped	computed		fn	
src/main/64FD8.c	2143	func_80077D94	struct-cast	Ctx77D94->hdr1C		D_800A35F8	D_800A35F8	s32 (tu-global)	0x1C		untyped			fn	
src/main/64FD8.c	2162	func_80077D94	struct-cast	Ctx77D94->hdr28		D_800A35F8	D_800A35F8	s32 (tu-global)	0x28		untyped			fn	
src/main/64FD8.c	2164	func_80077D94	addr	Win77D94	4	i * 4	i	s32 (local)	computed		unknown	computed		fn	
src/main/64FD8.c	2164	func_80077D94	struct-cast	Ctx77D94->win2C		D_800A35F8	D_800A35F8	s32 (tu-global)	0x2C		untyped			fn	
src/main/64FD8.c	2251	func_8007855C	deref-load	s32 *	4	( s32 ) D_800A35F8	D_800A35F8	s32 (tu-global)	0x34		untyped				
src/main/64FD8.c	2253	func_8007855C	deref-load	s16	2	( s32 ) p_struct	p_struct	s32 * (local)	0xA		untyped				
src/main/psxsdk/libc2/sprintf.c	108	sprintf	ptradd	char	1	& args	args	va_list (local)	computed		untyped	computed		fn	
src/main/psxsdk/libgpu/prim.c	205	SetLineF3	deref-store	u32	4	p	p	u8 * (param)	0x14		untyped				
src/main/psxsdk/libgpu/prim.c	211	SetLineG3	deref-store	u32	4	p	p	u8 * (param)	0x1C		untyped				
src/main/psxsdk/libgpu/prim.c	217	SetLineF4	deref-store	u32	4	p	p	u8 * (param)	0x18		untyped				
src/main/psxsdk/libgpu/prim.c	223	SetLineG4	deref-store	u32	4	p	p	u8 * (param)	0x24		untyped				
src/main/psxsdk/libgpu/prim.c	245	SetDrawTPage	deref-store	u32	4	a0	a0	u8 * (param)	0x4		untyped			fn	
src/main/psxsdk/libgpu/prim.c	257	SetDrawMove	struct-cast	OTag->len		a0	a0	DR_MOVE * (param)	0x0	DR_MOVE	decl	other-struct:OTag		site	
src/main/psxsdk/libgpu/prim.c	260	SetDrawMove	pun-load	s32	4	& a1 -> x	a1	RECT * (param)	0x0		unknown			site	
src/main/psxsdk/libgpu/prim.c	264	SetDrawMove	pun-load	s32	4	& a1 -> w	a1	RECT * (param)	0x0		unknown			site	
src/main/psxsdk/libgpu/prim.c	276	SetDrawLoad	index-store	u8	1	a0	a0	u32 * (param)	0x3		untyped				
src/main/psxsdk/libgpu/prim.c	278	SetDrawLoad	pun-load	u32	4	& a1 [ 0 ]	a1	s16 * (param)	0x0		untyped				
src/main/psxsdk/libgpu/prim.c	279	SetDrawLoad	pun-load	u32	4	& a1 [ 2 ]	a1	s16 * (param)	0x0		untyped				
src/main/psxsdk/libgpu/prim.c	285	MargePrim	index-load	u8	1	a1	a1	u32 * (param)	0x3		untyped				
src/main/psxsdk/libgpu/prim.c	298	DumpDrawEnv	index-load	u8	1	a0	a0	s16 * (param)	0x16		untyped				
src/main/psxsdk/libgpu/prim.c	299	DumpDrawEnv	index-load	u8	1	a0	a0	s16 * (param)	0x17		untyped				
src/main/psxsdk/libgpu/prim.c	300	DumpDrawEnv	index-load	u16	2	a0	a0	s16 * (param)	0x14		untyped				
src/main/psxsdk/libgpu/prim.c	307	DumpDispEnv	index-load	u8	1	a0	a0	s16 * (param)	0x10		untyped				
src/main/psxsdk/libgpu/prim.c	308	DumpDispEnv	index-load	u8	1	a0	a0	s16 * (param)	0x11		untyped				
src/main/psxsdk/libgpu/sys.c	272	ResetGraph	index-load	u32	4	g_gpu_dev_table	g_gpu_dev_table	GpuDevTable * (tu-global)	computed	GpuDevTable	decl	computed	rcsid		
src/main/psxsdk/libgpu/sys.c	283	SetGraphReverse	index-load	u32	4	g_gpu_dev_table	g_gpu_dev_table	GpuDevTable * (tu-global)	computed	GpuDevTable	decl	computed	rcsid		
src/main/psxsdk/libgpu/sys.c	289	SetGraphReverse	index-load	u32	4	g_gpu_dev_table	g_gpu_dev_table	GpuDevTable * (tu-global)	computed	GpuDevTable	decl	computed	rcsid		
src/main/psxsdk/libgpu/sys.c	316	SetGraphQueue	index-load	u32	4	g_gpu_dev_table	g_gpu_dev_table	GpuDevTable * (tu-global)	computed	GpuDevTable	decl	computed	rcsid		
src/main/psxsdk/libgpu/sys.c	415	MoveImage	pun-load	u32	4	& rect -> x	rect	RECT * (param)	0x0		unknown				
src/main/psxsdk/libgpu/sys.c	417	MoveImage	pun-load	u32	4	& rect -> w	rect	RECT * (param)	0x0		unknown				
src/main/psxsdk/libgpu/sys.c	436	ClearOTag	index-store	u8	1	a0	a0	u32 * (param)	0x3		untyped				
src/main/psxsdk/libgpu/sys.c	526	PutDispEnv	pun-load	s16	2	& g_gpu_ctx . disp_env . screen . x	g_gpu_ctx	GpuCtx (tu-global)	0x0		unknown			fn	y
src/main/psxsdk/libgpu/sys.c	527	PutDispEnv	pun-load	s16	2	& g_gpu_ctx . disp_env . screen . y	g_gpu_ctx	GpuCtx (tu-global)	0x0		unknown			fn	y
src/main/psxsdk/libgpu/sys.c	528	PutDispEnv	pun-load	s16	2	& g_gpu_ctx . disp_env . screen . w	g_gpu_ctx	GpuCtx (tu-global)	0x0		unknown			fn	y
src/main/psxsdk/libgpu/sys.c	529	PutDispEnv	pun-load	s16	2	& g_gpu_ctx . disp_env . screen . h	g_gpu_ctx	GpuCtx (tu-global)	0x0		unknown			fn	y
src/main/psxsdk/libgpu/sys.c	554	PutDispEnv	pun-load	s32	4	& g_gpu_ctx . disp_env . isinter	g_gpu_ctx	GpuCtx (tu-global)	0x0		unknown			fn	y
src/main/psxsdk/libgpu/sys.c	554	PutDispEnv	pun-load	s32	4	& env -> isinter	env	DISPENV * (param)	0x0		unknown			fn	y
src/main/psxsdk/libgpu/sys.c	555	PutDispEnv	pun-load	s16	2	& g_gpu_ctx . disp_env . disp . x	g_gpu_ctx	GpuCtx (tu-global)	0x0		unknown			fn	y
src/main/psxsdk/libgpu/sys.c	556	PutDispEnv	pun-load	s16	2	& g_gpu_ctx . disp_env . disp . y	g_gpu_ctx	GpuCtx (tu-global)	0x0		unknown			fn	y
src/main/psxsdk/libgpu/sys.c	557	PutDispEnv	pun-load	s16	2	& g_gpu_ctx . disp_env . disp . w	g_gpu_ctx	GpuCtx (tu-global)	0x0		unknown			fn	y
src/main/psxsdk/libgpu/sys.c	558	PutDispEnv	pun-load	s16	2	& g_gpu_ctx . disp_env . disp . h	g_gpu_ctx	GpuCtx (tu-global)	0x0		unknown			fn	y
src/main/psxsdk/libgpu/sys.c	605	SetTexWindow	deref-store	u32	4	a0	a0	u8 * (param)	0x4		untyped				
src/main/psxsdk/libgpu/sys.c	606	SetTexWindow	deref-store	u32	4	a0	a0	u8 * (param)	0x8		untyped				
src/main/psxsdk/libgpu/sys.c	610	SetDrawArea	deref-store	u32	4	a0	a0	u8 * (param)	0x4		untyped				
src/main/psxsdk/libgpu/sys.c	611	SetDrawArea	deref-store	u32	4	a0	a0	u8 * (param)	0x8		untyped				
src/main/psxsdk/libgpu/sys.c	615	SetDrawOffset	deref-store	u32	4	a0	a0	u8 * (param)	0x4		untyped				
src/main/psxsdk/libgpu/sys.c	616	SetDrawOffset	deref-store	u32	4	a0	a0	u8 * (param)	0x8		untyped				
src/main/psxsdk/libgpu/sys.c	628	SetPriority	deref-store	u32	4	a0	a0	u8 * (param)	0x4		untyped				
src/main/psxsdk/libgpu/sys.c	629	SetPriority	deref-store	u32	4	a0	a0	u8 * (param)	0x8		untyped				
src/main/psxsdk/libgpu/sys.c	633	SetDrawMode	deref-store	u32	4	a0	a0	u8 * (param)	0x4		untyped				
src/main/psxsdk/libgpu/sys.c	634	SetDrawMode	deref-store	u32	4	a0	a0	u8 * (param)	0x8		untyped				
src/main/psxsdk/libgpu/sys.c	671	SetDrawEnv	addr	u16	2	( ( u8 * ) r )	r	Rect * (param)	0x14	Rect	decl	beyond	+0x14>=0x8	fn	
src/main/psxsdk/libgpu/sys.c	717	SetDrawEnv	index-load	u32	4	buf	buf	u16[] (local)	0x0		untyped			fn	
src/main/psxsdk/libgpu/sys.c	718	SetDrawEnv	index-load	u32	4	buf	buf	u16[] (local)	0x4		untyped			fn	
src/main/psxsdk/libgpu/sys.c	740	SetDrawEnv2	addr	u16	2	( ( u8 * ) r )	r	Rect * (param)	0x14	Rect	decl	beyond	+0x14>=0x8	fn	
src/main/psxsdk/libgpu/sys.c	788	SetDrawEnv2	index-load	u32	4	buf	buf	u16[] (local)	0x0		untyped			fn	
src/main/psxsdk/libgpu/sys.c	789	SetDrawEnv2	index-load	u32	4	buf	buf	u16[] (local)	0x4		untyped			fn	
src/main/psxsdk/libgpu/sys.c	796	SetDrawEnv2	index-load	u32	4	buf	buf	u16[] (local)	0x0		untyped			fn	
src/main/psxsdk/libgpu/sys.c	797	SetDrawEnv2	index-load	u32	4	buf	buf	u16[] (local)	0x4		untyped			fn	
src/main/psxsdk/libgpu/sys.c	887	get_tw	deref-load	s16	2	arg0	arg0	u8 * (param)	0x4		untyped			fn	
src/main/psxsdk/libgpu/sys.c	892	get_tw	deref-load	s16	2	arg0	arg0	u8 * (param)	0x6		untyped			fn	
src/main/psxsdk/libgpu/sys.c	916	get_dx	addr	u16	2	arg0	arg0	s16 * (param)	0x2	DISPENV	caller(1/1)	addr-of	disp.y	fn	
src/main/psxsdk/libgpu/sys.c	979	_clr	pun-load	s32	4	& rect -> x	rect	RECT * (param)	0x0		unknown				
src/main/psxsdk/libgpu/sys.c	980	_clr	pun-load	s32	4	& rect -> w	rect	RECT * (param)	0x0		unknown				
src/main/psxsdk/libgpu/sys.c	991	_clr	pun-load	s32	4	& rect -> x	rect	RECT * (param)	0x0		unknown				
src/main/psxsdk/libgpu/sys.c	992	_clr	pun-load	s32	4	& rect -> w	rect	RECT * (param)	0x0		unknown				
src/main/psxsdk/libgpu/sys.c	1033	_dws	pun-load	s32	4	& rect -> x	rect	RECT * (param)	0x0		unknown				
src/main/psxsdk/libgpu/sys.c	1034	_dws	pun-load	s32	4	& rect -> w	rect	RECT * (param)	0x0		unknown				
src/main/psxsdk/libgpu/sys.c	1079	_drs	pun-load	s32	4	& rect -> x	rect	RECT * (param)	0x0		unknown				
src/main/psxsdk/libgpu/sys.c	1080	_drs	pun-load	s32	4	& rect -> w	rect	RECT * (param)	0x0		unknown				
src/main/psxsdk/libgpu/sys.c	1109	_cwb	pun-store	u32	4	g_gpu_stat_reg	g_gpu_stat_reg	u32 * (tu-global)	0x0		untyped				
src/main/psxsdk/libgpu/sys.c	1111	_cwb	pun-store	u32	4	g_gpu_data_reg	g_gpu_data_reg	u32 * (tu-global)	0x0		untyped				
src/main/psxsdk/libgpu/sys.c	1116	_cwc	pun-store	u32	4	g_gpu_stat_reg	g_gpu_stat_reg	u32 * (tu-global)	0x0		untyped				
src/main/psxsdk/libgpu/sys.c	1117	_cwc	pun-store	u32	4	g_gpu_dma_madr	g_gpu_dma_madr	u32 * (tu-global)	0x0		untyped				
src/main/psxsdk/libgpu/sys.c	1118	_cwc	pun-store	u32	4	g_gpu_dma_bcr	g_gpu_dma_bcr	u32 * (tu-global)	0x0		untyped				
src/main/psxsdk/libgpu/sys.c	1119	_cwc	pun-store	u32	4	g_gpu_dma_chcr	g_gpu_dma_chcr	u32 * (tu-global)	0x0		untyped				
src/main/psxsdk/libgpu/sys.c	1316	_version	pun-store	s32	4	g_gpu_stat_reg	g_gpu_stat_reg	u32 * (tu-global)	0x0		untyped				
src/main/psxsdk/libgpu/sys.c	1317	_version	pun-load	s32	4	g_gpu_data_reg	g_gpu_data_reg	u32 * (tu-global)	0x0		untyped				
src/main/psxsdk/libgpu/sys.c	1318	_version	pun-store	s32	4	g_gpu_data_reg	g_gpu_data_reg	u32 * (tu-global)	0x0		untyped				
src/main/psxsdk/libgpu/sys.c	1318	_version	pun-load	s32	4	g_gpu_stat_reg	g_gpu_stat_reg	u32 * (tu-global)	0x0		untyped				
src/main/psxsdk/libgpu/sys.c	1320	_version	pun-load	s32	4	g_gpu_stat_reg	g_gpu_stat_reg	u32 * (tu-global)	0x0		untyped				
src/main/psxsdk/libgpu/sys.c	1326	_version	pun-store	s32	4	g_gpu_stat_reg	g_gpu_stat_reg	u32 * (tu-global)	0x0		untyped				
src/main/psxsdk/libgpu/sys.c	1332	_version	pun-store	s32	4	g_gpu_stat_reg	g_gpu_stat_reg	u32 * (tu-global)	0x0		untyped				
src/main/psxsdk/libcd/bios.c	143	getintr	pun-load	s32	4	& CD_status	CD_status	u8 (header-global)	0x0		untyped			fn	
src/main/psxsdk/libcd/bios.c	146	getintr	pun-store	s32	4	& CD_status	CD_status	u8 (header-global)	0x0		untyped			fn	
src/main/psxsdk/libcd/bios.c	148	getintr	pun-load	s32	4	& CD_status	CD_status	u8 (header-global)	0x0		untyped			fn	
src/main/psxsdk/libcd/bios.c	156	getintr	pun-load	s32	4	& CD_status	CD_status	u8 (header-global)	0x0		untyped			fn	
src/main/psxsdk/libcd/bios.c	499	CD_initintr	pun-store	s32	4	& CD_status	CD_status	u8 (header-global)	0x0		untyped				
src/main/psxsdk/libcd/bios.c	516	CD_init	pun-store	s32	4	& CD_status	CD_status	u8 (header-global)	0x0		untyped				
src/main/psxsdk/libcd/bios.c	540	CD_init	pun-load	s32	4	& CD_status	CD_status	u8 (header-global)	0x0		untyped				
src/main/psxsdk/libspu/spu.c	47	_spu_init	deref-store	u16	2	_spu_RXX	_spu_RXX	s32 (header-global)	0x180		untyped				
src/main/psxsdk/libspu/spu.c	48	_spu_init	deref-store	u16	2	_spu_RXX	_spu_RXX	s32 (header-global)	0x182		untyped				
src/main/psxsdk/libspu/spu.c	49	_spu_init	deref-store	u16	2	_spu_RXX	_spu_RXX	s32 (header-global)	0x1AA		untyped				
src/main/psxsdk/libspu/spu.c	52	_spu_init	deref-store	u16	2	_spu_RXX	_spu_RXX	s32 (header-global)	0x180		untyped				
src/main/psxsdk/libspu/spu.c	53	_spu_init	deref-store	u16	2	_spu_RXX	_spu_RXX	s32 (header-global)	0x182		untyped				
src/main/psxsdk/libspu/spu.c	55	_spu_init	deref-load	u16	2	_spu_RXX	_spu_RXX	s32 (header-global)	0x1AE		untyped				
src/main/psxsdk/libspu/spu.c	62	_spu_init	deref-load	u16	2	_spu_RXX	_spu_RXX	s32 (header-global)	0x1AE		untyped				
src/main/psxsdk/libspu/spu.c	70	_spu_init	deref-store	u16	2	_spu_RXX	_spu_RXX	s32 (header-global)	0x1AC		untyped				
src/main/psxsdk/libspu/spu.c	71	_spu_init	deref-store	u16	2	_spu_RXX	_spu_RXX	s32 (header-global)	0x184		untyped				
src/main/psxsdk/libspu/spu.c	72	_spu_init	deref-store	u16	2	_spu_RXX	_spu_RXX	s32 (header-global)	0x186		untyped				
src/main/psxsdk/libspu/spu.c	73	_spu_init	deref-store	u16	2	_spu_RXX	_spu_RXX	s32 (header-global)	0x18C		untyped				
src/main/psxsdk/libspu/spu.c	74	_spu_init	deref-store	u16	2	_spu_RXX	_spu_RXX	s32 (header-global)	0x18E		untyped				
src/main/psxsdk/libspu/spu.c	75	_spu_init	deref-store	u16	2	_spu_RXX	_spu_RXX	s32 (header-global)	0x198		untyped				
src/main/psxsdk/libspu/spu.c	76	_spu_init	deref-store	u16	2	_spu_RXX	_spu_RXX	s32 (header-global)	0x19A		untyped				
src/main/psxsdk/libspu/spu.c	87	_spu_init	deref-store	u16	2	_spu_RXX	_spu_RXX	s32 (header-global)	0x190		untyped				
src/main/psxsdk/libspu/spu.c	88	_spu_init	deref-store	u16	2	_spu_RXX	_spu_RXX	s32 (header-global)	0x192		untyped				
src/main/psxsdk/libspu/spu.c	89	_spu_init	deref-store	u16	2	_spu_RXX	_spu_RXX	s32 (header-global)	0x194		untyped				
src/main/psxsdk/libspu/spu.c	90	_spu_init	deref-store	u16	2	_spu_RXX	_spu_RXX	s32 (header-global)	0x196		untyped				
src/main/psxsdk/libspu/spu.c	91	_spu_init	deref-store	u16	2	_spu_RXX	_spu_RXX	s32 (header-global)	0x1B0		untyped				
src/main/psxsdk/libspu/spu.c	92	_spu_init	deref-store	u16	2	_spu_RXX	_spu_RXX	s32 (header-global)	0x1B2		untyped				
src/main/psxsdk/libspu/spu.c	93	_spu_init	deref-store	u16	2	_spu_RXX	_spu_RXX	s32 (header-global)	0x1B4		untyped				
src/main/psxsdk/libspu/spu.c	94	_spu_init	deref-store	u16	2	_spu_RXX	_spu_RXX	s32 (header-global)	0x1B6		untyped				
src/main/psxsdk/libspu/spu.c	109	_spu_init	deref-store	u16	2	_spu_RXX	_spu_RXX	s32 (header-global)	0x188		untyped				
src/main/psxsdk/libspu/spu.c	110	_spu_init	deref-store	u16	2	_spu_RXX	_spu_RXX	s32 (header-global)	0x18A		untyped				
src/main/psxsdk/libspu/spu.c	116	_spu_init	deref-store	u16	2	_spu_RXX	_spu_RXX	s32 (header-global)	0x18C		untyped				
src/main/psxsdk/libspu/spu.c	117	_spu_init	deref-store	u16	2	_spu_RXX	_spu_RXX	s32 (header-global)	0x18E		untyped				
src/main/psxsdk/libspu/spu.c	125	_spu_init	deref-store	u16	2	_spu_RXX	_spu_RXX	s32 (header-global)	0x1AA		untyped				
src/main/psxsdk/libspu/spu.c	218	_spu_FiDMA	deref-store	u16	2	_spu_RXX	_spu_RXX	s32 (header-global)	0x1AA		untyped				
src/main/psxsdk/libspu/spu.c	219	_spu_FiDMA	deref-load	u16	2	_spu_RXX	_spu_RXX	s32 (header-global)	0x1AA		untyped				
src/main/psxsdk/libspu/spu.c	221	_spu_FiDMA	deref-load	u16	2	_spu_RXX	_spu_RXX	s32 (header-global)	0x1AA		untyped				
src/main/psxsdk/libspu/spu.c	238	_spu_Fr_	deref-store	u16	2	_spu_RXX	_spu_RXX	s32 (header-global)	0x1A6		untyped				
src/main/psxsdk/libspu/spu.c	240	_spu_Fr_	deref-store	u16	2	_spu_RXX	_spu_RXX	s32 (header-global)	0x1AA		untyped				
src/main/psxsdk/libspu/spu.c	240	_spu_Fr_	deref-load	u16	2	_spu_RXX	_spu_RXX	s32 (header-global)	0x1AA		untyped				
src/main/psxsdk/libspu/spu.c	269	_spu_t	deref-store	u16	2	_spu_RXX	_spu_RXX	s32 (header-global)	0x1A6		untyped				
src/main/psxsdk/libspu/spu.c	273	_spu_t	deref-load	u16	2	_spu_RXX	_spu_RXX	s32 (header-global)	0x1A6		untyped				
src/main/psxsdk/libspu/spu.c	281	_spu_t	deref-load	u16	2	_spu_RXX	_spu_RXX	s32 (header-global)	0x1A6		untyped				
src/main/psxsdk/libspu/spu.c	283	_spu_t	deref-load	u16	2	_spu_RXX	_spu_RXX	s32 (header-global)	0x1AA		untyped				
src/main/psxsdk/libspu/spu.c	286	_spu_t	deref-store	u16	2	_spu_RXX	_spu_RXX	s32 (header-global)	0x1AA		untyped				
src/main/psxsdk/libspu/spu.c	290	_spu_t	deref-load	u16	2	_spu_RXX	_spu_RXX	s32 (header-global)	0x1A6		untyped				
src/main/psxsdk/libspu/spu.c	298	_spu_t	deref-load	u16	2	_spu_RXX	_spu_RXX	s32 (header-global)	0x1A6		untyped				
src/main/psxsdk/libspu/spu.c	300	_spu_t	deref-load	u16	2	_spu_RXX	_spu_RXX	s32 (header-global)	0x1AA		untyped				
src/main/psxsdk/libspu/spu.c	303	_spu_t	deref-store	u16	2	_spu_RXX	_spu_RXX	s32 (header-global)	0x1AA		untyped				
src/main/psxsdk/libspu/spu.c	313	_spu_t	deref-load	u16	2	_spu_RXX	_spu_RXX	s32 (header-global)	0x1AA		untyped				
src/main/psxsdk/libspu/spu.c	358	_spu_FsetRXX	deref-store	u16	2	arg0 * 2	arg0	s32 (param)	computed		unknown	computed			
src/main/psxsdk/libspu/spu.c	361	_spu_FsetRXX	deref-store	u16	2	arg0 * 2	arg0	s32 (param)	computed		unknown	computed			
src/main/psxsdk/libspu/spu.c	379	_spu_FsetRXXa	index-store	s16	2	_spu_RXX	_spu_RXX	s32 (header-global)	computed		untyped	computed			
src/main/psxsdk/libspu/spu.c	383	_spu_FgetRXXa	index-load	u16	2	_spu_RXX	_spu_RXX	s32 (header-global)	computed		untyped	computed			
src/main/psxsdk/libspu/s_sca.c	73	SpuSetCommonAttr	deref-store	u16	2	_spu_RXX	_spu_RXX	s32 (header-global)	0x180		untyped				
src/main/psxsdk/libspu/s_sca.c	124	SpuSetCommonAttr	deref-store	u16	2	_spu_RXX	_spu_RXX	s32 (header-global)	0x182		untyped				
src/main/psxsdk/libspu/s_sca.c	128	SpuSetCommonAttr	deref-store	u16	2	_spu_RXX	_spu_RXX	s32 (header-global)	0x1B0		untyped				
src/main/psxsdk/libspu/s_sca.c	132	SpuSetCommonAttr	deref-store	u16	2	_spu_RXX	_spu_RXX	s32 (header-global)	0x1B2		untyped				
src/main/psxsdk/libspu/s_sca.c	136	SpuSetCommonAttr	deref-store	u16	2	_spu_RXX	_spu_RXX	s32 (header-global)	0x1B4		untyped				
src/main/psxsdk/libspu/s_sca.c	140	SpuSetCommonAttr	deref-store	u16	2	_spu_RXX	_spu_RXX	s32 (header-global)	0x1B6		untyped				
src/main/psxsdk/libspu/s_sca.c	145	SpuSetCommonAttr	deref-load	u16	2	_spu_RXX	_spu_RXX	s32 (header-global)	0x1AA		untyped				
src/main/psxsdk/libspu/s_sca.c	147	SpuSetCommonAttr	deref-store	u16	2	_spu_RXX	_spu_RXX	s32 (header-global)	0x1AA		untyped				
src/main/psxsdk/libspu/s_sca.c	149	SpuSetCommonAttr	deref-load	u16	2	_spu_RXX	_spu_RXX	s32 (header-global)	0x1AA		untyped				
src/main/psxsdk/libspu/s_sca.c	151	SpuSetCommonAttr	deref-store	u16	2	_spu_RXX	_spu_RXX	s32 (header-global)	0x1AA		untyped				
src/main/psxsdk/libspu/s_sca.c	157	SpuSetCommonAttr	deref-load	u16	2	_spu_RXX	_spu_RXX	s32 (header-global)	0x1AA		untyped				
src/main/psxsdk/libspu/s_sca.c	159	SpuSetCommonAttr	deref-store	u16	2	_spu_RXX	_spu_RXX	s32 (header-global)	0x1AA		untyped				
src/main/psxsdk/libspu/s_sca.c	161	SpuSetCommonAttr	deref-load	u16	2	_spu_RXX	_spu_RXX	s32 (header-global)	0x1AA		untyped				
src/main/psxsdk/libspu/s_sca.c	163	SpuSetCommonAttr	deref-store	u16	2	_spu_RXX	_spu_RXX	s32 (header-global)	0x1AA		untyped				
src/main/psxsdk/libspu/s_sca.c	169	SpuSetCommonAttr	deref-load	u16	2	_spu_RXX	_spu_RXX	s32 (header-global)	0x1AA		untyped				
src/main/psxsdk/libspu/s_sca.c	171	SpuSetCommonAttr	deref-store	u16	2	_spu_RXX	_spu_RXX	s32 (header-global)	0x1AA		untyped				
src/main/psxsdk/libspu/s_sca.c	173	SpuSetCommonAttr	deref-load	u16	2	_spu_RXX	_spu_RXX	s32 (header-global)	0x1AA		untyped				
src/main/psxsdk/libspu/s_sca.c	175	SpuSetCommonAttr	deref-store	u16	2	_spu_RXX	_spu_RXX	s32 (header-global)	0x1AA		untyped				
src/main/psxsdk/libspu/s_sca.c	181	SpuSetCommonAttr	deref-load	u16	2	_spu_RXX	_spu_RXX	s32 (header-global)	0x1AA		untyped				
src/main/psxsdk/libspu/s_sca.c	183	SpuSetCommonAttr	deref-store	u16	2	_spu_RXX	_spu_RXX	s32 (header-global)	0x1AA		untyped				
src/main/psxsdk/libspu/s_sca.c	185	SpuSetCommonAttr	deref-load	u16	2	_spu_RXX	_spu_RXX	s32 (header-global)	0x1AA		untyped				
src/main/psxsdk/libspu/s_sca.c	187	SpuSetCommonAttr	deref-store	u16	2	_spu_RXX	_spu_RXX	s32 (header-global)	0x1AA		untyped				
src/main/psxsdk/libspu/7BC88.c	41	func_8008B488	deref-store	u16	2	_spu_RXX	_spu_RXX	s32 (header-global)	computed		untyped	computed		fn	
src/main/psxsdk/libspu/7BC88.c	52	func_8008B488	deref-store	u16	2	_spu_RXX	_spu_RXX	s32 (header-global)	computed		untyped	computed		fn	
src/main/psxsdk/libspu/7BC88.c	93	func_8008B488	deref-store	u16	2	_spu_RXX	_spu_RXX	s32 (header-global)	computed		untyped	computed		fn	
src/main/psxsdk/libspu/7BC88.c	133	func_8008B488	deref-store	u16	2	_spu_RXX	_spu_RXX	s32 (header-global)	computed		untyped	computed		fn	
src/main/psxsdk/libspu/7BC88.c	142	func_8008B488	deref-store	u16	2	_spu_RXX	_spu_RXX	s32 (header-global)	computed		untyped	computed		fn	
src/main/psxsdk/libspu/7BC88.c	145	func_8008B488	deref-store	u16	2	_spu_RXX	_spu_RXX	s32 (header-global)	computed		untyped	computed		fn	
src/main/psxsdk/libspu/7BC88.c	162	func_8008B488	deref-load	u16	2	_spu_RXX	_spu_RXX	s32 (header-global)	computed		untyped	computed		fn	
src/main/psxsdk/libspu/7BC88.c	164	func_8008B488	deref-store	u16	2	_spu_RXX	_spu_RXX	s32 (header-global)	computed		untyped	computed		fn	
src/main/psxsdk/libspu/7BC88.c	174	func_8008B488	deref-load	u16	2	_spu_RXX	_spu_RXX	s32 (header-global)	computed		untyped	computed		fn	
src/main/psxsdk/libspu/7BC88.c	176	func_8008B488	deref-store	u16	2	_spu_RXX	_spu_RXX	s32 (header-global)	computed		untyped	computed		fn	
src/main/psxsdk/libspu/7BC88.c	200	func_8008B488	deref-load	u16	2	_spu_RXX	_spu_RXX	s32 (header-global)	computed		untyped	computed		fn	
src/main/psxsdk/libspu/7BC88.c	202	func_8008B488	deref-store	u16	2	_spu_RXX	_spu_RXX	s32 (header-global)	computed		untyped	computed		fn	
src/main/psxsdk/libspu/7BC88.c	223	func_8008B488	deref-load	u16	2	_spu_RXX	_spu_RXX	s32 (header-global)	computed		untyped	computed		fn	
src/main/psxsdk/libspu/7BC88.c	225	func_8008B488	deref-store	u16	2	_spu_RXX	_spu_RXX	s32 (header-global)	computed		untyped	computed		fn	
src/main/psxsdk/libspu/7BC88.c	234	func_8008B488	deref-load	u16	2	_spu_RXX	_spu_RXX	s32 (header-global)	computed		untyped	computed		fn	
src/main/psxsdk/libspu/7BC88.c	235	func_8008B488	deref-store	u16	2	_spu_RXX	_spu_RXX	s32 (header-global)	computed		untyped	computed		fn	
src/main/psxsdk/libcomb/comb.c	382	HandleSio	index-store	u32	4	D_800F1AFC . buf	D_800F1AFC	SioReq (tu-global)	0x0		unknown				
src/main/psxsdk/libcomb/comb.c	385	HandleSio	index-store	u32	4	D_800F1AFC . buf	D_800F1AFC	SioReq (tu-global)	0x0		unknown				
src/main/psxsdk/libcomb/comb.c	386	HandleSio	index-store	u32	4	D_800F1AFC . buf	D_800F1AFC	SioReq (tu-global)	0x4		unknown				
src/main/psxsdk/libapi/counter.c	23	SetRCnt	deref-store	u16	2	base	base	s32 (local)	0x4		untyped				
src/main/psxsdk/libapi/counter.c	24	SetRCnt	deref-store	u16	2	base	base	s32 (local)	0x8		untyped				
src/main/psxsdk/libapi/counter.c	45	SetRCnt	deref-store	u16	2	( ( t0 * 0x10 ) + D_8009BD6C )			0x4		unknown				
src/main/psxsdk/libapi/counter.c	53	GetRCnt	deref-load	u16	2	D_8009BD6C	D_8009BD6C	s32 (tu-global)	computed		untyped	computed			
src/main/psxsdk/libapi/counter.c	76	ResetRCnt	deref-store	u16	2	D_8009BD6C	D_8009BD6C	s32 (tu-global)	computed		untyped	computed			
src/main/psxsdk/libapi/pad.c	103	_Pad1	deref-store	s16	2	( u8 * ) D_8009BD84	D_8009BD84	s32 (tu-global)	0xA		untyped			fn	
src/main/psxsdk/libgpu/ext.c	55	SetDefDrawEnv	index-store	s8	1	a0	a0	s16 * (param)	0x19	DRAWENV	caller(5/5)	sign	r0		
src/main/psxsdk/libgpu/ext.c	56	SetDefDrawEnv	index-store	s8	1	a0	a0	s16 * (param)	0x1A	DRAWENV	caller(5/5)	sign	g0		
src/main/psxsdk/libgpu/ext.c	57	SetDefDrawEnv	index-store	s8	1	a0	a0	s16 * (param)	0x1B	DRAWENV	caller(5/5)	sign	b0		
src/main/psxsdk/libgpu/ext.c	58	SetDefDrawEnv	index-store	s8	1	a0	a0	s16 * (param)	0x16	DRAWENV	caller(5/5)	sign	dtd		
src/main/psxsdk/libgpu/ext.c	61	SetDefDrawEnv	index-store	s8	1	a0	a0	s16 * (param)	0x17	DRAWENV	caller(5/5)	sign	dfe		
src/main/psxsdk/libgpu/ext.c	63	SetDefDrawEnv	index-store	s8	1	a0	a0	s16 * (param)	0x17	DRAWENV	caller(5/5)	sign	dfe		
src/main/psxsdk/libgpu/ext.c	68	SetDefDrawEnv	index-store	s8	1	a0	a0	s16 * (param)	0x18	DRAWENV	caller(5/5)	sign	isbg		
src/main/psxsdk/libgpu/ext.c	80	SetDefDispEnv	index-store	s8	1	a0	a0	s16 * (param)	0x11	DISPENV	caller(6/6)	sign	isrgb24		
src/main/psxsdk/libgpu/ext.c	81	SetDefDispEnv	index-store	s8	1	a0	a0	s16 * (param)	0x10	DISPENV	caller(6/6)	sign	isinter		
src/main/psxsdk/libgpu/ext.c	82	SetDefDispEnv	index-store	s8	1	a0	a0	s16 * (param)	0x13	DISPENV	caller(6/6)	sign	pad1		
src/main/psxsdk/libgpu/ext.c	83	SetDefDispEnv	index-store	s8	1	a0	a0	s16 * (param)	0x12	DISPENV	caller(6/6)	sign	pad0		
src/main/psxsdk/libsnd/scsmvol.c	12	SsSetMVol	pun-store	s16	2	& buf [ 1 ]	buf	s32[] (local)	0x0		untyped				
src/main/psxsdk/libsnd/scsmvol.c	13	SsSetMVol	ptradd	s16	2	& buf [ 1 ]	buf	s32[] (local)	0x2		untyped				
src/main/psxsdk/libsnd/760D0.c	17	func_800858D0	deref-store	s16	2	( u8 * ) buf	buf	s32[] (local)	0x14		untyped				
src/main/psxsdk/libsnd/760D0.c	18	func_800858D0	deref-store	s32	4	( u8 * ) buf	buf	s32[] (local)	0x1C		untyped				
src/main/psxsdk/libsnd/760D0.c	19	func_800858D0	deref-store	u16	2	( u8 * ) buf	buf	s32[] (local)	0x3A		untyped				
src/main/psxsdk/libsnd/760D0.c	20	func_800858D0	deref-store	s16	2	( u8 * ) buf	buf	s32[] (local)	0x8		untyped				
src/main/psxsdk/libsnd/760D0.c	21	func_800858D0	deref-store	s16	2	( u8 * ) buf	buf	s32[] (local)	0xA		untyped				
src/main/psxsdk/libsnd/760D0.c	22	func_800858D0	deref-store	s16	2	( u8 * ) buf	buf	s32[] (local)	0x3C		untyped				
src/main/psxsdk/libsnd/ut_rev.c	31	SsUtGetReverbType	pun-load	s16	2	& _svm_rattr_plus_0x4	_svm_rattr_plus_0x4	s32 (header-global)	0x0		untyped				
src/main/psxsdk/libsnd/vm_aloc2.c	31	_SsVmDoAllocate	index-load	ProgAtr	16	_svm_pg	_svm_pg	ProgAtr * (header-global)	computed	ProgAtr	decl	computed	tones		
src/main/psxsdk/libsnd/vm_aloc2.c	34	_SsVmDoAllocate	index-load	ProgAtr	16	_svm_pg	_svm_pg	ProgAtr * (header-global)	computed	ProgAtr	decl	computed	tones		
src/main/psxsdk/libsnd/vm_init.c	48	_SsVmInit	deref-store	s16	2	( u8 * ) buf	buf	s32[] (local)	0x14		untyped				
src/main/psxsdk/libsnd/vm_init.c	49	_SsVmInit	deref-store	s32	4	( u8 * ) buf	buf	s32[] (local)	0x1C		untyped				
src/main/psxsdk/libsnd/vm_init.c	50	_SsVmInit	deref-store	u16	2	( u8 * ) buf	buf	s32[] (local)	0x3A		untyped				
src/main/psxsdk/libsnd/vm_init.c	51	_SsVmInit	deref-store	s16	2	( u8 * ) buf	buf	s32[] (local)	0x8		untyped				
src/main/psxsdk/libsnd/vm_init.c	52	_SsVmInit	deref-store	s16	2	( u8 * ) buf	buf	s32[] (local)	0xA		untyped				
src/main/psxsdk/libsnd/vm_init.c	53	_SsVmInit	deref-store	s16	2	( u8 * ) buf	buf	s32[] (local)	0x3C		untyped				
src/main/psxsdk/libsnd/vm_vsu.c	27	_SsVmVSetUp	deref-load	s32	4	( u8 * ) _svm_vab_vh	_svm_vab_vh	s32[] (header-global)	computed		untyped	computed			
src/main/psxsdk/libsnd/vm_vsu.c	28	_SsVmVSetUp	deref-load	s32	4	( u8 * ) _svm_vab_pg	_svm_vab_pg	s32[] (header-global)	computed		untyped	computed			
src/main/psxsdk/libsnd/vm_vsu.c	29	_SsVmVSetUp	deref-load	s32	4	( u8 * ) _svm_vab_tn	_svm_vab_tn	s32[] (header-global)	computed		untyped	computed			
src/main/psxsdk/libsnd/vm_vsu.c	34	_SsVmVSetUp	addr	s32	4	ret	ret	s32 (local)	0x8		untyped				
src/main/psxsdk/libsnd/vs_vh.c	98	SsVabOpenHeadWithMode	addr	u16	2	var_a2	var_a2	u8 * (local)	computed		untyped	computed			
src/main/psxsdk/libspu/s_m_m.c	60	SpuMalloc	pun-load	u32	4	& _spu_memList [ var_s2 ] . addr	_spu_memList	s32 (header-global)	0x0		unknown			fn	y
src/main/psxsdk/libspu/s_m_m.c	79	SpuMalloc	addr	SpuMemRec	8	( _spu_AllocLastNum << 3 )	_spu_AllocLastNum	s32 (header-global)	computed		unknown	computed		fn	y
src/main/psxsdk/libspu/s_m_f.c	17	SpuFree	index-load	SpuMemRec	8	_spu_memList	_spu_memList	s32 (header-global)	computed		untyped	computed			
src/main/psxsdk/libspu/s_m_f.c	20	SpuFree	index-load	SpuMemRec	8	_spu_memList	_spu_memList	s32 (header-global)	computed		untyped	computed			
src/main/psxsdk/libspu/s_m_f.c	21	SpuFree	index-load	SpuMemRec	8	_spu_memList	_spu_memList	s32 (header-global)	computed		untyped	computed			
src/main/psxsdk/libspu/s_sav.c	19	_SpuSetAnyVoice	struct-cast	SpuUnion->raw		_spu_RXX	_spu_RXX	s32 (header-global)	0x0		untyped				
src/main/psxsdk/libspu/s_sav.c	19	_SpuSetAnyVoice	struct-cast	SpuUnion->raw		_spu_RXX	_spu_RXX	s32 (header-global)	0x0		untyped				
src/main/psxsdk/libspu/s_sav.c	28	_SpuSetAnyVoice	struct-cast	SpuUnion->raw		_spu_RXX	_spu_RXX	s32 (header-global)	0x0		untyped				
src/main/psxsdk/libspu/s_sav.c	29	_SpuSetAnyVoice	struct-cast	SpuUnion->raw		_spu_RXX	_spu_RXX	s32 (header-global)	0x0		untyped				
src/main/psxsdk/libspu/s_sav.c	39	_SpuSetAnyVoice	struct-cast	SpuUnion->raw		_spu_RXX	_spu_RXX	s32 (header-global)	0x0		untyped				
src/main/psxsdk/libspu/s_sav.c	40	_SpuSetAnyVoice	struct-cast	SpuUnion->raw		_spu_RXX	_spu_RXX	s32 (header-global)	0x0		untyped				
src/main/psxsdk/libspu/s_sav.c	50	_SpuSetAnyVoice	struct-cast	SpuUnion->raw		_spu_RXX	_spu_RXX	s32 (header-global)	0x0		untyped				
src/main/psxsdk/libspu/s_sav.c	51	_SpuSetAnyVoice	struct-cast	SpuUnion->raw		_spu_RXX	_spu_RXX	s32 (header-global)	0x0		untyped				
src/main/psxsdk/libspu/s_snc.c	16	SpuSetNoiseClock	addr	u16	2	_spu_RXX	_spu_RXX	s32 (header-global)	0x1AA		untyped				
src/main/psxsdk/libspu/s_sr.c	12	SpuSetReverb	deref-load	u16	2	( u8 * ) _spu_RXX	_spu_RXX	s32 (header-global)	0x1AA		untyped				
src/main/psxsdk/libspu/s_sr.c	15	SpuSetReverb	deref-store	u16	2	( u8 * ) _spu_RXX	_spu_RXX	s32 (header-global)	0x1AA		untyped				
src/main/psxsdk/libspu/s_sr.c	20	SpuSetReverb	deref-load	u16	2	( u8 * ) _spu_RXX	_spu_RXX	s32 (header-global)	0x1AA		untyped				
src/main/psxsdk/libspu/s_sr.c	23	SpuSetReverb	deref-store	u16	2	( u8 * ) _spu_RXX	_spu_RXX	s32 (header-global)	0x1AA		untyped				
src/main/psxsdk/libspu/s_sr.c	25	SpuSetReverb	deref-load	u16	2	( u8 * ) _spu_RXX	_spu_RXX	s32 (header-global)	0x1AA		untyped				
src/main/psxsdk/libspu/s_sr.c	28	SpuSetReverb	deref-store	u16	2	( u8 * ) _spu_RXX	_spu_RXX	s32 (header-global)	0x1AA		untyped				
src/main/psxsdk/libspu/s_srmp.c	123	SpuSetReverbModeParam	deref-load	u16	2	_spu_RXX	_spu_RXX	s32 (header-global)	0x1AA		untyped				
src/main/psxsdk/libspu/s_srmp.c	125	SpuSetReverbModeParam	deref-load	u16	2	_spu_RXX	_spu_RXX	s32 (header-global)	0x1AA		untyped				
src/main/psxsdk/libspu/s_srmp.c	127	SpuSetReverbModeParam	deref-store	u16	2	_spu_RXX	_spu_RXX	s32 (header-global)	0x1AA		untyped				
src/main/psxsdk/libspu/s_srmp.c	132	SpuSetReverbModeParam	deref-store	u16	2	_spu_RXX	_spu_RXX	s32 (header-global)	0x184		untyped				
src/main/psxsdk/libspu/s_srmp.c	136	SpuSetReverbModeParam	deref-store	u16	2	_spu_RXX	_spu_RXX	s32 (header-global)	0x186		untyped				
src/main/psxsdk/libspu/s_srmp.c	140	SpuSetReverbModeParam	deref-store	u16	2	_spu_RXX	_spu_RXX	s32 (header-global)	0x184		untyped				
src/main/psxsdk/libspu/s_srmp.c	141	SpuSetReverbModeParam	deref-store	u16	2	_spu_RXX	_spu_RXX	s32 (header-global)	0x186		untyped				
src/main/psxsdk/libspu/s_srmp.c	154	SpuSetReverbModeParam	deref-load	u16	2	_spu_RXX	_spu_RXX	s32 (header-global)	0x1AA		untyped				
src/main/psxsdk/libspu/s_srmp.c	156	SpuSetReverbModeParam	deref-store	u16	2	_spu_RXX	_spu_RXX	s32 (header-global)	0x1AA		untyped				
src/main/psxsdk/libspu/s_sra.c	10	_spu_setReverbAttr	deref-store	u16	2	_spu_RXX	_spu_RXX	s32 (header-global)	0x1C0		untyped				
src/main/psxsdk/libspu/s_sra.c	10	_spu_setReverbAttr	deref-load	u16	2	( s32 ) arg0	arg0	s32 * (param)	0x4	RevParamEntry	caller(1/1)	exact	dAPF1		
src/main/psxsdk/libspu/s_sra.c	11	_spu_setReverbAttr	deref-store	u16	2	_spu_RXX	_spu_RXX	s32 (header-global)	0x1C2		untyped				
src/main/psxsdk/libspu/s_sra.c	11	_spu_setReverbAttr	deref-load	u16	2	( s32 ) arg0	arg0	s32 * (param)	0x6	RevParamEntry	caller(1/1)	exact	dAPF2		
src/main/psxsdk/libspu/s_sra.c	12	_spu_setReverbAttr	deref-store	u16	2	_spu_RXX	_spu_RXX	s32 (header-global)	0x1C4		untyped				
src/main/psxsdk/libspu/s_sra.c	12	_spu_setReverbAttr	deref-load	u16	2	( s32 ) arg0	arg0	s32 * (param)	0x8	RevParamEntry	caller(1/1)	exact	vIIR		
src/main/psxsdk/libspu/s_sra.c	13	_spu_setReverbAttr	deref-store	u16	2	_spu_RXX	_spu_RXX	s32 (header-global)	0x1C6		untyped				
src/main/psxsdk/libspu/s_sra.c	13	_spu_setReverbAttr	deref-load	u16	2	( s32 ) arg0	arg0	s32 * (param)	0xA	RevParamEntry	caller(1/1)	exact	vCOMB1		
src/main/psxsdk/libspu/s_sra.c	14	_spu_setReverbAttr	deref-store	u16	2	_spu_RXX	_spu_RXX	s32 (header-global)	0x1C8		untyped				
src/main/psxsdk/libspu/s_sra.c	14	_spu_setReverbAttr	deref-load	u16	2	( s32 ) arg0	arg0	s32 * (param)	0xC	RevParamEntry	caller(1/1)	exact	vCOMB2		
src/main/psxsdk/libspu/s_sra.c	15	_spu_setReverbAttr	deref-store	u16	2	_spu_RXX	_spu_RXX	s32 (header-global)	0x1CA		untyped				
src/main/psxsdk/libspu/s_sra.c	15	_spu_setReverbAttr	deref-load	u16	2	( s32 ) arg0	arg0	s32 * (param)	0xE	RevParamEntry	caller(1/1)	exact	vCOMB3		
src/main/psxsdk/libspu/s_sra.c	16	_spu_setReverbAttr	deref-store	u16	2	_spu_RXX	_spu_RXX	s32 (header-global)	0x1CC		untyped				
src/main/psxsdk/libspu/s_sra.c	16	_spu_setReverbAttr	deref-load	u16	2	( s32 ) arg0	arg0	s32 * (param)	0x10	RevParamEntry	caller(1/1)	exact	vCOMB4		
src/main/psxsdk/libspu/s_sra.c	17	_spu_setReverbAttr	deref-store	u16	2	_spu_RXX	_spu_RXX	s32 (header-global)	0x1CE		untyped				
src/main/psxsdk/libspu/s_sra.c	17	_spu_setReverbAttr	deref-load	u16	2	( s32 ) arg0	arg0	s32 * (param)	0x12	RevParamEntry	caller(1/1)	exact	vWALL		
src/main/psxsdk/libspu/s_sra.c	18	_spu_setReverbAttr	deref-store	u16	2	_spu_RXX	_spu_RXX	s32 (header-global)	0x1D0		untyped				
src/main/psxsdk/libspu/s_sra.c	18	_spu_setReverbAttr	deref-load	u16	2	( s32 ) arg0	arg0	s32 * (param)	0x14	RevParamEntry	caller(1/1)	exact	vAPF1		
src/main/psxsdk/libspu/s_sra.c	19	_spu_setReverbAttr	deref-store	u16	2	_spu_RXX	_spu_RXX	s32 (header-global)	0x1D2		untyped				
src/main/psxsdk/libspu/s_sra.c	19	_spu_setReverbAttr	deref-load	u16	2	( s32 ) arg0	arg0	s32 * (param)	0x16	RevParamEntry	caller(1/1)	exact	vAPF2		
src/main/psxsdk/libspu/s_sra.c	20	_spu_setReverbAttr	deref-store	u16	2	_spu_RXX	_spu_RXX	s32 (header-global)	0x1D4		untyped				
src/main/psxsdk/libspu/s_sra.c	20	_spu_setReverbAttr	deref-load	u16	2	( s32 ) arg0	arg0	s32 * (param)	0x18	RevParamEntry	caller(1/1)	exact	mLSAME		
src/main/psxsdk/libspu/s_sra.c	21	_spu_setReverbAttr	deref-store	u16	2	_spu_RXX	_spu_RXX	s32 (header-global)	0x1D6		untyped				
src/main/psxsdk/libspu/s_sra.c	21	_spu_setReverbAttr	deref-load	u16	2	( s32 ) arg0	arg0	s32 * (param)	0x1A	RevParamEntry	caller(1/1)	exact	mRSAME		
src/main/psxsdk/libspu/s_sra.c	22	_spu_setReverbAttr	deref-store	u16	2	_spu_RXX	_spu_RXX	s32 (header-global)	0x1D8		untyped				
src/main/psxsdk/libspu/s_sra.c	22	_spu_setReverbAttr	deref-load	u16	2	( s32 ) arg0	arg0	s32 * (param)	0x1C	RevParamEntry	caller(1/1)	exact	mLCOMB1		
src/main/psxsdk/libspu/s_sra.c	23	_spu_setReverbAttr	deref-store	u16	2	_spu_RXX	_spu_RXX	s32 (header-global)	0x1DA		untyped				
src/main/psxsdk/libspu/s_sra.c	23	_spu_setReverbAttr	deref-load	u16	2	( s32 ) arg0	arg0	s32 * (param)	0x1E	RevParamEntry	caller(1/1)	exact	mRCOMB1		
src/main/psxsdk/libspu/s_sra.c	24	_spu_setReverbAttr	deref-store	u16	2	_spu_RXX	_spu_RXX	s32 (header-global)	0x1DC		untyped				
src/main/psxsdk/libspu/s_sra.c	24	_spu_setReverbAttr	deref-load	u16	2	( s32 ) arg0	arg0	s32 * (param)	0x20	RevParamEntry	caller(1/1)	exact	mLCOMB2		
src/main/psxsdk/libspu/s_sra.c	25	_spu_setReverbAttr	deref-store	u16	2	_spu_RXX	_spu_RXX	s32 (header-global)	0x1DE		untyped				
src/main/psxsdk/libspu/s_sra.c	25	_spu_setReverbAttr	deref-load	u16	2	( s32 ) arg0	arg0	s32 * (param)	0x22	RevParamEntry	caller(1/1)	exact	mRCOMB2		
src/main/psxsdk/libspu/s_sra.c	26	_spu_setReverbAttr	deref-store	u16	2	_spu_RXX	_spu_RXX	s32 (header-global)	0x1E0		untyped				
src/main/psxsdk/libspu/s_sra.c	26	_spu_setReverbAttr	deref-load	u16	2	( s32 ) arg0	arg0	s32 * (param)	0x24	RevParamEntry	caller(1/1)	exact	dLSAME		
src/main/psxsdk/libspu/s_sra.c	27	_spu_setReverbAttr	deref-store	u16	2	_spu_RXX	_spu_RXX	s32 (header-global)	0x1E2		untyped				
src/main/psxsdk/libspu/s_sra.c	27	_spu_setReverbAttr	deref-load	u16	2	( s32 ) arg0	arg0	s32 * (param)	0x26	RevParamEntry	caller(1/1)	exact	dRSAME		
src/main/psxsdk/libspu/s_sra.c	28	_spu_setReverbAttr	deref-store	u16	2	_spu_RXX	_spu_RXX	s32 (header-global)	0x1E4		untyped				
src/main/psxsdk/libspu/s_sra.c	28	_spu_setReverbAttr	deref-load	u16	2	( s32 ) arg0	arg0	s32 * (param)	0x28	RevParamEntry	caller(1/1)	exact	mLDIFF		
src/main/psxsdk/libspu/s_sra.c	29	_spu_setReverbAttr	deref-store	u16	2	_spu_RXX	_spu_RXX	s32 (header-global)	0x1E6		untyped				
src/main/psxsdk/libspu/s_sra.c	29	_spu_setReverbAttr	deref-load	u16	2	( s32 ) arg0	arg0	s32 * (param)	0x2A	RevParamEntry	caller(1/1)	exact	mRDIFF		
src/main/psxsdk/libspu/s_sra.c	30	_spu_setReverbAttr	deref-store	u16	2	_spu_RXX	_spu_RXX	s32 (header-global)	0x1E8		untyped				
src/main/psxsdk/libspu/s_sra.c	30	_spu_setReverbAttr	deref-load	u16	2	( s32 ) arg0	arg0	s32 * (param)	0x2C	RevParamEntry	caller(1/1)	exact	mLCOMB3		
src/main/psxsdk/libspu/s_sra.c	31	_spu_setReverbAttr	deref-store	u16	2	_spu_RXX	_spu_RXX	s32 (header-global)	0x1EA		untyped				
src/main/psxsdk/libspu/s_sra.c	31	_spu_setReverbAttr	deref-load	u16	2	( s32 ) arg0	arg0	s32 * (param)	0x2E	RevParamEntry	caller(1/1)	exact	mRCOMB3		
src/main/psxsdk/libspu/s_sra.c	32	_spu_setReverbAttr	deref-store	u16	2	_spu_RXX	_spu_RXX	s32 (header-global)	0x1EC		untyped				
src/main/psxsdk/libspu/s_sra.c	32	_spu_setReverbAttr	deref-load	u16	2	( s32 ) arg0	arg0	s32 * (param)	0x30	RevParamEntry	caller(1/1)	exact	mLCOMB4		
src/main/psxsdk/libspu/s_sra.c	33	_spu_setReverbAttr	deref-store	u16	2	_spu_RXX	_spu_RXX	s32 (header-global)	0x1EE		untyped				
src/main/psxsdk/libspu/s_sra.c	33	_spu_setReverbAttr	deref-load	u16	2	( s32 ) arg0	arg0	s32 * (param)	0x32	RevParamEntry	caller(1/1)	exact	mRCOMB4		
src/main/psxsdk/libspu/s_sra.c	34	_spu_setReverbAttr	deref-store	u16	2	_spu_RXX	_spu_RXX	s32 (header-global)	0x1F0		untyped				
src/main/psxsdk/libspu/s_sra.c	34	_spu_setReverbAttr	deref-load	u16	2	( s32 ) arg0	arg0	s32 * (param)	0x34	RevParamEntry	caller(1/1)	exact	dLDIFF		
src/main/psxsdk/libspu/s_sra.c	35	_spu_setReverbAttr	deref-store	u16	2	_spu_RXX	_spu_RXX	s32 (header-global)	0x1F2		untyped				
src/main/psxsdk/libspu/s_sra.c	35	_spu_setReverbAttr	deref-load	u16	2	( s32 ) arg0	arg0	s32 * (param)	0x36	RevParamEntry	caller(1/1)	exact	dRDIFF		
src/main/psxsdk/libspu/s_sra.c	36	_spu_setReverbAttr	deref-store	u16	2	_spu_RXX	_spu_RXX	s32 (header-global)	0x1F4		untyped				
src/main/psxsdk/libspu/s_sra.c	36	_spu_setReverbAttr	deref-load	u16	2	( s32 ) arg0	arg0	s32 * (param)	0x38	RevParamEntry	caller(1/1)	exact	mLAPF1		
src/main/psxsdk/libspu/s_sra.c	37	_spu_setReverbAttr	deref-store	u16	2	_spu_RXX	_spu_RXX	s32 (header-global)	0x1F6		untyped				
src/main/psxsdk/libspu/s_sra.c	37	_spu_setReverbAttr	deref-load	u16	2	( s32 ) arg0	arg0	s32 * (param)	0x3A	RevParamEntry	caller(1/1)	exact	mRAPF1		
src/main/psxsdk/libspu/s_sra.c	38	_spu_setReverbAttr	deref-store	u16	2	_spu_RXX	_spu_RXX	s32 (header-global)	0x1F8		untyped				
src/main/psxsdk/libspu/s_sra.c	38	_spu_setReverbAttr	deref-load	u16	2	( s32 ) arg0	arg0	s32 * (param)	0x3C	RevParamEntry	caller(1/1)	exact	mLAPF2		
src/main/psxsdk/libspu/s_sra.c	39	_spu_setReverbAttr	deref-store	u16	2	_spu_RXX	_spu_RXX	s32 (header-global)	0x1FA		untyped				
src/main/psxsdk/libspu/s_sra.c	39	_spu_setReverbAttr	deref-load	u16	2	( s32 ) arg0	arg0	s32 * (param)	0x3E	RevParamEntry	caller(1/1)	exact	mRAPF2		
src/main/psxsdk/libspu/s_sra.c	40	_spu_setReverbAttr	deref-store	u16	2	_spu_RXX	_spu_RXX	s32 (header-global)	0x1FC		untyped				
src/main/psxsdk/libspu/s_sra.c	40	_spu_setReverbAttr	deref-load	u16	2	( s32 ) arg0	arg0	s32 * (param)	0x40	RevParamEntry	caller(1/1)	exact	vLIN		
src/main/psxsdk/libspu/s_sra.c	41	_spu_setReverbAttr	deref-store	u16	2	_spu_RXX	_spu_RXX	s32 (header-global)	0x1FE		untyped				
src/main/psxsdk/libspu/s_sra.c	41	_spu_setReverbAttr	deref-load	u16	2	( s32 ) arg0	arg0	s32 * (param)	0x42	RevParamEntry	caller(1/1)	exact	vRIN		
src/main/psxsdk/libspu/s_sk.c	36	SpuSetKey	struct-cast	SpuRXX->key_on		_spu_RXX	_spu_RXX	s32 (header-global)	0x188		untyped				
src/main/psxsdk/libspu/s_sk.c	37	SpuSetKey	struct-cast	SpuRXX->key_on		_spu_RXX	_spu_RXX	s32 (header-global)	0x188		untyped				
src/main/psxsdk/libspu/s_sk.c	54	SpuSetKey	struct-cast	SpuRXX->key_off		_spu_RXX	_spu_RXX	s32 (header-global)	0x18C		untyped				
src/main/psxsdk/libspu/s_sk.c	55	SpuSetKey	struct-cast	SpuRXX->key_off		_spu_RXX	_spu_RXX	s32 (header-global)	0x18C		untyped				
src/main/psxsdk/libspu/s_gks.c	34	SpuGetKeyStatus	deref-load	u16	2	base	base	s32 (local)	0xC		untyped				
src/main/psxsdk/libspu/sr_gaks.c	33	SpuRGetAllKeysStatus	deref-load	u16	2	( off + _spu_RXX )	off	s32 (local)	0xC		unknown				
src/main/psxsdk/libspu/sr_gaks.c	63	SpuGetAllKeysStatus	addr	u16	2	( off + _spu_RXX )	off	s32 (local)	0xC		unknown				
src/main/psxsdk/libspu/s_gvv.c	14	SpuGetVoiceVolume	pun-load	u16	2	temp	temp	s32 (local)	0x0		untyped				
src/main/psxsdk/libspu/s_gvv.c	15	SpuGetVoiceVolume	deref-load	u16	2	temp	temp	s32 (local)	0x2		untyped				
src/main/psxsdk/libspu/s_gvex.c	8	SpuGetVoiceEnvelope	deref-load	u16	2	a0	a0	s32 (param)	0xC		untyped				
