addr,current_names,proposed_name,kind,evidence,verdict,verifier_note
0x800A31EC,g_memcard_op_state; D_800A31EC,g_memcard_op_state,keep,"KEEP (N5: the existing name passes N1/N4; data_wave has no keep kind, so this row is not applied). s32 D_800A31EC = 0 (src/main/28514.c:128, .sdata: build/bb2.map 28514.o .sdata 0x800a31e8 size 0x8, after D_800A31E8 at :127); extern at :14. The code spells it D_800A31EC; g_memcard_op_state is a registry alias only. REGISTRIES: named_syms.txt:1859 g_memcard_op_state = 0x800A31EC (tail 'state 0-4 (0 = start AB, 1 = poll AB, 2 = start AC, 3 = poll AC, 4 = done/err)'); no symbol_addrs.txt, undefined_syms_auto.txt or bb2.ld line names 0x800A31EC. ACCESSES: all in func_80037D14 (src/main/28514.c:18-124), all 32-bit and gp-relative (0x120($gp); GP 0x800A30CC + 0x120 = 0x800A31EC). func_80037D14 is C; it has no asm/funcs file, so the asm cites are pcs in disc/SLUS_006.63. LOAD (1): lw 0x80037D18 = the switch selector, 28514.c:23. STORES (8): sw 0x80037D60, 0x80037DD4, 0x80037DE0, 0x80037E10, 0x80037E2C, 0x80037E50, 0x80037E74, 0x80037EE4 = the eight assignments 28514.c:26 (1), :53 (4), :56 (2), :66 (2), :73 (4), :80 (3), :87 (4), :120 (0). RAW SCAN of disc/SLUS_006.63 (tmp/p3w13/r/scan.py, rerun at aecfba184, output tmp/p3w15/a/scan.txt; every lui/addiu/load/store and gp-relative form plus .word values; loads and stores of any width overlapping 0x800A31EC..0x800A31EF): exactly these 1 lw and 8 sw; no address-of form, no .word, no access outside func_80037D14. CRT0: not applicable (.sdata at 0x800A31EC, below the clear at 0x800A3308); its initial value is the 0 of :128. THE MACHINE (28514.c:23-121): state 0 calls _card_info(p) and moves to 1 (:24-26); state 1 polls (:31; a result of 0 means not yet, :32-33): on 1 it moves to 2 (:56), or to 4 when D_800A31E8 is set (:53); on 4 it calls _card_clear(p) and moves to 2 (:61-66); on any other result it records an error code and moves to 4 (:39-47, :58-60, :69-74); state 2 calls _card_load(p) and moves to 3 (:77-80); state 3 polls again and moves to 4 once a result arrives (:84-87); state 4 copies the result D_800A37F4 to D_800A3890 and returns to 0 (:118-120). Every call returns D_800A3890 (:123). The one caller, func_80038734 (28708.c:448-455), calls func_80037D14(0, 0) while D_800A31F4 < 2. WHY, word by word: 'g_' fits (a file-scope .sdata global, defined without static). 'memcard' fits (N4): the states drive Sony's LIBCARD entry points _card_info / _card_load / _card_clear (include/psxsdk/libcard.h:12-14; _card_info is the BIOS A(0xAB) trampoline of PsyQ 4.0 LIBCARD C171, src/main/psxsdk/libcard/c171.c:1-8), the memory-card BIOS calls (N3 class 1). 'op' fits: the states step one card operation (info, then load) from start to result, then reset to 0 for the next. 'state' fits: it is the switch selector, written only by the switch's own cases. Width and lifetime agree at every access (s32, lw/sw, persistent across calls). Counter-evidence looked for: any access outside func_80037D14, any non-state use of the value (arithmetic, an index): none. The poll helpers' names (memcard_PollSwEventsTimeout etc.) are not used as evidence (another rename's names, N3). HOMES of g_memcard_op_state (git grep -n -w over the tracked tree at aecfba184): named_syms.txt:1859 only; a KEEP edits none. OTHER MENTIONS of D_800A31EC outside src/include/asm (already the target spelling; no tool changes them): docs/naming/data_evidence/D_800A31EC.md:1, docs/naming/data_evidence/D_800A31EC.md:13, docs/naming/data_evidence/D_800A31EC.md:16, docs/naming/data_evidence/D_800A31EC.md:17. Cites at aecfba184.",CONFIRM,"naming-reviewer pre-apply PASS 2026-10-09 (wave15 KEEP, fresh)"
0x800A346C,g_scratchpad_ptr_18; D_800A346C,g_scratchpad_ptr_18,keep,"KEEP (N5: the existing name passes N1/N4; data_wave has no keep kind, so this row is not applied). static s16 *D_800A346C; (src/main/51268.c:30), one word in 51268.o's .sbss (build/bb2.map: .sbss 0x800a3420 size 0x110, so 0x800A3420..0x800A352F). The code spells it D_800A346C; g_scratchpad_ptr_18 is a registry alias only. REGISTRIES: named_syms.txt:564 g_scratchpad_ptr_18 = 0x800A346C (tail '/* -> 0x1F800018 */'); no symbol_addrs.txt, undefined_syms_auto.txt or bb2.ld line names 0x800A346C. TARGET: 51268.c's SPAD51268 is (Unk1F800000Rec *)0x1F800000 (51268.c:212); the member is Unk1F800000Rec.unk00.unk18 (s16[3], include/game.h:884; unk00 at :1045), at 0x1F800018. ACCESSES: every load or store of the word at 0x800A346C in disc/SLUS_006.63 (raw scan, below) is listed; all are 32-bit and gp-relative (%gp_rel). STORE (1): func_80060E38 51268.c:216 'D_800A346C = SPAD51268->unk00.unk18;' [asm: lui/ori at func_80060E38.s:3/:4 build 0x1F800018 in $v0, sw to 0x0($sp) at :5, lw back into $v0 at :76, sw $v0 %gp_rel(D_800A346C) at :78 (pc 0x80060F68)]. func_80060E38 runs from func_80061064 (51268.c:266) and func_800620B8 (51268.c:856), and stores the same constant each time. LOADS (2, all lw of the word): func_80060B70 lw 0x80060B80 (.s:6); C 51268.c:123; func_800620B8 lw 0x800620F4 (.s:17); C 51268.c:858. RAW SCAN of disc/SLUS_006.63 (tmp/p3w13/r/scan.py over 0x800A346C..0x800A346F, rerun at aecfba184, output tmp/p3w15/a/scan.txt; every lui/addiu/load/store and gp-relative form, any width overlapping the word, plus .word values): the 1 sw and 2 lw above, no address-of (addiu/ori) form, no .word holding 0x800A346C, and no other store. CRT0: the startup clear (asm/funcs/__SN_ENTRY_POINT.s:2-11, 0x800A3308..0x801078E0) zeroes it at startup; func_80060E38 then gives it its one value. WHY, word by word: 'g_' fits (a TU-wide .sbss global read by 2 functions). 'scratchpad' fits: the only value any store gives it is 0x1F800018, inside the PS1 scratchpad RAM 0x1F800000..0x1F8003FF (a hardware role, N3 class 1; AGENTS.md 'Conventions'). 'ptr' fits: every access is a 32-bit lw/sw of the word, and every C read listed dereferences the loaded value (*, [], ->), copies it into a pointer local, passes it as a pointer argument, or gives it to a GTE inline-asm block as the base of its lw / sw / swc2; never as an integer or an offset. The reads that do not dereference in place: 51268.c:123 copied into a pointer local (dst16); 51268.c:858 copied into a pointer local (dst16). SUFFIX CHECK: '18' = 0x18, and the one stored constant is 0x1F800018 (the lui/ori above). '18' fits: 0x1F800018 - 0x1F800000 = 0x18, the target's scratchpad offset. The name claims nothing about the pointee's type or role (N4). Counter-evidence looked for: a second store or an address-of form that could retarget it (the D_800A3488 / D_800A34E8 pattern that RESET g_scratchpad_ptr_50 / _a4 in wave06): none in the raw scan. HOMES of g_scratchpad_ptr_18 (git grep -n -w over the tracked tree at aecfba184): docs/naming/data_evidence/D_800A346C.md:4, named_syms.txt:564, named_syms.txt:1894; none in a build file other than the registry, and a KEEP edits none. OTHER MENTIONS of D_800A346C outside src/include/asm: docs/naming/data_evidence/D_800A346C.md:1, docs/naming/data_evidence/D_800A346C.md:14, docs/naming/data_evidence/D_800A346C.md:17, docs/naming/data_evidence/D_800A3470.md:9; memory/grind scratch (16 lines). C comments naming D_800A346C: include/game.h:861, include/game.h:868, include/game.h:1032. Cites at aecfba184.",CONFIRM,"naming-reviewer pre-apply PASS 2026-10-09 (wave15 KEEP, fresh)"
0x800A3470,g_scratchpad_ptr_20; D_800A3470,g_scratchpad_ptr_20,keep,"KEEP (N5: the existing name passes N1/N4; data_wave has no keep kind, so this row is not applied). static s32 *D_800A3470; (src/main/51268.c:31), one word in 51268.o's .sbss (build/bb2.map: .sbss 0x800a3420 size 0x110, so 0x800A3420..0x800A352F). The code spells it D_800A3470; g_scratchpad_ptr_20 is a registry alias only. REGISTRIES: named_syms.txt:565 g_scratchpad_ptr_20 = 0x800A3470 (tail '/* -> 0x1F800020 */'); no symbol_addrs.txt, undefined_syms_auto.txt or bb2.ld line names 0x800A3470. TARGET: 51268.c's SPAD51268 is (Unk1F800000Rec *)0x1F800000 (51268.c:212); the member is Unk1F800000Rec.unk00.unk20 (s32[3], include/game.h:886; unk00 at :1045), at 0x1F800020. ACCESSES: every load or store of the word at 0x800A3470 in disc/SLUS_006.63 (raw scan, below) is listed; all are 32-bit and gp-relative (%gp_rel). STORE (1): func_80060E38 51268.c:217 'D_800A3470 = SPAD51268->unk00.unk20;' [asm: lui/ori at func_80060E38.s:6/:7 build 0x1F800020 in $v0, sw to 0x8($sp) at :8, lw back into $v0 at :79, sw $v0 %gp_rel(D_800A3470) at :81 (pc 0x80060F74)]. func_80060E38 runs from func_80061064 (51268.c:266) and func_800620B8 (51268.c:856), and stores the same constant each time. LOADS (11, all lw of the word): func_80060B70 lw 0x80060BBC (.s:21); C 51268.c:128; func_800620B8 lw 0x8006211C (.s:27), 0x800623B0 (.s:203); C 51268.c:863/:933/:934/:935; func_8006295C lw 0x80062A70 (.s:72); C 51268.c:1079/:1080/:1081; func_80063084 lw 0x800631D8 (.s:89), 0x8006327C (.s:131), 0x80063298 (.s:139); C 51268.c:1258/:1259/:1265/:1267; func_80063E10 lw 0x800640BC (.s:176); C 51268.c:1546/:1547/:1548; func_800646E8 lw 0x80064848 (.s:92); C 51268.c:1865/:1866/:1867; func_80065800 lw 0x800658A0 (.s:42); C 51268.c:2452/:2453/:2454; func_80067D14 lw 0x80067F58 (.s:155); C 51268.c:3298/:3300/:3302. RAW SCAN of disc/SLUS_006.63 (tmp/p3w13/r/scan.py over 0x800A3470..0x800A3473, rerun at aecfba184, output tmp/p3w15/a/scan.txt; every lui/addiu/load/store and gp-relative form, any width overlapping the word, plus .word values): the 1 sw and 11 lw above, no address-of (addiu/ori) form, no .word holding 0x800A3470, and no other store. CRT0: the startup clear (asm/funcs/__SN_ENTRY_POINT.s:2-11, 0x800A3308..0x801078E0) zeroes it at startup; func_80060E38 then gives it its one value. WHY, word by word: 'g_' fits (a TU-wide .sbss global read by 8 functions). 'scratchpad' fits: the only value any store gives it is 0x1F800020, inside the PS1 scratchpad RAM 0x1F800000..0x1F8003FF (a hardware role, N3 class 1; AGENTS.md 'Conventions'). 'ptr' fits: every access is a 32-bit lw/sw of the word, and every C read listed dereferences the loaded value (*, [], ->), copies it into a pointer local, passes it as a pointer argument, or gives it to a GTE inline-asm block as the base of its lw / sw / swc2; never as an integer or an offset. The reads that do not dereference in place: 51268.c:128 copied into a pointer local (dst_s32); 51268.c:863 copied into a pointer local (dst32). SUFFIX CHECK: '20' = 0x20, and the one stored constant is 0x1F800020 (the lui/ori above). '20' fits: 0x1F800020 - 0x1F800000 = 0x20, the target's scratchpad offset. The name claims nothing about the pointee's type or role (N4). Counter-evidence looked for: a second store or an address-of form that could retarget it (the D_800A3488 / D_800A34E8 pattern that RESET g_scratchpad_ptr_50 / _a4 in wave06): none in the raw scan. HOMES of g_scratchpad_ptr_20 (git grep -n -w over the tracked tree at aecfba184): docs/naming/data_evidence/D_800A3470.md:4, named_syms.txt:565; none in a build file other than the registry, and a KEEP edits none. OTHER MENTIONS of D_800A3470 outside src/include/asm: docs/naming/data_evidence/D_800A3470.md:1, docs/naming/data_evidence/D_800A3470.md:14, docs/naming/phase3/wave06/data_manifest.csv:102, docs/naming/phase3/wave06/data_manifest.csv:104, docs/naming/phase3/wave06/data_manifest.csv:107, docs/naming/phase3/wave08/data_manifest.csv:149, docs/naming/phase3/wave08/data_manifest.csv:150, docs/naming/phase3/wave08/data_manifest.csv:151, docs/naming/sweep-2026-09-29/func_manifest.csv:7, docs/naming/sweep-2026-09-29/verify/inferred.csv:4; memory/grind scratch (39 lines). C comments naming D_800A3470: include/game.h:861, include/game.h:868, include/game.h:1032, 51268.c:1470. Cites at aecfba184.",CONFIRM,"naming-reviewer pre-apply PASS 2026-10-09 (wave15 KEEP, fresh)"
0x800A3474,g_scratchpad_ptr_30; D_800A3474,g_scratchpad_ptr_30,keep,"KEEP (N5: the existing name passes N1/N4; data_wave has no keep kind, so this row is not applied). static MATRIX *D_800A3474; (src/main/51268.c:32), one word in 51268.o's .sbss (build/bb2.map: .sbss 0x800a3420 size 0x110, so 0x800A3420..0x800A352F). The code spells it D_800A3474; g_scratchpad_ptr_30 is a registry alias only. REGISTRIES: named_syms.txt:566 g_scratchpad_ptr_30 = 0x800A3474 (tail '/* -> 0x1F800030 */'); no symbol_addrs.txt, undefined_syms_auto.txt or bb2.ld line names 0x800A3474. TARGET: 51268.c's SPAD51268 is (Unk1F800000Rec *)0x1F800000 (51268.c:212); the member is Unk1F800000Rec.unk30 (MATRIX, include/game.h:1047), at 0x1F800030. ACCESSES: every load or store of the word at 0x800A3474 in disc/SLUS_006.63 (raw scan, below) is listed; all are 32-bit and gp-relative (%gp_rel). STORE (1): func_80060E38 51268.c:218 'D_800A3474 = &SPAD51268->unk30;' [asm: lui/ori at func_80060E38.s:9/:10 build 0x1F800030 in $v0, sw to 0x10($sp) at :11, lw back into $v0 at :82, sw $v0 %gp_rel(D_800A3474) at :84 (pc 0x80060F80)]. func_80060E38 runs from func_80061064 (51268.c:266) and func_800620B8 (51268.c:856), and stores the same constant each time. LOADS (11, all lw of the word): func_80060B70 lw 0x80060BE4 (.s:31); C 51268.c:132; func_800620B8 lw 0x80062130 (.s:32), 0x80062170 (.s:48); C 51268.c:865/:872; func_8006295C lw 0x80062ABC (.s:91); C 51268.c:1082; func_80063084 lw 0x800630E4 (.s:26); C 51268.c:1242; func_80063E10 lw 0x80064108 (.s:195), 0x80064200 (.s:257); C 51268.c:1561/:1642; func_800646E8 lw 0x80064750 (.s:28); C 51268.c:1851; func_80065800 lw 0x80065864 (.s:27); C 51268.c:2451; func_80067200 lw 0x80067254 (.s:25); C 51268.c:2979; func_800678A8 lw 0x80067BC8 (.s:210); C 51268.c:3208. RAW SCAN of disc/SLUS_006.63 (tmp/p3w13/r/scan.py over 0x800A3474..0x800A3477, rerun at aecfba184, output tmp/p3w15/a/scan.txt; every lui/addiu/load/store and gp-relative form, any width overlapping the word, plus .word values): the 1 sw and 11 lw above, no address-of (addiu/ori) form, no .word holding 0x800A3474, and no other store. CRT0: the startup clear (asm/funcs/__SN_ENTRY_POINT.s:2-11, 0x800A3308..0x801078E0) zeroes it at startup; func_80060E38 then gives it its one value. WHY, word by word: 'g_' fits (a TU-wide .sbss global read by 9 functions). 'scratchpad' fits: the only value any store gives it is 0x1F800030, inside the PS1 scratchpad RAM 0x1F800000..0x1F8003FF (a hardware role, N3 class 1; AGENTS.md 'Conventions'). 'ptr' fits: every access is a 32-bit lw/sw of the word, and every C read listed dereferences the loaded value (*, [], ->), copies it into a pointer local, passes it as a pointer argument, or gives it to a GTE inline-asm block as the base of its lw / sw / swc2; never as an integer or an offset. The reads that do not dereference in place: 51268.c:132 pointer argument of func_80061FAC; 51268.c:865 copied into a pointer local (rot); 51268.c:872 pointer argument of SetRotMatrix; 51268.c:1082 pointer argument of CompMatrix; 51268.c:1242 address operand of a GTE inline-asm block; 51268.c:1561 address operand of a GTE inline-asm block; 51268.c:1642 address operand of a GTE inline-asm block; 51268.c:1851 address operand of a GTE inline-asm block; 51268.c:2451 address operand of a GTE inline-asm block; 51268.c:2979 address operand of a GTE inline-asm block; 51268.c:3208 address operand of a GTE inline-asm block. SUFFIX CHECK: '30' = 0x30, and the one stored constant is 0x1F800030 (the lui/ori above). '30' fits: 0x1F800030 - 0x1F800000 = 0x30, the target's scratchpad offset. The name claims nothing about the pointee's type or role (N4). Counter-evidence looked for: a second store or an address-of form that could retarget it (the D_800A3488 / D_800A34E8 pattern that RESET g_scratchpad_ptr_50 / _a4 in wave06): none in the raw scan. HOMES of g_scratchpad_ptr_30 (git grep -n -w over the tracked tree at aecfba184): docs/naming/data_evidence/D_800A3474.md:4, named_syms.txt:566, named_syms.txt:760; none in a build file other than the registry, and a KEEP edits none. OTHER MENTIONS of D_800A3474 outside src/include/asm: docs/naming/data_evidence/D_800A3474.md:1, docs/naming/data_evidence/D_800A3474.md:14, docs/naming/data_evidence/D_800A3474.md:17, docs/naming/sweep-2026-09-25/func_manifest.csv:110, inline_asm_canonical.txt:395, inline_asm_canonical.txt:402; memory/grind scratch (9 lines). C comments naming D_800A3474: include/game.h:1042, include/game.h:1047, 51268.c:1471, 51268.c:1807. Cites at aecfba184.",CONFIRM,"naming-reviewer pre-apply PASS 2026-10-09 (wave15 KEEP, fresh)"
0x800A3480,g_scratchpad_ptr_a8; D_800A3480,g_scratchpad_ptr_a8,keep,"KEEP (N5: the existing name passes N1/N4; data_wave has no keep kind, so this row is not applied). static s32 *D_800A3480; (src/main/51268.c:35), one word in 51268.o's .sbss (build/bb2.map: .sbss 0x800a3420 size 0x110, so 0x800A3420..0x800A352F). The code spells it D_800A3480; g_scratchpad_ptr_a8 is a registry alias only. REGISTRIES: named_syms.txt:591 g_scratchpad_ptr_a8 = 0x800A3480 (tail '/* -> 0x1F8000A8, sibling of A4/AC/B8 scratchpad cache */'); no symbol_addrs.txt, undefined_syms_auto.txt or bb2.ld line names 0x800A3480. TARGET: 51268.c's SPAD51268 is (Unk1F800000Rec *)0x1F800000 (51268.c:212); the member is Unk1F800000Rec.unkA8 (s32, include/game.h:1072), at 0x1F8000A8. ACCESSES: every load or store of the word at 0x800A3480 in disc/SLUS_006.63 (raw scan, below) is listed; all are 32-bit and gp-relative (%gp_rel). STORE (1): func_80060E38 51268.c:243 'D_800A3480 = &SPAD51268->unkA8;' [asm: lui/ori at func_80060E38.s:80/:83 build 0x1F8000A8 in $t0, sw $t0 %gp_rel(D_800A3480) at :120 (pc 0x80061010)]. func_80060E38 runs from func_80061064 (51268.c:266) and func_800620B8 (51268.c:856), and stores the same constant each time. LOADS (3, all lw of the word): func_80063B78 lw 0x80063B7C (.s:3); C 51268.c:1415; func_80063BA4 lw 0x80063BA8 (.s:3); C 51268.c:1420; func_80063E10 lw 0x80063E98 (.s:38); C 51268.c:1516. RAW SCAN of disc/SLUS_006.63 (tmp/p3w13/r/scan.py over 0x800A3480..0x800A3483, rerun at aecfba184, output tmp/p3w15/a/scan.txt; every lui/addiu/load/store and gp-relative form, any width overlapping the word, plus .word values): the 1 sw and 3 lw above, no address-of (addiu/ori) form, no .word holding 0x800A3480, and no other store. CRT0: the startup clear (asm/funcs/__SN_ENTRY_POINT.s:2-11, 0x800A3308..0x801078E0) zeroes it at startup; func_80060E38 then gives it its one value. WHY, word by word: 'g_' fits (a TU-wide .sbss global read by 3 functions). 'scratchpad' fits: the only value any store gives it is 0x1F8000A8, inside the PS1 scratchpad RAM 0x1F800000..0x1F8003FF (a hardware role, N3 class 1; AGENTS.md 'Conventions'). 'ptr' fits: every access is a 32-bit lw/sw of the word, and every C read listed dereferences the loaded value (*, [], ->), copies it into a pointer local, passes it as a pointer argument, or gives it to a GTE inline-asm block as the base of its lw / sw / swc2; never as an integer or an offset. Every C read dereferences it in place. SUFFIX CHECK: 'a8' = 0xA8, and the one stored constant is 0x1F8000A8 (the lui/ori above). 'a8' fits: 0x1F8000A8 - 0x1F800000 = 0xA8, the target's scratchpad offset. The name claims nothing about the pointee's type or role (N4). Counter-evidence looked for: a second store or an address-of form that could retarget it (the D_800A3488 / D_800A34E8 pattern that RESET g_scratchpad_ptr_50 / _a4 in wave06): none in the raw scan. HOMES of g_scratchpad_ptr_a8 (git grep -n -w over the tracked tree at aecfba184): named_syms.txt:591; none in a build file other than the registry, and a KEEP edits none. OTHER MENTIONS of D_800A3480 outside src/include/asm: docs/naming/phase3/wave06/data_manifest.csv:30, docs/naming/phase3/wave10/data_manifest.csv:30, docs/naming/phase3/wave10/data_manifest.csv:31, docs/naming/remaining_data_classification.json:573; memory/grind scratch (7 lines). C comments naming D_800A3480: include/game.h:1042, include/game.h:1072. Cites at aecfba184.",CONFIRM,"naming-reviewer pre-apply PASS 2026-10-09 (wave15 KEEP, fresh)"
0x800A3484,g_scratchpad_ptr_ac; D_800A3484,g_scratchpad_ptr_ac,keep,"KEEP (N5: the existing name passes N1/N4; data_wave has no keep kind, so this row is not applied). static s32 *D_800A3484; (src/main/51268.c:36), one word in 51268.o's .sbss (build/bb2.map: .sbss 0x800a3420 size 0x110, so 0x800A3420..0x800A352F). The code spells it D_800A3484; g_scratchpad_ptr_ac is a registry alias only. REGISTRIES: named_syms.txt:551 g_scratchpad_ptr_ac = 0x800A3484 (tail '/* points to 0x1F8000AC */'); no symbol_addrs.txt, undefined_syms_auto.txt or bb2.ld line names 0x800A3484. TARGET: 51268.c's SPAD51268 is (Unk1F800000Rec *)0x1F800000 (51268.c:212); the member is Unk1F800000Rec.unkAC (s32, include/game.h:1073), at 0x1F8000AC. ACCESSES: every load or store of the word at 0x800A3484 in disc/SLUS_006.63 (raw scan, below) is listed; all are 32-bit and gp-relative (%gp_rel). STORE (1): func_80060E38 51268.c:244 'D_800A3484 = &SPAD51268->unkAC;' [asm: lui/ori at func_80060E38.s:86/:89 build 0x1F8000AC in $a3, sw $a3 %gp_rel(D_800A3484) at :121 (pc 0x80061014)]. func_80060E38 runs from func_80061064 (51268.c:266) and func_800620B8 (51268.c:856), and stores the same constant each time. LOADS (2, all lw of the word): func_80065484 lw 0x80065488 (.s:3), 0x800654A0 (.s:9); C 51268.c:2246/:2248. RAW SCAN of disc/SLUS_006.63 (tmp/p3w13/r/scan.py over 0x800A3484..0x800A3487, rerun at aecfba184, output tmp/p3w15/a/scan.txt; every lui/addiu/load/store and gp-relative form, any width overlapping the word, plus .word values): the 1 sw and 2 lw above, no address-of (addiu/ori) form, no .word holding 0x800A3484, and no other store. CRT0: the startup clear (asm/funcs/__SN_ENTRY_POINT.s:2-11, 0x800A3308..0x801078E0) zeroes it at startup; func_80060E38 then gives it its one value. WHY, word by word: 'g_' fits (a TU-wide .sbss global read by 1 functions). 'scratchpad' fits: the only value any store gives it is 0x1F8000AC, inside the PS1 scratchpad RAM 0x1F800000..0x1F8003FF (a hardware role, N3 class 1; AGENTS.md 'Conventions'). 'ptr' fits: every access is a 32-bit lw/sw of the word, and every C read listed dereferences the loaded value (*, [], ->), copies it into a pointer local, passes it as a pointer argument, or gives it to a GTE inline-asm block as the base of its lw / sw / swc2; never as an integer or an offset. Every C read dereferences it in place. SUFFIX CHECK: 'ac' = 0xAC, and the one stored constant is 0x1F8000AC (the lui/ori above). 'ac' fits: 0x1F8000AC - 0x1F800000 = 0xAC, the target's scratchpad offset. The name claims nothing about the pointee's type or role (N4). Counter-evidence looked for: a second store or an address-of form that could retarget it (the D_800A3488 / D_800A34E8 pattern that RESET g_scratchpad_ptr_50 / _a4 in wave06): none in the raw scan. HOMES of g_scratchpad_ptr_ac (git grep -n -w over the tracked tree at aecfba184): docs/naming/data_evidence/D_800A3484.md:4, named_syms.txt:551; none in a build file other than the registry, and a KEEP edits none. OTHER MENTIONS of D_800A3484 outside src/include/asm: docs/naming/data_evidence/D_800A3484.md:1, docs/naming/data_evidence/D_800A3484.md:13, docs/naming/data_evidence/D_800A3484.md:16, docs/naming/data_evidence/D_800A3484.md:18, docs/naming/phase3/wave08/data_manifest.csv:105; memory/grind scratch (6 lines). C comments naming D_800A3484: include/game.h:1043, include/game.h:1073. Cites at aecfba184.",CONFIRM,"naming-reviewer pre-apply PASS 2026-10-09 (wave15 KEEP, fresh)"
0x800A3490,g_scratchpad_ptr_58; D_800A3490,g_scratchpad_ptr_58,keep,"KEEP (N5: the existing name passes N1/N4; data_wave has no keep kind, so this row is not applied). static s32 *D_800A3490; (src/main/51268.c:39), one word in 51268.o's .sbss (build/bb2.map: .sbss 0x800a3420 size 0x110, so 0x800A3420..0x800A352F). The code spells it D_800A3490; g_scratchpad_ptr_58 is a registry alias only. REGISTRIES: named_syms.txt:1897 g_scratchpad_ptr_58 = 0x800A3490 (tail '/* -> 0x1F800058 */'); no symbol_addrs.txt, undefined_syms_auto.txt or bb2.ld line names 0x800A3490. TARGET: 51268.c's SPAD51268 is (Unk1F800000Rec *)0x1F800000 (51268.c:212); the member is Unk1F800000Rec.unk58 (s32, include/game.h:1049), at 0x1F800058. ACCESSES: every load or store of the word at 0x800A3490 in disc/SLUS_006.63 (raw scan, below) is listed; all are 32-bit and gp-relative (%gp_rel). STORE (1): func_80060E38 51268.c:220 'D_800A3490 = &SPAD51268->unk58;' [asm: lui/ori at func_80060E38.s:15/:16 build 0x1F800058 in $v0, sw to 0x20($sp) at :17, lw back into $v0 at :88, sw $v0 %gp_rel(D_800A3490) at :90 (pc 0x80060F98)]. func_80060E38 runs from func_80061064 (51268.c:266) and func_800620B8 (51268.c:856), and stores the same constant each time. LOADS (22, all lw of the word): func_800620B8 lw 0x800621AC (.s:63), 0x80062610 (.s:362); C 51268.c:884/:962; func_8006295C lw 0x80062C1C (.s:188), 0x80062C54 (.s:202), 0x80062D54 (.s:266); C 51268.c:1104/:1108/:1118; func_80063084 lw 0x8006315C (.s:56), 0x80063168 (.s:59), 0x8006395C (.s:595); C 51268.c:1249/:1250/:1370; func_80063E10 lw 0x80063EB4 (.s:45), 0x80063EF0 (.s:60), 0x8006407C (.s:160); C 51268.c:1518/:1521/:1543; func_800646E8 lw 0x800647D0 (.s:60), 0x80064ACC (.s:257); C 51268.c:1856/:1902; func_80065800 lw 0x800659B4 (.s:113), 0x80065EAC (.s:457), 0x80065EE0 (.s:474), 0x8006607C (.s:583); C 51268.c:2507/:2587/:2623/:2630/:2654; func_800678A8 lw 0x800678D8 (.s:14), 0x80067A28 (.s:103), 0x80067A4C (.s:113), 0x80067AC8 (.s:146); C 51268.c:3141/:3172/:3175/:3186; func_80067D14 lw 0x80068B08 (.s:940); C 51268.c:3494. RAW SCAN of disc/SLUS_006.63 (tmp/p3w13/r/scan.py over 0x800A3490..0x800A3493, rerun at aecfba184, output tmp/p3w15/a/scan.txt; every lui/addiu/load/store and gp-relative form, any width overlapping the word, plus .word values): the 1 sw and 22 lw above, no address-of (addiu/ori) form, no .word holding 0x800A3490, and no other store. CRT0: the startup clear (asm/funcs/__SN_ENTRY_POINT.s:2-11, 0x800A3308..0x801078E0) zeroes it at startup; func_80060E38 then gives it its one value. WHY, word by word: 'g_' fits (a TU-wide .sbss global read by 8 functions). 'scratchpad' fits: the only value any store gives it is 0x1F800058, inside the PS1 scratchpad RAM 0x1F800000..0x1F8003FF (a hardware role, N3 class 1; AGENTS.md 'Conventions'). 'ptr' fits: every access is a 32-bit lw/sw of the word, and every C read listed dereferences the loaded value (*, [], ->), copies it into a pointer local, passes it as a pointer argument, or gives it to a GTE inline-asm block as the base of its lw / sw / swc2; never as an integer or an offset. Every C read dereferences it in place. SUFFIX CHECK: '58' = 0x58, and the one stored constant is 0x1F800058 (the lui/ori above). '58' fits: 0x1F800058 - 0x1F800000 = 0x58, the target's scratchpad offset. The name claims nothing about the pointee's type or role (N4). Counter-evidence looked for: a second store or an address-of form that could retarget it (the D_800A3488 / D_800A34E8 pattern that RESET g_scratchpad_ptr_50 / _a4 in wave06): none in the raw scan. HOMES of g_scratchpad_ptr_58 (git grep -n -w over the tracked tree at aecfba184): named_syms.txt:1897; none in a build file other than the registry, and a KEEP edits none. OTHER MENTIONS of D_800A3490 outside src/include/asm: none; memory/grind scratch (29 lines). C comments naming D_800A3490: include/game.h:1049. Cites at aecfba184.",CONFIRM,"naming-reviewer pre-apply PASS 2026-10-09 (wave15 KEEP, fresh)"
0x800A3494,g_scratchpad_ptr_5c; D_800A3494,g_scratchpad_ptr_5c,keep,"KEEP (N5: the existing name passes N1/N4; data_wave has no keep kind, so this row is not applied). static s32 *D_800A3494; (src/main/51268.c:40), one word in 51268.o's .sbss (build/bb2.map: .sbss 0x800a3420 size 0x110, so 0x800A3420..0x800A352F). The code spells it D_800A3494; g_scratchpad_ptr_5c is a registry alias only. REGISTRIES: named_syms.txt:1898 g_scratchpad_ptr_5c = 0x800A3494 (tail '/* -> 0x1F80005C */'); no symbol_addrs.txt, undefined_syms_auto.txt or bb2.ld line names 0x800A3494. TARGET: 51268.c's SPAD51268 is (Unk1F800000Rec *)0x1F800000 (51268.c:212); the member is Unk1F800000Rec.unk5C (s32, include/game.h:1050), at 0x1F80005C. ACCESSES: every load or store of the word at 0x800A3494 in disc/SLUS_006.63 (raw scan, below) is listed; all are 32-bit and gp-relative (%gp_rel). STORE (1): func_80060E38 51268.c:221 'D_800A3494 = &SPAD51268->unk5C;' [asm: lui/ori at func_80060E38.s:18/:19 build 0x1F80005C in $v0, sw to 0x28($sp) at :20, lw back into $v0 at :91, sw $v0 %gp_rel(D_800A3494) at :93 (pc 0x80060FA4)]. func_80060E38 runs from func_80061064 (51268.c:266) and func_800620B8 (51268.c:856), and stores the same constant each time. LOADS (14, all lw of the word): func_800620B8 lw 0x800624B8 (.s:271), 0x80062614 (.s:363); C 51268.c:948/:963; func_8006295C lw 0x80062C48 (.s:199), 0x80062D38 (.s:259); C 51268.c:1105/:1117; func_80063084 lw 0x80063360 (.s:193), 0x80063940 (.s:588); C 51268.c:1286/:1369; func_80063E10 lw 0x80063EE4 (.s:57), 0x80064060 (.s:153); C 51268.c:1519/:1542; func_800646E8 lw 0x8006490C (.s:141), 0x80064AD0 (.s:258); C 51268.c:1879/:1903; func_80065800 lw 0x80065F30 (.s:496), 0x80066080 (.s:584); C 51268.c:2641/:2655; func_800678A8 lw 0x80067ABC (.s:143); C 51268.c:3184; func_80067D14 lw 0x80068AEC (.s:933); C 51268.c:3493. RAW SCAN of disc/SLUS_006.63 (tmp/p3w13/r/scan.py over 0x800A3494..0x800A3497, rerun at aecfba184, output tmp/p3w15/a/scan.txt; every lui/addiu/load/store and gp-relative form, any width overlapping the word, plus .word values): the 1 sw and 14 lw above, no address-of (addiu/ori) form, no .word holding 0x800A3494, and no other store. CRT0: the startup clear (asm/funcs/__SN_ENTRY_POINT.s:2-11, 0x800A3308..0x801078E0) zeroes it at startup; func_80060E38 then gives it its one value. WHY, word by word: 'g_' fits (a TU-wide .sbss global read by 8 functions). 'scratchpad' fits: the only value any store gives it is 0x1F80005C, inside the PS1 scratchpad RAM 0x1F800000..0x1F8003FF (a hardware role, N3 class 1; AGENTS.md 'Conventions'). 'ptr' fits: every access is a 32-bit lw/sw of the word, and every C read listed dereferences the loaded value (*, [], ->), copies it into a pointer local, passes it as a pointer argument, or gives it to a GTE inline-asm block as the base of its lw / sw / swc2; never as an integer or an offset. Every C read dereferences it in place. SUFFIX CHECK: '5c' = 0x5C, and the one stored constant is 0x1F80005C (the lui/ori above). '5c' fits: 0x1F80005C - 0x1F800000 = 0x5C, the target's scratchpad offset. The name claims nothing about the pointee's type or role (N4). Counter-evidence looked for: a second store or an address-of form that could retarget it (the D_800A3488 / D_800A34E8 pattern that RESET g_scratchpad_ptr_50 / _a4 in wave06): none in the raw scan. HOMES of g_scratchpad_ptr_5c (git grep -n -w over the tracked tree at aecfba184): named_syms.txt:1898; none in a build file other than the registry, and a KEEP edits none. OTHER MENTIONS of D_800A3494 outside src/include/asm: none; memory/grind scratch (20 lines). C comments naming D_800A3494: include/game.h:1050. Cites at aecfba184.",CONFIRM,"naming-reviewer pre-apply PASS 2026-10-09 (wave15 KEEP, fresh)"
0x800A3498,g_scratchpad_ptr_60; D_800A3498,g_scratchpad_ptr_60,keep,"KEEP (N5: the existing name passes N1/N4; data_wave has no keep kind, so this row is not applied). static u16 *D_800A3498; (src/main/51268.c:41), one word in 51268.o's .sbss (build/bb2.map: .sbss 0x800a3420 size 0x110, so 0x800A3420..0x800A352F). The code spells it D_800A3498; g_scratchpad_ptr_60 is a registry alias only. REGISTRIES: named_syms.txt:1899 g_scratchpad_ptr_60 = 0x800A3498 (tail '/* -> 0x1F800060 */'); no symbol_addrs.txt, undefined_syms_auto.txt or bb2.ld line names 0x800A3498. TARGET: 51268.c's SPAD51268 is (Unk1F800000Rec *)0x1F800000 (51268.c:212); the member is Unk1F800000Rec.unk60 (u16, include/game.h:1051), at 0x1F800060. ACCESSES: every load or store of the word at 0x800A3498 in disc/SLUS_006.63 (raw scan, below) is listed; all are 32-bit and gp-relative (%gp_rel). STORE (1): func_80060E38 51268.c:222 'D_800A3498 = &SPAD51268->unk60;' [asm: lui/ori at func_80060E38.s:21/:22 build 0x1F800060 in $v0, sw to 0x30($sp) at :23, lw back into $v0 at :94, sw $v0 %gp_rel(D_800A3498) at :96 (pc 0x80060FB0)]. func_80060E38 runs from func_80061064 (51268.c:266) and func_800620B8 (51268.c:856), and stores the same constant each time. LOADS (21, all lw of the word): func_800620B8 lw 0x800624C8 (.s:275), 0x800626CC (.s:409), 0x8006271C (.s:429); C 51268.c:950/:975/:979; func_8006295C lw 0x80062C70 (.s:209), 0x80062CA0 (.s:221), 0x80062CE8 (.s:239); C 51268.c:1109/:1111/:1113; func_80063084 lw 0x80063370 (.s:197), 0x800633D0 (.s:221), 0x80063418 (.s:239); C 51268.c:1289/:1293/:1295; func_80063E10 lw 0x80063F0C (.s:67), 0x80063F6C (.s:91), 0x80063FB4 (.s:109); C 51268.c:1522/:1526/:1528; func_800646E8 lw 0x8006491C (.s:145), 0x80064C60 (.s:364), 0x80064CB4 (.s:385); C 51268.c:1881/:1921/:1925; func_80065800 lw 0x80065F40 (.s:500), 0x80066094 (.s:589), 0x800660E4 (.s:609); C 51268.c:2643/:2656/:2660; func_800678A8 lw 0x80067AE4 (.s:153), 0x80067B44 (.s:177), 0x80067B8C (.s:195); C 51268.c:3187/:3191/:3193. RAW SCAN of disc/SLUS_006.63 (tmp/p3w13/r/scan.py over 0x800A3498..0x800A349B, rerun at aecfba184, output tmp/p3w15/a/scan.txt; every lui/addiu/load/store and gp-relative form, any width overlapping the word, plus .word values): the 1 sw and 21 lw above, no address-of (addiu/ori) form, no .word holding 0x800A3498, and no other store. CRT0: the startup clear (asm/funcs/__SN_ENTRY_POINT.s:2-11, 0x800A3308..0x801078E0) zeroes it at startup; func_80060E38 then gives it its one value. WHY, word by word: 'g_' fits (a TU-wide .sbss global read by 7 functions). 'scratchpad' fits: the only value any store gives it is 0x1F800060, inside the PS1 scratchpad RAM 0x1F800000..0x1F8003FF (a hardware role, N3 class 1; AGENTS.md 'Conventions'). 'ptr' fits: every access is a 32-bit lw/sw of the word, and every C read listed dereferences the loaded value (*, [], ->), copies it into a pointer local, passes it as a pointer argument, or gives it to a GTE inline-asm block as the base of its lw / sw / swc2; never as an integer or an offset. Every C read dereferences it in place. SUFFIX CHECK: '60' = 0x60, and the one stored constant is 0x1F800060 (the lui/ori above). '60' fits: 0x1F800060 - 0x1F800000 = 0x60, the target's scratchpad offset. The name claims nothing about the pointee's type or role (N4). Counter-evidence looked for: a second store or an address-of form that could retarget it (the D_800A3488 / D_800A34E8 pattern that RESET g_scratchpad_ptr_50 / _a4 in wave06): none in the raw scan. HOMES of g_scratchpad_ptr_60 (git grep -n -w over the tracked tree at aecfba184): named_syms.txt:1899; none in a build file other than the registry, and a KEEP edits none. OTHER MENTIONS of D_800A3498 outside src/include/asm: none; memory/grind scratch (24 lines). C comments naming D_800A3498: include/game.h:1051. Cites at aecfba184.",CONFIRM,"naming-reviewer pre-apply PASS 2026-10-09 (wave15 KEEP, fresh)"
0x800A349C,g_scratchpad_ptr_62; D_800A349C,g_scratchpad_ptr_62,keep,"KEEP (N5: the existing name passes N1/N4; data_wave has no keep kind, so this row is not applied). static u16 *D_800A349C; (src/main/51268.c:42), one word in 51268.o's .sbss (build/bb2.map: .sbss 0x800a3420 size 0x110, so 0x800A3420..0x800A352F). The code spells it D_800A349C; g_scratchpad_ptr_62 is a registry alias only. REGISTRIES: named_syms.txt:1900 g_scratchpad_ptr_62 = 0x800A349C (tail '/* -> 0x1F800062 */'); no symbol_addrs.txt, undefined_syms_auto.txt or bb2.ld line names 0x800A349C. TARGET: 51268.c's SPAD51268 is (Unk1F800000Rec *)0x1F800000 (51268.c:212); the member is Unk1F800000Rec.unk62 (u16, include/game.h:1052), at 0x1F800062. ACCESSES: every load or store of the word at 0x800A349C in disc/SLUS_006.63 (raw scan, below) is listed; all are 32-bit and gp-relative (%gp_rel). STORE (1): func_80060E38 51268.c:223 'D_800A349C = &SPAD51268->unk62;' [asm: lui/ori at func_80060E38.s:24/:25 build 0x1F800062 in $v0, sw to 0x38($sp) at :26, lw back into $v0 at :97, sw $v0 %gp_rel(D_800A349C) at :99 (pc 0x80060FBC)]. func_80060E38 runs from func_80061064 (51268.c:266) and func_800620B8 (51268.c:856), and stores the same constant each time. LOADS (23, all lw of the word): func_800620B8 lw 0x800622D4 (.s:142), 0x8006236C (.s:184), 0x800626F4 (.s:419), 0x80062744 (.s:439); C 51268.c:910/:929/:977/:981; func_8006295C lw 0x80062BE0 (.s:171), 0x80062BF8 (.s:178), 0x80062CC4 (.s:230), 0x80062D0C (.s:248); C 51268.c:1099/:1101/:1112/:1114; func_80063084 lw 0x800633A0 (.s:209), 0x800633F4 (.s:230), 0x8006343C (.s:248); C 51268.c:1291/:1294/:1296; func_80063E10 lw 0x80063F3C (.s:79), 0x80063F90 (.s:100), 0x80063FD8 (.s:118); C 51268.c:1524/:1527/:1529; func_800646E8 lw 0x8006494C (.s:157), 0x80064C8C (.s:375), 0x80064CDC (.s:395); C 51268.c:1883/:1923/:1927; func_80065800 lw 0x80065F78 (.s:514), 0x800660BC (.s:599), 0x8006610C (.s:619); C 51268.c:2645/:2658/:2662; func_800678A8 lw 0x80067B14 (.s:165), 0x80067B68 (.s:186), 0x80067BB0 (.s:204); C 51268.c:3189/:3192/:3194. RAW SCAN of disc/SLUS_006.63 (tmp/p3w13/r/scan.py over 0x800A349C..0x800A349F, rerun at aecfba184, output tmp/p3w15/a/scan.txt; every lui/addiu/load/store and gp-relative form, any width overlapping the word, plus .word values): the 1 sw and 23 lw above, no address-of (addiu/ori) form, no .word holding 0x800A349C, and no other store. CRT0: the startup clear (asm/funcs/__SN_ENTRY_POINT.s:2-11, 0x800A3308..0x801078E0) zeroes it at startup; func_80060E38 then gives it its one value. WHY, word by word: 'g_' fits (a TU-wide .sbss global read by 7 functions). 'scratchpad' fits: the only value any store gives it is 0x1F800062, inside the PS1 scratchpad RAM 0x1F800000..0x1F8003FF (a hardware role, N3 class 1; AGENTS.md 'Conventions'). 'ptr' fits: every access is a 32-bit lw/sw of the word, and every C read listed dereferences the loaded value (*, [], ->), copies it into a pointer local, passes it as a pointer argument, or gives it to a GTE inline-asm block as the base of its lw / sw / swc2; never as an integer or an offset. Every C read dereferences it in place. SUFFIX CHECK: '62' = 0x62, and the one stored constant is 0x1F800062 (the lui/ori above). '62' fits: 0x1F800062 - 0x1F800000 = 0x62, the target's scratchpad offset. The name claims nothing about the pointee's type or role (N4). Counter-evidence looked for: a second store or an address-of form that could retarget it (the D_800A3488 / D_800A34E8 pattern that RESET g_scratchpad_ptr_50 / _a4 in wave06): none in the raw scan. HOMES of g_scratchpad_ptr_62 (git grep -n -w over the tracked tree at aecfba184): named_syms.txt:1900; none in a build file other than the registry, and a KEEP edits none. OTHER MENTIONS of D_800A349C outside src/include/asm: none; memory/grind scratch (25 lines). C comments naming D_800A349C: include/game.h:1052. Cites at aecfba184.",CONFIRM,"naming-reviewer pre-apply PASS 2026-10-09 (wave15 KEEP, fresh)"
0x800A34A0,g_scratchpad_ptr_64; D_800A34A0,g_scratchpad_ptr_64,keep,"KEEP (N5: the existing name passes N1/N4; data_wave has no keep kind, so this row is not applied). static u16 *D_800A34A0; (src/main/51268.c:43), one word in 51268.o's .sbss (build/bb2.map: .sbss 0x800a3420 size 0x110, so 0x800A3420..0x800A352F). The code spells it D_800A34A0; g_scratchpad_ptr_64 is a registry alias only. REGISTRIES: named_syms.txt:1901 g_scratchpad_ptr_64 = 0x800A34A0 (tail '/* -> 0x1F800064 */'); no symbol_addrs.txt, undefined_syms_auto.txt or bb2.ld line names 0x800A34A0. TARGET: 51268.c's SPAD51268 is (Unk1F800000Rec *)0x1F800000 (51268.c:212); the member is Unk1F800000Rec.unk64 (u16, include/game.h:1053), at 0x1F800064. ACCESSES: every load or store of the word at 0x800A34A0 in disc/SLUS_006.63 (raw scan, below) is listed; all are 32-bit and gp-relative (%gp_rel). STORE (1): func_80060E38 51268.c:224 'D_800A34A0 = &SPAD51268->unk64;' [asm: lui/ori at func_80060E38.s:27/:28 build 0x1F800064 in $v0, sw to 0x40($sp) at :73, lw back into $v0 at :100, sw $v0 %gp_rel(D_800A34A0) at :126 (pc 0x80061028)]. func_80060E38 runs from func_80061064 (51268.c:266) and func_800620B8 (51268.c:856), and stores the same constant each time. LOADS (21, all lw of the word): func_800620B8 lw 0x800624DC (.s:280), 0x800626E0 (.s:414), 0x80062708 (.s:424); C 51268.c:951/:976/:978; func_8006295C lw 0x80062C84 (.s:214), 0x80062C94 (.s:218), 0x80062CB8 (.s:227); C 51268.c:1110/:1111/:1112; func_80063084 lw 0x80063384 (.s:202), 0x800633C4 (.s:218), 0x800633E8 (.s:227); C 51268.c:1290/:1293/:1294; func_80063E10 lw 0x80063F20 (.s:72), 0x80063F60 (.s:88), 0x80063F84 (.s:97); C 51268.c:1523/:1526/:1527; func_800646E8 lw 0x80064930 (.s:150), 0x80064C78 (.s:370), 0x80064CA0 (.s:380); C 51268.c:1882/:1922/:1924; func_80065800 lw 0x80065F54 (.s:505), 0x800660A8 (.s:594), 0x800660D0 (.s:604); C 51268.c:2644/:2657/:2659; func_800678A8 lw 0x80067AF8 (.s:158), 0x80067B38 (.s:174), 0x80067B5C (.s:183); C 51268.c:3188/:3191/:3192. RAW SCAN of disc/SLUS_006.63 (tmp/p3w13/r/scan.py over 0x800A34A0..0x800A34A3, rerun at aecfba184, output tmp/p3w15/a/scan.txt; every lui/addiu/load/store and gp-relative form, any width overlapping the word, plus .word values): the 1 sw and 21 lw above, no address-of (addiu/ori) form, no .word holding 0x800A34A0, and no other store. CRT0: the startup clear (asm/funcs/__SN_ENTRY_POINT.s:2-11, 0x800A3308..0x801078E0) zeroes it at startup; func_80060E38 then gives it its one value. WHY, word by word: 'g_' fits (a TU-wide .sbss global read by 7 functions). 'scratchpad' fits: the only value any store gives it is 0x1F800064, inside the PS1 scratchpad RAM 0x1F800000..0x1F8003FF (a hardware role, N3 class 1; AGENTS.md 'Conventions'). 'ptr' fits: every access is a 32-bit lw/sw of the word, and every C read listed dereferences the loaded value (*, [], ->), copies it into a pointer local, passes it as a pointer argument, or gives it to a GTE inline-asm block as the base of its lw / sw / swc2; never as an integer or an offset. Every C read dereferences it in place. SUFFIX CHECK: '64' = 0x64, and the one stored constant is 0x1F800064 (the lui/ori above). '64' fits: 0x1F800064 - 0x1F800000 = 0x64, the target's scratchpad offset. The name claims nothing about the pointee's type or role (N4). Counter-evidence looked for: a second store or an address-of form that could retarget it (the D_800A3488 / D_800A34E8 pattern that RESET g_scratchpad_ptr_50 / _a4 in wave06): none in the raw scan. HOMES of g_scratchpad_ptr_64 (git grep -n -w over the tracked tree at aecfba184): named_syms.txt:1901; none in a build file other than the registry, and a KEEP edits none. OTHER MENTIONS of D_800A34A0 outside src/include/asm: none; memory/grind scratch (24 lines). C comments naming D_800A34A0: include/game.h:1053. Cites at aecfba184.",CONFIRM,"naming-reviewer pre-apply PASS 2026-10-09 (wave15 KEEP, fresh)"
0x800A34A4,g_scratchpad_ptr_66; D_800A34A4,g_scratchpad_ptr_66,keep,"KEEP (N5: the existing name passes N1/N4; data_wave has no keep kind, so this row is not applied). static u16 *D_800A34A4; (src/main/51268.c:44), one word in 51268.o's .sbss (build/bb2.map: .sbss 0x800a3420 size 0x110, so 0x800A3420..0x800A352F). The code spells it D_800A34A4; g_scratchpad_ptr_66 is a registry alias only. REGISTRIES: named_syms.txt:1902 g_scratchpad_ptr_66 = 0x800A34A4 (tail '/* -> 0x1F800066 */'); no symbol_addrs.txt, undefined_syms_auto.txt or bb2.ld line names 0x800A34A4. TARGET: 51268.c's SPAD51268 is (Unk1F800000Rec *)0x1F800000 (51268.c:212); the member is Unk1F800000Rec.unk66 (u16, include/game.h:1054), at 0x1F800066. ACCESSES: every load or store of the word at 0x800A34A4 in disc/SLUS_006.63 (raw scan, below) is listed; all are 32-bit and gp-relative (%gp_rel). STORE (1): func_80060E38 51268.c:225 'D_800A34A4 = &SPAD51268->unk66;' [asm: lui/ori at func_80060E38.s:30/:31 build 0x1F800066 in $fp, sw $fp %gp_rel(D_800A34A4) at :102 (pc 0x80060FC8)]. func_80060E38 runs from func_80061064 (51268.c:266) and func_800620B8 (51268.c:856), and stores the same constant each time. LOADS (22, all lw of the word): func_800620B8 lw 0x800622EC (.s:148), 0x80062384 (.s:190), 0x80062730 (.s:434), 0x80062758 (.s:444); C 51268.c:911/:930/:980/:982; func_8006295C lw 0x80062C10 (.s:185), 0x80062CDC (.s:236), 0x80062D00 (.s:245); C 51268.c:1103/:1113/:1114; func_80063084 lw 0x800633B8 (.s:215), 0x8006340C (.s:236), 0x80063430 (.s:245); C 51268.c:1292/:1295/:1296; func_80063E10 lw 0x80063F54 (.s:85), 0x80063FA8 (.s:106), 0x80063FCC (.s:115); C 51268.c:1525/:1528/:1529; func_800646E8 lw 0x80064964 (.s:163), 0x80064CC8 (.s:390), 0x80064CF0 (.s:400); C 51268.c:1884/:1926/:1928; func_80065800 lw 0x80065F9C (.s:523), 0x800660F8 (.s:614), 0x80066120 (.s:624); C 51268.c:2646/:2661/:2663; func_800678A8 lw 0x80067B2C (.s:171), 0x80067B80 (.s:192), 0x80067BA4 (.s:201); C 51268.c:3190/:3193/:3194. RAW SCAN of disc/SLUS_006.63 (tmp/p3w13/r/scan.py over 0x800A34A4..0x800A34A7, rerun at aecfba184, output tmp/p3w15/a/scan.txt; every lui/addiu/load/store and gp-relative form, any width overlapping the word, plus .word values): the 1 sw and 22 lw above, no address-of (addiu/ori) form, no .word holding 0x800A34A4, and no other store. CRT0: the startup clear (asm/funcs/__SN_ENTRY_POINT.s:2-11, 0x800A3308..0x801078E0) zeroes it at startup; func_80060E38 then gives it its one value. WHY, word by word: 'g_' fits (a TU-wide .sbss global read by 7 functions). 'scratchpad' fits: the only value any store gives it is 0x1F800066, inside the PS1 scratchpad RAM 0x1F800000..0x1F8003FF (a hardware role, N3 class 1; AGENTS.md 'Conventions'). 'ptr' fits: every access is a 32-bit lw/sw of the word, and every C read listed dereferences the loaded value (*, [], ->), copies it into a pointer local, passes it as a pointer argument, or gives it to a GTE inline-asm block as the base of its lw / sw / swc2; never as an integer or an offset. Every C read dereferences it in place. SUFFIX CHECK: '66' = 0x66, and the one stored constant is 0x1F800066 (the lui/ori above). '66' fits: 0x1F800066 - 0x1F800000 = 0x66, the target's scratchpad offset. The name claims nothing about the pointee's type or role (N4). Counter-evidence looked for: a second store or an address-of form that could retarget it (the D_800A3488 / D_800A34E8 pattern that RESET g_scratchpad_ptr_50 / _a4 in wave06): none in the raw scan. HOMES of g_scratchpad_ptr_66 (git grep -n -w over the tracked tree at aecfba184): named_syms.txt:1902; none in a build file other than the registry, and a KEEP edits none. OTHER MENTIONS of D_800A34A4 outside src/include/asm: none; memory/grind scratch (24 lines). C comments naming D_800A34A4: include/game.h:1054. Cites at aecfba184.",CONFIRM,"naming-reviewer pre-apply PASS 2026-10-09 (wave15 KEEP, fresh)"
0x800A34A8,g_scratchpad_ptr_68; D_800A34A8,g_scratchpad_ptr_68,keep,"KEEP (N5: the existing name passes N1/N4; data_wave has no keep kind, so this row is not applied). static s16 *D_800A34A8; (src/main/51268.c:45), one word in 51268.o's .sbss (build/bb2.map: .sbss 0x800a3420 size 0x110, so 0x800A3420..0x800A352F). The code spells it D_800A34A8; g_scratchpad_ptr_68 is a registry alias only. REGISTRIES: named_syms.txt:1903 g_scratchpad_ptr_68 = 0x800A34A8 (tail '/* -> 0x1F800068 */'); no symbol_addrs.txt, undefined_syms_auto.txt or bb2.ld line names 0x800A34A8. TARGET: 51268.c's SPAD51268 is (Unk1F800000Rec *)0x1F800000 (51268.c:212); the member is Unk1F800000Rec.unk68 (s16, include/game.h:1055), at 0x1F800068. ACCESSES: every load or store of the word at 0x800A34A8 in disc/SLUS_006.63 (raw scan, below) is listed; all are 32-bit and gp-relative (%gp_rel). STORE (1): func_80060E38 51268.c:226 'D_800A34A8 = &SPAD51268->unk68;' [asm: lui/ori at func_80060E38.s:32/:33 build 0x1F800068 in $t9, sw $t9 %gp_rel(D_800A34A8) at :103 (pc 0x80060FCC)]. func_80060E38 runs from func_80061064 (51268.c:266) and func_800620B8 (51268.c:856), and stores the same constant each time. LOADS (25, all lw of the word): func_800620B8 lw 0x80062248 (.s:104), 0x80062260 (.s:111), 0x800622F8 (.s:152), 0x80062310 (.s:159), 0x80062558 (.s:314); C 51268.c:892/:896/:914/:918/:954; func_80063084 lw 0x80063144 (.s:50), 0x800634F8 (.s:297); C 51268.c:1247/:1302/:1303; func_800646E8 lw 0x800647B8 (.s:54), 0x80064A10 (.s:208); C 51268.c:1854/:1893/:1894; func_80065800 lw 0x80065988 (.s:102), 0x80065A94 (.s:175), 0x80065CD4 (.s:333), 0x80065CEC (.s:340), 0x80065DB0 (.s:392), 0x80065DE0 (.s:406), 0x80066014 (.s:555); C 51268.c:2503/:2530/:2585/:2589/:2605/:2615/:2650; func_800678A8 lw 0x80067908 (.s:26), 0x80067950 (.s:45), 0x80067A10 (.s:97), 0x80067A70 (.s:122); C 51268.c:3147/:3154/:3170/:3179; func_80067D14 lw 0x80068430 (.s:472), 0x80068504 (.s:530), 0x80068698 (.s:640), 0x800687C4 (.s:720), 0x8006888C (.s:775); C 51268.c:3423/:3424/:3431/:3432/:3441/:3442/:3451/:3452/:3461/:3462. RAW SCAN of disc/SLUS_006.63 (tmp/p3w13/r/scan.py over 0x800A34A8..0x800A34AB, rerun at aecfba184, output tmp/p3w15/a/scan.txt; every lui/addiu/load/store and gp-relative form, any width overlapping the word, plus .word values): the 1 sw and 25 lw above, no address-of (addiu/ori) form, no .word holding 0x800A34A8, and no other store. CRT0: the startup clear (asm/funcs/__SN_ENTRY_POINT.s:2-11, 0x800A3308..0x801078E0) zeroes it at startup; func_80060E38 then gives it its one value. WHY, word by word: 'g_' fits (a TU-wide .sbss global read by 6 functions). 'scratchpad' fits: the only value any store gives it is 0x1F800068, inside the PS1 scratchpad RAM 0x1F800000..0x1F8003FF (a hardware role, N3 class 1; AGENTS.md 'Conventions'). 'ptr' fits: every access is a 32-bit lw/sw of the word, and every C read listed dereferences the loaded value (*, [], ->), copies it into a pointer local, passes it as a pointer argument, or gives it to a GTE inline-asm block as the base of its lw / sw / swc2; never as an integer or an offset. Every C read dereferences it in place. SUFFIX CHECK: '68' = 0x68, and the one stored constant is 0x1F800068 (the lui/ori above). '68' fits: 0x1F800068 - 0x1F800000 = 0x68, the target's scratchpad offset. The name claims nothing about the pointee's type or role (N4). Counter-evidence looked for: a second store or an address-of form that could retarget it (the D_800A3488 / D_800A34E8 pattern that RESET g_scratchpad_ptr_50 / _a4 in wave06): none in the raw scan. HOMES of g_scratchpad_ptr_68 (git grep -n -w over the tracked tree at aecfba184): named_syms.txt:1903; none in a build file other than the registry, and a KEEP edits none. OTHER MENTIONS of D_800A34A8 outside src/include/asm: none; memory/grind scratch (37 lines). C comments naming D_800A34A8: include/game.h:1055. Cites at aecfba184.",CONFIRM,"naming-reviewer pre-apply PASS 2026-10-09 (wave15 KEEP, fresh)"
0x800A34AC,g_scratchpad_ptr_6a; D_800A34AC,g_scratchpad_ptr_6a,keep,"KEEP (N5: the existing name passes N1/N4; data_wave has no keep kind, so this row is not applied). static s16 *D_800A34AC; (src/main/51268.c:46), one word in 51268.o's .sbss (build/bb2.map: .sbss 0x800a3420 size 0x110, so 0x800A3420..0x800A352F). The code spells it D_800A34AC; g_scratchpad_ptr_6a is a registry alias only. REGISTRIES: named_syms.txt:1904 g_scratchpad_ptr_6a = 0x800A34AC (tail '/* -> 0x1F80006A */'); no symbol_addrs.txt, undefined_syms_auto.txt or bb2.ld line names 0x800A34AC. TARGET: 51268.c's SPAD51268 is (Unk1F800000Rec *)0x1F800000 (51268.c:212); the member is Unk1F800000Rec.unk6A (s16, include/game.h:1056), at 0x1F80006A. ACCESSES: every load or store of the word at 0x800A34AC in disc/SLUS_006.63 (raw scan, below) is listed; all are 32-bit and gp-relative (%gp_rel). STORE (1): func_80060E38 51268.c:227 'D_800A34AC = &SPAD51268->unk6A;' [asm: lui/ori at func_80060E38.s:34/:35 build 0x1F80006A in $t8, sw $t8 %gp_rel(D_800A34AC) at :104 (pc 0x80060FD0)]. func_80060E38 runs from func_80061064 (51268.c:266) and func_800620B8 (51268.c:856), and stores the same constant each time. LOADS (24, all lw of the word): func_800620B8 lw 0x80062254 (.s:107), 0x8006226C (.s:114), 0x80062304 (.s:155), 0x8006231C (.s:162), 0x8006259C (.s:332); C 51268.c:893/:897/:915/:919/:957; func_80063084 lw 0x80063150 (.s:53), 0x8006352C (.s:311); C 51268.c:1248/:1305/:1306; func_800646E8 lw 0x800647C4 (.s:57), 0x80064A40 (.s:221); C 51268.c:1855/:1896/:1897; func_80065800 lw 0x80065994 (.s:105), 0x80065CE0 (.s:336), 0x80065CF8 (.s:343), 0x80065DBC (.s:396), 0x80065DF8 (.s:412), 0x80066044 (.s:568); C 51268.c:2504/:2531/:2586/:2590/:2606/:2616/:2652; func_800678A8 lw 0x80067914 (.s:29), 0x8006795C (.s:48), 0x80067A1C (.s:100), 0x80067A7C (.s:125); C 51268.c:3148/:3155/:3171/:3180; func_80067D14 lw 0x80068464 (.s:486), 0x80068538 (.s:544), 0x800686CC (.s:654), 0x800687F8 (.s:734), 0x800688B4 (.s:785); C 51268.c:3426/:3427/:3434/:3435/:3444/:3445/:3454/:3455/:3463. RAW SCAN of disc/SLUS_006.63 (tmp/p3w13/r/scan.py over 0x800A34AC..0x800A34AF, rerun at aecfba184, output tmp/p3w15/a/scan.txt; every lui/addiu/load/store and gp-relative form, any width overlapping the word, plus .word values): the 1 sw and 24 lw above, no address-of (addiu/ori) form, no .word holding 0x800A34AC, and no other store. CRT0: the startup clear (asm/funcs/__SN_ENTRY_POINT.s:2-11, 0x800A3308..0x801078E0) zeroes it at startup; func_80060E38 then gives it its one value. WHY, word by word: 'g_' fits (a TU-wide .sbss global read by 6 functions). 'scratchpad' fits: the only value any store gives it is 0x1F80006A, inside the PS1 scratchpad RAM 0x1F800000..0x1F8003FF (a hardware role, N3 class 1; AGENTS.md 'Conventions'). 'ptr' fits: every access is a 32-bit lw/sw of the word, and every C read listed dereferences the loaded value (*, [], ->), copies it into a pointer local, passes it as a pointer argument, or gives it to a GTE inline-asm block as the base of its lw / sw / swc2; never as an integer or an offset. Every C read dereferences it in place. SUFFIX CHECK: '6a' = 0x6A, and the one stored constant is 0x1F80006A (the lui/ori above). '6a' fits: 0x1F80006A - 0x1F800000 = 0x6A, the target's scratchpad offset. The name claims nothing about the pointee's type or role (N4). Counter-evidence looked for: a second store or an address-of form that could retarget it (the D_800A3488 / D_800A34E8 pattern that RESET g_scratchpad_ptr_50 / _a4 in wave06): none in the raw scan. HOMES of g_scratchpad_ptr_6a (git grep -n -w over the tracked tree at aecfba184): named_syms.txt:1904; none in a build file other than the registry, and a KEEP edits none. OTHER MENTIONS of D_800A34AC outside src/include/asm: none; memory/grind scratch (34 lines). C comments naming D_800A34AC: include/game.h:1056. Cites at aecfba184.",CONFIRM,"naming-reviewer pre-apply PASS 2026-10-09 (wave15 KEEP, fresh)"
0x800A34B0,g_scratchpad_ptr_6c; D_800A34B0,g_scratchpad_ptr_6c,keep,"KEEP (N5: the existing name passes N1/N4; data_wave has no keep kind, so this row is not applied). static s32 *D_800A34B0; (src/main/51268.c:47), one word in 51268.o's .sbss (build/bb2.map: .sbss 0x800a3420 size 0x110, so 0x800A3420..0x800A352F). The code spells it D_800A34B0; g_scratchpad_ptr_6c is a registry alias only. REGISTRIES: named_syms.txt:1905 g_scratchpad_ptr_6c = 0x800A34B0 (tail '/* -> 0x1F80006C */'); no symbol_addrs.txt, undefined_syms_auto.txt or bb2.ld line names 0x800A34B0. TARGET: 51268.c's SPAD51268 is (Unk1F800000Rec *)0x1F800000 (51268.c:212); the member is Unk1F800000Rec.unk6C (s32, include/game.h:1057), at 0x1F80006C. ACCESSES: every load or store of the word at 0x800A34B0 in disc/SLUS_006.63 (raw scan, below) is listed; all are 32-bit and gp-relative (%gp_rel). STORE (1): func_80060E38 51268.c:228 'D_800A34B0 = &SPAD51268->unk6C;' [asm: lui/ori at func_80060E38.s:37/:38 build 0x1F80006C in $s7, sw $s7 %gp_rel(D_800A34B0) at :105 (pc 0x80060FD4)]. func_80060E38 runs from func_80061064 (51268.c:266) and func_800620B8 (51268.c:856), and stores the same constant each time. LOADS (16, all lw of the word): func_800620B8 lw 0x800621A0 (.s:60), 0x8006246C (.s:251), 0x8006250C (.s:293); C 51268.c:883/:947/:953; func_80063084 lw 0x80063138 (.s:47), 0x8006347C (.s:264); C 51268.c:1246/:1298/:1299; func_80063E10 lw 0x80063FF8 (.s:126), 0x8006433C (.s:336); C 51268.c:1531/:1718; func_800646E8 lw 0x800647AC (.s:51), 0x80064994 (.s:175); C 51268.c:1853/:1889/:1892; func_80065800 lw 0x80065FBC (.s:531), 0x80065FC8 (.s:534); C 51268.c:2647/:2648; func_800678A8 lw 0x80067CC0 (.s:273); C 51268.c:3221; func_80067D14 lw 0x800683D0 (.s:446), 0x800684A4 (.s:504), 0x80068638 (.s:614), 0x80068764 (.s:694); C 51268.c:3422/:3430/:3440/:3450. RAW SCAN of disc/SLUS_006.63 (tmp/p3w13/r/scan.py over 0x800A34B0..0x800A34B3, rerun at aecfba184, output tmp/p3w15/a/scan.txt; every lui/addiu/load/store and gp-relative form, any width overlapping the word, plus .word values): the 1 sw and 16 lw above, no address-of (addiu/ori) form, no .word holding 0x800A34B0, and no other store. CRT0: the startup clear (asm/funcs/__SN_ENTRY_POINT.s:2-11, 0x800A3308..0x801078E0) zeroes it at startup; func_80060E38 then gives it its one value. WHY, word by word: 'g_' fits (a TU-wide .sbss global read by 7 functions). 'scratchpad' fits: the only value any store gives it is 0x1F80006C, inside the PS1 scratchpad RAM 0x1F800000..0x1F8003FF (a hardware role, N3 class 1; AGENTS.md 'Conventions'). 'ptr' fits: every access is a 32-bit lw/sw of the word, and every C read listed dereferences the loaded value (*, [], ->), copies it into a pointer local, passes it as a pointer argument, or gives it to a GTE inline-asm block as the base of its lw / sw / swc2; never as an integer or an offset. The reads that do not dereference in place: 51268.c:3221 address operand of a GTE inline-asm block. SUFFIX CHECK: '6c' = 0x6C, and the one stored constant is 0x1F80006C (the lui/ori above). '6c' fits: 0x1F80006C - 0x1F800000 = 0x6C, the target's scratchpad offset. The name claims nothing about the pointee's type or role (N4). Counter-evidence looked for: a second store or an address-of form that could retarget it (the D_800A3488 / D_800A34E8 pattern that RESET g_scratchpad_ptr_50 / _a4 in wave06): none in the raw scan. HOMES of g_scratchpad_ptr_6c (git grep -n -w over the tracked tree at aecfba184): named_syms.txt:1905; none in a build file other than the registry, and a KEEP edits none. OTHER MENTIONS of D_800A34B0 outside src/include/asm: none; memory/grind scratch (19 lines). C comments naming D_800A34B0: include/game.h:1057. Cites at aecfba184.",CONFIRM,"naming-reviewer pre-apply PASS 2026-10-09 (wave15 KEEP, fresh)"
0x800A34B4,g_scratchpad_ptr_70; D_800A34B4,g_scratchpad_ptr_70,keep,"KEEP (N5: the existing name passes N1/N4; data_wave has no keep kind, so this row is not applied). static s32 *D_800A34B4; (src/main/51268.c:48), one word in 51268.o's .sbss (build/bb2.map: .sbss 0x800a3420 size 0x110, so 0x800A3420..0x800A352F). The code spells it D_800A34B4; g_scratchpad_ptr_70 is a registry alias only. REGISTRIES: named_syms.txt:1906 g_scratchpad_ptr_70 = 0x800A34B4 (tail '/* -> 0x1F800070 */'); no symbol_addrs.txt, undefined_syms_auto.txt or bb2.ld line names 0x800A34B4. TARGET: 51268.c's SPAD51268 is (Unk1F800000Rec *)0x1F800000 (51268.c:212); the member is Unk1F800000Rec.unk70 (s32, include/game.h:1058), at 0x1F800070. ACCESSES: every load or store of the word at 0x800A34B4 in disc/SLUS_006.63 (raw scan, below) is listed; all are 32-bit and gp-relative (%gp_rel). STORE (1): func_80060E38 51268.c:229 'D_800A34B4 = &SPAD51268->unk70;' [asm: lui/ori at func_80060E38.s:40/:41 build 0x1F800070 in $s6, sw $s6 %gp_rel(D_800A34B4) at :106 (pc 0x80060FD8)]. func_80060E38 runs from func_80061064 (51268.c:266) and func_800620B8 (51268.c:856), and stores the same constant each time. LOADS (24, all lw of the word): func_800620B8 lw 0x8006254C (.s:311), 0x8006255C (.s:315), 0x800625A0 (.s:333); C 51268.c:953/:954/:957; func_80063084 lw 0x800634EC (.s:294), 0x800634FC (.s:298), 0x80063530 (.s:312); C 51268.c:1299/:1302/:1303/:1305/:1306; func_800646E8 lw 0x80064A04 (.s:205), 0x80064A14 (.s:209), 0x80064A44 (.s:222); C 51268.c:1892/:1893/:1894/:1896/:1897; func_80065800 lw 0x80066008 (.s:552), 0x80066018 (.s:556), 0x80066048 (.s:569); C 51268.c:2648/:2650/:2652; func_80067D14 lw 0x80068424 (.s:469), 0x80068434 (.s:473), 0x80068468 (.s:487), 0x800684F8 (.s:527), 0x80068508 (.s:531), 0x8006853C (.s:545), 0x8006868C (.s:637), 0x8006869C (.s:641), 0x800686D0 (.s:655), 0x800687B8 (.s:717), 0x800687C8 (.s:721), 0x800687FC (.s:735); C 51268.c:3422/:3423/:3424/:3426/:3427/:3430/:3431/:3432/:3434/:3435/:3440/:3441/:3442/:3444/:3445/:3450/:3451/:3452/:3454/:3455. RAW SCAN of disc/SLUS_006.63 (tmp/p3w13/r/scan.py over 0x800A34B4..0x800A34B7, rerun at aecfba184, output tmp/p3w15/a/scan.txt; every lui/addiu/load/store and gp-relative form, any width overlapping the word, plus .word values): the 1 sw and 24 lw above, no address-of (addiu/ori) form, no .word holding 0x800A34B4, and no other store. CRT0: the startup clear (asm/funcs/__SN_ENTRY_POINT.s:2-11, 0x800A3308..0x801078E0) zeroes it at startup; func_80060E38 then gives it its one value. WHY, word by word: 'g_' fits (a TU-wide .sbss global read by 5 functions). 'scratchpad' fits: the only value any store gives it is 0x1F800070, inside the PS1 scratchpad RAM 0x1F800000..0x1F8003FF (a hardware role, N3 class 1; AGENTS.md 'Conventions'). 'ptr' fits: every access is a 32-bit lw/sw of the word, and every C read listed dereferences the loaded value (*, [], ->), copies it into a pointer local, passes it as a pointer argument, or gives it to a GTE inline-asm block as the base of its lw / sw / swc2; never as an integer or an offset. Every C read dereferences it in place. SUFFIX CHECK: '70' = 0x70, and the one stored constant is 0x1F800070 (the lui/ori above). '70' fits: 0x1F800070 - 0x1F800000 = 0x70, the target's scratchpad offset. The name claims nothing about the pointee's type or role (N4). Counter-evidence looked for: a second store or an address-of form that could retarget it (the D_800A3488 / D_800A34E8 pattern that RESET g_scratchpad_ptr_50 / _a4 in wave06): none in the raw scan. HOMES of g_scratchpad_ptr_70 (git grep -n -w over the tracked tree at aecfba184): named_syms.txt:1906; none in a build file other than the registry, and a KEEP edits none. OTHER MENTIONS of D_800A34B4 outside src/include/asm: none; memory/grind scratch (40 lines). C comments naming D_800A34B4: include/game.h:1058. Cites at aecfba184.",CONFIRM,"naming-reviewer pre-apply PASS 2026-10-09 (wave15 KEEP, fresh)"
0x800A34B8,g_scratchpad_ptr_74; D_800A34B8,g_scratchpad_ptr_74,keep,"KEEP (N5: the existing name passes N1/N4; data_wave has no keep kind, so this row is not applied). static s32 *D_800A34B8; (src/main/51268.c:49), one word in 51268.o's .sbss (build/bb2.map: .sbss 0x800a3420 size 0x110, so 0x800A3420..0x800A352F). The code spells it D_800A34B8; g_scratchpad_ptr_74 is a registry alias only. REGISTRIES: named_syms.txt:1907 g_scratchpad_ptr_74 = 0x800A34B8 (tail '/* -> 0x1F800074 */'); no symbol_addrs.txt, undefined_syms_auto.txt or bb2.ld line names 0x800A34B8. TARGET: 51268.c's SPAD51268 is (Unk1F800000Rec *)0x1F800000 (51268.c:212); the member is Unk1F800000Rec.unk74 (s32[3], include/game.h:1059), at 0x1F800074. ACCESSES: every load or store of the word at 0x800A34B8 in disc/SLUS_006.63 (raw scan, below) is listed; all are 32-bit and gp-relative (%gp_rel). STORE (1): func_80060E38 51268.c:230 'D_800A34B8 = SPAD51268->unk74;' [asm: lui/ori at func_80060E38.s:43/:44 build 0x1F800074 in $s5, sw $s5 %gp_rel(D_800A34B8) at :107 (pc 0x80060FDC)]. func_80060E38 runs from func_80061064 (51268.c:266) and func_800620B8 (51268.c:856), and stores the same constant each time. LOADS (18, all lw of the word): func_800620B8 lw 0x80062428 (.s:234), 0x8006263C (.s:373); C 51268.c:941/:967/:968/:969/:970/:971/:972/:973/:974; func_80063084 lw 0x800632D4 (.s:155), 0x800638BC (.s:555); C 51268.c:1274/:1362/:1364/:1366/:1368; func_800646E8 lw 0x800648B4 (.s:119), 0x80064B2C (.s:283); C 51268.c:1873/:1913/:1914/:1915/:1916/:1917/:1918/:1919/:1920; func_80065800 lw 0x80065934 (.s:79), 0x800661EC (.s:676), 0x80066464 (.s:840), 0x80066694 (.s:987), 0x80066824 (.s:1090), 0x80066AB4 (.s:1268), 0x80066BCC (.s:1339), 0x80066CDC (.s:1408); C 51268.c:2482/:2671/:2672/:2673/:2674/:2675/:2676/:2677/:2678/:2711/:2712/:2713/:2714/:2715/:2716/:2717/:2718/:2737/:2738/:2739/:2740/:2741/:2742/:2743/:2744/:2755/:2756/:2757/:2758/:2759/:2760/:2761/:2762/:2779/:2780/:2781/:2782/:2783/:2784/:2785/:2786/:2788/:2789/:2790/:2791/:2792/:2793/:2794/:2795/:2797/:2798/:2799/:2800/:2801/:2802/:2803/:2804; func_80067D14 lw 0x8006830C (.s:395), 0x80068310 (.s:396), 0x8006882C (.s:748), 0x800689EC (.s:869); C 51268.c:3401/:3402/:3457/:3486/:3488/:3490/:3492. RAW SCAN of disc/SLUS_006.63 (tmp/p3w13/r/scan.py over 0x800A34B8..0x800A34BB, rerun at aecfba184, output tmp/p3w15/a/scan.txt; every lui/addiu/load/store and gp-relative form, any width overlapping the word, plus .word values): the 1 sw and 18 lw above, no address-of (addiu/ori) form, no .word holding 0x800A34B8, and no other store. CRT0: the startup clear (asm/funcs/__SN_ENTRY_POINT.s:2-11, 0x800A3308..0x801078E0) zeroes it at startup; func_80060E38 then gives it its one value. WHY, word by word: 'g_' fits (a TU-wide .sbss global read by 5 functions). 'scratchpad' fits: the only value any store gives it is 0x1F800074, inside the PS1 scratchpad RAM 0x1F800000..0x1F8003FF (a hardware role, N3 class 1; AGENTS.md 'Conventions'). 'ptr' fits: every access is a 32-bit lw/sw of the word, and every C read listed dereferences the loaded value (*, [], ->), copies it into a pointer local, passes it as a pointer argument, or gives it to a GTE inline-asm block as the base of its lw / sw / swc2; never as an integer or an offset. The reads that do not dereference in place: 51268.c:941 pointer argument of RotTransPers; 51268.c:1274 pointer argument of RotTransPers; 51268.c:1873 pointer argument of RotTransPers; 51268.c:2482 address operand of a GTE inline-asm block; 51268.c:3457 copied into a pointer local (sxy). SUFFIX CHECK: '74' = 0x74, and the one stored constant is 0x1F800074 (the lui/ori above). '74' fits: 0x1F800074 - 0x1F800000 = 0x74, the target's scratchpad offset. The name claims nothing about the pointee's type or role (N4). Counter-evidence looked for: a second store or an address-of form that could retarget it (the D_800A3488 / D_800A34E8 pattern that RESET g_scratchpad_ptr_50 / _a4 in wave06): none in the raw scan. HOMES of g_scratchpad_ptr_74 (git grep -n -w over the tracked tree at aecfba184): named_syms.txt:1907; none in a build file other than the registry, and a KEEP edits none. OTHER MENTIONS of D_800A34B8 outside src/include/asm: none; memory/grind scratch (94 lines). C comments naming D_800A34B8: include/game.h:1059. Cites at aecfba184.",CONFIRM,"naming-reviewer pre-apply PASS 2026-10-09 (wave15 KEEP, fresh)"
0x800A34BC,g_scratchpad_ptr_80; D_800A34BC,g_scratchpad_ptr_80,keep,"KEEP (N5: the existing name passes N1/N4; data_wave has no keep kind, so this row is not applied). static s16 *D_800A34BC; (src/main/51268.c:50), one word in 51268.o's .sbss (build/bb2.map: .sbss 0x800a3420 size 0x110, so 0x800A3420..0x800A352F). The code spells it D_800A34BC; g_scratchpad_ptr_80 is a registry alias only. REGISTRIES: named_syms.txt:1908 g_scratchpad_ptr_80 = 0x800A34BC (tail '/* -> 0x1F800080 */'); no symbol_addrs.txt, undefined_syms_auto.txt or bb2.ld line names 0x800A34BC. TARGET: 51268.c's SPAD51268 is (Unk1F800000Rec *)0x1F800000 (51268.c:212); the member is Unk1F800000Rec.unk80 (s16, include/game.h:1060), at 0x1F800080. ACCESSES: every load or store of the word at 0x800A34BC in disc/SLUS_006.63 (raw scan, below) is listed; all are 32-bit and gp-relative (%gp_rel). STORE (1): func_80060E38 51268.c:231 'D_800A34BC = &SPAD51268->unk80;' [asm: lui/ori at func_80060E38.s:46/:47 build 0x1F800080 in $s4, sw $s4 %gp_rel(D_800A34BC) at :108 (pc 0x80060FE0)]. func_80060E38 runs from func_80061064 (51268.c:266) and func_800620B8 (51268.c:856), and stores the same constant each time. LOADS (4, all lw of the word): func_80063084 lw 0x8006386C (.s:534), 0x800638B8 (.s:554); C 51268.c:1358/:1362/:1366; func_80067D14 lw 0x800688DC (.s:796), 0x800689F0 (.s:870); C 51268.c:3465/:3486/:3490. RAW SCAN of disc/SLUS_006.63 (tmp/p3w13/r/scan.py over 0x800A34BC..0x800A34BF, rerun at aecfba184, output tmp/p3w15/a/scan.txt; every lui/addiu/load/store and gp-relative form, any width overlapping the word, plus .word values): the 1 sw and 4 lw above, no address-of (addiu/ori) form, no .word holding 0x800A34BC, and no other store. CRT0: the startup clear (asm/funcs/__SN_ENTRY_POINT.s:2-11, 0x800A3308..0x801078E0) zeroes it at startup; func_80060E38 then gives it its one value. WHY, word by word: 'g_' fits (a TU-wide .sbss global read by 2 functions). 'scratchpad' fits: the only value any store gives it is 0x1F800080, inside the PS1 scratchpad RAM 0x1F800000..0x1F8003FF (a hardware role, N3 class 1; AGENTS.md 'Conventions'). 'ptr' fits: every access is a 32-bit lw/sw of the word, and every C read listed dereferences the loaded value (*, [], ->), copies it into a pointer local, passes it as a pointer argument, or gives it to a GTE inline-asm block as the base of its lw / sw / swc2; never as an integer or an offset. Every C read dereferences it in place. SUFFIX CHECK: '80' = 0x80, and the one stored constant is 0x1F800080 (the lui/ori above). '80' fits: 0x1F800080 - 0x1F800000 = 0x80, the target's scratchpad offset. The name claims nothing about the pointee's type or role (N4). Counter-evidence looked for: a second store or an address-of form that could retarget it (the D_800A3488 / D_800A34E8 pattern that RESET g_scratchpad_ptr_50 / _a4 in wave06): none in the raw scan. HOMES of g_scratchpad_ptr_80 (git grep -n -w over the tracked tree at aecfba184): named_syms.txt:1908; none in a build file other than the registry, and a KEEP edits none. OTHER MENTIONS of D_800A34BC outside src/include/asm: none; memory/grind scratch (10 lines). C comments naming D_800A34BC: include/game.h:1060. Cites at aecfba184.",CONFIRM,"naming-reviewer pre-apply PASS 2026-10-09 (wave15 KEEP, fresh)"
0x800A34C0,g_scratchpad_ptr_82; D_800A34C0,g_scratchpad_ptr_82,keep,"KEEP (N5: the existing name passes N1/N4; data_wave has no keep kind, so this row is not applied). static s16 *D_800A34C0; (src/main/51268.c:51), one word in 51268.o's .sbss (build/bb2.map: .sbss 0x800a3420 size 0x110, so 0x800A3420..0x800A352F). The code spells it D_800A34C0; g_scratchpad_ptr_82 is a registry alias only. REGISTRIES: named_syms.txt:1909 g_scratchpad_ptr_82 = 0x800A34C0 (tail '/* -> 0x1F800082 */'); no symbol_addrs.txt, undefined_syms_auto.txt or bb2.ld line names 0x800A34C0. TARGET: 51268.c's SPAD51268 is (Unk1F800000Rec *)0x1F800000 (51268.c:212); the member is Unk1F800000Rec.unk82 (s16, include/game.h:1061), at 0x1F800082. ACCESSES: every load or store of the word at 0x800A34C0 in disc/SLUS_006.63 (raw scan, below) is listed; all are 32-bit and gp-relative (%gp_rel). STORE (1): func_80060E38 51268.c:232 'D_800A34C0 = &SPAD51268->unk82;' [asm: lui/ori at func_80060E38.s:49/:50 build 0x1F800082 in $s3, sw $s3 %gp_rel(D_800A34C0) at :109 (pc 0x80060FE4)]. func_80060E38 runs from func_80061064 (51268.c:266) and func_800620B8 (51268.c:856), and stores the same constant each time. LOADS (16, all lw of the word): func_80063084 lw 0x80063510 (.s:303), 0x8006359C (.s:340), 0x800635F0 (.s:363), 0x8006374C (.s:460), 0x80063844 (.s:524), 0x80063860 (.s:531), 0x800638E0 (.s:564); C 51268.c:1302/:1310/:1311/:1316/:1317/:1341/:1357/:1358/:1364/:1368; func_80067D14 lw 0x80068448 (.s:478), 0x8006851C (.s:536), 0x80068570 (.s:559), 0x800686B0 (.s:646), 0x80068700 (.s:668), 0x800687DC (.s:726), 0x80068890 (.s:776), 0x800688D0 (.s:793), 0x80068A64 (.s:899); C 51268.c:3423/:3431/:3437/:3441/:3447/:3451/:3461/:3462/:3465/:3488/:3492. RAW SCAN of disc/SLUS_006.63 (tmp/p3w13/r/scan.py over 0x800A34C0..0x800A34C3, rerun at aecfba184, output tmp/p3w15/a/scan.txt; every lui/addiu/load/store and gp-relative form, any width overlapping the word, plus .word values): the 1 sw and 16 lw above, no address-of (addiu/ori) form, no .word holding 0x800A34C0, and no other store. CRT0: the startup clear (asm/funcs/__SN_ENTRY_POINT.s:2-11, 0x800A3308..0x801078E0) zeroes it at startup; func_80060E38 then gives it its one value. WHY, word by word: 'g_' fits (a TU-wide .sbss global read by 2 functions). 'scratchpad' fits: the only value any store gives it is 0x1F800082, inside the PS1 scratchpad RAM 0x1F800000..0x1F8003FF (a hardware role, N3 class 1; AGENTS.md 'Conventions'). 'ptr' fits: every access is a 32-bit lw/sw of the word, and every C read listed dereferences the loaded value (*, [], ->), copies it into a pointer local, passes it as a pointer argument, or gives it to a GTE inline-asm block as the base of its lw / sw / swc2; never as an integer or an offset. Every C read dereferences it in place. SUFFIX CHECK: '82' = 0x82, and the one stored constant is 0x1F800082 (the lui/ori above). '82' fits: 0x1F800082 - 0x1F800000 = 0x82, the target's scratchpad offset. The name claims nothing about the pointee's type or role (N4). Counter-evidence looked for: a second store or an address-of form that could retarget it (the D_800A3488 / D_800A34E8 pattern that RESET g_scratchpad_ptr_50 / _a4 in wave06): none in the raw scan. HOMES of g_scratchpad_ptr_82 (git grep -n -w over the tracked tree at aecfba184): named_syms.txt:1909; none in a build file other than the registry, and a KEEP edits none. OTHER MENTIONS of D_800A34C0 outside src/include/asm: none; memory/grind scratch (27 lines). C comments naming D_800A34C0: include/game.h:1061. Cites at aecfba184.",CONFIRM,"naming-reviewer pre-apply PASS 2026-10-09 (wave15 KEEP, fresh)"
0x800A34C4,g_scratchpad_ptr_84; D_800A34C4,g_scratchpad_ptr_84,keep,"KEEP (N5: the existing name passes N1/N4; data_wave has no keep kind, so this row is not applied). static s32 *D_800A34C4; (src/main/51268.c:52), one word in 51268.o's .sbss (build/bb2.map: .sbss 0x800a3420 size 0x110, so 0x800A3420..0x800A352F). The code spells it D_800A34C4; g_scratchpad_ptr_84 is a registry alias only. REGISTRIES: named_syms.txt:1910 g_scratchpad_ptr_84 = 0x800A34C4 (tail '/* -> 0x1F800084 */'); no symbol_addrs.txt, undefined_syms_auto.txt or bb2.ld line names 0x800A34C4. TARGET: 51268.c's SPAD51268 is (Unk1F800000Rec *)0x1F800000 (51268.c:212); the member is Unk1F800000Rec.unk84 (s32, include/game.h:1062), at 0x1F800084. ACCESSES: every load or store of the word at 0x800A34C4 in disc/SLUS_006.63 (raw scan, below) is listed; all are 32-bit and gp-relative (%gp_rel). STORE (1): func_80060E38 51268.c:233 'D_800A34C4 = &SPAD51268->unk84;' [asm: lui/ori at func_80060E38.s:52/:53 build 0x1F800084 in $s2, sw $s2 %gp_rel(D_800A34C4) at :110 (pc 0x80060FE8)]. func_80060E38 runs from func_80061064 (51268.c:266) and func_800620B8 (51268.c:856), and stores the same constant each time. LOADS (5, all lw of the word): func_80063084 lw 0x80063894 (.s:544), 0x800638C0 (.s:556); C 51268.c:1359/:1362/:1364; func_80067D14 lw 0x800688F4 (.s:802), 0x80068918 (.s:811), 0x80068A48 (.s:892); C 51268.c:3466/:3468/:3486/:3488. RAW SCAN of disc/SLUS_006.63 (tmp/p3w13/r/scan.py over 0x800A34C4..0x800A34C7, rerun at aecfba184, output tmp/p3w15/a/scan.txt; every lui/addiu/load/store and gp-relative form, any width overlapping the word, plus .word values): the 1 sw and 5 lw above, no address-of (addiu/ori) form, no .word holding 0x800A34C4, and no other store. CRT0: the startup clear (asm/funcs/__SN_ENTRY_POINT.s:2-11, 0x800A3308..0x801078E0) zeroes it at startup; func_80060E38 then gives it its one value. WHY, word by word: 'g_' fits (a TU-wide .sbss global read by 2 functions). 'scratchpad' fits: the only value any store gives it is 0x1F800084, inside the PS1 scratchpad RAM 0x1F800000..0x1F8003FF (a hardware role, N3 class 1; AGENTS.md 'Conventions'). 'ptr' fits: every access is a 32-bit lw/sw of the word, and every C read listed dereferences the loaded value (*, [], ->), copies it into a pointer local, passes it as a pointer argument, or gives it to a GTE inline-asm block as the base of its lw / sw / swc2; never as an integer or an offset. Every C read dereferences it in place. SUFFIX CHECK: '84' = 0x84, and the one stored constant is 0x1F800084 (the lui/ori above). '84' fits: 0x1F800084 - 0x1F800000 = 0x84, the target's scratchpad offset. The name claims nothing about the pointee's type or role (N4). Counter-evidence looked for: a second store or an address-of form that could retarget it (the D_800A3488 / D_800A34E8 pattern that RESET g_scratchpad_ptr_50 / _a4 in wave06): none in the raw scan. HOMES of g_scratchpad_ptr_84 (git grep -n -w over the tracked tree at aecfba184): named_syms.txt:1910; none in a build file other than the registry, and a KEEP edits none. OTHER MENTIONS of D_800A34C4 outside src/include/asm: none; memory/grind scratch (11 lines). C comments naming D_800A34C4: include/game.h:1062. Cites at aecfba184.",CONFIRM,"naming-reviewer pre-apply PASS 2026-10-09 (wave15 KEEP, fresh)"
0x800A34C8,g_scratchpad_ptr_88; D_800A34C8,g_scratchpad_ptr_88,keep,"KEEP (N5: the existing name passes N1/N4; data_wave has no keep kind, so this row is not applied). static s32 *D_800A34C8; (src/main/51268.c:53), one word in 51268.o's .sbss (build/bb2.map: .sbss 0x800a3420 size 0x110, so 0x800A3420..0x800A352F). The code spells it D_800A34C8; g_scratchpad_ptr_88 is a registry alias only. REGISTRIES: named_syms.txt:1911 g_scratchpad_ptr_88 = 0x800A34C8 (tail '/* -> 0x1F800088 */'); no symbol_addrs.txt, undefined_syms_auto.txt or bb2.ld line names 0x800A34C8. TARGET: 51268.c's SPAD51268 is (Unk1F800000Rec *)0x1F800000 (51268.c:212); the member is Unk1F800000Rec.unk88 (s32, include/game.h:1063), at 0x1F800088. ACCESSES: every load or store of the word at 0x800A34C8 in disc/SLUS_006.63 (raw scan, below) is listed; all are 32-bit and gp-relative (%gp_rel). STORE (1): func_80060E38 51268.c:234 'D_800A34C8 = &SPAD51268->unk88;' [asm: lui/ori at func_80060E38.s:55/:56 build 0x1F800088 in $s1, sw $s1 %gp_rel(D_800A34C8) at :111 (pc 0x80060FEC)]. func_80060E38 runs from func_80061064 (51268.c:266) and func_800620B8 (51268.c:856), and stores the same constant each time. LOADS (16, all lw of the word): func_80063084 lw 0x80063544 (.s:317), 0x800636A4 (.s:413), 0x80063784 (.s:474), 0x80063878 (.s:537), 0x800638AC (.s:551), 0x80063904 (.s:573); C 51268.c:1305/:1323/:1324/:1328/:1329/:1342/:1359/:1360/:1366/:1368; func_80067D14 lw 0x8006847C (.s:492), 0x80068550 (.s:550), 0x800685D0 (.s:585), 0x800686E4 (.s:660), 0x8006872C (.s:679), 0x80068810 (.s:740), 0x800688C0 (.s:788), 0x800688E8 (.s:799), 0x80068900 (.s:805), 0x80068AA4 (.s:915); C 51268.c:3426/:3434/:3438/:3444/:3448/:3454/:3463/:3466/:3467/:3490/:3492. RAW SCAN of disc/SLUS_006.63 (tmp/p3w13/r/scan.py over 0x800A34C8..0x800A34CB, rerun at aecfba184, output tmp/p3w15/a/scan.txt; every lui/addiu/load/store and gp-relative form, any width overlapping the word, plus .word values): the 1 sw and 16 lw above, no address-of (addiu/ori) form, no .word holding 0x800A34C8, and no other store. CRT0: the startup clear (asm/funcs/__SN_ENTRY_POINT.s:2-11, 0x800A3308..0x801078E0) zeroes it at startup; func_80060E38 then gives it its one value. WHY, word by word: 'g_' fits (a TU-wide .sbss global read by 2 functions). 'scratchpad' fits: the only value any store gives it is 0x1F800088, inside the PS1 scratchpad RAM 0x1F800000..0x1F8003FF (a hardware role, N3 class 1; AGENTS.md 'Conventions'). 'ptr' fits: every access is a 32-bit lw/sw of the word, and every C read listed dereferences the loaded value (*, [], ->), copies it into a pointer local, passes it as a pointer argument, or gives it to a GTE inline-asm block as the base of its lw / sw / swc2; never as an integer or an offset. Every C read dereferences it in place. SUFFIX CHECK: '88' = 0x88, and the one stored constant is 0x1F800088 (the lui/ori above). '88' fits: 0x1F800088 - 0x1F800000 = 0x88, the target's scratchpad offset. The name claims nothing about the pointee's type or role (N4). Counter-evidence looked for: a second store or an address-of form that could retarget it (the D_800A3488 / D_800A34E8 pattern that RESET g_scratchpad_ptr_50 / _a4 in wave06): none in the raw scan. HOMES of g_scratchpad_ptr_88 (git grep -n -w over the tracked tree at aecfba184): named_syms.txt:1911; none in a build file other than the registry, and a KEEP edits none. OTHER MENTIONS of D_800A34C8 outside src/include/asm: none; memory/grind scratch (26 lines). C comments naming D_800A34C8: include/game.h:1063. Cites at aecfba184.",CONFIRM,"naming-reviewer pre-apply PASS 2026-10-09 (wave15 KEEP, fresh)"
0x800A34CC,g_scratchpad_ptr_8c; D_800A34CC,g_scratchpad_ptr_8c,keep,"KEEP (N5: the existing name passes N1/N4; data_wave has no keep kind, so this row is not applied). static s32 *D_800A34CC; (src/main/51268.c:54), one word in 51268.o's .sbss (build/bb2.map: .sbss 0x800a3420 size 0x110, so 0x800A3420..0x800A352F). The code spells it D_800A34CC; g_scratchpad_ptr_8c is a registry alias only. REGISTRIES: named_syms.txt:1912 g_scratchpad_ptr_8c = 0x800A34CC (tail '/* -> 0x1F80008C */'); no symbol_addrs.txt, undefined_syms_auto.txt or bb2.ld line names 0x800A34CC. TARGET: 51268.c's SPAD51268 is (Unk1F800000Rec *)0x1F800000 (51268.c:212); the member is Unk1F800000Rec.unk8C (s32, include/game.h:1064), at 0x1F80008C. ACCESSES: every load or store of the word at 0x800A34CC in disc/SLUS_006.63 (raw scan, below) is listed; all are 32-bit and gp-relative (%gp_rel). STORE (1): func_80060E38 51268.c:235 'D_800A34CC = &SPAD51268->unk8C;' [asm: lui/ori at func_80060E38.s:58/:59 build 0x1F80008C in $s0, sw $s0 %gp_rel(D_800A34CC) at :112 (pc 0x80060FF0)]. func_80060E38 runs from func_80061064 (51268.c:266) and func_800620B8 (51268.c:856), and stores the same constant each time. LOADS (7, all lw of the word): func_800620B8 lw 0x8006242C (.s:235); C 51268.c:941; func_8006295C lw 0x80062DDC (.s:300); C 51268.c:1126; func_80063084 lw 0x800632D8 (.s:156); C 51268.c:1274; func_800646E8 lw 0x800648B8 (.s:120); C 51268.c:1873; func_80065800 lw 0x80065944 (.s:83); C 51268.c:2492; func_80067D14 lw 0x80068388 (.s:428), 0x800683B0 (.s:438); C 51268.c:3416/:3417. RAW SCAN of disc/SLUS_006.63 (tmp/p3w13/r/scan.py over 0x800A34CC..0x800A34CF, rerun at aecfba184, output tmp/p3w15/a/scan.txt; every lui/addiu/load/store and gp-relative form, any width overlapping the word, plus .word values): the 1 sw and 7 lw above, no address-of (addiu/ori) form, no .word holding 0x800A34CC, and no other store. CRT0: the startup clear (asm/funcs/__SN_ENTRY_POINT.s:2-11, 0x800A3308..0x801078E0) zeroes it at startup; func_80060E38 then gives it its one value. WHY, word by word: 'g_' fits (a TU-wide .sbss global read by 6 functions). 'scratchpad' fits: the only value any store gives it is 0x1F80008C, inside the PS1 scratchpad RAM 0x1F800000..0x1F8003FF (a hardware role, N3 class 1; AGENTS.md 'Conventions'). 'ptr' fits: every access is a 32-bit lw/sw of the word, and every C read listed dereferences the loaded value (*, [], ->), copies it into a pointer local, passes it as a pointer argument, or gives it to a GTE inline-asm block as the base of its lw / sw / swc2; never as an integer or an offset. The reads that do not dereference in place: 51268.c:941 pointer argument of RotTransPers; 51268.c:1126 pointer argument of RotTransPers4; 51268.c:1274 pointer argument of RotTransPers; 51268.c:1873 pointer argument of RotTransPers; 51268.c:2492 address operand of a GTE inline-asm block. SUFFIX CHECK: '8c' = 0x8C, and the one stored constant is 0x1F80008C (the lui/ori above). '8c' fits: 0x1F80008C - 0x1F800000 = 0x8C, the target's scratchpad offset. The name claims nothing about the pointee's type or role (N4). Counter-evidence looked for: a second store or an address-of form that could retarget it (the D_800A3488 / D_800A34E8 pattern that RESET g_scratchpad_ptr_50 / _a4 in wave06): none in the raw scan. HOMES of g_scratchpad_ptr_8c (git grep -n -w over the tracked tree at aecfba184): named_syms.txt:1912; none in a build file other than the registry, and a KEEP edits none. OTHER MENTIONS of D_800A34CC outside src/include/asm: none; memory/grind scratch (7 lines). C comments naming D_800A34CC: include/game.h:1064. Cites at aecfba184.",CONFIRM,"naming-reviewer pre-apply PASS 2026-10-09 (wave15 KEEP, fresh)"
0x800A34D0,g_scratchpad_ptr_90; D_800A34D0,g_scratchpad_ptr_90,keep,"KEEP (N5: the existing name passes N1/N4; data_wave has no keep kind, so this row is not applied). static s32 *D_800A34D0; (src/main/51268.c:55), one word in 51268.o's .sbss (build/bb2.map: .sbss 0x800a3420 size 0x110, so 0x800A3420..0x800A352F). The code spells it D_800A34D0; g_scratchpad_ptr_90 is a registry alias only. REGISTRIES: named_syms.txt:1913 g_scratchpad_ptr_90 = 0x800A34D0 (tail '/* -> 0x1F800090 */'); no symbol_addrs.txt, undefined_syms_auto.txt or bb2.ld line names 0x800A34D0. TARGET: 51268.c's SPAD51268 is (Unk1F800000Rec *)0x1F800000 (51268.c:212); the member is Unk1F800000Rec.unk90 (s32[2], include/game.h:1065), at 0x1F800090. ACCESSES: every load or store of the word at 0x800A34D0 in disc/SLUS_006.63 (raw scan, below) is listed; all are 32-bit and gp-relative (%gp_rel). STORE (1): func_80060E38 51268.c:236 'D_800A34D0 = SPAD51268->unk90;' [asm: lui/ori at func_80060E38.s:60/:61 build 0x1F800090 in $t7, sw $t7 %gp_rel(D_800A34D0) at :113 (pc 0x80060FF4)]. func_80060E38 runs from func_80061064 (51268.c:266) and func_800620B8 (51268.c:856), and stores the same constant each time. LOADS (30, all lw of the word): func_800620B8 lw 0x8006243C (.s:239), 0x80062448 (.s:242), 0x800624EC (.s:284), 0x80062510 (.s:294); C 51268.c:945/:946/:952/:953; func_8006295C lw 0x80062DFC (.s:308), 0x80062E08 (.s:311), 0x80062E1C (.s:316), 0x80062E28 (.s:319), 0x80062E44 (.s:327); C 51268.c:1130/:1131/:1132/:1133/:1135/:1136; func_80063084 lw 0x800632E8 (.s:160), 0x80063454 (.s:254), 0x800634B0 (.s:277); C 51268.c:1278/:1297/:1299; func_80063E10 lw 0x800642E8 (.s:315), 0x800642F4 (.s:318), 0x80064314 (.s:326), 0x80064320 (.s:329), 0x80064374 (.s:350); C 51268.c:1710/:1711/:1714/:1715/:1718/:1721; func_800646E8 lw 0x800648C8 (.s:124), 0x80064970 (.s:166), 0x800649C8 (.s:188); C 51268.c:1877/:1885/:1892; func_80065800 lw 0x80065954 (.s:87), 0x80065968 (.s:92), 0x800659E4 (.s:126), 0x80065FCC (.s:535); C 51268.c:2499/:2500/:2511/:2648; func_80067D14 lw 0x80068328 (.s:402), 0x80068334 (.s:405), 0x80068360 (.s:417), 0x8006836C (.s:420), 0x80068394 (.s:431), 0x80068A20 (.s:882); C 51268.c:3406/:3408/:3411/:3412/:3413/:3414/:3417/:3422/:3430/:3440/:3450/:3484. RAW SCAN of disc/SLUS_006.63 (tmp/p3w13/r/scan.py over 0x800A34D0..0x800A34D3, rerun at aecfba184, output tmp/p3w15/a/scan.txt; every lui/addiu/load/store and gp-relative form, any width overlapping the word, plus .word values): the 1 sw and 30 lw above, no address-of (addiu/ori) form, no .word holding 0x800A34D0, and no other store. CRT0: the startup clear (asm/funcs/__SN_ENTRY_POINT.s:2-11, 0x800A3308..0x801078E0) zeroes it at startup; func_80060E38 then gives it its one value. WHY, word by word: 'g_' fits (a TU-wide .sbss global read by 7 functions). 'scratchpad' fits: the only value any store gives it is 0x1F800090, inside the PS1 scratchpad RAM 0x1F800000..0x1F8003FF (a hardware role, N3 class 1; AGENTS.md 'Conventions'). 'ptr' fits: every access is a 32-bit lw/sw of the word, and every C read listed dereferences the loaded value (*, [], ->), copies it into a pointer local, passes it as a pointer argument, or gives it to a GTE inline-asm block as the base of its lw / sw / swc2; never as an integer or an offset. The reads that do not dereference in place: 51268.c:945 address operand of a GTE inline-asm block; 51268.c:1130 address operand of a GTE inline-asm block; 51268.c:1278 address operand of a GTE inline-asm block; 51268.c:1710 address operand of a GTE inline-asm block; 51268.c:1877 address operand of a GTE inline-asm block; 51268.c:2499 address operand of a GTE inline-asm block; 51268.c:3406 address operand of a GTE inline-asm block. SUFFIX CHECK: '90' = 0x90, and the one stored constant is 0x1F800090 (the lui/ori above). '90' fits: 0x1F800090 - 0x1F800000 = 0x90, the target's scratchpad offset. The name claims nothing about the pointee's type or role (N4). Counter-evidence looked for: a second store or an address-of form that could retarget it (the D_800A3488 / D_800A34E8 pattern that RESET g_scratchpad_ptr_50 / _a4 in wave06): none in the raw scan. HOMES of g_scratchpad_ptr_90 (git grep -n -w over the tracked tree at aecfba184): named_syms.txt:1913; none in a build file other than the registry, and a KEEP edits none. OTHER MENTIONS of D_800A34D0 outside src/include/asm: inline_asm_canonical.txt:395, inline_asm_canonical.txt:398, inline_asm_canonical.txt:402; memory/grind scratch (42 lines). C comments naming D_800A34D0: include/game.h:1065. Cites at aecfba184.",CONFIRM,"naming-reviewer pre-apply PASS 2026-10-09 (wave15 KEEP, fresh)"
0x800A34D4,g_scratchpad_ptr_98; D_800A34D4,g_scratchpad_ptr_98,keep,"KEEP (N5: the existing name passes N1/N4; data_wave has no keep kind, so this row is not applied). static u16 *D_800A34D4; (src/main/51268.c:56), one word in 51268.o's .sbss (build/bb2.map: .sbss 0x800a3420 size 0x110, so 0x800A3420..0x800A352F). The code spells it D_800A34D4; g_scratchpad_ptr_98 is a registry alias only. REGISTRIES: named_syms.txt:1914 g_scratchpad_ptr_98 = 0x800A34D4 (tail '/* -> 0x1F800098 */'); no symbol_addrs.txt, undefined_syms_auto.txt or bb2.ld line names 0x800A34D4. TARGET: 51268.c's SPAD51268 is (Unk1F800000Rec *)0x1F800000 (51268.c:212); the member is Unk1F800000Rec.unk98 (u16, include/game.h:1066), at 0x1F800098. ACCESSES: every load or store of the word at 0x800A34D4 in disc/SLUS_006.63 (raw scan, below) is listed; all are 32-bit and gp-relative (%gp_rel). STORE (1): func_80060E38 51268.c:237 'D_800A34D4 = &SPAD51268->unk98;' [asm: lui/ori at func_80060E38.s:62/:63 build 0x1F800098 in $t6, sw $t6 %gp_rel(D_800A34D4) at :114 (pc 0x80060FF8)]. func_80060E38 runs from func_80061064 (51268.c:266) and func_800620B8 (51268.c:856), and stores the same constant each time. LOADS (8, all lw of the word): func_8006295C lw 0x80062CA4 (.s:222), 0x80062D34 (.s:258); C 51268.c:1111/:1117; func_80063084 lw 0x800633D4 (.s:222), 0x8006393C (.s:587); C 51268.c:1293/:1369; func_80063E10 lw 0x80063F70 (.s:92), 0x8006405C (.s:152); C 51268.c:1526/:1542; func_800678A8 lw 0x80067B48 (.s:178); C 51268.c:3191; func_80067D14 lw 0x80068AE8 (.s:932); C 51268.c:3493. RAW SCAN of disc/SLUS_006.63 (tmp/p3w13/r/scan.py over 0x800A34D4..0x800A34D7, rerun at aecfba184, output tmp/p3w15/a/scan.txt; every lui/addiu/load/store and gp-relative form, any width overlapping the word, plus .word values): the 1 sw and 8 lw above, no address-of (addiu/ori) form, no .word holding 0x800A34D4, and no other store. CRT0: the startup clear (asm/funcs/__SN_ENTRY_POINT.s:2-11, 0x800A3308..0x801078E0) zeroes it at startup; func_80060E38 then gives it its one value. WHY, word by word: 'g_' fits (a TU-wide .sbss global read by 5 functions). 'scratchpad' fits: the only value any store gives it is 0x1F800098, inside the PS1 scratchpad RAM 0x1F800000..0x1F8003FF (a hardware role, N3 class 1; AGENTS.md 'Conventions'). 'ptr' fits: every access is a 32-bit lw/sw of the word, and every C read listed dereferences the loaded value (*, [], ->), copies it into a pointer local, passes it as a pointer argument, or gives it to a GTE inline-asm block as the base of its lw / sw / swc2; never as an integer or an offset. Every C read dereferences it in place. SUFFIX CHECK: '98' = 0x98, and the one stored constant is 0x1F800098 (the lui/ori above). '98' fits: 0x1F800098 - 0x1F800000 = 0x98, the target's scratchpad offset. The name claims nothing about the pointee's type or role (N4). Counter-evidence looked for: a second store or an address-of form that could retarget it (the D_800A3488 / D_800A34E8 pattern that RESET g_scratchpad_ptr_50 / _a4 in wave06): none in the raw scan. HOMES of g_scratchpad_ptr_98 (git grep -n -w over the tracked tree at aecfba184): named_syms.txt:1914; none in a build file other than the registry, and a KEEP edits none. OTHER MENTIONS of D_800A34D4 outside src/include/asm: none; memory/grind scratch (13 lines). C comments naming D_800A34D4: include/game.h:1066. Cites at aecfba184.",CONFIRM,"naming-reviewer pre-apply PASS 2026-10-09 (wave15 KEEP, fresh)"
0x800A34D8,g_scratchpad_ptr_9a; D_800A34D8,g_scratchpad_ptr_9a,keep,"KEEP (N5: the existing name passes N1/N4; data_wave has no keep kind, so this row is not applied). static u16 *D_800A34D8; (src/main/51268.c:57), one word in 51268.o's .sbss (build/bb2.map: .sbss 0x800a3420 size 0x110, so 0x800A3420..0x800A352F). The code spells it D_800A34D8; g_scratchpad_ptr_9a is a registry alias only. REGISTRIES: named_syms.txt:1915 g_scratchpad_ptr_9a = 0x800A34D8 (tail '/* -> 0x1F80009A */'); no symbol_addrs.txt, undefined_syms_auto.txt or bb2.ld line names 0x800A34D8. TARGET: 51268.c's SPAD51268 is (Unk1F800000Rec *)0x1F800000 (51268.c:212); the member is Unk1F800000Rec.unk9A (u16, include/game.h:1067), at 0x1F80009A. ACCESSES: every load or store of the word at 0x800A34D8 in disc/SLUS_006.63 (raw scan, below) is listed; all are 32-bit and gp-relative (%gp_rel). STORE (1): func_80060E38 51268.c:238 'D_800A34D8 = &SPAD51268->unk9A;' [asm: lui/ori at func_80060E38.s:64/:65 build 0x1F80009A in $t5, sw $t5 %gp_rel(D_800A34D8) at :115 (pc 0x80060FFC)]. func_80060E38 runs from func_80061064 (51268.c:266) and func_800620B8 (51268.c:856), and stores the same constant each time. LOADS (8, all lw of the word): func_8006295C lw 0x80062CC8 (.s:231), 0x80062D50 (.s:265); C 51268.c:1112/:1118; func_80063084 lw 0x800633F8 (.s:231), 0x80063958 (.s:594); C 51268.c:1294/:1370; func_80063E10 lw 0x80063F94 (.s:101), 0x80064078 (.s:159); C 51268.c:1527/:1543; func_800678A8 lw 0x80067B6C (.s:187); C 51268.c:3192; func_80067D14 lw 0x80068B04 (.s:939); C 51268.c:3494. RAW SCAN of disc/SLUS_006.63 (tmp/p3w13/r/scan.py over 0x800A34D8..0x800A34DB, rerun at aecfba184, output tmp/p3w15/a/scan.txt; every lui/addiu/load/store and gp-relative form, any width overlapping the word, plus .word values): the 1 sw and 8 lw above, no address-of (addiu/ori) form, no .word holding 0x800A34D8, and no other store. CRT0: the startup clear (asm/funcs/__SN_ENTRY_POINT.s:2-11, 0x800A3308..0x801078E0) zeroes it at startup; func_80060E38 then gives it its one value. WHY, word by word: 'g_' fits (a TU-wide .sbss global read by 5 functions). 'scratchpad' fits: the only value any store gives it is 0x1F80009A, inside the PS1 scratchpad RAM 0x1F800000..0x1F8003FF (a hardware role, N3 class 1; AGENTS.md 'Conventions'). 'ptr' fits: every access is a 32-bit lw/sw of the word, and every C read listed dereferences the loaded value (*, [], ->), copies it into a pointer local, passes it as a pointer argument, or gives it to a GTE inline-asm block as the base of its lw / sw / swc2; never as an integer or an offset. Every C read dereferences it in place. SUFFIX CHECK: '9a' = 0x9A, and the one stored constant is 0x1F80009A (the lui/ori above). '9a' fits: 0x1F80009A - 0x1F800000 = 0x9A, the target's scratchpad offset. The name claims nothing about the pointee's type or role (N4). Counter-evidence looked for: a second store or an address-of form that could retarget it (the D_800A3488 / D_800A34E8 pattern that RESET g_scratchpad_ptr_50 / _a4 in wave06): none in the raw scan. HOMES of g_scratchpad_ptr_9a (git grep -n -w over the tracked tree at aecfba184): named_syms.txt:1915; none in a build file other than the registry, and a KEEP edits none. OTHER MENTIONS of D_800A34D8 outside src/include/asm: none; memory/grind scratch (10 lines). C comments naming D_800A34D8: include/game.h:1067. Cites at aecfba184.",CONFIRM,"naming-reviewer pre-apply PASS 2026-10-09 (wave15 KEEP, fresh)"
0x800A34DC,g_scratchpad_ptr_9c; D_800A34DC,g_scratchpad_ptr_9c,keep,"KEEP (N5: the existing name passes N1/N4; data_wave has no keep kind, so this row is not applied). static u16 *D_800A34DC; (src/main/51268.c:58), one word in 51268.o's .sbss (build/bb2.map: .sbss 0x800a3420 size 0x110, so 0x800A3420..0x800A352F). The code spells it D_800A34DC; g_scratchpad_ptr_9c is a registry alias only. REGISTRIES: named_syms.txt:1916 g_scratchpad_ptr_9c = 0x800A34DC (tail '/* -> 0x1F80009C */'); no symbol_addrs.txt, undefined_syms_auto.txt or bb2.ld line names 0x800A34DC. TARGET: 51268.c's SPAD51268 is (Unk1F800000Rec *)0x1F800000 (51268.c:212); the member is Unk1F800000Rec.unk9C (u16, include/game.h:1068), at 0x1F80009C. ACCESSES: every load or store of the word at 0x800A34DC in disc/SLUS_006.63 (raw scan, below) is listed; all are 32-bit and gp-relative (%gp_rel). STORE (1): func_80060E38 51268.c:239 'D_800A34DC = &SPAD51268->unk9C;' [asm: lui/ori at func_80060E38.s:66/:67 build 0x1F80009C in $t4, sw $t4 %gp_rel(D_800A34DC) at :116 (pc 0x80061000)]. func_80060E38 runs from func_80061064 (51268.c:266) and func_800620B8 (51268.c:856), and stores the same constant each time. LOADS (8, all lw of the word): func_8006295C lw 0x80062CEC (.s:240), 0x80062D6C (.s:272); C 51268.c:1113/:1119; func_80063084 lw 0x8006341C (.s:240), 0x80063974 (.s:601); C 51268.c:1295/:1371; func_80063E10 lw 0x80063FB8 (.s:110), 0x80064094 (.s:166); C 51268.c:1528/:1544; func_800678A8 lw 0x80067B90 (.s:196); C 51268.c:3193; func_80067D14 lw 0x80068B20 (.s:946); C 51268.c:3495. RAW SCAN of disc/SLUS_006.63 (tmp/p3w13/r/scan.py over 0x800A34DC..0x800A34DF, rerun at aecfba184, output tmp/p3w15/a/scan.txt; every lui/addiu/load/store and gp-relative form, any width overlapping the word, plus .word values): the 1 sw and 8 lw above, no address-of (addiu/ori) form, no .word holding 0x800A34DC, and no other store. CRT0: the startup clear (asm/funcs/__SN_ENTRY_POINT.s:2-11, 0x800A3308..0x801078E0) zeroes it at startup; func_80060E38 then gives it its one value. WHY, word by word: 'g_' fits (a TU-wide .sbss global read by 5 functions). 'scratchpad' fits: the only value any store gives it is 0x1F80009C, inside the PS1 scratchpad RAM 0x1F800000..0x1F8003FF (a hardware role, N3 class 1; AGENTS.md 'Conventions'). 'ptr' fits: every access is a 32-bit lw/sw of the word, and every C read listed dereferences the loaded value (*, [], ->), copies it into a pointer local, passes it as a pointer argument, or gives it to a GTE inline-asm block as the base of its lw / sw / swc2; never as an integer or an offset. Every C read dereferences it in place. SUFFIX CHECK: '9c' = 0x9C, and the one stored constant is 0x1F80009C (the lui/ori above). '9c' fits: 0x1F80009C - 0x1F800000 = 0x9C, the target's scratchpad offset. The name claims nothing about the pointee's type or role (N4). Counter-evidence looked for: a second store or an address-of form that could retarget it (the D_800A3488 / D_800A34E8 pattern that RESET g_scratchpad_ptr_50 / _a4 in wave06): none in the raw scan. HOMES of g_scratchpad_ptr_9c (git grep -n -w over the tracked tree at aecfba184): named_syms.txt:1916; none in a build file other than the registry, and a KEEP edits none. OTHER MENTIONS of D_800A34DC outside src/include/asm: none; memory/grind scratch (11 lines). C comments naming D_800A34DC: include/game.h:1068. Cites at aecfba184.",CONFIRM,"naming-reviewer pre-apply PASS 2026-10-09 (wave15 KEEP, fresh)"
0x800A34E0,g_scratchpad_ptr_9e; D_800A34E0,g_scratchpad_ptr_9e,keep,"KEEP (N5: the existing name passes N1/N4; data_wave has no keep kind, so this row is not applied). static u16 *D_800A34E0; (src/main/51268.c:59), one word in 51268.o's .sbss (build/bb2.map: .sbss 0x800a3420 size 0x110, so 0x800A3420..0x800A352F). The code spells it D_800A34E0; g_scratchpad_ptr_9e is a registry alias only. REGISTRIES: named_syms.txt:1917 g_scratchpad_ptr_9e = 0x800A34E0 (tail '/* -> 0x1F80009E */'); no symbol_addrs.txt, undefined_syms_auto.txt or bb2.ld line names 0x800A34E0. TARGET: 51268.c's SPAD51268 is (Unk1F800000Rec *)0x1F800000 (51268.c:212); the member is Unk1F800000Rec.unk9E (u16, include/game.h:1069), at 0x1F80009E. ACCESSES: every load or store of the word at 0x800A34E0 in disc/SLUS_006.63 (raw scan, below) is listed; all are 32-bit and gp-relative (%gp_rel). STORE (1): func_80060E38 51268.c:240 'D_800A34E0 = &SPAD51268->unk9E;' [asm: lui/ori at func_80060E38.s:68/:69 build 0x1F80009E in $t3, sw $t3 %gp_rel(D_800A34E0) at :117 (pc 0x80061004)]. func_80060E38 runs from func_80061064 (51268.c:266) and func_800620B8 (51268.c:856), and stores the same constant each time. LOADS (8, all lw of the word): func_8006295C lw 0x80062D10 (.s:249), 0x80062D80 (.s:277); C 51268.c:1114/:1120; func_80063084 lw 0x80063440 (.s:249), 0x80063988 (.s:606); C 51268.c:1296/:1372; func_80063E10 lw 0x80063FDC (.s:119), 0x800640A8 (.s:171); C 51268.c:1529/:1545; func_800678A8 lw 0x80067BB4 (.s:205); C 51268.c:3194; func_80067D14 lw 0x80068B34 (.s:951); C 51268.c:3496. RAW SCAN of disc/SLUS_006.63 (tmp/p3w13/r/scan.py over 0x800A34E0..0x800A34E3, rerun at aecfba184, output tmp/p3w15/a/scan.txt; every lui/addiu/load/store and gp-relative form, any width overlapping the word, plus .word values): the 1 sw and 8 lw above, no address-of (addiu/ori) form, no .word holding 0x800A34E0, and no other store. CRT0: the startup clear (asm/funcs/__SN_ENTRY_POINT.s:2-11, 0x800A3308..0x801078E0) zeroes it at startup; func_80060E38 then gives it its one value. WHY, word by word: 'g_' fits (a TU-wide .sbss global read by 5 functions). 'scratchpad' fits: the only value any store gives it is 0x1F80009E, inside the PS1 scratchpad RAM 0x1F800000..0x1F8003FF (a hardware role, N3 class 1; AGENTS.md 'Conventions'). 'ptr' fits: every access is a 32-bit lw/sw of the word, and every C read listed dereferences the loaded value (*, [], ->), copies it into a pointer local, passes it as a pointer argument, or gives it to a GTE inline-asm block as the base of its lw / sw / swc2; never as an integer or an offset. Every C read dereferences it in place. SUFFIX CHECK: '9e' = 0x9E, and the one stored constant is 0x1F80009E (the lui/ori above). '9e' fits: 0x1F80009E - 0x1F800000 = 0x9E, the target's scratchpad offset. The name claims nothing about the pointee's type or role (N4). Counter-evidence looked for: a second store or an address-of form that could retarget it (the D_800A3488 / D_800A34E8 pattern that RESET g_scratchpad_ptr_50 / _a4 in wave06): none in the raw scan. HOMES of g_scratchpad_ptr_9e (git grep -n -w over the tracked tree at aecfba184): named_syms.txt:1917; none in a build file other than the registry, and a KEEP edits none. OTHER MENTIONS of D_800A34E0 outside src/include/asm: none; memory/grind scratch (11 lines). C comments naming D_800A34E0: include/game.h:1042, include/game.h:1069. Cites at aecfba184.",CONFIRM,"naming-reviewer pre-apply PASS 2026-10-09 (wave15 KEEP, fresh)"
0x800A34EC,g_scratchpad_ptr_b8; D_800A34EC,g_scratchpad_ptr_b8,keep,"KEEP (N5: the existing name passes N1/N4; data_wave has no keep kind, so this row is not applied). static Unk1F8000B8Union *D_800A34EC; (src/main/51268.c:62), one word in 51268.o's .sbss (build/bb2.map: .sbss 0x800a3420 size 0x110, so 0x800A3420..0x800A352F). The code spells it D_800A34EC; g_scratchpad_ptr_b8 is a registry alias only. REGISTRIES: named_syms.txt:550 g_scratchpad_ptr_b8 = 0x800A34EC (tail '/* points to 0x1F8000B8; deref'd as u16* */'); no symbol_addrs.txt, undefined_syms_auto.txt or bb2.ld line names 0x800A34EC. TARGET: 51268.c's SPAD51268 is (Unk1F800000Rec *)0x1F800000 (51268.c:212); the member is Unk1F800000Rec.unkB8 (Unk1F8000B8Union, include/game.h:1075), at 0x1F8000B8. ACCESSES: every load or store of the word at 0x800A34EC in disc/SLUS_006.63 (raw scan, below) is listed; all are 32-bit and gp-relative (%gp_rel). STORE (1): func_80060E38 51268.c:246 'D_800A34EC = &SPAD51268->unkB8;' [asm: lui/ori at func_80060E38.s:98/:101 build 0x1F8000B8 in $v1, sw $v1 %gp_rel(D_800A34EC) at :123 (pc 0x8006101C)]. func_80060E38 runs from func_80061064 (51268.c:266) and func_800620B8 (51268.c:856), and stores the same constant each time. LOADS (10, all lw of the word): func_80061FAC lw 0x80061FB0 (.s:3); C 51268.c:783; func_800620B8 lw 0x80062144 (.s:37); C 51268.c:867; func_8006295C lw 0x80062964 (.s:4); C 51268.c:1059; func_80063084 lw 0x80063084 (.s:2); C 51268.c:1222; func_80063E10 lw 0x80063E20 (.s:6); C 51268.c:1504; func_800646E8 lw 0x800646E8 (.s:2); C 51268.c:1828; func_80065800 lw 0x80065808 (.s:4); C 51268.c:2427; func_800678A8 lw 0x800678B8 (.s:6); C 51268.c:3127; func_80067D14 lw 0x80067D1C (.s:4); C 51268.c:3240; func_80068D88 lw 0x80068D88 (.s:2); C 51268.c:3534. RAW SCAN of disc/SLUS_006.63 (tmp/p3w13/r/scan.py over 0x800A34EC..0x800A34EF, rerun at aecfba184, output tmp/p3w15/a/scan.txt; every lui/addiu/load/store and gp-relative form, any width overlapping the word, plus .word values): the 1 sw and 10 lw above, no address-of (addiu/ori) form, no .word holding 0x800A34EC, and no other store. CRT0: the startup clear (asm/funcs/__SN_ENTRY_POINT.s:2-11, 0x800A3308..0x801078E0) zeroes it at startup; func_80060E38 then gives it its one value. WHY, word by word: 'g_' fits (a TU-wide .sbss global read by 10 functions). 'scratchpad' fits: the only value any store gives it is 0x1F8000B8, inside the PS1 scratchpad RAM 0x1F800000..0x1F8003FF (a hardware role, N3 class 1; AGENTS.md 'Conventions'). 'ptr' fits: every access is a 32-bit lw/sw of the word, and every C read listed dereferences the loaded value (*, [], ->), copies it into a pointer local, passes it as a pointer argument, or gives it to a GTE inline-asm block as the base of its lw / sw / swc2; never as an integer or an offset. The reads that do not dereference in place: 51268.c:1059 copied into a pointer local (prim); 51268.c:1504 copied into a pointer local (prim). SUFFIX CHECK: 'b8' = 0xB8, and the one stored constant is 0x1F8000B8 (the lui/ori above). 'b8' fits: 0x1F8000B8 - 0x1F800000 = 0xB8, the target's scratchpad offset. The name claims nothing about the pointee's type or role (N4). Counter-evidence looked for: a second store or an address-of form that could retarget it (the D_800A3488 / D_800A34E8 pattern that RESET g_scratchpad_ptr_50 / _a4 in wave06): none in the raw scan. HOMES of g_scratchpad_ptr_b8 (git grep -n -w over the tracked tree at aecfba184): docs/naming/data_evidence/D_800A34EC.md:4, docs/naming/phase3/wave06/data_manifest.csv:34, docs/naming/phase3/wave06/data_manifest.csv:35, named_syms.txt:550; none in a build file other than the registry, and a KEEP edits none. OTHER MENTIONS of D_800A34EC outside src/include/asm: docs/naming/data_evidence/D_800A34EC.md:1, docs/naming/data_evidence/D_800A34EC.md:14, docs/naming/data_evidence/D_800A34EC.md:17, docs/naming/data_evidence/D_800A34EC.md:20, docs/naming/phase3/wave06/data_manifest.csv:34; memory/grind scratch (37 lines). C comments naming D_800A34EC: include/game.h:1011, include/game.h:1014, include/game.h:1040, 51268.c:1055, 51268.c:1500. Cites at aecfba184.",CONFIRM,"naming-reviewer pre-apply PASS 2026-10-09 (wave15 KEEP, fresh)"
0x8008EC34,g_cd_file_table,g_cd_file_table,keep,"KEEP. extern CdFileEntry g_cd_file_table[159] (include/bb2.h:480); type include/game.h:2011-2016 (CdlLOC loc +0x0, u32 size +0x4); .data dlabel asm/data/7D920.data.s:3117-3438 (nonmatching :3117, dlabel :3119, enddlabel :3438), 0x8008EC34..0x8008F12B (159 x 8 bytes; D_8008F12C follows). REGISTRIES: named_syms.txt:925, symbol_addrs.txt:219, undefined_syms_auto.txt:607 (tails 'CD file table: CamPair[159] ...', notes 'was SpecialCam'); comment text only: named_syms.txt:1813/:1814. ACCESSES: cdrom_StartRead src/main/cdrom.c:21 [cdrom_StartRead.s:14 lw, :17 lw g_cd_file_table_plus_0x4]; cdrom_GetFileSize src/main/cdrom.c:53 [cdrom_GetFileSize.s:5 lw g_cd_file_table_plus_0x4]; cdrom_StartAudio src/main/cdrom.c:81/:83/:84 [cdrom_StartAudio.s:17 addiu, :40 lw g_cd_file_table_plus_0x4]; func_80037110 src/main/cdrom.c:110 [func_80037110.s:24 addiu]; cdrom_LoadExec src/main/cdrom.c:191/:198 [cdrom_LoadExec.s:17 addiu]; func_80037540 src/main/cdrom.c:240/:245 [func_80037540.s:20 addiu]. Roles: cdrom_StartRead copies entry [(s16)a0] into the read record D_80101E58.rec.pair and turns .size into a sector count (size + 0x7FF) >> 11 (src/main/cdrom.c:13-29); cdrom_GetFileSize returns .size (:53); cdrom_StartAudio copies entry [rec.unk00] and sets the end position CdPosToInt(&.loc) + (.size >> 11) - 0x96 (:75-84); func_80037110 sets the end from CdPosToInt(&.loc) + a row offset (:105-116); cdrom_LoadExec seeks with CdControl(2 = CdlSetloc, &.loc) to entry func_80036EA8(6, 0) = D_8008F12C[6] = 156 (bytes at 0x8008F138: s16 156), reads the PS-EXE header sector and then the body from CdPosToInt(&.loc) + 1 (:179-205); func_80037540 passes the addresses of two entries as words 0 and 4 of the argument block it hands to sys_Exec(6, ...) (:231-249). RAW SCAN of disc/SLUS_006.63 (tmp/p3w13/r/scan.py, rerun at aecfba184, output tmp/p3w15/c/scan.txt; every lui/addiu/load/store and gp-relative form plus .word values; loads and stores of any width overlapping 0x8008EC34..0x8008F12B): cdrom_StartRead lw 0x80036DC8 / 0x80036DD4 (indexed, loc / size); cdrom_GetFileSize lw 0x80036F34 (size); cdrom_StartAudio addiu 0x8003700C, lw 0x80037020 / 0x80037024 (copy), lw 0x80037068 (size); func_80037110 addiu 0x80037168; cdrom_LoadExec addiu 0x80037384; func_80037540 addiu 0x80037588; nothing else, no .word. CRT0: not applicable (.data below 0x800A3308, asm/funcs/__SN_ENTRY_POINT.s:2-11). DATA: tmp/p3w15/c/cdtable.py (output tmp/p3w15/c/cdtable.txt) decodes the 159 entries from the EXE: 134 of the 159 .size values equal the byte size of a file under disc/ (e.g. entry 1 = 3604 = disc/NDATA/NDATA.INF, 2 = 387072 = disc/MOTION/WIN.DAT, 156 = 124928 = disc/STR/MOVOVL.EXE, the PS-EXE cdrom_LoadExec reads), and .loc is a BCD minute:second:sector position (e.g. 61:56:00 for entry 156). WHY, word by word: 'cd': .loc is a CdlLOC fed to libcd (CdControl CdlSetloc, CdPosToInt) and the table drives the CD read / audio layer only. 'file': an entry is one disc file's start position and byte length (the sizes match the disc's files, and entry 156 is loaded and executed as a file). 'table': a 159-entry array indexed by file number. No access contradicts any word. BASIS: the CdFileEntry layout (game.h:2011-2016) and the accesses above. Inventory: Codex c6 (c6-data-gpu-pad-cd-2) called it KEEP-CANDIDATE; not evidence (N3), re-derived here. Mined by Claude (wave15 batch c). Cites at aecfba184.",CONFIRM,"naming-reviewer pre-apply PASS 2026-10-09 (wave15 KEEP, fresh)"
0x800A3718,g_cd_atv,g_cd_atv,keep,"KEEP. extern CdlATV g_cd_atv (include/bb2.h:304; CdlATV = 4 u8 val0..val3); tentative definitions (COMMON) src/main/26730.c:11, :36 and src/main/26940.c:10; .data dlabel asm/data/93E18.data.s:414-421 (4 bytes, 0). REGISTRIES: named_syms.txt:940 (tail 'byte state for special_camera_set_win_cam', note 'was g_special_cam_win_byte_b'), undefined_syms_auto.txt:578. ACCESSES: cdrom_SetMix src/main/26730.c:14/:15/:16/:17/:18 [cdrom_SetMix.s:3 sb, :5 addiu, :8 sb g_cd_atv_plus_0x1, :10 sb g_cd_atv_plus_0x2, :12 sb g_cd_atv_plus_0x3]; func_80036140 src/main/26940.c:19/:22/:25/:28/:33 [func_80036140.s:12 lbu, :37 lbu g_cd_atv_plus_0x1, :62 lbu g_cd_atv_plus_0x2, :87 lbu g_cd_atv_plus_0x3, :125 addiu]. Roles: cdrom_SetMix stores its four arguments into val0..val3 and calls CdMix(&g_cd_atv) (26730.c:13-20); func_80036140, while a fade runs (D_800A3854 > 0), mixes each valN with the target D_800A36B8.valN by D_800A3840 / D_800A3854 into a local CdlATV it passes to CdMix (26940.c:17-30), and copies the whole target into g_cd_atv when the fade ends (:31-34; the swl / swr at 0x8003631C / 0x80036320, func_80036140.s:129-130). RAW SCAN of disc/SLUS_006.63 (tmp/p3w13/r/scan.py, rerun at aecfba184, output tmp/p3w15/c/scan.txt; every lui/addiu/load/store and gp-relative form plus .word values; loads and stores of any width overlapping 0x800A3718..0x800A371B): cdrom_SetMix sb 0x80035F34 / 0x80035F48 / 0x80035F50 / 0x80035F58 and addiu 0x80035F3C; func_80036140 lbu 0x80036168 / 0x800361C4 / 0x80036220 / 0x8003627C, addiu 0x8003630C, swl 0x8003631C, swr 0x80036320; nothing else, no .word. CRT0: __SN_ENTRY_POINT zeroes every word from 0x800A3308 (D_800A3308) up to D_801078E0 at startup (asm/funcs/__SN_ENTRY_POINT.s:2-11, the store :7 sw $zero, 0x0($v0)), this word included. WHY, word by word: 'atv': the object is Sony's CdlATV, the CD attenuator (shdecompilations/silent-hill-decomp@d9e28f83 include/psyq/libcd.h ($PSLibId: Run-time Library Release 4.3$; copy fetched to tmp/p3w15/c/ext/sh_libcd.h):180-188, val0..val3 'volume for CD(L) -> SPU (L)' etc.), and every access is one of its four volume bytes or the whole record; 'cd': it is the argument of libcd's CdMix (libcd.h:299 'int CdMix(CdlATV *vol)') and the base of the CD-audio fade. No access contradicts either word. BASIS: the type and the CdMix call. The registry tail is stale prose (left for a prose pass, not evidence). Inventory: Codex c6 (c6-data-gpu-pad-cd-2) called it KEEP-CANDIDATE; not evidence (N3), re-derived here. Mined by Claude (wave15 batch c). Cites at aecfba184.",CONFIRM,"naming-reviewer pre-apply PASS 2026-10-09 (wave15 KEEP, fresh)"
0x800A374C,g_gpu_ot_ptr,g_gpu_ot_ptr,keep,"KEEP. extern u32 *g_gpu_ot_ptr (include/bb2.h:13); tentative definition (COMMON) src/main/6CF8.c:824; .data dlabel asm/data/93E18.data.s:517-521 (4 bytes, 0). REGISTRIES: named_syms.txt:719 (tail 'ref: tslDrTex1Init2', note 'was g_dma_buf_base'), undefined_syms_auto.txt:582; comment text only: named_syms.txt:283/:1918/:3106/:3108. WRITES (3): main 6CF8.c:454 = g_gpu_db[idx].ot right after ClearOTagR(ot, 0x1008) on it (:450-454) [main.s:51 sw]; func_80016E60 6CF8.c:345 = &ot[idx], a local u32 ot[2], then ClearOTagR(g_gpu_ot_ptr, 1) (:348) and DrawOTag(g_gpu_ot_ptr) (:368) [func_80016E60.s:59 sw, :93 lw]; func_800174F4 6CF8.c:546 = ot, a local u32 ot[2] cleared by ClearOTagR(ot, 2) (:547), then DrawOTag(g_gpu_ot_ptr + 1) (:595) [func_800174F4.s:27 sw, :136 lw]. READS, every other access (all C lines, and every asm load; the compiler shares one load between some C lines): func_8003553C src/main/25C38.c:81 [func_8003553C.s:27 lw]; func_8003D330 src/main/2B344.c:1257 [func_8003D330.s:16 lw]; func_8003D39C src/main/2B344.c:1281 [func_8003D39C.s:41 lw]; func_80046BF4 src/main/368E4.c:459/:461 [func_80046BF4.s:12 lw]; func_80054F68 src/main/3AB48.c:909/:910 [func_80054F68.s:9 lw]; func_8005C8A8 src/main/3AB48.c:4118/:4171/:4249/:4286/:4300/:4302 [func_8005C8A8.s:235 lw, :372 lw, :612 lw, :700 lw, :758 lw, :773 lw]; func_8005D814 src/main/3AB48.c:4604/:4624 [func_8005D814.s:515 lw, :556 lw]; func_8005E098 src/main/3AB48.c:4724/:4740 [func_8005E098.s:244 lw, :287 lw]; func_8005E54C src/main/3AB48.c:4927/:5026/:5037/:5059/:5061 [func_8005E54C.s:459 lw, :762 lw, :781 lw, :822 lw, :837 lw]; func_8005F1C8 src/main/3AB48.c:5126/:5164/:5240 [func_8005F1C8.s:149 lw, :259 lw, :578 lw]; func_8005FC9C src/main/3AB48.c:5345/:5398/:5409/:5415 [func_8005FC9C.s:51 lw, :179 lw, :220 lw, :246 lw]; func_800600C8 src/main/3AB48.c:5470 [func_800600C8.s:113 lw]; func_80060414 src/main/3AB48.c:5535 [func_80060414.s:68 lw]; func_80060544 src/main/3AB48.c:5615 [func_80060544.s:125 lw]; func_80060768 src/main/3AB48.c:5667/:5688/:5700/:5712/:5715 [func_80060768.s:77 lw, :126 lw, :148 lw, :169 lw, :180 lw]; func_800620B8 src/main/51268.c:986 [func_800620B8.s:474 lw]; func_8006295C src/main/51268.c:1158 [func_8006295C.s:406 lw]; func_80063084 src/main/51268.c:1373 [func_80063084.s:613 lw]; func_80063E10 src/main/51268.c:1751 [func_80063E10.s:414 lw]; func_800646E8 src/main/51268.c:1945 [func_800646E8.s:470 lw]; func_80065800 src/main/51268.c:2807/:2816 [func_80065800.s:1472 lw, :1497 lw]; func_80068D88 src/main/51268.c:3558 [func_80068D88.s:42 lw]; func_80069898 src/main/51268.c:3979/:3991/:4003 [func_80069898.s:39 lw, :64 lw, :90 lw]; func_80069AE4 src/main/51268.c:4060/:4069/:4079/:4089/:4114/:4129/:4143/:4157 [func_80069AE4.s:31 lw, :85 lw, :125 lw, :153 lw, :177 lw, :198 lw]; func_80069E18 src/main/51268.c:4181/:4194 [func_80069E18.s:24 lw, :49 lw]; func_80069F80 src/main/51268.c:4294 [func_80069F80.s:128 lw]; func_8006A1A0 src/main/51268.c:4372 [func_8006A1A0.s:130 lw]; func_8006A3CC src/main/51268.c:4388 [func_8006A3CC.s:38 lw]; func_8006A494 src/main/51268.c:4405 [func_8006A494.s:40 lw]; func_8006A564 src/main/51268.c:4439/:4465/:4493/:4535 [func_8006A564.s:50 lw, :88 lw, :128 lw, :192 lw]; func_8006A880 src/main/51268.c:4578/:4585/:4594/:4636/:4655/:4664/:4669/:4707/:4716/:4720/:4736/:4762/:4767 [func_8006A880.s:30 lw, :52 lw, :84 lw, :184 lw, :236 lw, :260 lw, :278 lw, :383 lw, :410 lw, :428 lw, :466 lw, :525 lw, :543 lw]; func_8006B120 src/main/51268.c:4795/:4908 [func_8006B120.s:40 lw, :264 lw]; func_8006BB68 src/main/51268.c:5130/:5152 [func_8006BB68.s:39 lw, :90 lw]; func_8006BD28 src/main/51268.c:5208 [func_8006BD28.s:88 lw]; func_8006BEC4 src/main/51268.c:5260/:5273 [func_8006BEC4.s:102 lw, :158 lw]; func_8006C21C src/main/51268.c:5358/:5384/:5415/:5432/:5481/:5531/:5535 [func_8006C21C.s:47 lw, :126 lw, :219 lw, :270 lw, :432 lw, :586 lw, :605 lw]; func_8006CFBC src/main/51268.c:5734 [func_8006CFBC.s:196 lw]; func_8006D3DC src/main/51268.c:5809 [func_8006D3DC.s:99 lw]; func_8006D808 src/main/51268.c:5906/:5938/:5981 [func_8006D808.s:61 lw, :165 lw, :357 lw]; func_8006DD94 src/main/51268.c:6031 [func_8006DD94.s:82 lw]; func_8006E534 src/main/5ED34.c:67 [func_8006E534.s:12 lw]; func_8006F038 src/main/5ED34.c:422/:426 [func_8006F038.s:27 lw, :38 lw]; func_8006F528 src/main/5ED34.c:610/:618/:642/:648/:670 [func_8006F528.s:133 lw, :157 lw, :194 lw, :213 lw, :249 lw]; func_8006F97C src/main/5ED34.c:713/:772/:838 [func_8006F97C.s:35 lw, :284 lw, :497 lw]; func_80070188 src/main/5ED34.c:875 [func_80070188.s:32 lw]; func_80070C70 src/main/5ED34.c:1084/:1106/:1126 [func_80070C70.s:44 lw, :95 lw, :178 lw]; func_80070F78 src/main/5ED34.c:1157 [func_80070F78.s:28 lw]; func_800720FC src/main/5ED34.c:1551/:1556/:1583/:1615/:1622/:1625 [func_800720FC.s:39 lw, :60 lw, :162 lw, :304 lw, :328 lw, :348 lw]; func_80072BC4 src/main/5ED34.c:1805 [func_80072BC4.s:63 lw]; func_80072CD4 src/main/5ED34.c:1852 [func_80072CD4.s:74 lw]; func_80072F30 src/main/5ED34.c:1912 [func_80072F30.s:32 lw]; func_80072FCC src/main/5ED34.c:1929 [func_80072FCC.s:31 lw]; func_80073200 src/main/5ED34.c:1995/:2031/:2048/:2060 [func_80073200.s:27 lw, :104 lw, :147 lw, :194 lw]; func_8007352C src/main/63D2C.c:53 [func_8007352C.s:110 lw]; func_80073728 src/main/63D2C.c:151 [func_80073728.s:330 lw]; func_80073C78 src/main/63D2C.c:276 [func_80073C78.s:348 lw]; func_80074220 src/main/63D2C.c:301/:322/:336/:350/:364 [func_80074220.s:29 lw, :71 lw, :99 lw, :123 lw, :144 lw]; func_80074488 src/main/63D2C.c:454 [func_80074488.s:200 lw]; func_80074B18 src/main/64FD8.c:183 [func_80074B18.s:103 lw]; func_80074D2C src/main/64FD8.c:209 [func_80074D2C.s:44 lw]; func_80074E08 src/main/64FD8.c:242/:290/:307/:315/:321/:327 [func_80074E08.s:40 lw, :153 lw, :193 lw, :226 lw, :249 lw, :272 lw]; func_800753D8 src/main/64FD8.c:435/:453 [func_800753D8.s:107 lw, :150 lw]; func_800759D0 src/main/64FD8.c:581/:664/:667 [func_800759D0.s:66 lw, :346 lw, :366 lw]; func_8007636C src/main/64FD8.c:827/:898 [func_8007636C.s:60 lw, :346 lw]; func_80076D74 src/main/64FD8.c:1031/:1035 [func_80076D74.s:141 lw, :152 lw]; func_800770B8 src/main/64FD8.c:1074 [func_800770B8.s:13 lw]; func_80077D94 src/main/64FD8.c:1497/:1518/:1538/:1565/:1608 [func_80077D94.s:143 lw, :206 lw, :274 lw, :361 lw, :472 lw]; func_800784E4 src/main/64FD8.c:1618 [func_800784E4.s:6 lw]; func_80078654 src/main/64FD8.c:1693/:1724 [func_80078654.s:68 lw, :103 lw]; func_80078824 src/main/64FD8.c:1737 [func_80078824.s:6 lw]. Roles of the reads: the ordering-table base of AddPrim(g_gpu_ot_ptr + depth, prim) in 57 functions; ClearOTagR(g_gpu_ot_ptr, 0x1008) in func_8006E534 (5ED34.c:67), func_800770B8 (64FD8.c:1074), func_800784E4 (:1618), func_80078824 (:1737); a hand-written addPrim (setaddr(p, ot->addr); ot->addr = p) on entry 0 in func_8003D330 (2B344.c:1257-1259) and func_8003D39C (:1281-1283); copies of OT slot addresses into D_800A3808 / D_800A378C (= g_gpu_ot_ptr / + 4) in func_80046BF4 (368E4.c:459-461) and func_80054F68 (3AB48.c:909-910) - func_80048BA4 later links the 256-entry OT into *D_800A378C (368E4.c:1716-1718) - and into the file-static OT-slot pointer D_800A34E4 (51268.c:60) = g_gpu_ot_ptr + depth, followed by a hand-written addPrim through it (e.g. 51268.c:986-990), in func_800620B8, func_80063084, func_80063E10, func_800646E8, func_80068D88. No INCLUDE_ASM body references the name (tmp/p3w15/c/incasm.py). RAW SCAN of disc/SLUS_006.63 (tmp/p3w13/r/scan.py, rerun at aecfba184, output tmp/p3w15/c/scan.txt; every lui/addiu/load/store and gp-relative form plus .word values; loads and stores of any width overlapping 0x800A374C..0x800A374F): 166 sites, all in these 73 functions and matching the asm loads / stores cited (3 sw: 0x80016F38, 0x800172BC, 0x80017558; the rest lw), nothing else, no .word. CRT0: __SN_ENTRY_POINT zeroes every word from 0x800A3308 (D_800A3308) up to D_801078E0 at startup (asm/funcs/__SN_ENTRY_POINT.s:2-11, the store :7 sw $zero, 0x0($v0)), this word included. WHY, word by word: 'ot': every value stored is the base of an ordering table just cleared with ClearOTagR, and every read uses it as one (AddPrim / addPrim slot, ClearOTagR, DrawOTag); 'ptr': a u32 * that is re-pointed per frame or per screen at the current table (g_gpu_db[idx].ot, or a local table); 'gpu': ClearOTagR / AddPrim / DrawOTag are libgpu (shdecompilations/silent-hill-decomp@d9e28f83 include/psyq/libgpu.h ($PSLibId: Run-time Library Release 4.3$; copy fetched to tmp/p3w15/c/ext/sh_libgpu.h):739, :749, :752) and the users are the GPU drawing code. No access contradicts any word. BASIS: main 6CF8.c:450-454 restated. Inventory: Codex c6 (c6-data-gpu-pad-cd-2) called it KEEP-CANDIDATE; not evidence (N3), re-derived here. Mined by Claude (wave15 batch c). Cites at aecfba184.",CONFIRM,"naming-reviewer pre-apply PASS 2026-10-09 (wave15 KEEP, fresh)"
0x800A3760,g_cd_result,g_cd_result,keep,"KEEP. extern u8 g_cd_result[8] (include/bb2.h:320); tentative definitions (COMMON) src/main/26940.c:12, :358; .data dlabel asm/data/93E18.data.s:549-560 (8 bytes, 0). REGISTRIES: named_syms.txt:2626 (tail '71 refs; passed as arg1 to cpu_side_move_dir_4_wrapper_800801E8 ...', stale prose), undefined_syms_auto.txt:585. ACCESSES: func_80036140 src/main/26940.c:47/:58/:68/:80/:99/:105/:107/:109/:134/:138/:165/:181/:192/:194/:209 [func_80036140.s:167 addiu, :191 addiu, :205 addiu, :230 addiu, :274 addiu, :286 addiu, :294 lbu g_cd_result_plus_0x4, :300 addiu g_cd_result_plus_0x3, :368 addiu, :383 addiu g_cd_result_plus_0x5, :455 addiu, :486 lbu, :501 addiu, :508 lbu, :528 addiu]; func_80036940 src/main/26940.c:244/:266/:280/:303/:315/:317/:336 [func_80036940.s:47 addiu, :109 addiu, :145 addiu, :201 lbu, :216 addiu, :223 lbu, :255 addiu]. Roles: the result argument of CdSync(1, g_cd_result) at 26940.c:47, :58, :68, :80, :134, :165, :192, :209, :244, :266, :280, :315, :336 and CdReady(1, g_cd_result) at :105; the param argument of CdControlF(0x11 = CdlGetlocP, g_cd_result) at :99, a command with no parameter bytes, whose result the next state reads back from this buffer through CdSync (:133-138, &g_cd_result[5]); reads of result bytes: [0] & 0x10 (:181, :194, :303, :317; CdlStatShellOpen = 0x10 of the status byte, libcd.h:83), [4] & 0x80 (:107), CdPosToInt(&[3]) (:109) and CdPosToInt(&[5]) (:138). The asm addiu lines are the &g_cd_result arguments of those calls (one per call; func_80036140.s:300 / :383 are &[3] / &[5]). RAW SCAN of disc/SLUS_006.63 (tmp/p3w13/r/scan.py, rerun at aecfba184, output tmp/p3w15/c/scan.txt; every lui/addiu/load/store and gp-relative form plus .word values; loads and stores of any width overlapping 0x800A3760..0x800A3767): func_80036140: 10 addiu of the base, addiu 0x8003659C (+3) and 0x800366D0 (+5), lbu 0x80036584 (+4), lbu 0x80036850 / 0x800368A0 (+0); func_80036940: 5 addiu, lbu 0x80036C24 / 0x80036C74; 22 sites, nothing else, no .word. CRT0: __SN_ENTRY_POINT zeroes every word from 0x800A3308 (D_800A3308) up to D_801078E0 at startup (asm/funcs/__SN_ENTRY_POINT.s:2-11, the store :7 sw $zero, 0x0($v0)), these bytes included. WHY, word by word: 'result': Sony names this argument result in 'int CdSync(int mode, u_char *result)' and 'int CdReady(int mode, u_char *result)' (shdecompilations/silent-hill-decomp@d9e28f83 include/psyq/libcd.h ($PSLibId: Run-time Library Release 4.3$; copy fetched to tmp/p3w15/c/ext/sh_libcd.h):305, :307), and every read is a result byte (status flag, position); the one param-position pass is to CdlGetlocP, which takes no parameters, and its result is read from this same buffer. 'cd': only libcd calls touch it, in the CD state machines func_80036140 / func_80036940. No access contradicts either word. BASIS: the libcd argument name. Inventory: Codex c6 (c6-data-gpu-pad-cd-2) called it KEEP-CANDIDATE; not evidence (N3), re-derived here. Mined by Claude (wave15 batch c). Cites at aecfba184.",CONFIRM,"naming-reviewer pre-apply PASS 2026-10-09 (wave15 KEEP, fresh)"
0x800A3794,g_memcard_fd,g_memcard_fd,keep,"KEEP. extern s32 g_memcard_fd (include/bb2.h:340); tentative definition (COMMON) src/main/memcard.c:289; .data dlabel asm/data/93E18.data.s:675-679 (4 bytes, 0). REGISTRIES: named_syms.txt:1558 (tail 'current open file handle from bios_FileOpen_B (saved across read/write)'), undefined_syms_auto.txt:594; comment text only: named_syms.txt:754. ACCESSES: func_800383A4 src/main/28708.c:362/:379 [func_800383A4.s:130 lw, :167 lw]; memcard_PollFileCompletion src/main/28708.c:416/:430 [memcard_PollFileCompletion.s:20 lw, :35 lw]; memcard_ReadFile src/main/memcard.c:254 [memcard_ReadFile.s:23 sw]; memcard_WriteFile src/main/memcard.c:280 [memcard_WriteFile.s:38 sw]. Roles: memcard_ReadFile stores open(path, 0x8001) after the -1 check (memcard.c:249-254) and memcard_WriteFile open(path, 0x8002) (:276-280), path = sprintf(""bu%1d%1d:%s"", port, slot, name) (D_800109BC, memcard.c:13; :249, :268); every read passes the word to close(): func_800383A4 when memcard_WriteFile / memcard_ReadFile report failure (src/main/28708.c:359-363, :376-380), memcard_PollFileCompletion once memcard_PollSwEvents reports completion of the write (state 4, :410-416) or read (state 6, :424-430). RAW SCAN of disc/SLUS_006.63 (tmp/p3w13/r/scan.py, rerun at aecfba184, output tmp/p3w15/c/scan.txt; every lui/addiu/load/store and gp-relative form plus .word values; loads and stores of any width overlapping 0x800A3794..0x800A3797): exactly 2 sw (0x80037BE4 memcard_ReadFile, 0x80037CC0 memcard_WriteFile) and 4 lw (0x80038578, 0x80038600 func_800383A4; 0x8003869C, 0x800386D4 memcard_PollFileCompletion), no .word. CRT0: __SN_ENTRY_POINT zeroes every word from 0x800A3308 (D_800A3308) up to D_801078E0 at startup (asm/funcs/__SN_ENTRY_POINT.s:2-11, the store :7 sw $zero, 0x0($v0)), this word included. WHY, word by word: 'fd': the word is what PsyQ's open() returns (shdecompilations/silent-hill-decomp@d9e28f83 include/psyq/libapi.h ($PSLibId: Run-time Library Release 4.3$; copy fetched to tmp/p3w15/c/ext/sh_libapi.h):48 'extern long open(char *, unsigned long)') and every read hands it to close(); it is the open file's descriptor. 'memcard': the file opened is on the 'bu' device (path 'bu%1d%1d:%s'), the memory card, and the descriptor is used only by the memcard_ read / write / completion code. No access contradicts either word. BASIS: memcard.c:254 / :280 restated. Inventory: Codex c6 (c6-data-char-menu-card-2) called it KEEP-CANDIDATE; not evidence (N3), re-derived here. Mined by Claude (wave15 batch c). Cites at aecfba184.",CONFIRM,"naming-reviewer pre-apply PASS 2026-10-09 (wave15 KEEP, fresh)"
0x800A37DC,g_memcard_sw_event_ioe,g_memcard_sw_event_ioe,keep,"KEEP. extern s32 g_memcard_sw_event_ioe (src/main/memcard.c:15); tentative definition (COMMON) memcard.c:290; .data dlabel asm/data/93E18.data.s:830-834 (4 bytes, 0). REGISTRIES: named_syms.txt:523 and :2053, undefined_syms_auto.txt:824 (all definition lines of this name at this address; their tails restate OpenEvent arguments). ACCESSES (every one is the event descriptor itself: one store of OpenEvent's result, every other access hands the word to a kernel event call): memcard_Init src/main/memcard.c:34/:43 [memcard_Init.s:24 sw, :72 lw]; memcard_Quit src/main/memcard.c:55 [memcard_Quit.s:6 lw]; memcard_PollSwEventsTimeout src/main/memcard.c:72 [memcard_PollSwEventsTimeout.s:2 lw]; memcard_PollSwEvents src/main/memcard.c:92 [memcard_PollSwEvents.s:2 lw]; memcard_AckSwEvents src/main/memcard.c:105 [memcard_AckSwEvents.s:2 lw]. In detail: memcard_Init stores OpenEvent(0xF4000001, 0x4, 0x2000, 0) inside EnterCriticalSection / ExitCriticalSection and then EnableEvent()s it (memcard.c:28-51); memcard_Quit CloseEvent()s it (:53-65); memcard_PollSwEventsTimeout / memcard_PollSwEvents (TestEvent == 1 maps it to result 1) and memcard_AckSwEvents (TestEvent, result dropped) (memcard.c:67-134). Callers: memcard_ReadFile / memcard_WriteFile ack both sets before read() / write() on the card file and wait in memcard_WaitHwEvent (:255-258, :281-284); func_80037D14 polls the software set around _card_info / _card_load / _card_clear (src/main/28514.c:25-84). RAW SCAN of disc/SLUS_006.63 (tmp/p3w13/r/scan.py, rerun at aecfba184, output tmp/p3w15/c/scan.txt; every lui/addiu/load/store and gp-relative form plus .word values; loads and stores of any width overlapping 0x800A37DC..0x800A37DF): exactly the 6 gp-relative sites of the asm lines cited above, nothing else, no .word. CRT0: __SN_ENTRY_POINT zeroes every word from 0x800A3308 (D_800A3308) up to D_801078E0 at startup (asm/funcs/__SN_ENTRY_POINT.s:2-11, the store :7 sw $zero, 0x0($v0)), this word included. WHY, word by word (Sony's names: shdecompilations/silent-hill-decomp@d9e28f83 include/psyq/kernel.h ($PSLibId: Run-time Library Release 4.3$; copy fetched to tmp/p3w15/c/ext/sh_kernel.h)): the class argument 0xF4000001 is Sony's SwCARD = 0xF4000001 (DescSW 0xf4000000 | 0x01, kernel.h:26, :44 'memory card'); the spec 0x4 is EvSpIOE (kernel.h:61 'end of i/o'); the mode 0x2000 is EvMdNOINTR (kernel.h:80). 'memcard': the event class is the memory-card class in Sony's own comment, and memcard_Init opens it right after libcard's InitCARD(1) / StartCARD() / _bu_init() (memcard.c:29-31). 'sw': SwCARD is the software (DescSW, BIOS) descriptor class, as opposed to HwCARD for the sibling set. 'event': the word is the descriptor OpenEvent returns and the only thing done with it is EnableEvent / TestEvent / CloseEvent (libapi.h prototypes, include/psxsdk/libapi.h:50-52). 'ioe': the spec is EvSpIOE. No access contradicts any word; width (s32 word) and lifetime (Init .. Quit) agree everywhere. BASIS: the OpenEvent call memcard.c:34 restated with Sony's kernel.h names. Inventory: Codex c6 (c6-data-char-menu-card-2) called it KEEP-CANDIDATE; not evidence (N3), re-derived here. Mined by Claude (wave15 batch c). Cites at aecfba184.",CONFIRM,"naming-reviewer pre-apply PASS 2026-10-09 (wave15 KEEP, fresh)"
0x800A37F0,g_memcard_sw_event_err,g_memcard_sw_event_err,keep,"KEEP. extern s32 g_memcard_sw_event_err (src/main/memcard.c:16); tentative definition (COMMON) memcard.c:291; .data dlabel asm/data/93E18.data.s:873-877 (4 bytes, 0). REGISTRIES: named_syms.txt:524 and :2054, undefined_syms_auto.txt:825 (all definition lines of this name at this address; their tails restate OpenEvent arguments). ACCESSES (every one is the event descriptor itself: one store of OpenEvent's result, every other access hands the word to a kernel event call): memcard_Init src/main/memcard.c:35/:44 [memcard_Init.s:31 sw, :75 lw]; memcard_Quit src/main/memcard.c:56 [memcard_Quit.s:9 lw]; memcard_PollSwEventsTimeout src/main/memcard.c:74 [memcard_PollSwEventsTimeout.s:9 lw]; memcard_PollSwEvents src/main/memcard.c:95 [memcard_PollSwEvents.s:10 lw]; memcard_AckSwEvents src/main/memcard.c:106 [memcard_AckSwEvents.s:7 lw]. In detail: memcard_Init stores OpenEvent(0xF4000001, 0x8000, 0x2000, 0) inside EnterCriticalSection / ExitCriticalSection and then EnableEvent()s it (memcard.c:28-51); memcard_Quit CloseEvent()s it (:53-65); memcard_PollSwEventsTimeout / memcard_PollSwEvents (TestEvent == 1 maps it to result 2) and memcard_AckSwEvents (TestEvent, result dropped) (memcard.c:67-134). Callers: memcard_ReadFile / memcard_WriteFile ack both sets before read() / write() on the card file and wait in memcard_WaitHwEvent (:255-258, :281-284); func_80037D14 polls the software set around _card_info / _card_load / _card_clear (src/main/28514.c:25-84). RAW SCAN of disc/SLUS_006.63 (tmp/p3w13/r/scan.py, rerun at aecfba184, output tmp/p3w15/c/scan.txt; every lui/addiu/load/store and gp-relative form plus .word values; loads and stores of any width overlapping 0x800A37F0..0x800A37F3): exactly the 6 gp-relative sites of the asm lines cited above, nothing else, no .word. CRT0: __SN_ENTRY_POINT zeroes every word from 0x800A3308 (D_800A3308) up to D_801078E0 at startup (asm/funcs/__SN_ENTRY_POINT.s:2-11, the store :7 sw $zero, 0x0($v0)), this word included. WHY, word by word (Sony's names: shdecompilations/silent-hill-decomp@d9e28f83 include/psyq/kernel.h ($PSLibId: Run-time Library Release 4.3$; copy fetched to tmp/p3w15/c/ext/sh_kernel.h)): the class argument 0xF4000001 is Sony's SwCARD = 0xF4000001 (DescSW 0xf4000000 | 0x01, kernel.h:26, :44 'memory card'); the spec 0x8000 is EvSpERROR (kernel.h:74 'error happned'); the mode 0x2000 is EvMdNOINTR (kernel.h:80). 'memcard': the event class is the memory-card class in Sony's own comment, and memcard_Init opens it right after libcard's InitCARD(1) / StartCARD() / _bu_init() (memcard.c:29-31). 'sw': SwCARD is the software (DescSW, BIOS) descriptor class, as opposed to HwCARD for the sibling set. 'event': the word is the descriptor OpenEvent returns and the only thing done with it is EnableEvent / TestEvent / CloseEvent (libapi.h prototypes, include/psxsdk/libapi.h:50-52). 'err': the spec is EvSpERROR ('err' for ERROR, 'timeout' for TIMOUT). No access contradicts any word; width (s32 word) and lifetime (Init .. Quit) agree everywhere. BASIS: the OpenEvent call memcard.c:35 restated with Sony's kernel.h names. Inventory: Codex c6 (c6-data-char-menu-card-2) called it KEEP-CANDIDATE; not evidence (N3), re-derived here. Mined by Claude (wave15 batch c). Cites at aecfba184.",CONFIRM,"naming-reviewer pre-apply PASS 2026-10-09 (wave15 KEEP, fresh)"
0x800A37FC,g_memcard_sw_event_timeout,g_memcard_sw_event_timeout,keep,"KEEP. extern s32 g_memcard_sw_event_timeout (src/main/memcard.c:17); tentative definition (COMMON) memcard.c:292; .data dlabel asm/data/93E18.data.s:894-898 (4 bytes, 0). REGISTRIES: named_syms.txt:532 and :2055, undefined_syms_auto.txt:827 (all definition lines of this name at this address; their tails restate OpenEvent arguments). ACCESSES (every one is the event descriptor itself: one store of OpenEvent's result, every other access hands the word to a kernel event call): memcard_Init src/main/memcard.c:36/:45 [memcard_Init.s:38 sw, :78 lw]; memcard_Quit src/main/memcard.c:57 [memcard_Quit.s:12 lw]; memcard_PollSwEventsTimeout src/main/memcard.c:77 [memcard_PollSwEventsTimeout.s:17 lw]; memcard_PollSwEvents src/main/memcard.c:98 [memcard_PollSwEvents.s:15 lw]; memcard_AckSwEvents src/main/memcard.c:107 [memcard_AckSwEvents.s:10 lw]. In detail: memcard_Init stores OpenEvent(0xF4000001, 0x100, 0x2000, 0) inside EnterCriticalSection / ExitCriticalSection and then EnableEvent()s it (memcard.c:28-51); memcard_Quit CloseEvent()s it (:53-65); memcard_PollSwEventsTimeout / memcard_PollSwEvents (TestEvent == 1 maps it to result 3) and memcard_AckSwEvents (TestEvent, result dropped) (memcard.c:67-134). Callers: memcard_ReadFile / memcard_WriteFile ack both sets before read() / write() on the card file and wait in memcard_WaitHwEvent (:255-258, :281-284); func_80037D14 polls the software set around _card_info / _card_load / _card_clear (src/main/28514.c:25-84). RAW SCAN of disc/SLUS_006.63 (tmp/p3w13/r/scan.py, rerun at aecfba184, output tmp/p3w15/c/scan.txt; every lui/addiu/load/store and gp-relative form plus .word values; loads and stores of any width overlapping 0x800A37FC..0x800A37FF): exactly the 6 gp-relative sites of the asm lines cited above, nothing else, no .word. CRT0: __SN_ENTRY_POINT zeroes every word from 0x800A3308 (D_800A3308) up to D_801078E0 at startup (asm/funcs/__SN_ENTRY_POINT.s:2-11, the store :7 sw $zero, 0x0($v0)), this word included. WHY, word by word (Sony's names: shdecompilations/silent-hill-decomp@d9e28f83 include/psyq/kernel.h ($PSLibId: Run-time Library Release 4.3$; copy fetched to tmp/p3w15/c/ext/sh_kernel.h)): the class argument 0xF4000001 is Sony's SwCARD = 0xF4000001 (DescSW 0xf4000000 | 0x01, kernel.h:26, :44 'memory card'); the spec 0x100 is EvSpTIMOUT (kernel.h:67 'time out'); the mode 0x2000 is EvMdNOINTR (kernel.h:80). 'memcard': the event class is the memory-card class in Sony's own comment, and memcard_Init opens it right after libcard's InitCARD(1) / StartCARD() / _bu_init() (memcard.c:29-31). 'sw': SwCARD is the software (DescSW, BIOS) descriptor class, as opposed to HwCARD for the sibling set. 'event': the word is the descriptor OpenEvent returns and the only thing done with it is EnableEvent / TestEvent / CloseEvent (libapi.h prototypes, include/psxsdk/libapi.h:50-52). 'timeout': the spec is EvSpTIMOUT ('err' for ERROR, 'timeout' for TIMOUT). No access contradicts any word; width (s32 word) and lifetime (Init .. Quit) agree everywhere. BASIS: the OpenEvent call memcard.c:36 restated with Sony's kernel.h names. Inventory: Codex c6 (c6-data-char-menu-card-2) called it KEEP-CANDIDATE; not evidence (N3), re-derived here. Mined by Claude (wave15 batch c). Cites at aecfba184.",CONFIRM,"naming-reviewer pre-apply PASS 2026-10-09 (wave15 KEEP, fresh)"
0x800A3800,g_memcard_sw_event_new,g_memcard_sw_event_new,keep,"KEEP. extern s32 g_memcard_sw_event_new (src/main/memcard.c:18); tentative definition (COMMON) memcard.c:293; .bss (0x800A3800 = main_BSS_START in build/bb2.map), 4 bytes. REGISTRIES: named_syms.txt:533 and :2056, undefined_syms_auto.txt:93 (all definition lines of this name at this address; their tails restate OpenEvent arguments). ACCESSES (every one is the event descriptor itself: one store of OpenEvent's result, every other access hands the word to a kernel event call): memcard_Init src/main/memcard.c:37/:46 [memcard_Init.s:45 sw, :81 lw]; memcard_Quit src/main/memcard.c:58 [memcard_Quit.s:15 lw]; memcard_PollSwEventsTimeout src/main/memcard.c:80 [memcard_PollSwEventsTimeout.s:24 lw]; memcard_PollSwEvents src/main/memcard.c:101 [memcard_PollSwEvents.s:20 lw]; memcard_AckSwEvents src/main/memcard.c:108 [memcard_AckSwEvents.s:13 lw]. In detail: memcard_Init stores OpenEvent(0xF4000001, 0x2000, 0x2000, 0) inside EnterCriticalSection / ExitCriticalSection and then EnableEvent()s it (memcard.c:28-51); memcard_Quit CloseEvent()s it (:53-65); memcard_PollSwEventsTimeout / memcard_PollSwEvents (TestEvent == 1 maps it to result 4) and memcard_AckSwEvents (TestEvent, result dropped) (memcard.c:67-134). Callers: memcard_ReadFile / memcard_WriteFile ack both sets before read() / write() on the card file and wait in memcard_WaitHwEvent (:255-258, :281-284); func_80037D14 polls the software set around _card_info / _card_load / _card_clear (src/main/28514.c:25-84). RAW SCAN of disc/SLUS_006.63 (tmp/p3w13/r/scan.py, rerun at aecfba184, output tmp/p3w15/c/scan.txt; every lui/addiu/load/store and gp-relative form plus .word values; loads and stores of any width overlapping 0x800A3800..0x800A3803): exactly the 6 gp-relative sites of the asm lines cited above, nothing else, no .word. CRT0: __SN_ENTRY_POINT zeroes every word from 0x800A3308 (D_800A3308) up to D_801078E0 at startup (asm/funcs/__SN_ENTRY_POINT.s:2-11, the store :7 sw $zero, 0x0($v0)), this word included. WHY, word by word (Sony's names: shdecompilations/silent-hill-decomp@d9e28f83 include/psyq/kernel.h ($PSLibId: Run-time Library Release 4.3$; copy fetched to tmp/p3w15/c/ext/sh_kernel.h)): the class argument 0xF4000001 is Sony's SwCARD = 0xF4000001 (DescSW 0xf4000000 | 0x01, kernel.h:26, :44 'memory card'); the spec 0x2000 is EvSpNEW (kernel.h:72 'new device'); the mode 0x2000 is EvMdNOINTR (kernel.h:80). 'memcard': the event class is the memory-card class in Sony's own comment, and memcard_Init opens it right after libcard's InitCARD(1) / StartCARD() / _bu_init() (memcard.c:29-31). 'sw': SwCARD is the software (DescSW, BIOS) descriptor class, as opposed to HwCARD for the sibling set. 'event': the word is the descriptor OpenEvent returns and the only thing done with it is EnableEvent / TestEvent / CloseEvent (libapi.h prototypes, include/psxsdk/libapi.h:50-52). 'new': the spec is EvSpNEW. No access contradicts any word; width (s32 word) and lifetime (Init .. Quit) agree everywhere. BASIS: the OpenEvent call memcard.c:37 restated with Sony's kernel.h names. Inventory: Codex c6 (c6-data-char-menu-card-2) called it KEEP-CANDIDATE; not evidence (N3), re-derived here. Mined by Claude (wave15 batch c). Cites at aecfba184.",CONFIRM,"naming-reviewer pre-apply PASS 2026-10-09 (wave15 KEEP, fresh)"
0x800A3838,g_memcard_hw_event_ioe,g_memcard_hw_event_ioe,keep,"KEEP. extern s32 g_memcard_hw_event_ioe (src/main/memcard.c:19); tentative definition (COMMON) memcard.c:294; .bss, 4 bytes. REGISTRIES: named_syms.txt:534 and :2057, undefined_syms_auto.txt:113 (all definition lines of this name at this address; their tails restate OpenEvent arguments). ACCESSES (every one is the event descriptor itself: one store of OpenEvent's result, every other access hands the word to a kernel event call): memcard_Init src/main/memcard.c:38/:47 [memcard_Init.s:52 sw, :84 lw]; memcard_Quit src/main/memcard.c:59 [memcard_Quit.s:18 lw]; memcard_WaitHwEvent src/main/memcard.c:114 [memcard_WaitHwEvent.s:7 lw]; memcard_AckHwEvents src/main/memcard.c:130 [memcard_AckHwEvents.s:2 lw]. In detail: memcard_Init stores OpenEvent(0xF0000011, 0x4, 0x2000, 0) inside EnterCriticalSection / ExitCriticalSection and then EnableEvent()s it (memcard.c:28-51); memcard_Quit CloseEvent()s it (:53-65); memcard_WaitHwEvent (loops until a TestEvent == 1; it maps this one to 1) and memcard_AckHwEvents (TestEvent, result dropped) (memcard.c:67-134). Callers: memcard_ReadFile / memcard_WriteFile ack both sets before read() / write() on the card file and wait in memcard_WaitHwEvent (:255-258, :281-284); func_80037D14 polls the software set around _card_info / _card_load / _card_clear (src/main/28514.c:25-84). RAW SCAN of disc/SLUS_006.63 (tmp/p3w13/r/scan.py, rerun at aecfba184, output tmp/p3w15/c/scan.txt; every lui/addiu/load/store and gp-relative form plus .word values; loads and stores of any width overlapping 0x800A3838..0x800A383B): exactly the 5 gp-relative sites of the asm lines cited above, nothing else, no .word. CRT0: __SN_ENTRY_POINT zeroes every word from 0x800A3308 (D_800A3308) up to D_801078E0 at startup (asm/funcs/__SN_ENTRY_POINT.s:2-11, the store :7 sw $zero, 0x0($v0)), this word included. WHY, word by word (Sony's names: shdecompilations/silent-hill-decomp@d9e28f83 include/psyq/kernel.h ($PSLibId: Run-time Library Release 4.3$; copy fetched to tmp/p3w15/c/ext/sh_kernel.h)): the class argument 0xF0000011 is Sony's HwCARD = 0xF0000011 (DescHW 0xf0000000 | 0x11, kernel.h:22, :41 'memory card'); the spec 0x4 is EvSpIOE (kernel.h:61 'end of i/o'); the mode 0x2000 is EvMdNOINTR (kernel.h:80). 'memcard': the event class is the memory-card class in Sony's own comment, and memcard_Init opens it right after libcard's InitCARD(1) / StartCARD() / _bu_init() (memcard.c:29-31). 'hw': HwCARD is the hardware (DescHW) descriptor class, as opposed to SwCARD for the sibling set. 'event': the word is the descriptor OpenEvent returns and the only thing done with it is EnableEvent / TestEvent / CloseEvent (libapi.h prototypes, include/psxsdk/libapi.h:50-52). 'ioe': the spec is EvSpIOE. No access contradicts any word; width (s32 word) and lifetime (Init .. Quit) agree everywhere. BASIS: the OpenEvent call memcard.c:38 restated with Sony's kernel.h names. Inventory: Codex c6 (c6-data-char-menu-card-2) called it KEEP-CANDIDATE; not evidence (N3), re-derived here. Mined by Claude (wave15 batch c). Cites at aecfba184.",CONFIRM,"naming-reviewer pre-apply PASS 2026-10-09 (wave15 KEEP, fresh)"
0x800A383C,g_memcard_hw_event_err,g_memcard_hw_event_err,keep,"KEEP. extern s32 g_memcard_hw_event_err (src/main/memcard.c:20); tentative definition (COMMON) memcard.c:295; .bss, 4 bytes. REGISTRIES: named_syms.txt:535 and :2058, undefined_syms_auto.txt:114 (all definition lines of this name at this address; their tails restate OpenEvent arguments). ACCESSES (every one is the event descriptor itself: one store of OpenEvent's result, every other access hands the word to a kernel event call): memcard_Init src/main/memcard.c:39/:48 [memcard_Init.s:59 sw, :87 lw]; memcard_Quit src/main/memcard.c:60 [memcard_Quit.s:21 lw]; memcard_WaitHwEvent src/main/memcard.c:117 [memcard_WaitHwEvent.s:12 lw]; memcard_AckHwEvents src/main/memcard.c:131 [memcard_AckHwEvents.s:7 lw]. In detail: memcard_Init stores OpenEvent(0xF0000011, 0x8000, 0x2000, 0) inside EnterCriticalSection / ExitCriticalSection and then EnableEvent()s it (memcard.c:28-51); memcard_Quit CloseEvent()s it (:53-65); memcard_WaitHwEvent (loops until a TestEvent == 1; it maps this one to 2) and memcard_AckHwEvents (TestEvent, result dropped) (memcard.c:67-134). Callers: memcard_ReadFile / memcard_WriteFile ack both sets before read() / write() on the card file and wait in memcard_WaitHwEvent (:255-258, :281-284); func_80037D14 polls the software set around _card_info / _card_load / _card_clear (src/main/28514.c:25-84). RAW SCAN of disc/SLUS_006.63 (tmp/p3w13/r/scan.py, rerun at aecfba184, output tmp/p3w15/c/scan.txt; every lui/addiu/load/store and gp-relative form plus .word values; loads and stores of any width overlapping 0x800A383C..0x800A383F): exactly the 5 gp-relative sites of the asm lines cited above, nothing else, no .word. CRT0: __SN_ENTRY_POINT zeroes every word from 0x800A3308 (D_800A3308) up to D_801078E0 at startup (asm/funcs/__SN_ENTRY_POINT.s:2-11, the store :7 sw $zero, 0x0($v0)), this word included. WHY, word by word (Sony's names: shdecompilations/silent-hill-decomp@d9e28f83 include/psyq/kernel.h ($PSLibId: Run-time Library Release 4.3$; copy fetched to tmp/p3w15/c/ext/sh_kernel.h)): the class argument 0xF0000011 is Sony's HwCARD = 0xF0000011 (DescHW 0xf0000000 | 0x11, kernel.h:22, :41 'memory card'); the spec 0x8000 is EvSpERROR (kernel.h:74 'error happned'); the mode 0x2000 is EvMdNOINTR (kernel.h:80). 'memcard': the event class is the memory-card class in Sony's own comment, and memcard_Init opens it right after libcard's InitCARD(1) / StartCARD() / _bu_init() (memcard.c:29-31). 'hw': HwCARD is the hardware (DescHW) descriptor class, as opposed to SwCARD for the sibling set. 'event': the word is the descriptor OpenEvent returns and the only thing done with it is EnableEvent / TestEvent / CloseEvent (libapi.h prototypes, include/psxsdk/libapi.h:50-52). 'err': the spec is EvSpERROR ('err' for ERROR, 'timeout' for TIMOUT). No access contradicts any word; width (s32 word) and lifetime (Init .. Quit) agree everywhere. BASIS: the OpenEvent call memcard.c:39 restated with Sony's kernel.h names. Inventory: Codex c6 (c6-data-char-menu-card-2) called it KEEP-CANDIDATE; not evidence (N3), re-derived here. Mined by Claude (wave15 batch c). Cites at aecfba184.",CONFIRM,"naming-reviewer pre-apply PASS 2026-10-09 (wave15 KEEP, fresh)"
0x800A3848,g_memcard_hw_event_timeout,g_memcard_hw_event_timeout,keep,"KEEP. extern s32 g_memcard_hw_event_timeout (src/main/memcard.c:21); tentative definition (COMMON) memcard.c:296; .bss, 4 bytes. REGISTRIES: named_syms.txt:536 and :2059, undefined_syms_auto.txt:117 (all definition lines of this name at this address; their tails restate OpenEvent arguments). ACCESSES (every one is the event descriptor itself: one store of OpenEvent's result, every other access hands the word to a kernel event call): memcard_Init src/main/memcard.c:40/:49 [memcard_Init.s:66 sw, :90 lw]; memcard_Quit src/main/memcard.c:61 [memcard_Quit.s:24 lw]; memcard_WaitHwEvent src/main/memcard.c:120 [memcard_WaitHwEvent.s:17 lw]; memcard_AckHwEvents src/main/memcard.c:132 [memcard_AckHwEvents.s:10 lw]. In detail: memcard_Init stores OpenEvent(0xF0000011, 0x100, 0x2000, 0) inside EnterCriticalSection / ExitCriticalSection and then EnableEvent()s it (memcard.c:28-51); memcard_Quit CloseEvent()s it (:53-65); memcard_WaitHwEvent (loops until a TestEvent == 1; it maps this one to 3) and memcard_AckHwEvents (TestEvent, result dropped) (memcard.c:67-134). Callers: memcard_ReadFile / memcard_WriteFile ack both sets before read() / write() on the card file and wait in memcard_WaitHwEvent (:255-258, :281-284); func_80037D14 polls the software set around _card_info / _card_load / _card_clear (src/main/28514.c:25-84). RAW SCAN of disc/SLUS_006.63 (tmp/p3w13/r/scan.py, rerun at aecfba184, output tmp/p3w15/c/scan.txt; every lui/addiu/load/store and gp-relative form plus .word values; loads and stores of any width overlapping 0x800A3848..0x800A384B): exactly the 5 gp-relative sites of the asm lines cited above, nothing else, no .word. CRT0: __SN_ENTRY_POINT zeroes every word from 0x800A3308 (D_800A3308) up to D_801078E0 at startup (asm/funcs/__SN_ENTRY_POINT.s:2-11, the store :7 sw $zero, 0x0($v0)), this word included. WHY, word by word (Sony's names: shdecompilations/silent-hill-decomp@d9e28f83 include/psyq/kernel.h ($PSLibId: Run-time Library Release 4.3$; copy fetched to tmp/p3w15/c/ext/sh_kernel.h)): the class argument 0xF0000011 is Sony's HwCARD = 0xF0000011 (DescHW 0xf0000000 | 0x11, kernel.h:22, :41 'memory card'); the spec 0x100 is EvSpTIMOUT (kernel.h:67 'time out'); the mode 0x2000 is EvMdNOINTR (kernel.h:80). 'memcard': the event class is the memory-card class in Sony's own comment, and memcard_Init opens it right after libcard's InitCARD(1) / StartCARD() / _bu_init() (memcard.c:29-31). 'hw': HwCARD is the hardware (DescHW) descriptor class, as opposed to SwCARD for the sibling set. 'event': the word is the descriptor OpenEvent returns and the only thing done with it is EnableEvent / TestEvent / CloseEvent (libapi.h prototypes, include/psxsdk/libapi.h:50-52). 'timeout': the spec is EvSpTIMOUT ('err' for ERROR, 'timeout' for TIMOUT). No access contradicts any word; width (s32 word) and lifetime (Init .. Quit) agree everywhere. BASIS: the OpenEvent call memcard.c:40 restated with Sony's kernel.h names. Inventory: Codex c6 (c6-data-char-menu-card-2) called it KEEP-CANDIDATE; not evidence (N3), re-derived here. Mined by Claude (wave15 batch c). Cites at aecfba184.",CONFIRM,"naming-reviewer pre-apply PASS 2026-10-09 (wave15 KEEP, fresh)"
0x800A3850,g_memcard_hw_event_new,g_memcard_hw_event_new,keep,"KEEP. extern s32 g_memcard_hw_event_new (src/main/memcard.c:22); tentative definition (COMMON) memcard.c:297; .bss, 4 bytes. REGISTRIES: named_syms.txt:537 and :2060, undefined_syms_auto.txt:119 (all definition lines of this name at this address; their tails restate OpenEvent arguments). ACCESSES (every one is the event descriptor itself: one store of OpenEvent's result, every other access hands the word to a kernel event call): memcard_Init src/main/memcard.c:41/:50 [memcard_Init.s:69 sw, :93 lw]; memcard_Quit src/main/memcard.c:62 [memcard_Quit.s:27 lw]; memcard_WaitHwEvent src/main/memcard.c:123 [memcard_WaitHwEvent.s:22 lw]; memcard_AckHwEvents src/main/memcard.c:133 [memcard_AckHwEvents.s:13 lw]. In detail: memcard_Init stores OpenEvent(0xF0000011, 0x2000, 0x2000, 0) inside EnterCriticalSection / ExitCriticalSection and then EnableEvent()s it (memcard.c:28-51); memcard_Quit CloseEvent()s it (:53-65); memcard_WaitHwEvent (loops until a TestEvent == 1; it maps this one to 4) and memcard_AckHwEvents (TestEvent, result dropped) (memcard.c:67-134). Callers: memcard_ReadFile / memcard_WriteFile ack both sets before read() / write() on the card file and wait in memcard_WaitHwEvent (:255-258, :281-284); func_80037D14 polls the software set around _card_info / _card_load / _card_clear (src/main/28514.c:25-84). RAW SCAN of disc/SLUS_006.63 (tmp/p3w13/r/scan.py, rerun at aecfba184, output tmp/p3w15/c/scan.txt; every lui/addiu/load/store and gp-relative form plus .word values; loads and stores of any width overlapping 0x800A3850..0x800A3853): exactly the 5 gp-relative sites of the asm lines cited above, nothing else, no .word. CRT0: __SN_ENTRY_POINT zeroes every word from 0x800A3308 (D_800A3308) up to D_801078E0 at startup (asm/funcs/__SN_ENTRY_POINT.s:2-11, the store :7 sw $zero, 0x0($v0)), this word included. WHY, word by word (Sony's names: shdecompilations/silent-hill-decomp@d9e28f83 include/psyq/kernel.h ($PSLibId: Run-time Library Release 4.3$; copy fetched to tmp/p3w15/c/ext/sh_kernel.h)): the class argument 0xF0000011 is Sony's HwCARD = 0xF0000011 (DescHW 0xf0000000 | 0x11, kernel.h:22, :41 'memory card'); the spec 0x2000 is EvSpNEW (kernel.h:72 'new device'); the mode 0x2000 is EvMdNOINTR (kernel.h:80). 'memcard': the event class is the memory-card class in Sony's own comment, and memcard_Init opens it right after libcard's InitCARD(1) / StartCARD() / _bu_init() (memcard.c:29-31). 'hw': HwCARD is the hardware (DescHW) descriptor class, as opposed to SwCARD for the sibling set. 'event': the word is the descriptor OpenEvent returns and the only thing done with it is EnableEvent / TestEvent / CloseEvent (libapi.h prototypes, include/psxsdk/libapi.h:50-52). 'new': the spec is EvSpNEW. No access contradicts any word; width (s32 word) and lifetime (Init .. Quit) agree everywhere. BASIS: the OpenEvent call memcard.c:41 restated with Sony's kernel.h names. Inventory: Codex c6 (c6-data-char-menu-card-2) called it KEEP-CANDIDATE; not evidence (N3), re-derived here. Mined by Claude (wave15 batch c). Cites at aecfba184.",CONFIRM,"naming-reviewer pre-apply PASS 2026-10-09 (wave15 KEEP, fresh)"
0x800A38C8,g_memcard_file_count,g_memcard_file_count,keep,"KEEP. extern s32 g_memcard_file_count (src/main/memcard.c:24); tentative definition (COMMON) memcard.c:298; .bss, 4 bytes. REGISTRIES: named_syms.txt:1557 (tail 'number of files found in memcard scan'), undefined_syms_auto.txt:154. ACCESSES: memcard_CountFiles src/main/memcard.c:150 [memcard_CountFiles.s:29 sw]; func_80037AA4 src/main/memcard.c:172 [func_80037AA4.s:4 lw]; func_80037B00 src/main/memcard.c:202/:203 [func_80037B00.s:3 lw]. Roles: memcard_CountFiles stores the number of directory entries firstfile() / nextfile() returned for the pattern 'bu%1d%1d:*' (g_str_memcard_fmt, memcard.c:12; :141-151) and returns it; func_80037AA4 uses it as the bound of the walk that sums g_memcard_file_list[i].size and returns 15 - total / 8192 (:170-187); func_80037B00 uses it as the bound of the walk that compares each entry's name with arg0 (:201-205). RAW SCAN of disc/SLUS_006.63 (tmp/p3w13/r/scan.py, rerun at aecfba184, output tmp/p3w15/c/scan.txt; every lui/addiu/load/store and gp-relative form plus .word values; loads and stores of any width overlapping 0x800A38C8..0x800A38CB): exactly 1 sw (0x80037A84 memcard_CountFiles) and 2 lw (0x80037AAC func_80037AA4, 0x80037B04 func_80037B00), gp-relative, no .word. CRT0: __SN_ENTRY_POINT zeroes every word from 0x800A3308 (D_800A3308) up to D_801078E0 at startup (asm/funcs/__SN_ENTRY_POINT.s:2-11, the store :7 sw $zero, 0x0($v0)), this word included. WHY, word by word: 'memcard': the files counted are on the 'bu' (memory card) device; 'file_count': the count of directory entries (files) found, and both readers use it as the number of valid g_memcard_file_list entries. No access contradicts either word. BASIS: memcard.c:150 restated. Inventory: Codex c6 (c6-data-char-menu-card-2) called it KEEP-CANDIDATE; not evidence (N3), re-derived here. Mined by Claude (wave15 batch c). Cites at aecfba184.",CONFIRM,"naming-reviewer pre-apply PASS 2026-10-09 (wave15 KEEP, fresh)"
0x800A38D8,g_gpu_ot256_ptr,g_gpu_ot256_ptr,keep,"KEEP. extern u32 *g_gpu_ot256_ptr (src/main/368E4.c:1633); tentative definition (COMMON) 368E4.c:2415; .bss, 4 bytes. REGISTRIES: named_syms.txt:2192 (tail '+2 from D_800A38D6', note 'was g_replay_pos_change_count_plus_2', stale prose), undefined_syms_auto.txt:159. ACCESSES: func_80048BA4 src/main/368E4.c:1714/:1715/:1717/:1718 [func_80048BA4.s:218 sw, :223 lw, :230 lw]; func_80051D08 (INCLUDE_ASM body) [func_80051D08.s:18 lw]; func_80051ED4 (INCLUDE_ASM body) [func_80051ED4.s:18 lw]. Roles: func_80048BA4 points it at g_gpu_ot256_db[D_800A36AC & 1], clears that table with ClearOTagR(g_gpu_ot256_ptr, 0x100), and links the table into the main OT slot D_800A378C points at: D_800A378C[0] = (g_gpu_ot256_ptr + 0xFF) & 0xFFFFFF, *g_gpu_ot256_ptr = old (368E4.c:1714-1718); func_80051D08 and func_80051ED4 (INCLUDE_ASM bodies, src/main/3AB48.c:84-85; hand-written GTE loops) load it into $s4 and, for each visible polygon, link the packet into $s4[(depth >> 4) & 0xFF]: the slot's old link | 0x04000000 into the packet tag and the packet address & 0xFFFFFF into the slot (func_80051D08.s:94-101, func_80051ED4.s:100-107 andi 0xFF / sll 2 / addu $s4 / lw / and / sw / or / sw; $s5 = 0x04000000 and $fp = 0xFFFFFF set at :19-21 / its own prologue). RAW SCAN of disc/SLUS_006.63 (tmp/p3w13/r/scan.py, rerun at aecfba184, output tmp/p3w15/c/scan.txt; every lui/addiu/load/store and gp-relative form plus .word values; loads and stores of any width overlapping 0x800A38D8..0x800A38DB): func_80048BA4 sw 0x80048EF0, lw 0x80048F04 / 0x80048F20; func_80051D08 lw 0x80051D48; func_80051ED4 lw 0x80051F14; nothing else, no .word. CRT0: __SN_ENTRY_POINT zeroes every word from 0x800A3308 (D_800A3308) up to D_801078E0 at startup (asm/funcs/__SN_ENTRY_POINT.s:2-11, the store :7 sw $zero, 0x0($v0)), this word included. WHY, word by word: 'ot256': the table it points at is a 256-entry ordering table (ClearOTagR count 0x100; the asm users mask the slot index & 0xFF; g_gpu_ot256_db rows are u32[256]); 'ptr': a u32 * re-pointed each frame at the current row; 'gpu': libgpu ClearOTagR and GPU packet linking. No access contradicts any word. BASIS: 368E4.c:1714-1715 restated. Inventory: Codex c6 (c6-data-gpu-pad-cd-2) called it KEEP-CANDIDATE; not evidence (N3), re-derived here. Mined by Claude (wave15 batch c). Cites at aecfba184.",CONFIRM,"naming-reviewer pre-apply PASS 2026-10-09 (wave15 KEEP, fresh)"
0x800A9A24,g_gpu_store_buf,g_gpu_store_buf,keep,"KEEP. extern u16 g_gpu_store_buf[][16] (src/main/31D3C.c:212); .bss 0x800A9A24..0x800A9B27 (0x104 bytes; D_800A9B28 follows in build/bb2.map). REGISTRIES: named_syms.txt:1234 (tail 'TIM/texture data buffer passed to gpu_LoadImage', note 'was g_text1a_texture_data'), undefined_syms_auto.txt:212. ACCESSES: func_80041AC8 src/main/31D3C.c:257 [func_80041AC8.s:51 addiu]; func_80041BF4 src/main/31D3C.c:338 [func_80041BF4.s:92 addiu]. Roles: func_80041AC8 walks the (x, y) list D_80094DF0[D_80094E08[id]] until a negative x and for each pair StoreImage()s the 16 x 1 VRAM rect at (x + xoff, y + yoff) into the next 32-byte row of this buffer (var_s1++, 31D3C.c:257-272; the 0x20 step is func_80041AC8.s:58), then DrawSync(0) (:274); it records the id in D_800A9A20 (:233). func_80041BF4, only for the same id (:301), LoadImage()s row idx back to the same 16 x 1 rects for both offset pairs (-0x140, 0xF0) and (0x80, 0), each followed by DrawSync(0) and func_80048A7C(x, y, 0x10, r, g, b) (:333-341). RAW SCAN of disc/SLUS_006.63 (tmp/p3w13/r/scan.py, rerun at aecfba184, output tmp/p3w15/c/scan.txt; every lui/addiu/load/store and gp-relative form plus .word values; loads and stores of any width overlapping 0x800A9A24..0x800A9B27): func_80041AC8 addiu 0x80041B84 and its +0x20 step 0x80041B9C; func_80041BF4 addiu 0x80041D48; nothing else, no .word. CRT0: __SN_ENTRY_POINT zeroes every word from 0x800A3308 (D_800A3308) up to D_801078E0 at startup (asm/funcs/__SN_ENTRY_POINT.s:2-11, the store :7 sw $zero, 0x0($v0)), the whole buffer included. WHY, word by word: 'gpu': both accesses are the data pointer of libgpu VRAM transfers (shdecompilations/silent-hill-decomp@d9e28f83 include/psyq/libgpu.h ($PSLibId: Run-time Library Release 4.3$; copy fetched to tmp/p3w15/c/ext/sh_libgpu.h):730 'int LoadImage(RECT *rect, u_long *p)', :737 'int StoreImage(RECT *rect, u_long *p)'); 'store': the buffer is the target of StoreImage (VRAM to RAM), its only write; its one read loads those saved rows back with LoadImage; 'buf': consecutive 32-byte rows, one per 16 x 1 rect. No access contradicts any word. RISK: 'store' names the filling call, not the contents (16-pixel rows, read back for func_80048A7C); a reviewer preferring the neutral name under N2 could RESET it. BASIS: 31D3C.c:257-268 restated. Inventory: Codex c6 (c6-data-gpu-pad-cd-2) called it KEEP-CANDIDATE; not evidence (N3), re-derived here. Mined by Claude (wave15 batch c). Cites at aecfba184.",CONFIRM,"naming-reviewer pre-apply PASS 2026-10-09 (wave15 KEEP, fresh)"
0x800F5370,g_scratchpad_save,g_scratchpad_save,keep,"KEEP. extern u32 g_scratchpad_save (src/main/6CF8.c:15; used only through its address); .bss 0x800F5370..0x800F574F (0x3E0 bytes = 0xF8 words; _svm_rattr follows at 0x800F5750 in build/bb2.map). REGISTRIES: named_syms.txt:382 (tail '0x3E0-byte main-RAM backup of PSX scratchpad RAM (0x1F800000)'), undefined_syms_auto.txt:386; comment text only: named_syms.txt:377/:378. ACCESSES: scratchpad_Save src/main/6CF8.c:787 [func_80017F28.s:4 addiu]; scratchpad_Restore src/main/6CF8.c:795 [func_80017F5C.s:3 addiu]. Roles: scratchpad_Save copies 0xF8 words from 0x1F800000 into it (6CF8.c:785-792); scratchpad_Restore copies the 0xF8 words back to 0x1F800000 (:794-801). RAW SCAN of disc/SLUS_006.63 (tmp/p3w13/r/scan.py, rerun at aecfba184, output tmp/p3w15/c/scan.txt; every lui/addiu/load/store and gp-relative form plus .word values; loads and stores of any width overlapping 0x800F5370..0x800F574F): scratchpad_Save addiu 0x80017F30, sw 0x80017F44, step 0x80017F50; scratchpad_Restore addiu 0x80017F60, lw 0x80017F6C, step 0x80017F70. scan.txt also lists 3 lw at 0x8001BC98..0x8001BCA0 under func_8001BC70: a register-carry artifact: func_8001BC70 copies its a0 parameter into $s0 (asm/funcs/func_8001BC70.s:4) and reads 0x174..0x17C($s0) (:12-14), arg0->unk_174 of an Unk80101EC8Record * (src/main/9F9C.c:1076-1078; sole caller func_8001EA84 :2204 passes &D_80101EC8[..]), while the linear scan still held $a0 = D_800F5328 from func_8001BBD8 (func_8001BBD8.s:22-23 lui / addiu) just before it. Nothing else, no .word. CRT0: __SN_ENTRY_POINT zeroes every word from 0x800A3308 (D_800A3308) up to D_801078E0 at startup (asm/funcs/__SN_ENTRY_POINT.s:2-11, the store :7 sw $zero, 0x0($v0)), the whole area included. WHY, word by word: 'scratchpad': the words saved and restored are 0x1F800000.., the scratchpad RAM (AGENTS.md: '0x1F800000-0x1F8003FF is scratchpad RAM'); 'save': the area scratchpad_Save fills and scratchpad_Restore reads back, nothing else. No access contradicts either word. BASIS: 6CF8.c:785-801 restated. Inventory: Codex c6 (c6-data-gpu-pad-cd-2) called it KEEP-CANDIDATE; not evidence (N3), re-derived here. Mined by Claude (wave15 batch c). Cites at aecfba184.",CONFIRM,"naming-reviewer pre-apply PASS 2026-10-09 (wave15 KEEP, fresh)"
0x800F5768,g_gpu_ot256_db,g_gpu_ot256_db,keep,"KEEP. extern u32 g_gpu_ot256_db[][256] (src/main/368E4.c:1634); .bss 0x800F5768..0x800F5F67 (0x800 bytes = 2 x 256 words; D_800F5F68 follows in build/bb2.map). REGISTRIES: undefined_syms_auto.txt:388 (note 'was D_800F5768'); no other line. ACCESSES: func_80048BA4 src/main/368E4.c:1714 [func_80048BA4.s:214 addiu]: g_gpu_ot256_ptr = g_gpu_ot256_db[D_800A36AC & 1], then cleared with ClearOTagR(.., 0x100) and linked into the main OT (368E4.c:1714-1718; see the g_gpu_ot256_ptr row). THE INDEX: D_800A36AC is zeroed at startup of main (src/main/6CF8.c:447 [main.s:31 sw $zero]) and incremented once per presented frame (:507 [main.s:162 sw]; func_80016E60 :369 [func_80016E60.s:103 sw]); the same parity picks the display buffer g_gpu_db[D_800A36AC & 1] (6CF8.c:450-451). RAW SCAN of disc/SLUS_006.63 (tmp/p3w13/r/scan.py, rerun at aecfba184, output tmp/p3w15/c/scan.txt; every lui/addiu/load/store and gp-relative form plus .word values; loads and stores of any width overlapping 0x800F5768..0x800F5F67): the one addiu 0x80048EE0 (func_80048BA4); nothing else, no .word. CRT0: __SN_ENTRY_POINT zeroes every word from 0x800A3308 (D_800A3308) up to D_801078E0 at startup (asm/funcs/__SN_ENTRY_POINT.s:2-11, the store :7 sw $zero, 0x0($v0)), the whole array included. WHY, word by word: 'ot256': each row is a 256-entry ordering table (ClearOTagR count 0x100); 'db': two rows used alternately by frame parity, one per display buffer, the double-buffering of g_gpu_db; 'gpu': libgpu ordering tables. No access contradicts any word. BASIS: 368E4.c:1714 restated. Inventory: Codex c6 (c6-data-motion-gpu-pad) called it KEEP-CANDIDATE; not evidence (N3), re-derived here. Mined by Claude (wave15 batch c). Cites at aecfba184.",CONFIRM,"naming-reviewer pre-apply PASS 2026-10-09 (wave15 KEEP, fresh)"
0x800F7438,g_gpu_db,g_gpu_db,keep,"KEEP. extern GpuDb g_gpu_db[2] (include/bb2.h:11); type include/game.h:55-64 (DRAWENV draw +0x00, DISPENV disp +0x5C, u32 ot[0x1008] +0x70; 0x4090 bytes); .bss 0x800F7438..0x800FF557 (D_800FF558 follows in build/bb2.map). REGISTRIES: named_syms.txt:121, symbol_addrs.txt:172, undefined_syms_auto.txt:427 (tails 'GpuDb[2] display double buffer ...', notes 'was g_disp_fb_base' / 'was D_800F7438'); comment text only: named_syms.txt:705/:1591/:2155. ACCESSES (asm aliases g_gpu_db_plus_0xN are member spellings: +0x18 draw.isbg, +0x6C / +0x6D disp.isinter / isrgb24 of [0], +0x40EC [1].disp, +0x40FC / +0x40FD [1].disp.isinter / isrgb24): func_8005FC9C src/main/3AB48.c:5338 [func_8005FC9C.s:33 addiu]; func_800693CC src/main/51268.c:3847 [func_800693CC.s:19 addiu]; func_8006B898 src/main/51268.c:5031 [func_8006B898.s:22 addiu]; func_8006C168 src/main/51268.c:5283 [func_8006C168.s:22 addiu]; func_8006D338 src/main/51268.c:5761 [func_8006D338.s:22 addiu]; func_8006D74C src/main/51268.c:5862 [func_8006D74C.s:24 addiu]; func_8006E068 src/main/51268.c:6077 [func_8006E068.s:24 addiu]; func_8006E10C src/main/51268.c:6116/:6117/:6118/:6119/:6120/:6121/:6122/:6123/:6129/:6130 [func_8006E10C.s:44 addiu, :71 sb g_gpu_db_plus_0x6C, :73 sb g_gpu_db_plus_0x40FC, :75 sb g_gpu_db_plus_0x6D, :77 sb g_gpu_db_plus_0x40FD]; func_8006E2A8 src/main/51268.c:6140/:6141 [func_8006E2A8.s:9 addiu]; func_8006EACC src/main/5ED34.c:221 [func_8006EACC.s:12 addiu]; func_80077724 src/main/64FD8.c:1229 [func_80077724.s:9 addiu]; gpu_SetDrawEnvBg src/main/6CF8.c:110/:111 [gpu_SetDrawEnvBg.s:4 addiu, :9 sb g_gpu_db_plus_0x18]; disp_Init src/main/6CF8.c:165/:166/:167/:168 [func_80016918.s:22 addiu]; func_80016A8C src/main/6CF8.c:196/:200/:237 [func_80016A8C.s:21 addiu g_gpu_db_plus_0x40EC, :101 addiu g_gpu_db_plus_0x40EC]; func_80016E60 src/main/6CF8.c:346 [func_80016E60.s:58 addiu]; main src/main/6CF8.c:451 [main.s:37 addiu]. Roles: disp_Init and func_8006E10C set both records up with SetDefDrawEnv / SetDefDispEnv, drawing [0] at y 0 while displaying y 0xF0 and the reverse for [1] (6CF8.c:165-168; 51268.c:6116-6123), func_8006E10C also clearing disp.isinter / isrgb24 and putting the envs (:6129-6130); gpu_SetDrawEnvBg sets draw.isbg and the clear colour of both (6CF8.c:109-112); func_80016A8C re-defines and puts [1].disp (:196, :200, :237); main and func_80016E60 pick g_gpu_db[D_800A36AC & 1] each frame, put its disp / draw envs and draw its OT (main: ClearOTagR(env->ot, 0x1008) :452-453, DrawOTag(&env->ot[0x1007]) :506); func_8006E2A8 puts the [D_800A3518 & 1] envs (51268.c:6140-6141); func_8005FC9C, func_8006EACC (D_800A35C0, read at 5ED34.c:606-645), func_80077724 (SELWORK->f24, read at 64FD8.c:302-325) and func_800693CC (render_base, read by func_8006A880 as u16 arg1[0..5] = draw.clip / draw.ofs, 51268.c:4580-4592, :4659-4667) read the current record's draw.clip / draw.ofs; func_8006B898, func_8006C168, func_8006D338, func_8006D74C, func_8006E068 (and func_800693CC) pass the current record as func_80069AE4's third argument, which that function does not use (51268.c:4042 'GpuDb *unused_arg'). RAW SCAN of disc/SLUS_006.63 (tmp/p3w13/r/scan.py, rerun at aecfba184, output tmp/p3w15/c/scan.txt; every lui/addiu/load/store and gp-relative form plus .word values; loads and stores of any width overlapping 0x800F7438..0x800FF557): 49 sites in these 16 functions; the 11 lw at 0x8006D868 .. 0x8006DD14 listed under func_8006D808 are a register-carry artifact: func_8006D808 copies its a2 parameter into $s4 (asm/funcs/func_8006D808.s:7) and reads 0x8($s4) etc., a2 being an Unk8006D808Set * (callers 3AB48.c:5645 &D_8009B0C0, 51268.c:6035 &q->unk_00), while the linear scan still held $a2 = &g_gpu_db[..] from func_8006D74C, which ends just before; scan.txt labels the gpu_SetDrawEnvBg sites (asm/funcs/gpu_SetDrawEnvBg.s:4) as pcdrv_LoadSectors (build/bb2.map object label); nothing else, no .word. CRT0: __SN_ENTRY_POINT zeroes every word from 0x800A3308 (D_800A3308) up to D_801078E0 at startup (asm/funcs/__SN_ENTRY_POINT.s:2-11, the store :7 sw $zero, 0x0($v0)), both records included. WHY, word by word: 'db': the two records are the display double buffer, drawn into and displayed alternately by frame parity (D_800A36AC & 1; draw at y 0 while displaying y 0xF0 and the reverse), each with its own DRAWENV, DISPENV and ordering table; 'gpu': every access is a libgpu environment or ordering-table operation (SetDefDrawEnv, SetDefDispEnv, PutDrawEnv, PutDispEnv, ClearOTagR, DrawOTag; shdecompilations/silent-hill-decomp@d9e28f83 include/psyq/libgpu.h ($PSLibId: Run-time Library Release 4.3$; copy fetched to tmp/p3w15/c/ext/sh_libgpu.h):711-716, :739, :752). No access contradicts either word. BASIS: the GpuDb layout and disp_Init. Inventory: Codex c6 (c6-data-gpu-pad-cd-2) called it KEEP-CANDIDATE; not evidence (N3), re-derived here. Mined by Claude (wave15 batch c). Cites at aecfba184.",CONFIRM,"naming-reviewer pre-apply PASS 2026-10-09 (wave15 KEEP, fresh)"
0x800FF580,g_pad_buf,g_pad_buf,keep,"KEEP. extern s32 g_pad_buf[2][9] (include/bb2.h:459); .bss 0x800FF580..0x800FF5C7 (2 x 0x24 bytes; D_800FF5C8 follows in build/bb2.map). REGISTRIES: named_syms.txt:120 (note 'was g_pad_data'), symbol_addrs.txt:168 (tail 'pad data buffer'), undefined_syms_auto.txt:430; comment text only: named_syms.txt:2231 (g_pad_state's tail). ACCESSES (asm aliases g_pad_buf_plus_0x4 / _0x24 / _0x28 are [0][1], [1][0], [1][1]): sys_Init src/main/6CF8.c:178 [func_80016A18.s:7 addiu]; func_80019568 src/main/87A0.c:953/:954/:955/:956 [func_80019568.s:12 lw, :14 lw g_pad_buf_plus_0x4, :16 lw g_pad_buf_plus_0x24, :18 lw g_pad_buf_plus_0x28]. Roles: sys_Init hands both rows to the pad driver, InitPAD(g_pad_buf[0], 8, g_pad_buf[1], 8), then StartPAD() (6CF8.c:178-179; the second buffer is a0 + 0x24, func_80016A18.s:9); func_80019568 reads words 0 and 1 of each row each frame (87A0.c:953-956) and decodes them per port: status byte rec[0] == 0 (:964), type rec[1] >> 4 (:967), buttons ~((rec[2] << 8) | rec[3]) (:984), into g_pad_state. RAW SCAN of disc/SLUS_006.63 (tmp/p3w13/r/scan.py, rerun at aecfba184, output tmp/p3w15/c/scan.txt; every lui/addiu/load/store and gp-relative form plus .word values; loads and stores of any width overlapping 0x800FF580..0x800FF5C7): sys_Init addiu 0x80016A2C / 0x80016A34 (scan.txt prints them under disp_Init: build/bb2.map lists sys_Init only as a script assignment; the PCs are func_80016A18.s:7 / :9); func_80019568 lw 0x80019590, 0x80019598, 0x800195A0, 0x800195A8; nothing else, no .word. CRT0: __SN_ENTRY_POINT zeroes every word from 0x800A3308 (D_800A3308) up to D_801078E0 at startup (asm/funcs/__SN_ENTRY_POINT.s:2-11, the store :7 sw $zero, 0x0($v0)), both rows included. WHY, word by word: 'pad': the buffers are the ones given to InitPAD, the BIOS controller driver (shdecompilations/silent-hill-decomp@d9e28f83 include/psyq/libapi.h ($PSLibId: Run-time Library Release 4.3$; copy fetched to tmp/p3w15/c/ext/sh_libapi.h):69 'extern long InitPAD(char *,long ,char *,long)'), and their only reader decodes controller status / type / button bytes; 'buf': receive buffers the driver fills, read as raw words. No access contradicts either word. BASIS: sys_Init 6CF8.c:178 restated. Inventory: Codex c6 (c6-data-gpu-pad-cd-2) called it KEEP-CANDIDATE; not evidence (N3), re-derived here. Mined by Claude (wave15 batch c). Cites at aecfba184.",CONFIRM,"naming-reviewer pre-apply PASS 2026-10-09 (wave15 KEEP, fresh)"
0x80102788,g_pad_state,g_pad_state,keep,"KEEP. extern PadState g_pad_state (include/bb2.h:485); type include/game.h:813-828 (s16 type[2] +0x0, s16 valid[2] +0x4, u32 held +0x8, pressed +0xC, released +0x10, unheld +0x14; 0x18 bytes); .bss 0x80102788..0x8010279F. REGISTRIES: named_syms.txt:2231 (tail 'PadState (include/code6cac.h), built by func_80019568 from the InitPAD buffers g_pad_buf'), undefined_syms_auto.txt:454; comment text only: named_syms.txt:1120/:1374/:1775/:2232-:2235. The interior aliases g_pad_state_plus_0x2 / _0x4 / _0x6 / _0xC / _0x10 / _0x14 at +0x2 .. +0x14 are reset in tmp/p3w15/mine_c.csv; g_pad_state_plus_0x8 (held) is an asm-only spelling with no registry line. ACCESSES (all 25 functions; asm lines spelled g_pad_state, g_pad_state + 0xN or g_pad_state_plus_0xN): func_80034708 src/main/24F08.c:71/:78/:85/:125/:176 [func_80034708.s:220 lw g_pad_state_plus_0xC, :573 lw g_pad_state_plus_0xC]; func_80035828 src/main/25C38.c:244/:250/:279/:320/:329/:338/:347/:369 [func_80035828.s:101 lw g_pad_state_plus_0x8, :120 lw g_pad_state_plus_0xC, :190 lw g_pad_state_plus_0x8, :192 lw g_pad_state_plus_0xC, :273 lw g_pad_state_plus_0x8, :275 lw g_pad_state_plus_0xC, :287 lw g_pad_state_plus_0xC, :299 lw g_pad_state_plus_0x8, :301 lw g_pad_state_plus_0xC, :313 lw g_pad_state_plus_0x8, :315 lw g_pad_state_plus_0xC, :354 lw g_pad_state_plus_0x8, :356 lw g_pad_state_plus_0xC]; func_800388A8 src/main/28708.c:577 [func_800388A8.s:13 lw g_pad_state_plus_0xC]; func_80038988 src/main/28708.c:756 [func_80038988.s:193 lw g_pad_state_plus_0xC]; func_80038C70 src/main/28708.c:793/:865/:881/:966/:984/:1016/:1045/:1050 [func_80038C70.s:37 lw g_pad_state_plus_0xC, :134 lw g_pad_state_plus_0xC, :269 lw g_pad_state_plus_0xC, :305 lw g_pad_state_plus_0xC, :354 lw g_pad_state_plus_0xC, :400 lw g_pad_state_plus_0xC]; func_8003993C src/main/28708.c:1493 [func_8003993C.s:414 lw g_pad_state_plus_0xC]; func_8003AB44 src/main/2B344.c:31 [func_8003AB44.s:44 lw g_pad_state_plus_0xC]; func_8003BCB4 src/main/2B344.c:566 [func_8003BCB4.s:14 lw g_pad_state_plus_0xC]; func_8003BEA8 src/main/2B344.c:643 [func_8003BEA8.s:8 lw g_pad_state_plus_0xC]; func_8003C2C0 src/main/2B344.c:802 [func_8003C2C0.s:24 lw g_pad_state_plus_0xC]; func_8003C560 src/main/2B344.c:911 [func_8003C560.s:68 lw g_pad_state_plus_0xC]; func_8003C8B4 src/main/2B344.c:978 [func_8003C8B4.s:25 lw g_pad_state_plus_0xC]; func_8003C9A4 src/main/2B344.c:1008/:1015/:1024 [func_8003C9A4.s:52 lw g_pad_state_plus_0xC, :94 lw g_pad_state_plus_0xC]; func_8003CD10 src/main/2B344.c:1087 [func_8003CD10.s:52 lw g_pad_state_plus_0xC]; func_8003CF84 src/main/2B344.c:1198 [func_8003CF84.s:146 lw g_pad_state_plus_0xC]; func_80055B60 src/main/3AB48.c:1578 [func_80055B60.s:1088 lw g_pad_state_plus_0x8]; func_800693CC src/main/51268.c:3924/:3941 [func_800693CC.s:233 lh g_pad_state_plus_0x6, :266 lh g_pad_state_plus_0x4]; func_80016E60 src/main/6CF8.c:371/:376/:380/:383/:389/:392 [func_80016E60.s:100 lw g_pad_state_plus_0xC, :145 lw g_pad_state_plus_0xC]; main src/main/6CF8.c:514 [main.s:171 lw g_pad_state_plus_0xC]; pad_ResetState src/main/87A0.c:930/:931/:932/:933/:934/:935 [pad_ResetState.s:4 sh, :6 sh g_pad_state_plus_0x2, :9 sw g_pad_state_plus_0x8, :11 sw g_pad_state_plus_0xC, :13 sw g_pad_state_plus_0x10, :15 sw g_pad_state_plus_0x14]; pad_ResetStateMarkValid src/main/87A0.c:940/:941 [pad_ResetStateMarkValid.s:8 sh g_pad_state_plus_0x4, :10 sh g_pad_state_plus_0x6]; func_80019568 src/main/87A0.c:1011/:1019/:1030/:1031/:1035/:1036/:1037/:1038/:1039 [func_80019568.s:95 lh g_pad_state_plus_0x6, :105 lh g_pad_state_plus_0x4, :118 addiu, :134 addiu g_pad_state_plus_0x8, :142 sw g_pad_state_plus_0x14, :145 sw g_pad_state_plus_0xC, :147 sw g_pad_state_plus_0x10]; func_8001BE20 src/main/9F9C.c:1139/:1144/:1146/:1147/:1148/:1149 [func_8001BE20.s:24 lbu g_pad_state + 0xD, :52 addiu, :67 lw g_pad_state + 0x8, :69 lw g_pad_state + 0xC, :71 lw g_pad_state + 0x10, :78 lw g_pad_state + 0x14]; func_8001EA84 src/main/9F9C.c:2225/:2232/:2240 [func_8001EA84.s:99 lw g_pad_state_plus_0xC, :140 lw g_pad_state_plus_0xC]; func_8001EFA0 src/main/9F9C.c:2331 [func_8001EFA0.s:94 lw g_pad_state_plus_0xC]. Roles: func_80019568 builds the record each frame from g_pad_buf: type[i] / valid[i] per port (87A0.c:1030-1031), held = the two ports' button bits (one u16 half each), pressed = held & ~old, unheld = ~held, released = ~held & old (:1035-1039), after reading valid[1] / valid[0] of the previous frame (:1011, :1019); pad_ResetState (:930-935) and pad_ResetStateMarkValid (:940-941) reset it; func_8001BE20 copies the whole record to its caller and splits each bit word into the caller's u16 half (9F9C.c:1139-1149); func_80055B60 (3AB48.c:1578) and func_80035828 (25C38.c:244-369) read held (with pressed for the menu handlers); func_800693CC reads valid[1] / valid[0] (51268.c:3924, :3941); every other reader tests pressed bits (button edges). RAW SCAN of disc/SLUS_006.63 (tmp/p3w13/r/scan.py, rerun at aecfba184, output tmp/p3w15/c/scan.txt; every lui/addiu/load/store and gp-relative form plus .word values; loads and stores of any width overlapping 0x80102788..0x8010279F): 77 sites, all in these 25 functions: the asm lines cited plus the base-register accesses of func_80019568 (the type[i] / valid[i] loop stores and the held read-modify, func_80019568.s:118-137) and func_8001BE20 (the record copy, func_8001BE20.s:52-61); scan.txt also lists func_8001979C (6 sites, 0x800197CC..0x80019864) and func_800198D0 (addiu 0x800199EC): register-carry artifacts of the linear scan, func_8001979C reading through its a1 parameter (asm/funcs/func_8001979C.s:13-14; callers pass D_80102760.unk_10, D_801027B0[k].unk_10 or s->unk34[j]: src/main/2B344.c:1206-1208, 9F9C.c:3418-3423, 3AB48.c:794) and func_800198D0 computing $s1 - 1 from its a1 parameter (func_800198D0.s:4, :77). Nothing else, no .word. CRT0: __SN_ENTRY_POINT zeroes every word from 0x800A3308 (D_800A3308) up to D_801078E0 at startup (asm/funcs/__SN_ENTRY_POINT.s:2-11, the store :7 sw $zero, 0x0($v0)), the whole record included. WHY, word by word: 'pad': the record is built only from the InitPAD controller buffers g_pad_buf and every reader tests controller buttons (bit words) or the per-port type / valid flags; 'state': it holds the current button state (held) and its per-frame edges (pressed / released / unheld) plus per-port type and validity, rebuilt every frame. No access contradicts either word. BASIS: the Q103 typed-restatement (docs/naming/sweep-2026-10-03/data_manifest_q103.csv:2), re-derived here. Inventory: Codex c6 (c6-data-gpu-pad-cd-2) called it KEEP-CANDIDATE; not evidence (N3), re-derived here. Mined by Claude (wave15 batch c). Cites at aecfba184.",CONFIRM,"naming-reviewer pre-apply PASS 2026-10-09 (wave15 KEEP, fresh)"
0x80102810,g_memcard_file_list,g_memcard_file_list,keep,"KEEP. extern struct DIRENTRY g_memcard_file_list[] (src/main/memcard.c:26; DIRENTRY = PsyQ's directory record, include/psxsdk/libapi.h:11-20, 0x28 bytes: name[20] +0x0, attr +0x14, size +0x18, next +0x1C, head +0x20, system[4] +0x24); .bss 0x80102810..0x80102A67 (0x258 bytes = 15 entries, up to _svm_vab_used at 0x80102A68 in build/bb2.map). REGISTRIES: named_syms.txt:1556 (tail 'base of memcard file-list array (filled by bios_firstfile_B; stride 0x28 per file entry)'), undefined_syms_auto.txt:486. ACCESSES: memcard_CountFiles src/main/memcard.c:141 [memcard_CountFiles.s:7 addiu]; func_80037AA4 src/main/memcard.c:174 [func_80037AA4.s:9 addiu]; func_80037B00 src/main/memcard.c:204 [func_80037B00.s:9 addiu]. Roles: memcard_CountFiles passes the first entry to firstfile(pattern, entry) and each next entry to nextfile(entry) until it returns 0 (memcard.c:141-149), so the BIOS fills one DIRENTRY per file on the card; func_80037AA4 walks g_memcard_file_count entries reading ->size (:174-180); func_80037B00 walks them comparing ->name[] byte by byte with arg0 (:204-238). RAW SCAN of disc/SLUS_006.63 (tmp/p3w13/r/scan.py, rerun at aecfba184, output tmp/p3w15/c/scan.txt; every lui/addiu/load/store and gp-relative form plus .word values; loads and stores of any width overlapping 0x80102810..0x80102A67): memcard_CountFiles addiu 0x80037A34 and its 0x28 step 0x80037A6C; func_80037AA4 addiu 0x80037AC0, lw 0x80037AC4 (+0x18, size), step 0x80037AD8; func_80037B00 addiu 0x80037B1C, 0x80037B2C (+0x15, the name bound), lbu 0x80037B40 / addiu 0x80037B4C (name bytes), step 0x80037B7C; nothing else, no .word. CRT0: __SN_ENTRY_POINT zeroes every word from 0x800A3308 (D_800A3308) up to D_801078E0 at startup (asm/funcs/__SN_ENTRY_POINT.s:2-11, the store :7 sw $zero, 0x0($v0)), the whole array included. WHY, word by word: 'memcard': entries describe files on the 'bu' (memory card) device ('bu%1d%1d:*'); 'file_list': an array of Sony DIRENTRY records, filled by firstfile / nextfile (shdecompilations/silent-hill-decomp@d9e28f83 include/psyq/libapi.h ($PSLibId: Run-time Library Release 4.3$; copy fetched to tmp/p3w15/c/ext/sh_libapi.h):54-55 'struct DIRENTRY * firstfile(char *, struct DIRENTRY *)', 'nextfile(struct DIRENTRY *)'), one per file found, read only as that list (size, name). No access contradicts either word. BASIS: memcard.c:141-149 restated. Inventory: Codex c6 (c6-data-char-menu-card-2) called it KEEP-CANDIDATE; not evidence (N3), re-derived here. Mined by Claude (wave15 batch c). Cites at aecfba184.",CONFIRM,"naming-reviewer pre-apply PASS 2026-10-09 (wave15 KEEP, fresh)"
