addr,glabel,current_name,proposed_name,action,evidence_class,evidence,verdict,verifier_note
0x8001F860,func_8001F860,calc_AngleDelta,calc_AngleDelta,KEEP,sotn-review,"HOMES alias only: named_syms.txt:2587 calc_AngleDelta_8001F860 (no comment); census docs/naming/function-names.csv:104 (INFERRED, naming-analyzer, proposals_resolved.csv:387 confidence=none NO-PROPOSAL-NOW-NAMED); other mentions are docs tables only (docs/naming/first_pass_applied.csv:40, no_lead_first_pass.csv:10/:97) and the retired-name comment named_syms.txt:2735. No src/, include/ or asm/ identifier uses it (git grep -w; the code uses func_8001F860, prototype include/bb2.h:617). BODY src/main/9F9C.c:2570-2576 (asm/funcs/func_8001F860.s, 10 insns): arg1 = (arg1 - arg0->unk_1C8.vy) & 0xFFF; if >= 0x800 subtract 0x1000; arg0->unk_14C = arg1 (sh 0x14C). Void, no call; its only write is unk_14C (s16, include/game.h:1482). CALLERS (9 C sites = the 9 jal the raw-EXE scan finds at 0x80023710, 0x80023728, 0x8002426C, 0x80024808, 0x80024854, 0x800248F0, 0x80027EF4, 0x80027FD0, 0x8002C134; no data word, no %hi/%lo pair, none in MOVOVL.EXE): func_80027AD8 17AFC.c:454 and :472 (arg ratan2(vec[0], vec[2]); asm func_80027AD8.s:282/:341); func_8002C0DC 17AFC.c:2229 (ratan2 of the other record's unk_D8 x/z minus this one's; asm func_8002C0DC.s:25); func_80023648 9F9C.c:4408 (unk_1C8.vy + a2/4) and :4410 (unk_1D8 + a2) (asm func_80023648.s:56/:63); func_80023F08 9F9C.c:4810 (dir from func_800233AC), :4965, :4970, :4982 (unk_1D8) (asm func_80023F08.s:233/633/654/696). WHY Angle: both operands are 12-bit circular angles: unk_1C8.vy indexes the Judge sine table (9F9C.c:4464), is copied to obj->rot[1] (17AFC.c:4702) and is compared mod 0x1000 with ratan2 results (17AFC.c:5271, 9F9C.c:4572); unk_1D8 is a ratan2 result (9F9C.c:5404); the other inputs are ratan2 results or unk_1C8.vy / unk_1D8 plus an offset. WHY Delta: the stored value is target minus current, folded into the signed half turn [-0x800, 0x7FF] (the 4096-unit circle); func_80023F08 then clamps unk_14C (9F9C.c:4973-4976) and each frame moves unk_1C8.vy by a share of it and takes that share off it (9F9C.c:5040-5042), the remaining angle difference. WHY calc: a pure computation whose one effect is storing its result. No subsystem prefix is claimed. COUNTER-EVIDENCE considered: the result is stored in the record, not returned - 'calc' claims only the computation, as camera_CalcAngles (wave03 KEEP) does for its static; nothing in the body or any caller contradicts a word. Collision: KEEP, no new identifier. Cites at aeea8ed44.",CONFIRM,"naming-reviewer pre-apply PASS 2026-10-08 (wave10 f2, fresh)"
0x80035430,func_80035430,mode_handler_14_NoOp,mode_handler_14_NoOp,KEEP,sotn-review,"HOMES alias only: named_syms.txt:1406 mode_handler_14_NoOp (comment 'empty body -- no-op'); census docs/naming/function-names.csv:237 (INFERRED, naming-analyzer, proposals_resolved.csv:458 confidence=none); doc table docs/engine/main_loop.md:239. No src/, include/ or asm/ identifier uses it (git grep -w; the code uses func_80035430). BODY src/main/25788.c:207 'void func_80035430(void) {}' (asm/funcs/func_80035430.s: jr $ra; nop - 2 insns): no read, no write, no call, no return value. USES: no jal and no %hi/%lo pair anywhere in the EXE or MOVOVL.EXE (raw scan); one data word, 0x8008D0C8 = g_module_func_tbl[14] (src/main/d_7D870.c:40 '.word 0x80035430'; table g_module_func_tbl at 0x8008D090, label d_7D870.c:24, 34 entries from :26). The table's only call site is main 6CF8.c:470 'g_module_func_tbl[D_800A3834]();', run once per main-loop frame. WHY mode_handler_14: it is entry 14 of the handler table main dispatches on the state index D_800A3834; the handlers themselves select the next entry by storing D_800A3834 (e.g. 2B344.c:633 = 0xB, :988 = 0x19, 9F9C.c:2193 = 0xD), i.e. the index is a mode and each entry is that mode's per-frame handler; earlier waves' reviewers accepted the 'mode_handler_NN' part as matching the slot (wave04 row 0x8003B8E4). WHY NoOp: the body is empty. COUNTER-EVIDENCE considered: no C store of 14 / 0xE to D_800A3834 was found in src/ (git grep), so the slot may never be selected; reachability does not bear on the name. Collision: KEEP, no new identifier. Cites at aeea8ed44.",CONFIRM,"naming-reviewer pre-apply PASS 2026-10-08 (wave10 f2, fresh)"
0x8003A41C,func_8003A41C,set_flag_D_800A3730,func_8003A41C,RESET,reset-contradicted,"HOMES alias only: named_syms.txt:2602 set_flag_D_800A3730_8003A41C ('1-insn wrapper: writes 1 to D_800A3730'); census docs/naming/function-names.csv:321 (INFERRED, proposals_resolved.csv:89 confidence=medium APPLIED-DIFFERENTLY, kengo_pattern replay_camera_check_stage); docs/naming/medium_validation.csv:38. No src/, include/ or asm/ identifier uses it (git grep -w; the code uses func_8003A41C, prototype include/bb2.h:676). BODY src/main/28708.c:1624 (asm/funcs/func_8003A41C.s, 4 insns): D_800A3730 = 1 (sw %gp_rel(D_800A3730)); no call, no return. CALLERS: one, func_80035480 25C38.c:38, under 'if (D_800A31DA == 0)' (asm func_80035480.s:12; raw-EXE scan: the one jal at 0x800354A8, no data word, no %hi/%lo pair). THE VARIABLE (s32, defined 28708.c:1929): zeroed 28708.c:1607 / :1612, set here, packed as bit 30 of a link word (:1774) and tested (:1818); asm users comb_EnableEvents.s, comb_ResetClose.s, func_8003A728.s. WHY RESET (no basis): 'set_flag' is true but the noun is the placeholder label D_800A3730 (undefined_syms_auto.txt:812, named_syms.txt:1757), not a name: the row restates the one store and says nothing of what the flag means. Precedent: wave05 RESET load_D_800A33A4 / load_D_800A33A0 (0x800457DC / 0x800457FC) and write_zero_to_D_80101E64 (0x80037250), CONFIRMed: a name that restates one instruction with a splat placeholder label explains nothing and goes stale when the global is named (N2/N3). RESET to the neutral name (N2/N5). Cites at aeea8ed44.",CONFIRM,"naming-reviewer pre-apply PASS 2026-10-08 (wave10 f2, fresh)"
0x8003E2C8,func_8003E2C8,load_D_800905F8,func_8003E2C8,RESET,reset-contradicted,"HOMES alias only: named_syms.txt:2603 load_D_800905F8_8003E2C8 ('1-insn getter: returns D_800905F8'); census docs/naming/function-names.csv:386 (INFERRED, proposals_resolved.csv:104 confidence=medium APPLIED-DIFFERENTLY, kengo_pattern replay_camera_check_stage); docs/naming/medium_validation.csv:39. No src/, include/ or asm/ identifier uses it (git grep -w; the code uses func_8003E2C8, prototype include/bb2.h:694). BODY src/main/2B344.c:1827 (asm/funcs/func_8003E2C8.s, 4 insns): return D_800905F8 (lui/lw); no call, no write. CALLERS: one, func_80044504 32D04.c:1182 ('*(s32 *)0x1F800010 = func_8003E2C8();' when D_800A3790 & 8; asm func_80044504.s:56; raw-EXE scan: the one jal at 0x800445D4, no data word, no %hi/%lo pair). THE VARIABLE: written 0xFFFF by func_8003DA8C (2B344.c:1513) and an index by func_8003DBE4 (2B344.c:1604); extern include/bb2.h:247. WHY RESET (no basis): the noun is the placeholder label D_800905F8 (named_syms.txt:1808), and 'load' names only the one lw; the name explains nothing about the value. Precedent: wave05 RESET load_D_800A33A4 / load_D_800A33A0 (0x800457DC / 0x800457FC) and write_zero_to_D_80101E64 (0x80037250), CONFIRMed: a name that restates one instruction with a splat placeholder label explains nothing and goes stale when the global is named (N2/N3). RESET to the neutral name (N2/N5). Cites at aeea8ed44.",CONFIRM,"naming-reviewer pre-apply PASS 2026-10-08 (wave10 f2, fresh)"
0x80041554,func_80041554,get_field0x8,func_80041554,RESET,reset-contradicted,"HOMES alias only: named_syms.txt:2917 get_field0x8_80041554 ('structural role; n=12'); census docs/naming/function-names.csv:441 (INFERRED, proposals_resolved.csv:110 confidence=low, address_neighborhood); docs/naming/first_pass_applied.csv:227. No src/, include/ or asm/ identifier uses it (git grep -w; the code uses func_80041554). BODY src/main/31D3C.c:12-18 (asm/funcs/func_80041554.s, 12 insns): ptr = D_800A9A10[a0]; return ptr ? ptr->unk_08 (lh, s16 sign-extended) : -1. No call, no write. CALLERS: none - raw-EXE scan finds no jal, no j, no data word and no %hi/%lo pair (EXE and MOVOVL.EXE). WHY RESET (no basis): 'field0x8' is the raw offset of the unnamed member unk_08 of Unk80045878Obj, a placeholder, not a name; the name restates the load (and omits the -1 empty-slot result) without saying what the member holds, and goes stale when the member is named. Precedent: wave05 RESET load_D_800A33A4 / load_D_800A33A0 (0x800457DC / 0x800457FC) and write_zero_to_D_80101E64 (0x80037250), CONFIRMed: a name that restates one instruction with a splat placeholder label explains nothing and goes stale when the global is named (N2/N3). RESET to the neutral name (N2/N5). Cites at aeea8ed44.",CONFIRM,"naming-reviewer pre-apply PASS 2026-10-08 (wave10 f2, fresh)"
0x80045814,func_80045814,get_ptr_D_800A9D10,func_80045814,RESET,reset-contradicted,"HOMES alias only: named_syms.txt:2693 get_ptr_D_800A9D10_80045814 ('returns &D_800A9D10 (2-insn ptr getter)'); census docs/naming/function-names.csv:535 (INFERRED, proposals_resolved.csv:126 confidence=medium APPLIED-DIFFERENTLY); docs/naming/medium_validation.csv:8. No src/, include/ or asm/ identifier uses it (git grep -w; the code uses func_80045814). BODY src/main/35000.c:538 (asm/funcs/func_80045814.s, 4 insns): return &D_800A9D10 (lui/addiu); no read, no write, no call. CALLERS (2 C = 2 jal at 0x8003BFF4, 0x80044FB8; no data word, no %hi/%lo pair): func_8003BFC4 2B344.c:708 (passes it to func_80037540 as a load buffer; asm func_8003BFC4.s:14); func_80044FA0 35000.c:248 (s0 = a1 - base; asm func_80044FA0.s:8). D_800A9D10 (extern u8, include/bb2.h:555; undefined_syms_auto.txt:221) is the base of the 0x45000-byte pool set up at 35000.c:343 / :355. WHY RESET (no basis): the noun is the placeholder label D_800A9D10 (named_syms.txt:1516), so the name restates the address constant and nothing more. Precedent: wave05 RESET load_D_800A33A4 / load_D_800A33A0 (0x800457DC / 0x800457FC) and write_zero_to_D_80101E64 (0x80037250), CONFIRMed: a name that restates one instruction with a splat placeholder label explains nothing and goes stale when the global is named (N2/N3). RESET to the neutral name (N2/N5). Cites at aeea8ed44.",CONFIRM,"naming-reviewer pre-apply PASS 2026-10-08 (wave10 f2, fresh)"
0x80048744,func_80048744,set_color_mode,set_color_mode,KEEP,sotn-review,"HOMES alias only: named_syms.txt:178 set_color_mode_80048744 (comment '2-line setter for g_color_mode'); census docs/naming/function-names.csv:623 (INFERRED, proposals_resolved.csv:639 confidence=none NO-PROPOSAL-NOW-NAMED). No src/, include/ or asm/ identifier uses it (git grep -w; the code uses func_80048744). BODY src/main/368E4.c:1479-1485 (asm/funcs/func_80048744.s, 10 insns): g_color_mode = a0 ? 1 : 0 (sh to %lo(D_800F6652), the s16 at 0x800F6652, named_syms.txt:119 g_color_mode = 0x800F6652); no call, no return value. CALLERS: none - raw-EXE scan finds no jal, no j, no data word and no %hi/%lo pair for 0x80048744 (EXE and MOVOVL.EXE). THE VARIABLE, every access (C, asm and a raw scan for lui 0x800F + 0x6652): stores sh $zero in func_80046B44 (368E4.c:438; asm 0x80046BB4), func_800486FC (368E4.c:1472/1474; 0x80048718/0x80048728) and this body (0x80048750/0x80048760); its one read is func_800486FC's lh at 0x80048730 (368E4.c:1476), returning it after storing func_800167AC()'s truth (6CF8.c:115: D_80106A50.flags & 1). Every consumer of that return selects grey instead of colour: math_Grayscale3 on the r/g/b about to be used (31D3C.c:116, :311, :528, :579), r = g = b (32D04.c:18), math_GrayscaleRgb555 on the image before LoadImage (368E4.c:1313, :1376), and an alternate asset index +0x1B (368E4.c:323). WHY color_mode: the variable is the 0/1 switch between colour and greyscale output; WHY set: the body stores the caller's truth value into it and does nothing else. COUNTER-EVIDENCE considered: the function is uncalled, and func_800486FC overwrites the variable before its only read, so the store is never observed; neither contradicts the name. The noun rests on these accesses, not on the data name g_color_mode (symbol_addrs.txt:165, another rename's label). Collision: KEEP, no new identifier. Cites at aeea8ed44.",CONFIRM,"naming-reviewer pre-apply PASS 2026-10-08 (wave10 f2, fresh)"
0x80054410,func_80054410,set_D_800A33F0,func_80054410,RESET,reset-contradicted,"HOMES alias only: named_syms.txt:2696 set_D_800A33F0_80054410 ('D_800A33F0 = arg (2-insn setter)'); census docs/naming/function-names.csv:727 (INFERRED, proposals_resolved.csv:187 confidence=medium APPLIED-DIFFERENTLY, kengo_pattern efc_ougi_Init); docs/naming/medium_validation.csv:11. No src/, include/ or asm/ identifier uses it (git grep -w; the code uses func_80054410, prototype include/bb2.h:797). BODY src/main/3AB48.c:649 (asm/funcs/func_80054410.s, 3 insns): D_800A33F0 = a0 (sw %gp_rel); no call, no return. CALLERS (2 C = 2 jal at 0x80046420, 0x8004664C; no data word, no %hi/%lo pair): func_800460E4 368E4.c:168 (asm func_800460E4.s:225), func_8004659C 368E4.c:240 (asm func_8004659C.s:47). THE VARIABLE (static s32, 3AB48.c:16): incremented by func_8005441C (:651), read as a u16 table base at :357/:361/:529/:533. WHY RESET (no basis): the noun is the placeholder label D_800A33F0 (named_syms.txt:1739), so the name restates the one store. Precedent: wave05 RESET load_D_800A33A4 / load_D_800A33A0 (0x800457DC / 0x800457FC) and write_zero_to_D_80101E64 (0x80037250), CONFIRMed: a name that restates one instruction with a splat placeholder label explains nothing and goes stale when the global is named (N2/N3). RESET to the neutral name (N2/N5). Cites at aeea8ed44.",CONFIRM,"naming-reviewer pre-apply PASS 2026-10-08 (wave10 f2, fresh)"
0x8005507C,func_8005507C,get_ptr_D_800EFB0C,func_8005507C,RESET,reset-contradicted,"HOMES alias only: named_syms.txt:2694 get_ptr_D_800EFB0C_8005507C ('returns &D_800EFB0C (2-insn ptr getter)'); census docs/naming/function-names.csv:738 (INFERRED, proposals_resolved.csv:191 confidence=medium APPLIED-DIFFERENTLY); docs/naming/medium_validation.csv:9. No src/, include/ or asm/ identifier uses it (git grep -w; the code uses func_8005507C, prototype include/bb2.h:803; include/game.h:640 comment names the glabel). BODY src/main/3AB48.c:934 (asm/funcs/func_8005507C.s, 4 insns: lui/addiu %hi/%lo(D_800EFB0C)): return D_800EFAE8.unk24, the address 0x800EFB0C inside the Unk800EFAE8Ctrl object D_800EFAE8 (include/bb2.h:100); no read, no write, no call. CALLERS: one, func_8003CF84 2B344.c:1192 ('a = func_8005507C();' passed to func_80061064; asm func_8003CF84.s:130; raw-EXE scan: one jal at 0x8003D168, no data word, no %hi/%lo pair). WHY RESET (no basis): the noun is a placeholder label, and not even the object the C reaches: D_800EFB0C (named_syms.txt:2394) is a splat label inside D_800EFAE8, which the source accesses as D_800EFAE8.unk24. Precedent: wave05 RESET load_D_800A33A4 / load_D_800A33A0 (0x800457DC / 0x800457FC) and write_zero_to_D_80101E64 (0x80037250), CONFIRMed: a name that restates one instruction with a splat placeholder label explains nothing and goes stale when the global is named (N2/N3). RESET to the neutral name (N2/N5). Cites at aeea8ed44.",CONFIRM,"naming-reviewer pre-apply PASS 2026-10-08 (wave10 f2, fresh)"
0x8005508C,func_8005508C,get_ptr_D_80101E1C,func_8005508C,RESET,reset-contradicted,"HOMES alias only: named_syms.txt:2695 get_ptr_D_80101E1C_8005508C ('returns D_80101DF0.xf.mat.t = 0x80101E1C'); census docs/naming/function-names.csv:739 (INFERRED, proposals_resolved.csv:192 confidence=medium APPLIED-DIFFERENTLY); docs/naming/medium_validation.csv:10. No src/, include/ or asm/ identifier uses it (git grep -w; the code uses func_8005508C, prototype include/bb2.h:804). BODY src/main/3AB48.c:936 (asm/funcs/func_8005508C.s, 4 insns: lui/addiu %hi/%lo(D_80101E1C)): return D_80101DF0.xf.mat.t (0x80101E1C, the translation of the Unk80101DF0Record D_80101DF0, include/bb2.h:468); no read, no write, no call. CALLERS: one, func_8003CF84 2B344.c:1193 ('b = func_8005508C();' passed to func_80061064 with the previous row's value; asm func_8003CF84.s:132; raw-EXE scan: one jal at 0x8003D170, no data word, no %hi/%lo pair). WHY RESET (no basis): D_80101E1C is no symbol of the build (absent from named_syms.txt, undefined_syms_auto.txt and symbol_addrs.txt; it occurs only in the asm texts func_8005508C.s and func_800475A4.s), so the name points the reader at a global that does not exist; the source returns D_80101DF0.xf.mat.t. Precedent: wave05 RESET load_D_800A33A4 / load_D_800A33A0 (0x800457DC / 0x800457FC) and write_zero_to_D_80101E64 (0x80037250), CONFIRMed: a name that restates one instruction with a splat placeholder label explains nothing and goes stale when the global is named (N2/N3). RESET to the neutral name (N2/N5). Cites at aeea8ed44.",CONFIRM,"naming-reviewer pre-apply PASS 2026-10-08 (wave10 f2, fresh)"
0x80066EC0,func_80066EC0,efc_spawn,func_80066EC0,RESET,reset-contradicted,"HOMES alias only: named_syms.txt:3079 efc_spawn_80066EC0 (comment 'effect-spawn wrapper: calls efc_gen_rand_particles(?,?,?)' - a name that exists nowhere, not evidence); census docs/naming/function-names.csv:871 (INFERRED, proposals_resolved.csv confidence=none NO-PROPOSAL-NOW-NAMED); handoff note docs/grind/handoff-2026-10-03-restructure.md:126. No src/, include/ or asm/ identifier uses it (git grep -w; the code uses func_80066EC0). BODY src/main/51268.c:2830-2834 (13 insns): ret = func_80067200(0, 0, 0); D_800F10D8 = 1; return ret (u8). D_800F10D8 is D_800F10D0[2]. func_80067200 (51268.c:2947-3067) zeroes D_800A3438[arg1] and fills records arg2*24 .. arg2*24+23 of the 48-record bank D_800EFC78[arg1] with random rotated vectors (GTE) and state, and returns 1. USES: no jal, no %hi/%lo pair (raw-EXE scan, EXE and MOVOVL.EXE); one data word, 0x8009BA8C = chractar_use_pset_combo_id_table[4] (asm/data/7D920.data.s:23331 '.word func_80066EC0'). That table is called only at func_80060A68 51268.c:105 and func_80060B70 51268.c:137, entry D_8009BA60[idx] + D_800F10D0[idx]; D_8009BA60[2] = 4 (7D920.data.s:23293-23321), so storing 1 makes the next dispatch of slot 2 take entry 5. func_80060B70 is run per active D_800F1150 slot by func_80061064 (51268.c:266-290), the wave05 KEEP eff_FrameUpdate. WHY RESET (no basis): the prefix 'efc' is explained by nothing - no string, Sony name or CORROBORATED / VERIFIED function carries it (the census's only efc_ rows are these 16 INFERRED ones), and the subsystem this table belongs to is the one the in-binary strings call 'eff' ('eff_init:%08x size:%08x' 6CF8.c:19, 'eff prim over :%d' 51268.c:264); a family prefix alone is never evidence (N3/N4), and the sibling tags on this table were RESET for that reason (wave02 efc_helper 0x800676C8.., wave04 efc_init_phase1_setup_buffer 0x800678A8). The bare name is shared by 16 census rows with different arguments and targets, so it identifies none of them. 'spawn' would need its own proof (the body initialises half a particle bank and advances a dispatch offset; it allocates no slot) and is not decided here. RESET to the neutral name (N2/N5). Cites at aeea8ed44.",CONFIRM,"naming-reviewer pre-apply PASS 2026-10-08 (wave10 f2, fresh)"
0x80066EF4,func_80066EF4,efc_spawn,func_80066EF4,RESET,reset-contradicted,"HOMES alias only: named_syms.txt:3080 efc_spawn_80066EF4 (comment 'effect-spawn wrapper: calls efc_gen_rand_particles(?,?,?)' - a name that exists nowhere, not evidence); census docs/naming/function-names.csv:872 (INFERRED, proposals_resolved.csv confidence=none NO-PROPOSAL-NOW-NAMED); handoff note docs/grind/handoff-2026-10-03-restructure.md:126. No src/, include/ or asm/ identifier uses it (git grep -w; the code uses func_80066EF4). BODY src/main/51268.c:2836-2840 (13 insns): ret = func_80067200(0, 0, 1); D_800F10D8 = 2; return ret (u8). D_800F10D8 is D_800F10D0[2]. func_80067200 (51268.c:2947-3067) zeroes D_800A3438[arg1] and fills records arg2*24 .. arg2*24+23 of the 48-record bank D_800EFC78[arg1] with random rotated vectors (GTE) and state, and returns 1. USES: no jal, no %hi/%lo pair (raw-EXE scan, EXE and MOVOVL.EXE); one data word, 0x8009BA90 = chractar_use_pset_combo_id_table[5] (asm/data/7D920.data.s:23332 '.word func_80066EF4'). That table is called only at func_80060A68 51268.c:105 and func_80060B70 51268.c:137, entry D_8009BA60[idx] + D_800F10D0[idx]; D_8009BA60[2] = 4 (7D920.data.s:23293-23321), so storing 2 makes the next dispatch of slot 2 take entry 6. func_80060B70 is run per active D_800F1150 slot by func_80061064 (51268.c:266-290), the wave05 KEEP eff_FrameUpdate. WHY RESET (no basis): the prefix 'efc' is explained by nothing - no string, Sony name or CORROBORATED / VERIFIED function carries it (the census's only efc_ rows are these 16 INFERRED ones), and the subsystem this table belongs to is the one the in-binary strings call 'eff' ('eff_init:%08x size:%08x' 6CF8.c:19, 'eff prim over :%d' 51268.c:264); a family prefix alone is never evidence (N3/N4), and the sibling tags on this table were RESET for that reason (wave02 efc_helper 0x800676C8.., wave04 efc_init_phase1_setup_buffer 0x800678A8). The bare name is shared by 16 census rows with different arguments and targets, so it identifies none of them. 'spawn' would need its own proof (the body initialises half a particle bank and advances a dispatch offset; it allocates no slot) and is not decided here. RESET to the neutral name (N2/N5). Cites at aeea8ed44.",CONFIRM,"naming-reviewer pre-apply PASS 2026-10-08 (wave10 f2, fresh)"
0x80066F28,func_80066F28,efc_spawn,func_80066F28,RESET,reset-contradicted,"HOMES alias only: named_syms.txt:3081 efc_spawn_80066F28 (comment 'effect-spawn wrapper: calls efc_gen_rand_particles(?,?,?)' - a name that exists nowhere, not evidence); census docs/naming/function-names.csv:873 (INFERRED, proposals_resolved.csv confidence=none NO-PROPOSAL-NOW-NAMED); handoff note docs/grind/handoff-2026-10-03-restructure.md:126. No src/, include/ or asm/ identifier uses it (git grep -w; the code uses func_80066F28). BODY src/main/51268.c:2844-2848 (13 insns): ret = func_80067200(1, 1, 0); D_800F10DC = 1; return ret (u8). D_800F10DC is D_800F10D0[3]. func_80067200 (51268.c:2947-3067) zeroes D_800A3438[arg1] and fills records arg2*24 .. arg2*24+23 of the 48-record bank D_800EFC78[arg1] with random rotated vectors (GTE) and state, and returns 1. USES: no jal, no %hi/%lo pair (raw-EXE scan, EXE and MOVOVL.EXE); one data word, 0x8009BA98 = chractar_use_pset_combo_id_table[7] (asm/data/7D920.data.s:23334 '.word func_80066F28'). That table is called only at func_80060A68 51268.c:105 and func_80060B70 51268.c:137, entry D_8009BA60[idx] + D_800F10D0[idx]; D_8009BA60[3] = 7 (7D920.data.s:23293-23321), so storing 1 makes the next dispatch of slot 3 take entry 8. func_80060B70 is run per active D_800F1150 slot by func_80061064 (51268.c:266-290), the wave05 KEEP eff_FrameUpdate. WHY RESET (no basis): the prefix 'efc' is explained by nothing - no string, Sony name or CORROBORATED / VERIFIED function carries it (the census's only efc_ rows are these 16 INFERRED ones), and the subsystem this table belongs to is the one the in-binary strings call 'eff' ('eff_init:%08x size:%08x' 6CF8.c:19, 'eff prim over :%d' 51268.c:264); a family prefix alone is never evidence (N3/N4), and the sibling tags on this table were RESET for that reason (wave02 efc_helper 0x800676C8.., wave04 efc_init_phase1_setup_buffer 0x800678A8). The bare name is shared by 16 census rows with different arguments and targets, so it identifies none of them. 'spawn' would need its own proof (the body initialises half a particle bank and advances a dispatch offset; it allocates no slot) and is not decided here. RESET to the neutral name (N2/N5). Cites at aeea8ed44.",CONFIRM,"naming-reviewer pre-apply PASS 2026-10-08 (wave10 f2, fresh)"
0x80066F5C,func_80066F5C,efc_spawn,func_80066F5C,RESET,reset-contradicted,"HOMES alias only: named_syms.txt:3082 efc_spawn_80066F5C (comment 'effect-spawn wrapper: calls efc_gen_rand_particles(?,?,?)' - a name that exists nowhere, not evidence); census docs/naming/function-names.csv:874 (INFERRED, proposals_resolved.csv confidence=none NO-PROPOSAL-NOW-NAMED); handoff note docs/grind/handoff-2026-10-03-restructure.md:126. No src/, include/ or asm/ identifier uses it (git grep -w; the code uses func_80066F5C). BODY src/main/51268.c:2850-2854 (13 insns): ret = func_80067200(1, 1, 1); D_800F10DC = 2; return ret (u8). D_800F10DC is D_800F10D0[3]. func_80067200 (51268.c:2947-3067) zeroes D_800A3438[arg1] and fills records arg2*24 .. arg2*24+23 of the 48-record bank D_800EFC78[arg1] with random rotated vectors (GTE) and state, and returns 1. USES: no jal, no %hi/%lo pair (raw-EXE scan, EXE and MOVOVL.EXE); one data word, 0x8009BA9C = chractar_use_pset_combo_id_table[8] (asm/data/7D920.data.s:23335 '.word func_80066F5C'). That table is called only at func_80060A68 51268.c:105 and func_80060B70 51268.c:137, entry D_8009BA60[idx] + D_800F10D0[idx]; D_8009BA60[3] = 7 (7D920.data.s:23293-23321), so storing 2 makes the next dispatch of slot 3 take entry 9. func_80060B70 is run per active D_800F1150 slot by func_80061064 (51268.c:266-290), the wave05 KEEP eff_FrameUpdate. WHY RESET (no basis): the prefix 'efc' is explained by nothing - no string, Sony name or CORROBORATED / VERIFIED function carries it (the census's only efc_ rows are these 16 INFERRED ones), and the subsystem this table belongs to is the one the in-binary strings call 'eff' ('eff_init:%08x size:%08x' 6CF8.c:19, 'eff prim over :%d' 51268.c:264); a family prefix alone is never evidence (N3/N4), and the sibling tags on this table were RESET for that reason (wave02 efc_helper 0x800676C8.., wave04 efc_init_phase1_setup_buffer 0x800678A8). The bare name is shared by 16 census rows with different arguments and targets, so it identifies none of them. 'spawn' would need its own proof (the body initialises half a particle bank and advances a dispatch offset; it allocates no slot) and is not decided here. RESET to the neutral name (N2/N5). Cites at aeea8ed44.",CONFIRM,"naming-reviewer pre-apply PASS 2026-10-08 (wave10 f2, fresh)"
0x80066F90,func_80066F90,efc_spawn,func_80066F90,RESET,reset-contradicted,"HOMES alias only: named_syms.txt:3083 efc_spawn_80066F90 (comment 'effect-spawn wrapper: calls efc_gen_rand_particles(?,?,?)' - a name that exists nowhere, not evidence); census docs/naming/function-names.csv:875 (INFERRED, proposals_resolved.csv confidence=none NO-PROPOSAL-NOW-NAMED); handoff note docs/grind/handoff-2026-10-03-restructure.md:126. No src/, include/ or asm/ identifier uses it (git grep -w; the code uses func_80066F90). BODY src/main/51268.c:2858-2862 (13 insns): ret = func_80067200(2, 1, 0); D_800F1120 = 1; return ret (u8). D_800F1120 is D_800F10D0[20]. func_80067200 (51268.c:2947-3067) zeroes D_800A3438[arg1] and fills records arg2*24 .. arg2*24+23 of the 48-record bank D_800EFC78[arg1] with random rotated vectors (GTE) and state, and returns 1. USES: no jal, no %hi/%lo pair (raw-EXE scan, EXE and MOVOVL.EXE); one data word, 0x8009BB24 = chractar_use_pset_combo_id_table[42] (asm/data/7D920.data.s:23369 '.word func_80066F90'). That table is called only at func_80060A68 51268.c:105 and func_80060B70 51268.c:137, entry D_8009BA60[idx] + D_800F10D0[idx]; D_8009BA60[20] = 42 (7D920.data.s:23293-23321), so storing 1 makes the next dispatch of slot 20 take entry 43. func_80060B70 is run per active D_800F1150 slot by func_80061064 (51268.c:266-290), the wave05 KEEP eff_FrameUpdate. WHY RESET (no basis): the prefix 'efc' is explained by nothing - no string, Sony name or CORROBORATED / VERIFIED function carries it (the census's only efc_ rows are these 16 INFERRED ones), and the subsystem this table belongs to is the one the in-binary strings call 'eff' ('eff_init:%08x size:%08x' 6CF8.c:19, 'eff prim over :%d' 51268.c:264); a family prefix alone is never evidence (N3/N4), and the sibling tags on this table were RESET for that reason (wave02 efc_helper 0x800676C8.., wave04 efc_init_phase1_setup_buffer 0x800678A8). The bare name is shared by 16 census rows with different arguments and targets, so it identifies none of them. 'spawn' would need its own proof (the body initialises half a particle bank and advances a dispatch offset; it allocates no slot) and is not decided here. RESET to the neutral name (N2/N5). Cites at aeea8ed44.",CONFIRM,"naming-reviewer pre-apply PASS 2026-10-08 (wave10 f2, fresh)"
0x80066FC4,func_80066FC4,efc_spawn,func_80066FC4,RESET,reset-contradicted,"HOMES alias only: named_syms.txt:3084 efc_spawn_80066FC4 (comment 'effect-spawn wrapper: calls efc_gen_rand_particles(?,?,?)' - a name that exists nowhere, not evidence); census docs/naming/function-names.csv:876 (INFERRED, proposals_resolved.csv confidence=none NO-PROPOSAL-NOW-NAMED); handoff note docs/grind/handoff-2026-10-03-restructure.md:126. No src/, include/ or asm/ identifier uses it (git grep -w; the code uses func_80066FC4). BODY src/main/51268.c:2864-2868 (13 insns): ret = func_80067200(2, 1, 1); D_800F1120 = 2; return ret (u8). D_800F1120 is D_800F10D0[20]. func_80067200 (51268.c:2947-3067) zeroes D_800A3438[arg1] and fills records arg2*24 .. arg2*24+23 of the 48-record bank D_800EFC78[arg1] with random rotated vectors (GTE) and state, and returns 1. USES: no jal, no %hi/%lo pair (raw-EXE scan, EXE and MOVOVL.EXE); one data word, 0x8009BB28 = chractar_use_pset_combo_id_table[43] (asm/data/7D920.data.s:23370 '.word func_80066FC4'). That table is called only at func_80060A68 51268.c:105 and func_80060B70 51268.c:137, entry D_8009BA60[idx] + D_800F10D0[idx]; D_8009BA60[20] = 42 (7D920.data.s:23293-23321), so storing 2 makes the next dispatch of slot 20 take entry 44. func_80060B70 is run per active D_800F1150 slot by func_80061064 (51268.c:266-290), the wave05 KEEP eff_FrameUpdate. WHY RESET (no basis): the prefix 'efc' is explained by nothing - no string, Sony name or CORROBORATED / VERIFIED function carries it (the census's only efc_ rows are these 16 INFERRED ones), and the subsystem this table belongs to is the one the in-binary strings call 'eff' ('eff_init:%08x size:%08x' 6CF8.c:19, 'eff prim over :%d' 51268.c:264); a family prefix alone is never evidence (N3/N4), and the sibling tags on this table were RESET for that reason (wave02 efc_helper 0x800676C8.., wave04 efc_init_phase1_setup_buffer 0x800678A8). The bare name is shared by 16 census rows with different arguments and targets, so it identifies none of them. 'spawn' would need its own proof (the body initialises half a particle bank and advances a dispatch offset; it allocates no slot) and is not decided here. RESET to the neutral name (N2/N5). Cites at aeea8ed44.",CONFIRM,"naming-reviewer pre-apply PASS 2026-10-08 (wave10 f2, fresh)"
0x80066FF8,func_80066FF8,efc_spawn,func_80066FF8,RESET,reset-contradicted,"HOMES alias only: named_syms.txt:3085 efc_spawn_80066FF8 (comment 'effect-spawn wrapper: calls efc_gen_rand_particles(?,?,?)' - a name that exists nowhere, not evidence); census docs/naming/function-names.csv:877 (INFERRED, proposals_resolved.csv confidence=none NO-PROPOSAL-NOW-NAMED); handoff note docs/grind/handoff-2026-10-03-restructure.md:126. No src/, include/ or asm/ identifier uses it (git grep -w; the code uses func_80066FF8). BODY src/main/51268.c:2872-2876 (13 insns): ret = func_80067200(3, 0, 0); D_800F1124 = 1; return ret (u8). D_800F1124 is D_800F10D0[21]. func_80067200 (51268.c:2947-3067) zeroes D_800A3438[arg1] and fills records arg2*24 .. arg2*24+23 of the 48-record bank D_800EFC78[arg1] with random rotated vectors (GTE) and state, and returns 1. USES: no jal, no %hi/%lo pair (raw-EXE scan, EXE and MOVOVL.EXE); one data word, 0x8009BB30 = chractar_use_pset_combo_id_table[45] (asm/data/7D920.data.s:23372 '.word func_80066FF8'). That table is called only at func_80060A68 51268.c:105 and func_80060B70 51268.c:137, entry D_8009BA60[idx] + D_800F10D0[idx]; D_8009BA60[21] = 45 (7D920.data.s:23293-23321), so storing 1 makes the next dispatch of slot 21 take entry 46. func_80060B70 is run per active D_800F1150 slot by func_80061064 (51268.c:266-290), the wave05 KEEP eff_FrameUpdate. WHY RESET (no basis): the prefix 'efc' is explained by nothing - no string, Sony name or CORROBORATED / VERIFIED function carries it (the census's only efc_ rows are these 16 INFERRED ones), and the subsystem this table belongs to is the one the in-binary strings call 'eff' ('eff_init:%08x size:%08x' 6CF8.c:19, 'eff prim over :%d' 51268.c:264); a family prefix alone is never evidence (N3/N4), and the sibling tags on this table were RESET for that reason (wave02 efc_helper 0x800676C8.., wave04 efc_init_phase1_setup_buffer 0x800678A8). The bare name is shared by 16 census rows with different arguments and targets, so it identifies none of them. 'spawn' would need its own proof (the body initialises half a particle bank and advances a dispatch offset; it allocates no slot) and is not decided here. RESET to the neutral name (N2/N5). Cites at aeea8ed44.",CONFIRM,"naming-reviewer pre-apply PASS 2026-10-08 (wave10 f2, fresh)"
0x8006702C,func_8006702C,efc_spawn,func_8006702C,RESET,reset-contradicted,"HOMES alias only: named_syms.txt:3086 efc_spawn_8006702C (comment 'effect-spawn wrapper: calls efc_gen_rand_particles(?,?,?)' - a name that exists nowhere, not evidence); census docs/naming/function-names.csv:878 (INFERRED, proposals_resolved.csv confidence=none NO-PROPOSAL-NOW-NAMED); handoff note docs/grind/handoff-2026-10-03-restructure.md:126. No src/, include/ or asm/ identifier uses it (git grep -w; the code uses func_8006702C). BODY src/main/51268.c:2878-2882 (13 insns): ret = func_80067200(3, 0, 1); D_800F1124 = 2; return ret (u8). D_800F1124 is D_800F10D0[21]. func_80067200 (51268.c:2947-3067) zeroes D_800A3438[arg1] and fills records arg2*24 .. arg2*24+23 of the 48-record bank D_800EFC78[arg1] with random rotated vectors (GTE) and state, and returns 1. USES: no jal, no %hi/%lo pair (raw-EXE scan, EXE and MOVOVL.EXE); one data word, 0x8009BB34 = chractar_use_pset_combo_id_table[46] (asm/data/7D920.data.s:23373 '.word func_8006702C'). That table is called only at func_80060A68 51268.c:105 and func_80060B70 51268.c:137, entry D_8009BA60[idx] + D_800F10D0[idx]; D_8009BA60[21] = 45 (7D920.data.s:23293-23321), so storing 2 makes the next dispatch of slot 21 take entry 47. func_80060B70 is run per active D_800F1150 slot by func_80061064 (51268.c:266-290), the wave05 KEEP eff_FrameUpdate. WHY RESET (no basis): the prefix 'efc' is explained by nothing - no string, Sony name or CORROBORATED / VERIFIED function carries it (the census's only efc_ rows are these 16 INFERRED ones), and the subsystem this table belongs to is the one the in-binary strings call 'eff' ('eff_init:%08x size:%08x' 6CF8.c:19, 'eff prim over :%d' 51268.c:264); a family prefix alone is never evidence (N3/N4), and the sibling tags on this table were RESET for that reason (wave02 efc_helper 0x800676C8.., wave04 efc_init_phase1_setup_buffer 0x800678A8). The bare name is shared by 16 census rows with different arguments and targets, so it identifies none of them. 'spawn' would need its own proof (the body initialises half a particle bank and advances a dispatch offset; it allocates no slot) and is not decided here. RESET to the neutral name (N2/N5). Cites at aeea8ed44.",CONFIRM,"naming-reviewer pre-apply PASS 2026-10-08 (wave10 f2, fresh)"
0x80067060,func_80067060,efc_spawn,func_80067060,RESET,reset-contradicted,"HOMES alias only: named_syms.txt:3087 efc_spawn_80067060 (comment 'effect-spawn wrapper: calls efc_gen_rand_particles(?,?,?)' - a name that exists nowhere, not evidence); census docs/naming/function-names.csv:879 (INFERRED, proposals_resolved.csv confidence=none NO-PROPOSAL-NOW-NAMED); handoff note docs/grind/handoff-2026-10-03-restructure.md:126. No src/, include/ or asm/ identifier uses it (git grep -w; the code uses func_80067060). BODY src/main/51268.c:2886-2890 (13 insns): ret = func_80067200(4, 2, 0); D_800F1128 = 1; return ret (u8). D_800F1128 is D_800F10D0[22]. func_80067200 (51268.c:2947-3067) zeroes D_800A3438[arg1] and fills records arg2*24 .. arg2*24+23 of the 48-record bank D_800EFC78[arg1] with random rotated vectors (GTE) and state, and returns 1. USES: no jal, no %hi/%lo pair (raw-EXE scan, EXE and MOVOVL.EXE); one data word, 0x8009BB3C = chractar_use_pset_combo_id_table[48] (asm/data/7D920.data.s:23375 '.word func_80067060'). That table is called only at func_80060A68 51268.c:105 and func_80060B70 51268.c:137, entry D_8009BA60[idx] + D_800F10D0[idx]; D_8009BA60[22] = 48 (7D920.data.s:23293-23321), so storing 1 makes the next dispatch of slot 22 take entry 49. func_80060B70 is run per active D_800F1150 slot by func_80061064 (51268.c:266-290), the wave05 KEEP eff_FrameUpdate. WHY RESET (no basis): the prefix 'efc' is explained by nothing - no string, Sony name or CORROBORATED / VERIFIED function carries it (the census's only efc_ rows are these 16 INFERRED ones), and the subsystem this table belongs to is the one the in-binary strings call 'eff' ('eff_init:%08x size:%08x' 6CF8.c:19, 'eff prim over :%d' 51268.c:264); a family prefix alone is never evidence (N3/N4), and the sibling tags on this table were RESET for that reason (wave02 efc_helper 0x800676C8.., wave04 efc_init_phase1_setup_buffer 0x800678A8). The bare name is shared by 16 census rows with different arguments and targets, so it identifies none of them. 'spawn' would need its own proof (the body initialises half a particle bank and advances a dispatch offset; it allocates no slot) and is not decided here. RESET to the neutral name (N2/N5). Cites at aeea8ed44.",CONFIRM,"naming-reviewer pre-apply PASS 2026-10-08 (wave10 f2, fresh)"
0x80067094,func_80067094,efc_spawn,func_80067094,RESET,reset-contradicted,"HOMES alias only: named_syms.txt:3088 efc_spawn_80067094 (comment 'effect-spawn wrapper: calls efc_gen_rand_particles(?,?,?)' - a name that exists nowhere, not evidence); census docs/naming/function-names.csv:880 (INFERRED, proposals_resolved.csv confidence=none NO-PROPOSAL-NOW-NAMED); handoff note docs/grind/handoff-2026-10-03-restructure.md:126. No src/, include/ or asm/ identifier uses it (git grep -w; the code uses func_80067094). BODY src/main/51268.c:2892-2896 (13 insns): ret = func_80067200(4, 2, 1); D_800F1128 = 2; return ret (u8). D_800F1128 is D_800F10D0[22]. func_80067200 (51268.c:2947-3067) zeroes D_800A3438[arg1] and fills records arg2*24 .. arg2*24+23 of the 48-record bank D_800EFC78[arg1] with random rotated vectors (GTE) and state, and returns 1. USES: no jal, no %hi/%lo pair (raw-EXE scan, EXE and MOVOVL.EXE); one data word, 0x8009BB40 = chractar_use_pset_combo_id_table[49] (asm/data/7D920.data.s:23376 '.word func_80067094'). That table is called only at func_80060A68 51268.c:105 and func_80060B70 51268.c:137, entry D_8009BA60[idx] + D_800F10D0[idx]; D_8009BA60[22] = 48 (7D920.data.s:23293-23321), so storing 2 makes the next dispatch of slot 22 take entry 50. func_80060B70 is run per active D_800F1150 slot by func_80061064 (51268.c:266-290), the wave05 KEEP eff_FrameUpdate. WHY RESET (no basis): the prefix 'efc' is explained by nothing - no string, Sony name or CORROBORATED / VERIFIED function carries it (the census's only efc_ rows are these 16 INFERRED ones), and the subsystem this table belongs to is the one the in-binary strings call 'eff' ('eff_init:%08x size:%08x' 6CF8.c:19, 'eff prim over :%d' 51268.c:264); a family prefix alone is never evidence (N3/N4), and the sibling tags on this table were RESET for that reason (wave02 efc_helper 0x800676C8.., wave04 efc_init_phase1_setup_buffer 0x800678A8). The bare name is shared by 16 census rows with different arguments and targets, so it identifies none of them. 'spawn' would need its own proof (the body initialises half a particle bank and advances a dispatch offset; it allocates no slot) and is not decided here. RESET to the neutral name (N2/N5). Cites at aeea8ed44.",CONFIRM,"naming-reviewer pre-apply PASS 2026-10-08 (wave10 f2, fresh)"
0x800670C8,func_800670C8,efc_spawn,func_800670C8,RESET,reset-contradicted,"HOMES alias only: named_syms.txt:3089 efc_spawn_800670C8 (comment 'effect-spawn wrapper: calls efc_gen_rand_particles(?,?,?)' - a name that exists nowhere, not evidence); census docs/naming/function-names.csv:881 (INFERRED, proposals_resolved.csv confidence=none NO-PROPOSAL-NOW-NAMED); handoff note docs/grind/handoff-2026-10-03-restructure.md:126. No src/, include/ or asm/ identifier uses it (git grep -w; the code uses func_800670C8). BODY src/main/51268.c:2900-2904 (13 insns): ret = func_80067200(5, 3, 0); D_800F112C = 1; return ret (u8). D_800F112C is D_800F10D0[23]. func_80067200 (51268.c:2947-3067) zeroes D_800A3438[arg1] and fills records arg2*24 .. arg2*24+23 of the 48-record bank D_800EFC78[arg1] with random rotated vectors (GTE) and state, and returns 1. USES: no jal, no %hi/%lo pair (raw-EXE scan, EXE and MOVOVL.EXE); one data word, 0x8009BB48 = chractar_use_pset_combo_id_table[51] (asm/data/7D920.data.s:23378 '.word func_800670C8'). That table is called only at func_80060A68 51268.c:105 and func_80060B70 51268.c:137, entry D_8009BA60[idx] + D_800F10D0[idx]; D_8009BA60[23] = 51 (7D920.data.s:23293-23321), so storing 1 makes the next dispatch of slot 23 take entry 52. func_80060B70 is run per active D_800F1150 slot by func_80061064 (51268.c:266-290), the wave05 KEEP eff_FrameUpdate. WHY RESET (no basis): the prefix 'efc' is explained by nothing - no string, Sony name or CORROBORATED / VERIFIED function carries it (the census's only efc_ rows are these 16 INFERRED ones), and the subsystem this table belongs to is the one the in-binary strings call 'eff' ('eff_init:%08x size:%08x' 6CF8.c:19, 'eff prim over :%d' 51268.c:264); a family prefix alone is never evidence (N3/N4), and the sibling tags on this table were RESET for that reason (wave02 efc_helper 0x800676C8.., wave04 efc_init_phase1_setup_buffer 0x800678A8). The bare name is shared by 16 census rows with different arguments and targets, so it identifies none of them. 'spawn' would need its own proof (the body initialises half a particle bank and advances a dispatch offset; it allocates no slot) and is not decided here. RESET to the neutral name (N2/N5). Cites at aeea8ed44.",CONFIRM,"naming-reviewer pre-apply PASS 2026-10-08 (wave10 f2, fresh)"
0x800670FC,func_800670FC,efc_spawn,func_800670FC,RESET,reset-contradicted,"HOMES alias only: named_syms.txt:3090 efc_spawn_800670FC (comment 'effect-spawn wrapper: calls efc_gen_rand_particles(?,?,?)' - a name that exists nowhere, not evidence); census docs/naming/function-names.csv:882 (INFERRED, proposals_resolved.csv confidence=none NO-PROPOSAL-NOW-NAMED); handoff note docs/grind/handoff-2026-10-03-restructure.md:126. No src/, include/ or asm/ identifier uses it (git grep -w; the code uses func_800670FC). BODY src/main/51268.c:2906-2910 (13 insns): ret = func_80067200(5, 3, 1); D_800F112C = 2; return ret (u8). D_800F112C is D_800F10D0[23]. func_80067200 (51268.c:2947-3067) zeroes D_800A3438[arg1] and fills records arg2*24 .. arg2*24+23 of the 48-record bank D_800EFC78[arg1] with random rotated vectors (GTE) and state, and returns 1. USES: no jal, no %hi/%lo pair (raw-EXE scan, EXE and MOVOVL.EXE); one data word, 0x8009BB4C = chractar_use_pset_combo_id_table[52] (asm/data/7D920.data.s:23379 '.word func_800670FC'). That table is called only at func_80060A68 51268.c:105 and func_80060B70 51268.c:137, entry D_8009BA60[idx] + D_800F10D0[idx]; D_8009BA60[23] = 51 (7D920.data.s:23293-23321), so storing 2 makes the next dispatch of slot 23 take entry 53. func_80060B70 is run per active D_800F1150 slot by func_80061064 (51268.c:266-290), the wave05 KEEP eff_FrameUpdate. WHY RESET (no basis): the prefix 'efc' is explained by nothing - no string, Sony name or CORROBORATED / VERIFIED function carries it (the census's only efc_ rows are these 16 INFERRED ones), and the subsystem this table belongs to is the one the in-binary strings call 'eff' ('eff_init:%08x size:%08x' 6CF8.c:19, 'eff prim over :%d' 51268.c:264); a family prefix alone is never evidence (N3/N4), and the sibling tags on this table were RESET for that reason (wave02 efc_helper 0x800676C8.., wave04 efc_init_phase1_setup_buffer 0x800678A8). The bare name is shared by 16 census rows with different arguments and targets, so it identifies none of them. 'spawn' would need its own proof (the body initialises half a particle bank and advances a dispatch offset; it allocates no slot) and is not decided here. RESET to the neutral name (N2/N5). Cites at aeea8ed44.",CONFIRM,"naming-reviewer pre-apply PASS 2026-10-08 (wave10 f2, fresh)"
0x80067130,func_80067130,efc_spawn,func_80067130,RESET,reset-contradicted,"HOMES alias only: named_syms.txt:3091 efc_spawn_80067130 (comment 'effect-spawn wrapper: calls efc_gen_rand_particles(?,?,?)' - a name that exists nowhere, not evidence); census docs/naming/function-names.csv:883 (INFERRED, proposals_resolved.csv confidence=none NO-PROPOSAL-NOW-NAMED); handoff note docs/grind/handoff-2026-10-03-restructure.md:126. No src/, include/ or asm/ identifier uses it (git grep -w; the code uses func_80067130). BODY src/main/51268.c:2914-2918 (13 insns): ret = func_80067200(6, 3, 0); D_800F1130 = 1; return ret (u8). D_800F1130 is D_800F10D0[24]. func_80067200 (51268.c:2947-3067) zeroes D_800A3438[arg1] and fills records arg2*24 .. arg2*24+23 of the 48-record bank D_800EFC78[arg1] with random rotated vectors (GTE) and state, and returns 1. USES: no jal, no %hi/%lo pair (raw-EXE scan, EXE and MOVOVL.EXE); one data word, 0x8009BB54 = chractar_use_pset_combo_id_table[54] (asm/data/7D920.data.s:23381 '.word func_80067130'). That table is called only at func_80060A68 51268.c:105 and func_80060B70 51268.c:137, entry D_8009BA60[idx] + D_800F10D0[idx]; D_8009BA60[24] = 54 (7D920.data.s:23293-23321), so storing 1 makes the next dispatch of slot 24 take entry 55. func_80060B70 is run per active D_800F1150 slot by func_80061064 (51268.c:266-290), the wave05 KEEP eff_FrameUpdate. WHY RESET (no basis): the prefix 'efc' is explained by nothing - no string, Sony name or CORROBORATED / VERIFIED function carries it (the census's only efc_ rows are these 16 INFERRED ones), and the subsystem this table belongs to is the one the in-binary strings call 'eff' ('eff_init:%08x size:%08x' 6CF8.c:19, 'eff prim over :%d' 51268.c:264); a family prefix alone is never evidence (N3/N4), and the sibling tags on this table were RESET for that reason (wave02 efc_helper 0x800676C8.., wave04 efc_init_phase1_setup_buffer 0x800678A8). The bare name is shared by 16 census rows with different arguments and targets, so it identifies none of them. 'spawn' would need its own proof (the body initialises half a particle bank and advances a dispatch offset; it allocates no slot) and is not decided here. RESET to the neutral name (N2/N5). Cites at aeea8ed44.",CONFIRM,"naming-reviewer pre-apply PASS 2026-10-08 (wave10 f2, fresh)"
0x80067164,func_80067164,efc_spawn,func_80067164,RESET,reset-contradicted,"HOMES alias only: named_syms.txt:3092 efc_spawn_80067164 (comment 'effect-spawn wrapper: calls efc_gen_rand_particles(?,?,?)' - a name that exists nowhere, not evidence); census docs/naming/function-names.csv:884 (INFERRED, proposals_resolved.csv confidence=none NO-PROPOSAL-NOW-NAMED); handoff note docs/grind/handoff-2026-10-03-restructure.md:126. No src/, include/ or asm/ identifier uses it (git grep -w; the code uses func_80067164). BODY src/main/51268.c:2920-2924 (13 insns): ret = func_80067200(6, 3, 1); D_800F1130 = 2; return ret (u8). D_800F1130 is D_800F10D0[24]. func_80067200 (51268.c:2947-3067) zeroes D_800A3438[arg1] and fills records arg2*24 .. arg2*24+23 of the 48-record bank D_800EFC78[arg1] with random rotated vectors (GTE) and state, and returns 1. USES: no jal, no %hi/%lo pair (raw-EXE scan, EXE and MOVOVL.EXE); one data word, 0x8009BB58 = chractar_use_pset_combo_id_table[55] (asm/data/7D920.data.s:23382 '.word func_80067164'). That table is called only at func_80060A68 51268.c:105 and func_80060B70 51268.c:137, entry D_8009BA60[idx] + D_800F10D0[idx]; D_8009BA60[24] = 54 (7D920.data.s:23293-23321), so storing 2 makes the next dispatch of slot 24 take entry 56. func_80060B70 is run per active D_800F1150 slot by func_80061064 (51268.c:266-290), the wave05 KEEP eff_FrameUpdate. WHY RESET (no basis): the prefix 'efc' is explained by nothing - no string, Sony name or CORROBORATED / VERIFIED function carries it (the census's only efc_ rows are these 16 INFERRED ones), and the subsystem this table belongs to is the one the in-binary strings call 'eff' ('eff_init:%08x size:%08x' 6CF8.c:19, 'eff prim over :%d' 51268.c:264); a family prefix alone is never evidence (N3/N4), and the sibling tags on this table were RESET for that reason (wave02 efc_helper 0x800676C8.., wave04 efc_init_phase1_setup_buffer 0x800678A8). The bare name is shared by 16 census rows with different arguments and targets, so it identifies none of them. 'spawn' would need its own proof (the body initialises half a particle bank and advances a dispatch offset; it allocates no slot) and is not decided here. RESET to the neutral name (N2/N5). Cites at aeea8ed44.",CONFIRM,"naming-reviewer pre-apply PASS 2026-10-08 (wave10 f2, fresh)"
0x80067198,func_80067198,efc_spawn,func_80067198,RESET,reset-contradicted,"HOMES alias only: named_syms.txt:3093 efc_spawn_80067198 (comment 'effect-spawn wrapper: calls efc_gen_rand_particles(?,?,?)' - a name that exists nowhere, not evidence); census docs/naming/function-names.csv:885 (INFERRED, proposals_resolved.csv confidence=none NO-PROPOSAL-NOW-NAMED); handoff note docs/grind/handoff-2026-10-03-restructure.md:126. No src/, include/ or asm/ identifier uses it (git grep -w; the code uses func_80067198). BODY src/main/51268.c:2928-2932 (13 insns): ret = func_80067200(7, 2, 0); D_800F1134 = 1; return ret (u8). D_800F1134 is D_800F10D0[25]. func_80067200 (51268.c:2947-3067) zeroes D_800A3438[arg1] and fills records arg2*24 .. arg2*24+23 of the 48-record bank D_800EFC78[arg1] with random rotated vectors (GTE) and state, and returns 1. USES: no jal, no %hi/%lo pair (raw-EXE scan, EXE and MOVOVL.EXE); one data word, 0x8009BB60 = chractar_use_pset_combo_id_table[57] (asm/data/7D920.data.s:23384 '.word func_80067198'). That table is called only at func_80060A68 51268.c:105 and func_80060B70 51268.c:137, entry D_8009BA60[idx] + D_800F10D0[idx]; D_8009BA60[25] = 57 (7D920.data.s:23293-23321), so storing 1 makes the next dispatch of slot 25 take entry 58. func_80060B70 is run per active D_800F1150 slot by func_80061064 (51268.c:266-290), the wave05 KEEP eff_FrameUpdate. WHY RESET (no basis): the prefix 'efc' is explained by nothing - no string, Sony name or CORROBORATED / VERIFIED function carries it (the census's only efc_ rows are these 16 INFERRED ones), and the subsystem this table belongs to is the one the in-binary strings call 'eff' ('eff_init:%08x size:%08x' 6CF8.c:19, 'eff prim over :%d' 51268.c:264); a family prefix alone is never evidence (N3/N4), and the sibling tags on this table were RESET for that reason (wave02 efc_helper 0x800676C8.., wave04 efc_init_phase1_setup_buffer 0x800678A8). The bare name is shared by 16 census rows with different arguments and targets, so it identifies none of them. 'spawn' would need its own proof (the body initialises half a particle bank and advances a dispatch offset; it allocates no slot) and is not decided here. RESET to the neutral name (N2/N5). Cites at aeea8ed44.",CONFIRM,"naming-reviewer pre-apply PASS 2026-10-08 (wave10 f2, fresh)"
0x800671CC,func_800671CC,efc_spawn,func_800671CC,RESET,reset-contradicted,"HOMES alias only: named_syms.txt:3094 efc_spawn_800671CC (comment 'effect-spawn wrapper: calls efc_gen_rand_particles(?,?,?)' - a name that exists nowhere, not evidence); census docs/naming/function-names.csv:886 (INFERRED, proposals_resolved.csv confidence=none NO-PROPOSAL-NOW-NAMED); handoff note docs/grind/handoff-2026-10-03-restructure.md:126. No src/, include/ or asm/ identifier uses it (git grep -w; the code uses func_800671CC). BODY src/main/51268.c:2934-2938 (13 insns): ret = func_80067200(7, 2, 1); D_800F1134 = 2; return ret (u8). D_800F1134 is D_800F10D0[25]. func_80067200 (51268.c:2947-3067) zeroes D_800A3438[arg1] and fills records arg2*24 .. arg2*24+23 of the 48-record bank D_800EFC78[arg1] with random rotated vectors (GTE) and state, and returns 1. USES: no jal, no %hi/%lo pair (raw-EXE scan, EXE and MOVOVL.EXE); one data word, 0x8009BB64 = chractar_use_pset_combo_id_table[58] (asm/data/7D920.data.s:23385 '.word func_800671CC'). That table is called only at func_80060A68 51268.c:105 and func_80060B70 51268.c:137, entry D_8009BA60[idx] + D_800F10D0[idx]; D_8009BA60[25] = 57 (7D920.data.s:23293-23321), so storing 2 makes the next dispatch of slot 25 take entry 59. func_80060B70 is run per active D_800F1150 slot by func_80061064 (51268.c:266-290), the wave05 KEEP eff_FrameUpdate. WHY RESET (no basis): the prefix 'efc' is explained by nothing - no string, Sony name or CORROBORATED / VERIFIED function carries it (the census's only efc_ rows are these 16 INFERRED ones), and the subsystem this table belongs to is the one the in-binary strings call 'eff' ('eff_init:%08x size:%08x' 6CF8.c:19, 'eff prim over :%d' 51268.c:264); a family prefix alone is never evidence (N3/N4), and the sibling tags on this table were RESET for that reason (wave02 efc_helper 0x800676C8.., wave04 efc_init_phase1_setup_buffer 0x800678A8). The bare name is shared by 16 census rows with different arguments and targets, so it identifies none of them. 'spawn' would need its own proof (the body initialises half a particle bank and advances a dispatch offset; it allocates no slot) and is not decided here. RESET to the neutral name (N2/N5). Cites at aeea8ed44.",CONFIRM,"naming-reviewer pre-apply PASS 2026-10-08 (wave10 f2, fresh)"
0x80069898,func_80069898,gpu_draw_layered_box,gpu_draw_layered_box,KEEP,sotn-review,"HOMES alias only: named_syms.txt:3110 gpu_draw_layered_box_80069898 (comment cites retired helper names, not evidence); census docs/naming/function-names.csv:907 (INFERRED, proposals_resolved.csv:763 confidence=none). No src/, include/ or asm/ identifier uses it (git grep -w; the code uses func_80069898, prototype include/bb2.h:846). Comments mentioning the glabel: 5ED34.c:845, :1091, :1693, 63D2C.c:461 (cursor notes). BODY src/main/51268.c:3967-4010 (102 insns): p = (TILE *) arg0[6]; three TILEs, each SetTile, x0 = rect[0], w = rect[2], h = rect[3], AddPrim(g_gpu_ot_ptr + arg2): #1 y0 = rect[1], grey 0x80, SetSemiTrans 0; #2 y0 = rect[1] - 1, grey 0x80, SetSemiTrans 1; #3 y0 = rect[1] - 2, grey 0x40, SetSemiTrans 1; then arg0[6] = p + 3. Its only calls are SetTile / SetSemiTrans / AddPrim (libgpu, VERIFIED function-names.csv:1128 / :1112 / :1108; asm jal in func_80069898.s:13-92); void. CALLERS (9 C sites = the 9 jal of the raw-EXE scan; no data word, no %hi/%lo pair): func_8006B120 51268.c:4917, func_8006BB68 :5162, func_8006CFBC :5746, func_8006D3DC :5820, func_8006DD94 :6044 (OT slot 0x11); func_8006F97C 5ED34.c:847, func_80070C70 :1093, func_800720FC :1695 (slot 1); func_80074488 63D2C.c:463 (slot 2); asm func_8006B120.s:281, func_8006BB68.s:107, func_8006CFBC.s:213, func_8006D3DC.s:122, func_8006DD94.s:112, func_8006F97C.s:514, func_80070C70.s:61, func_800720FC.s:528, func_80074488.s:217. Each passes its primitive block and a u16 x / y / w / h rectangle. WHY gpu: it builds GPU primitives with the libgpu packet routines and links them into the ordering table g_gpu_ot_ptr. WHY draw: building and OT-linking primitives is the draw step (same reading as draw_bg_and_sprites, wave05 KEEP). WHY box: each primitive is a filled rectangle of the caller's x / y / w / h. WHY layered: the three rectangles are stacked one pixel apart in y with different shades and blending. COUNTER-EVIDENCE considered: #1's colour is first set to 0xFF then 0x80 (dead stores, same TILE); nothing contradicts a word. Collision: KEEP, no new identifier. Cites at aeea8ed44.",CONFIRM,"naming-reviewer pre-apply PASS 2026-10-08 (wave10 f2, fresh)"
0x8006F038,func_8006F038,gpu_draw_fullscreen_overlay,gpu_draw_fullscreen_overlay,KEEP,sotn-review,"HOMES alias only: named_syms.txt:3108 gpu_draw_fullscreen_overlay_8006F038 (comment cites retired helper names, not evidence); census docs/naming/function-names.csv:955 (INFERRED, proposals_resolved.csv:795 confidence=none). No src/, include/ or asm/ identifier uses it (git grep -w; the code uses func_8006F038). BODY src/main/5ED34.c:403-428 (50 insns): TILE p = arg0->unk_04.unk_10; SetTile; x0 = y0 = 0, w = 0x280, h = 0xF0 (the whole 640x240 display, the size disp_Init's double buffer uses, 6CF8.c:158-172); r = g = b = D_800A3550; SetSemiTrans(p, 1); AddPrim(g_gpu_ot_ptr, p); cursor += 1; then SetDrawMode(arg0->unk_04.unk_14, 1, 0, 0x40, 0) (tpage word 0x40: blend mode bits 5-6 = 2) and AddPrim(g_gpu_ot_ptr, it), cursor += 1. Calls only SetTile / SetSemiTrans / AddPrim / SetDrawMode (libgpu, VERIFIED function-names.csv:1128 / :1112 / :1108 / :1170; asm jal func_8006F038.s:8-40); void. CALLERS (3 C sites = the 3 jal of the raw-EXE scan at 0x8006F158, 0x8006F16C, 0x80072054; no data word, no %hi/%lo pair): func_8006F100 5ED34.c:449 and :452, after stepping D_800A3550 by 0x10 (capped 0xFF, then cleared) - the tile's shade (asm func_8006F100.s:24/30); func_80071C4C 5ED34.c:1507 (asm func_80071C4C.s:278). WHY fullscreen: the tile spans (0,0)-(640,240). WHY overlay: it is semi-transparent and goes to OT slot 0, which this module's reverse-cleared table (ClearOTagR(g_gpu_ot_ptr, 0x1008), 5ED34.c:67) draws last, so it covers what is already drawn, with the draw-mode packet that sets its blending linked in front of it. WHY gpu / draw: it builds and OT-links GPU primitives with the libgpu routines. COUNTER-EVIDENCE considered: the name does not claim 'fade' (that is the caller's stepping of D_800A3550); nothing contradicts a word. Collision: KEEP, no new identifier. Cites at aeea8ed44.",CONFIRM,"naming-reviewer pre-apply PASS 2026-10-08 (wave10 f2, fresh)"
0x8006F528,func_8006F528,gpu_render,func_8006F528,RESET,reset-contradicted,"HOMES alias only: named_syms.txt:3137 gpu_render_8006F528 ('builds + OT-links GPU primitive(s) ... n=277'); census docs/naming/function-names.csv:957 (INFERRED, proposals_resolved.csv:796 confidence=none). No src/, include/ or asm/ identifier uses it (git grep -w; the code uses func_8006F528, prototype src/main/5ED34.c:214). BODY 5ED34.c:536-686 (277 insns): six func_80073728 cell-batch calls on the D_800A35A8->unk_5C headers at x from D_800A3570 / 0x200 (advancing arg0->unk_04.unk_00); two SetDrawArea packets (slots 0xF and 6); in states 2 / 4 writes D_800A35C4->unk_10[0..1] (the draw offset) and two SetDrawOffset packets; a TILE at (0x4C,0x80) 0x215x0x4C coloured by D_800A3568->unk20_0 (slot 0xE); two more func_80073728 batches (slot 0xE); asm jal SetDrawArea / SetDrawOffset / SetTile / SetSemiTrans / AddPrim / func_80073728 (func_8006F528.s:36-280). CALLERS: one, func_8006EACC 5ED34.c:243 (asm func_8006EACC.s:67; raw-EXE scan: one jal at 0x8006EBCC, no data word, no %hi/%lo pair). WHY RESET (no basis): 'gpu_render' has no noun: it says only that the body builds and OT-links GPU primitives, which is true of every drawing routine (e.g. func_80069898, func_8006F038 in this wave), so it names nothing the body touches (N1: the noun is what the body touches). It is the naming analyzer's family tag: the bare name is shared by 6 census-era rows (0x8006295C, 0x800646E8, 0x8006F528, 0x80073C78, 0x80074B18 and 0x80076D74, RESET in wave05) with six different bodies, like the wave02 *_helper tags. No narrower name is proposed: every word of one would need its own proof. RESET to the neutral name (N2/N5). Cites at aeea8ed44.",CONFIRM,"naming-reviewer pre-apply PASS 2026-10-08 (wave10 f2, fresh)"
0x80073C78,func_80073C78,gpu_render,func_80073C78,RESET,reset-contradicted,"HOMES alias only: named_syms.txt:3134 gpu_render_80073C78 ('builds + OT-links GPU primitive(s) ... n=362'); census docs/naming/function-names.csv:977 (INFERRED, proposals_resolved.csv:807 confidence=none). No src/, include/ or asm/ identifier uses it (git grep -w; the code uses func_80073C78, externs 5ED34.c:432, 63D2C.c:10; comments include/game.h:160, :575 name the glabel). BODY src/main/63D2C.c:161-282 (362 insns): from env->header / env->table finds the cells' scaled bounding box and centre, then per cell builds one POLY_FT4 (SetPolyFT4, GetClut, tpage from the header) whose corners are rotated by 'angle' (RotMatrix / ScaleMatrixL / SetRotMatrix / ApplyRotMatrix), mirrored by mode 1-3, offset by env->x / y, with SetShadeTex / colour and SetSemiTrans; clamps env->ot_idx >= 0x1006 to 1 (a write to the caller's env) and AddPrims at g_gpu_ot_ptr + ot_idx; stores and returns the advanced env->ft4_out. CALLERS (4 C sites, 2 jal - each if/else pair shares one call; raw-EXE scan: jal at 0x8006F45C, 0x80071EA0, no data word, no %hi/%lo pair): func_8006F100 5ED34.c:518 / :520 (asm func_8006F100.s:230), func_80071C4C 5ED34.c:1476 / :1478 (asm func_80071C4C.s:159). WHY RESET (no basis): 'gpu_render' has no noun: it says only that the body builds and OT-links GPU primitives, which is true of every drawing routine (e.g. func_80069898, func_8006F038 in this wave), so it names nothing the body touches (N1: the noun is what the body touches). It is the naming analyzer's family tag: the bare name is shared by 6 census-era rows (0x8006295C, 0x800646E8, 0x8006F528, 0x80073C78, 0x80074B18 and 0x80076D74, RESET in wave05) with six different bodies, like the wave02 *_helper tags. No narrower name is proposed: every word of one would need its own proof. RESET to the neutral name (N2/N5). Cites at aeea8ed44.",CONFIRM,"naming-reviewer pre-apply PASS 2026-10-08 (wave10 f2, fresh)"
0x80074B18,func_80074B18,gpu_render,func_80074B18,RESET,reset-contradicted,"HOMES alias only: named_syms.txt:3135 gpu_render_80074B18 ('builds + OT-links GPU primitive(s) ... n=133'); census docs/naming/function-names.csv:981 (INFERRED, proposals_resolved.csv:810 confidence=none). No src/, include/ or asm/ identifier uses it (git grep -w; the code uses func_80074B18; comments include/game.h:254, :302 name the glabel). BODY src/main/64FD8.c:149-189 (133 insns): for SELWORK->f65 + 3 rows, emits n = 5 (arg2 == 0) or 8 TILEs from the template SELWORK->f04->unk_3C (colour, w, h, x + arg1 * 240, y + row * 17 + 0x7C or row * 34 + 0x2B), SetSemiTrans 0, AddPrim at slot 0xB (arg1 == 0) or 0x15; advances arg0->unk_04.unk_10; asm jal SetTile / SetSemiTrans / AddPrim (func_80074B18.s:49-105). CALLERS (4 C = 4 jal at 0x80077514, 0x800775A4, 0x800775F0, 0x80077690; no data word, no %hi/%lo pair): func_80077374 64FD8.c:1192, :1199, :1205, :1215 (asm func_80077374.s:112/149/169/210). WHY RESET (no basis): 'gpu_render' has no noun: it says only that the body builds and OT-links GPU primitives, which is true of every drawing routine (e.g. func_80069898, func_8006F038 in this wave), so it names nothing the body touches (N1: the noun is what the body touches). It is the naming analyzer's family tag: the bare name is shared by 6 census-era rows (0x8006295C, 0x800646E8, 0x8006F528, 0x80073C78, 0x80074B18 and 0x80076D74, RESET in wave05) with six different bodies, like the wave02 *_helper tags. No narrower name is proposed: every word of one would need its own proof. RESET to the neutral name (N2/N5). Cites at aeea8ed44.",CONFIRM,"naming-reviewer pre-apply PASS 2026-10-08 (wave10 f2, fresh)"
0x80016D78,func_80016D78,sys_GameInit,func_80016D78,RESET,reset-contradicted,"HOMES: C definition src/main/6CF8.c:287 (void sys_GameInit(void), no prototype elsewhere); glabel func_80016D78 (asm/funcs/func_80016D78.s); asm text 'jal sys_GameInit' asm/funcs/main.s:17; alias sys_GameInit_80016D78 (named_syms.txt:360, comment cites retired names file_LoadSoundData / katinuki_game_setData / coli_CheckRobEnemy); tools/rename_funcs.py:89 ('func_80016D78': 'sys_GameInit'); census docs/naming/function-names.csv:24 (INFERRED, naming-analyzer confidence=none, census note 'the prefix asserts more than the evidence'); layer-2 ledger memory/grind/_completed/sys_GameInit/ (moves with the name). COMMENTS naming it: include/bb2.h:332; named_syms.txt:484, :1115, :1118, :1120, :1121, :1865, :1866, :1869, :1872, :2701, :2708, :2718 (the last three are '<-sys_GameInit_80016D78' retired-name notes); symbol_addrs.txt:179. All become func_80016D78 and stay true (they describe stores this body does). BODY 6CF8.c:287-310 (50 insns): printf(g_str_limit, 0x8010DB00) :288; func_800167EC :289; func_80020D70 :290; D_800A3770[0]/[1] = 0x801D8800 / 0x801EBC00 :291-292; D_800A3798 = 0x13400 :293; D_800A3716 = 0 and D_800A3906 = 0 :294-295; snd_InitAndLoadCommonVab :296; pad_ResetStateMarkValid :297; func_8003D2C4 :298; func_8001C444 :299; zeroes D_800A36F9, D_800A3690, D_800A3744-46 :300-304; func_80046B44 :305; D_800A36F1 = 2 :306; D_800A38C4[1] = 0 :307; D_800A36B0 = 0, D_800A3928 = 0 :308-309. void. CALLERS (1 jal; no .word / lui-addiu pointer): main 6CF8.c:440 (asm main.s:17, pc 0x8001723C), once at boot after sys_Init and before the frame loop. WHY: 'Init' holds (one-shot start-up clears and loads). 'sys' has no basis (N3/N4): the callees span sound (snd_InitAndLoadCommonVab), pad (pad_ResetStateMarkValid), the prim-buffer pair D_800A3770 and neutral routines; no 'sys' subsystem is shown by any callee, datum or caller. 'Game' has no basis: wave03 RESET the same word on func_80046B44 (game_Init) because no 'game' subsystem is established (docs/naming/phase3/wave03/func_manifest.csv:34), and the clears here touch options-screen values (D_800A36F9, D_800A3690: wave07 data rows) and the link-cable request D_800A3928, not a 'game' object. Neutral (N2/N5). Inventory: Codex C6 (tmp/codex/c6-inferred-funcs-result.md), re-derived by Claude. Cites at aeea8ed44.",CONFIRM,"naming-reviewer pre-apply PASS 2026-10-08 (wave10 f1, fresh)"
0x8002BC68,func_8002BC68,calc_fighter_separation_vec,func_8002BC68,RESET,reset-contradicted,"HOMES: alias calc_fighter_separation_vec_8002BC68 (named_syms.txt:2687) is the only home of the name; the code uses the glabel (C definition src/main/17AFC.c:2089, asm/funcs/func_8002BC68.s; gate keys inline_asm_canonical.txt:358, tools/canonical_asm_regions.json:59, engine/queue.json:40 hold the glabel and do not move). Census docs/naming/function-names.csv:169 (INFERRED, residual_named manual_re). COMMENTS naming it: named_syms.txt:2735 (retired-name note '->calc_fighter_separation_vec_8002BC68') and :3115 (0x8002BEA0's alias comment, 'sibling of calc_fighter_separation_vec'; that line retires with row 0x8002BEA0 of this manifest). BODY 17AFC.c:2089-2151 (142 insns): dx/dz = D_80101EC8[0].unk_D8.x/z - D_80101EC8[1].unk_D8.x/z (:2104-2105); d = integer sqrt of dx*dx+dz*dz via g_sqrt_table_u8 (small case) or the GTE LZCS/LZCR leading-zero island + table (:2106-2136); push = (arg0-d)*80/100 if d < arg0 else (arg0-d)/16 (:2137-2141); writes unk_134.vx/vz of record 0 = dx*push/(arg0-100), dz*push/(arg0-100) and record 1 the negated pair (:2142-2149); returns d (:2150). CALLERS (1 jal, no pointer word): func_8002C0DC 17AFC.c:2222 (asm func_8002C0DC.s:11), passing D_800A371C. WHY: 'calc' and 'separation' (the XZ difference between the two records) fit. 'fighter' has no basis (N3): the records are D_80101EC8[0]/[1] of type Unk80101EC8Record (include/bb2.h:150), a neutral name; the recorded basis ('0x44C apart=fighter stride', named_syms.txt:2687) is a size argument, never evidence. 'vec' omits the main effect: the body writes a target-distance push into both records' unk_134 and returns the distance (N1). Neutral (N2/N5). Inventory: Codex C6 (tmp/codex/c6-inferred-funcs-result.md), re-derived by Claude. Cites at aeea8ed44.",CONFIRM,"naming-reviewer pre-apply PASS 2026-10-08 (wave10 f1, fresh)"
0x8002BEA0,func_8002BEA0,calc_fighter_separation_stored,func_8002BEA0,RESET,reset-contradicted,"HOMES: alias calc_fighter_separation_stored_8002BEA0 (named_syms.txt:3115, comment 'inter-fighter distance from STORED pos (+0xF4/+0xFC...)') is the only home; the code uses the glabel (C definition src/main/17AFC.c:2153, asm/funcs/func_8002BEA0.s; gate keys inline_asm_canonical.txt:359, tools/canonical_asm_regions.json:65, engine/queue.json:51, tools/test_board_cards.py:242-247 hold the glabel and do not move). Census docs/naming/function-names.csv:170 (INFERRED, naming-analyzer confidence=none). No other comment names it. BODY 17AFC.c:2153-2215 (143 insns): same algorithm as func_8002BC68 on D_80101EC8[0]/[1].unk_F4.x/z (:2168-2169) with a fixed target 0x44C (1100) and divisor 0x3E8 (1000) (:2201-2213): writes both records' unk_134.vx/vz (opposed) and returns d - 0x44C (:2214). CALLERS (1 jal, no pointer word): func_80026DA4 175A4.c:31 (asm func_80026DA4.s:7), which stores the result in 'timer'. WHY: 'fighter' has no basis (records of neutral type Unk80101EC8Record, include/bb2.h:150); 'stored' has no basis: unk_F4 is a neutral member and nothing shows it is a stored copy of a position (N3); 'separation' omits the push written to unk_134 and the returned offset from 1100 (N1). Neutral (N2/N5). Inventory: Codex C6 (tmp/codex/c6-inferred-funcs-result.md), re-derived by Claude. Cites at aeea8ed44.",CONFIRM,"naming-reviewer pre-apply PASS 2026-10-08 (wave10 f1, fresh)"
0x80037234,func_80037234,set_global,func_80037234,RESET,reset-contradicted,"HOMES: alias set_global_80037234 (named_syms.txt:2895, comment 'structural role; n=7') is the only home; the code uses the glabel (C definition src/main/cdrom.c:137, asm/funcs/func_80037234.s). Census docs/naming/function-names.csv:268 (INFERRED, naming-analyzer confidence=none). The bare string 'set_global' also appears in docs/naming/libscan/wave_addresses.txt:37/:333 as the retired label of two other addresses (not this row). BODY cdrom.c:137-140 (7 insns): D_80101E58.rec.unk04 = 0; D_80101E58.rec.unk08 = 1 (D_80101E58 is the CdState block, include/bb2.h:482); void, no call. CALLERS: none (raw-EXE scan (every jal/j word, every aligned .word, every lui/addiu pair forming the address): none). WHY: 'set' is true of the two stores; 'global' names no object (N1: the noun must be what the body touches): the body writes two members of one record, and the same structural-classifier label sits on unrelated functions (func_800420E8, func_8004283C in this manifest). No basis for a specific name. Neutral (N2/N5). Inventory: Codex C6 (tmp/codex/c6-inferred-funcs-result.md), re-derived by Claude. Cites at aeea8ed44.",CONFIRM,"naming-reviewer pre-apply PASS 2026-10-08 (wave10 f1, fresh)"
0x800420E8,func_800420E8,set_global,func_800420E8,RESET,reset-contradicted,"HOMES: alias set_global_800420E8 (named_syms.txt:2919, 'structural role; n=13') is the only home; the code uses the glabel (C definition src/main/31D3C.c:470, prototype include/bb2.h:726, asm/funcs/func_800420E8.s). Census docs/naming/function-names.csv:455 (INFERRED, confidence=none). Comment naming the glabel (unchanged): symbol_addrs.txt:184. BODY 31D3C.c:470-475 (13 insns): if (a0 < 2) { D_800A3380[a0] = 1; g_anim_hit_data[a0] = a1; } (two static arrays, 31D3C.c:461-462); void. The flags and values are consumed by func_8004211C (31D3C.c:477-490), which calls func_80041EB0 with the stored values. CALLERS (1 jal, no pointer word): func_80040D48 31548.c:196 (asm func_80040D48.s:272), passing (a0, s3->node.xf.mat.t). WHY: 'set' fits; 'global' (singular, generic) names neither object: the body is a bounds-checked write to two parallel per-index arrays (N1). No basis for a specific name. Neutral (N2/N5). Inventory: Codex C6 (tmp/codex/c6-inferred-funcs-result.md), re-derived by Claude. Cites at aeea8ed44.",CONFIRM,"naming-reviewer pre-apply PASS 2026-10-08 (wave10 f1, fresh)"
0x80061178,func_80061178,game_Cleanup,func_80061178,RESET,reset-contradicted,"HOMES: the name is the glabel: asm/funcs/game_Cleanup.s:1 (glabel) / :13 (endlabel) (file renames to func_80061178.s); C definition src/main/51268.c:292; prototype include/bb2.h:887; asm text 'jal game_Cleanup' in asm/funcs/func_8001DCB0.s:460, func_8001EA04.s:10, func_8001EEB4.s:49, func_800397D4.s:22, func_8003B9D0.s:11, func_8003C040.s:141, func_8003CCCC.s:6, func_8003CE18.s:82. No named_syms.txt / undefined_syms_auto.txt / symbol_addrs.txt definition line. Census docs/naming/function-names.csv:807 (INFERRED, unattributed: 'provenance UNKNOWN', introduced by commit 4c7390cc3). COMMENTS naming it: named_syms.txt:1377, :1386, :1404 (retired-name notes of 0x8001EA04 / 0x8003CCCC / 0x8003B9D0, '... + game_Cleanup ...'; become func_80061178, still true). BODY 51268.c:292-296 / asm game_Cleanup.s (11 insns): func_80060C60() (51268.c:145-163: zeroes D_800F10D0[0..27], D_800F1150[0..27], D_800A345C/D_800A3454/D_800A344C pairs, D_800A3460 (the six-slot live mask, include/bb2.h:143), D_800A3444 (the 16-slot mask, bb2.h:131) and D_800A3448); func_800421A4() (31D3C.c:494: func_80041EB0(0, 0)); D_800A32BC = 0 (sw gp_rel, game_Cleanup.s:8). void. CALLERS (8 jal = 8 C sites, no pointer word): func_8001DCB0 9F9C.c:2013; func_8001EA04 9F9C.c:2187; func_8001EEB4 9F9C.c:2302; func_800397D4 28708.c:1307; func_8003B9D0 2B344.c:501; func_8003C040 2B344.c:787; func_8003CCCC 2B344.c:1067; func_8003CE18 2B344.c:1135. WHY: 'Cleanup' is loosely true (clears effect-slot state). 'game' has no basis (N4): every datum it clears belongs to the 51268.c effect slots plus D_800A32BC and the func_80041EB0(0,0) call; no callee, datum or caller establishes a 'game' subsystem (wave03 RESET game_Init on the same ground, docs/naming/phase3/wave03/func_manifest.csv:34). Neutral (N2/N5). Inventory: Codex C6 (tmp/codex/c6-inferred-funcs-result.md), re-derived by Claude. Cites at aeea8ed44.",CONFIRM,"naming-reviewer pre-apply PASS 2026-10-08 (wave10 f1, fresh)"
0x8001E878,func_8001E878,mode_handler_01_GameFrameUpdate,func_8001E878,RESET,reset-contradicted,"Codex suggested RENAME mode_handler_01; not taken. HOMES: alias line named_syms.txt:1373 (mode_handler_01_GameFrameUpdate = 0x8001E878, comment 'main per-frame fight: camera, characters, collision, motion, stage tick') is the only home; the code uses the glabel (C definition src/main/9F9C.c:2150, asm/funcs/func_8001E878.s). Census docs/naming/function-names.csv:97 (INFERRED, confidence=none). COMMENTS naming it: named_syms.txt:2702, :2707, :2711, :2712, :2765 (retired-name notes '<-mode_handler_01_GameFrameUpdate'; become func_8001E878); named_syms.txt:1416 ('34/34 modes named') goes stale for the prose pass. Glabel comment 9F9C.c:515 (unchanged). BODY 9F9C.c:2150-2181 (99 insns): D_800A3778 = func_800472B0(); func_8001A820 on D_80101EC8[0]/[1] and their unk_168; func_8001B478 when D_800A38BA; func_8001E404, func_80039320, func_8002006C; func_8001BE20 / func_80023F08 for records 0 and 1; func_8002C61C, func_80030D7C, func_800321E8, func_800397A0; func_8001E800 or func_8003E6A0 on both records' unk_F4; func_80046DA8((D_800A3690 ^ 1) != 0); func_8001CE60, func_800335D8, func_8001C8DC. void. CALLERS: no jal; one data word, g_module_func_tbl slot 1 (src/main/d_7D870.c:27, word at 0x8008D094), called by main through g_module_func_tbl[D_800A3834]() each frame (6CF8.c:470). WHY: 'handler_01' is the slot. 'FrameUpdate' is the per-frame call shape only. 'Game' has no basis (N3/N4): every callee is a neutral func_ and 'game' is no established subsystem (wave03 game_Init RESET). Same disposition as the wave04 rows for slots 4/12/17 (docs/naming/phase3/wave04/func_manifest.csv:2-4: 'mode_handler_NN' matches the slot, the descriptive word fails, RESET); 'mode' itself rests on the registry comment named_syms.txt:924 only, and the index D_800A3834 is neutral since wave09 (named_syms.txt:1000), so a bare mode_handler_NN rename is not taken (N2/N4). Neutral (N2/N5). Inventory: Codex C6 (tmp/codex/c6-inferred-funcs-result.md), re-derived by Claude. Cites at aeea8ed44.",CONFIRM,"naming-reviewer pre-apply PASS 2026-10-08 (wave10 f1, fresh)"
0x8003BFC4,func_8003BFC4,mode_handler_15_TeardownVariant,func_8003BFC4,RESET,reset-contradicted,"Codex suggested RENAME mode_handler_15; not taken. HOMES: alias line named_syms.txt:1378 (mode_handler_15_TeardownVariant = 0x8003BFC4, comment '... (similar to mode_10)') is the only home; the code uses the glabel (C definition src/main/2B344.c:701, asm/funcs/func_8003BFC4.s). Census docs/naming/function-names.csv:352 (INFERRED, confidence=low). COMMENT naming it: named_syms.txt:2750 (retired-name note '<-mode_handler_15_TeardownVariant'; becomes func_8003BFC4). Glabel comment named_syms.txt:484 (unchanged). BODY 2B344.c:701-712 (31 insns): gpu_ResetGraphMode1; func_80020CDC; func_800415C4(0) and (1); eff_ClearInitFlag; v = func_80045814(); func_80037540(v, 0x80118000, 1, 0xCF8, 0xB01); func_80046B44() (:710); D_800A3834 = 8 (:711). void. CALLERS: no jal; one data word, g_module_func_tbl slot 15 (src/main/d_7D870.c:41, word at 0x8008D0CC), the slot main selects first (D_800A3834 = 0xF, 6CF8.c:445; also 25C38.c:248, :275), called via g_module_func_tbl[D_800A3834]() (6CF8.c:470). WHY: 'Teardown' does not cover the body: it ends by running func_80046B44, the start-up routine sys_GameInit also runs (6CF8.c:305; wave03 row 0x80046B44 found 'Init' holds), and it is the first handler run after boot; 'Variant' asserts nothing. Same disposition as the wave04 rows for slots 4/12/17 (docs/naming/phase3/wave04/func_manifest.csv:2-4: 'mode_handler_NN' matches the slot, the descriptive word fails, RESET); 'mode' itself rests on the registry comment named_syms.txt:924 only, and the index D_800A3834 is neutral since wave09 (named_syms.txt:1000), so a bare mode_handler_NN rename is not taken (N2/N4). Neutral (N2/N5). Inventory: Codex C6 (tmp/codex/c6-inferred-funcs-result.md), re-derived by Claude. Cites at aeea8ed44.",CONFIRM,"naming-reviewer pre-apply PASS 2026-10-08 (wave10 f1, fresh)"
0x8003C8B4,func_8003C8B4,mode_handler_31_TimerLoop,func_8003C8B4,RESET,reset-contradicted,"Codex suggested RENAME mode_handler_31; not taken. HOMES: alias line named_syms.txt:1385 (mode_handler_31_TimerLoop = 0x8003C8B4) is the only home; the code uses the glabel (C definition src/main/2B344.c:974, asm/funcs/func_8003C8B4.s). Census docs/naming/function-names.csv:358 (INFERRED, confidence=low). COMMENT naming it: named_syms.txt:2742 (retired-name note '<-mode_handler_31_TimerLoop'; becomes func_8003C8B4). BODY 2B344.c:974-981 (41 insns): D_800A37B8++; g_prim_buf_cursor += func_80060768(cursor, 1, D_800A38E9) / 4 (writes primitives into the frame's buffer); if pad pressed & 0x400040 or D_800A37B8 >= 0xF1, func_80033FE4(). No loop. void. CALLERS: no jal; one data word, g_module_func_tbl slot 31 (src/main/d_7D870.c:57, word at 0x8008D10C), called once per frame via g_module_func_tbl[D_800A3834]() (6CF8.c:470); slot 31 is selected by func_8003C714 (2B344.c:970), which also zeroes D_800A37B8. WHY: 'Loop' is contradicted: the body is straight-line (asm func_8003C8B4.s has no backward branch); the repetition is main's frame loop. 'Timer' covers only the counter, not the primitive output. Same disposition as the wave04 rows for slots 4/12/17 (docs/naming/phase3/wave04/func_manifest.csv:2-4: 'mode_handler_NN' matches the slot, the descriptive word fails, RESET); 'mode' itself rests on the registry comment named_syms.txt:924 only, and the index D_800A3834 is neutral since wave09 (named_syms.txt:1000), so a bare mode_handler_NN rename is not taken (N2/N4). Neutral (N2/N5). Inventory: Codex C6 (tmp/codex/c6-inferred-funcs-result.md), re-derived by Claude. Cites at aeea8ed44.",CONFIRM,"naming-reviewer pre-apply PASS 2026-10-08 (wave10 f1, fresh)"
0x8003C958,func_8003C958,mode_handler_24_DispatchToMode25,func_8003C958,RESET,reset-contradicted,"Codex suggested RENAME mode_handler_24; not taken. HOMES: alias line named_syms.txt:1382 (mode_handler_24_DispatchToMode25 = 0x8003C958) is the only home; the code uses the glabel (C definition src/main/2B344.c:983, asm/funcs/func_8003C958.s). Census docs/naming/function-names.csv:359 (INFERRED, confidence=low). No other comment names it. BODY 2B344.c:983-990 (19 insns): func_80016888(); D_800A3817 = 0; D_800A3929 = 0; D_800A37B8 = 0; D_800A3834 = 0x19; gpu_SetDispMaskOn(). void. CALLERS: no jal; one data word, g_module_func_tbl slot 24 (src/main/d_7D870.c:50, word at 0x8008D0F0), called via g_module_func_tbl[D_800A3834]() (6CF8.c:470); slot 24 is selected at 2B344.c:808, :913, :1216. WHY: 'Dispatch' is contradicted: the body makes no indirect call; it only stores 0x19 into D_800A3834 (:988), which main reads on the next frame, and it also clears three cells, calls func_80016888 and turns the display on (N1). Same disposition as the wave04 rows for slots 4/12/17 (docs/naming/phase3/wave04/func_manifest.csv:2-4: 'mode_handler_NN' matches the slot, the descriptive word fails, RESET); 'mode' itself rests on the registry comment named_syms.txt:924 only, and the index D_800A3834 is neutral since wave09 (named_syms.txt:1000), so a bare mode_handler_NN rename is not taken (N2/N4). Neutral (N2/N5). Inventory: Codex C6 (tmp/codex/c6-inferred-funcs-result.md), re-derived by Claude. Cites at aeea8ed44.",CONFIRM,"naming-reviewer pre-apply PASS 2026-10-08 (wave10 f1, fresh)"
0x8004153C,func_8004153C,get_global,func_8004153C,RESET,reset-contradicted,"Codex suggested RENAME get_D_800A9A10_entry; not taken (a function name embedding a neutral data symbol would go stale, unseen by the keycheck, when D_800A9A10 is named, and it adds nothing the code's own spelling does not show). HOMES: alias get_global_8004153C (named_syms.txt:2916, 'structural role; n=6') is the only home; the code uses the glabel (C definition src/main/31D3C.c:10, prototype include/bb2.h:720, asm/funcs/func_8004153C.s). Census docs/naming/function-names.csv:440 (INFERRED, confidence=low). Glabel comments (unchanged): named_syms.txt:304, :305; include/game.h:1929; 3AB48.c:770-771. BODY 31D3C.c:10 (6 insns): return D_800A9A10[a0] (an Unk80045878Obj * table; filled at 309CC.c:148, cleared at 309CC.c:133 and 31D3C.c:35). CALLERS (17 jal = 17 C sites, no pointer word): func_8003E164 2B344.c:1778; func_8003E22C :1806; func_8003FFE0 :2825; func_8004016C :2879; func_80040304 309CC.c:60; func_8004046C :116; func_80041BF4 31D3C.c:297; func_80046DEC 368E4.c:513; func_80046E18 :521; func_80048AD0 :1601; func_80049718 :2025; func_80049A2C :2124; func_80054604 3AB48.c:704, :708; func_8005490C :805, :809, :859 (asm: func_8003E164.s:11, func_8003E22C.s:7, func_8003FFE0.s:4, func_8004016C.s:4, func_80040304.s:9, func_8004046C.s:5, func_80041BF4.s:16, func_80046DEC.s:4, func_80046E18.s:4, func_80048AD0.s:5, func_80049718.s:68, func_80049A2C.s:28, func_80054604.s:110/117, func_8005490C.s:87/95/262). WHY: 'get' fits; 'global' names no object (N1): the body returns the a0-th element of the pointer table D_800A9A10, and the same classifier label sits on four unrelated census rows (0x8004153C, 0x8006E8AC, 0x80077D74, 0x80078634). No basis for a specific noun: D_800A9A10 and Unk80045878Obj are neutral. Neutral (N2/N5). Inventory: Codex C6 (tmp/codex/c6-inferred-funcs-result.md), re-derived by Claude. Cites at aeea8ed44.",CONFIRM,"naming-reviewer pre-apply PASS 2026-10-08 (wave10 f1, fresh)"
0x8004283C,func_8004283C,set_global,func_8004283C,RESET,reset-contradicted,"Codex suggested RENAME set_D_800F6650_boolean; not taken (embeds a neutral data symbol; see row 0x8004153C; the same pattern get_D_800F6650_80042864 was retired, named_syms.txt:3096). HOMES: alias set_global_8004283C (named_syms.txt:2920, 'structural role; n=10') is the only home; the code uses the glabel (C definition src/main/32D04.c:166, asm/funcs/func_8004283C.s). Census docs/naming/function-names.csv:463 (INFERRED, confidence=none). No comment names it. BODY 32D04.c:166-172 (10 insns): D_800F6650 = a0 ? 1 : 0 (sh, asm func_8004283C.s 'sh $v0' / 'sh $zero' %lo(D_800F6650)); void. D_800F6650 (s16, include/bb2.h:569) is otherwise read by func_80042864 (32D04.c:174) and zeroed by func_80046B44 (368E4.c:439). CALLERS: none (raw-EXE scan (every jal/j word, every aligned .word, every lui/addiu pair forming the address): none). WHY: 'set' fits; 'global' names no object (N1) and the label is shared by unrelated rows (0x80037234, 0x800420E8). No basis for a specific name: D_800F6650 is neutral (named_syms.txt:1884). Neutral (N2/N5). Inventory: Codex C6 (tmp/codex/c6-inferred-funcs-result.md), re-derived by Claude. Cites at aeea8ed44.",CONFIRM,"naming-reviewer pre-apply PASS 2026-10-08 (wave10 f1, fresh)"
0x8006295C,func_8006295C,gpu_render,func_8006295C,RESET,reset-contradicted,"Codex suggested RENAME gpu_update_and_render_8006295C; not taken (address-suffixed, and 'gpu' prefix plus the verbs still leave the object unnamed). HOMES: alias gpu_render_8006295C (named_syms.txt:3138, comment 'builds + OT-links GPU primitive(s) (initPoly/initTile/ot_Link)', names not in the tree) is the only home; the code uses the glabel (C definition src/main/51268.c:1033, asm/funcs/func_8006295C.s; gate keys inline_asm_canonical.txt:393, tools/canonical_asm_regions.json:217, engine/queue.json:1063 hold the glabel). Census docs/naming/function-names.csv:830 (INFERRED, confidence=none). Glabel comments (unchanged): include/bb2.h:143, include/game.h:1014, named_syms.txt:847. BODY 51268.c:1033-1171 (420 insns): for each of 6 slots live in D_800A3460: scale from the slot age D_800F0C04[i], RotMatrixZYX/ScaleMatrix/CompMatrix, three POLY_FT4 per slot (SetPolyFT4, RotTransPers4, depth via gte_stsz); D_800F0C04[i]++ and, at age >= 7, D_800A3460 &= ~bit (:1150-1153); then AddPrim of each built quad (:1155-1164) and D_800A37D4 = end, return 1; with no quads and no live slot, D_800F1138 = 0, return 0 (:1166-1168); else return D_800A3460. CALLERS: no jal; one data word, chractar_use_pset_combo_id_table entry (asm/data/7D920.data.s:23388, 0x8009BB70), invoked indirectly at 51268.c:105 and :137. WHY: 'render' does not cover the whole effect (N1): the body also ages every live slot and retires expired ones (:1150-1153) and clears D_800F1138 (:1167); the spawner func_8006288C sits in the entry before it (7D920.data.s:23387). The same 'gpu_render' label sits on five census rows with different bodies. Neutral (N2/N5). Inventory: Codex C6 (tmp/codex/c6-inferred-funcs-result.md), re-derived by Claude. Cites at aeea8ed44.",CONFIRM,"naming-reviewer pre-apply PASS 2026-10-08 (wave10 f1, fresh)"
0x800646E8,func_800646E8,gpu_render,func_800646E8,RESET,reset-contradicted,"Codex suggested RENAME gpu_update_and_render_800646E8; not taken (as row 0x8006295C). HOMES: alias gpu_render_800646E8 (named_syms.txt:3139) is the only home; the code uses the glabel (C definition src/main/51268.c:1814, asm/funcs/func_800646E8.s; gate keys inline_asm_canonical.txt:395, tools/canonical_asm_regions.json:251, engine/queue.json:1096 hold the glabel). Census docs/naming/function-names.csv:841 (INFERRED, confidence=low). Glabel comments (unchanged): include/bb2.h:131, include/game.h:933. BODY 51268.c:1814-1955 (490 insns): for each of 16 slots live in D_800A3444: D_800F0BCC[i]++ (:1865), frame = age / 4; while frame < 7 build one textured POLY_FT4 from the slot position (ApplyRotMatrixLV, SetTransMatrix, RotTransPers, gte_stsz; :1868-1937) and D_800F0BCC[i]++ again (:1938); at frame >= 7 D_800A3444 &= ~bit (:1940); with no live slot return 0; else link each quad into the OT by hand (:1946-1952), D_800A37D4 = end, return 1 (:1953-1954). CALLERS: no jal; one data word, chractar_use_pset_combo_id_table entry (asm/data/7D920.data.s:23344, 0x8009BAC0), invoked indirectly at 51268.c:105 and :137; its spawner func_800645B0 is the entry before it (7D920.data.s:23343). WHY: 'render' omits the per-slot aging (:1865, :1938) and the retirement of expired slots (:1940) (N1); 'gpu' alone names no object. Neutral (N2/N5). Inventory: Codex C6 (tmp/codex/c6-inferred-funcs-result.md), re-derived by Claude. Cites at aeea8ed44.",CONFIRM,"naming-reviewer pre-apply PASS 2026-10-08 (wave10 f1, fresh)"
0x8006E8AC,func_8006E8AC,get_global,func_8006E8AC,RESET,reset-contradicted,"Codex suggested RENAME get_D_800A35AC_entry_ptr; not taken (embeds a neutral data symbol; see row 0x8004153C). HOMES: alias get_global_8006E8AC (named_syms.txt:2948, 'structural role; n=8') is the only home; the code uses the glabel (C definition src/main/5ED34.c:149, asm/funcs/func_8006E8AC.s). Census docs/naming/function-names.csv:948 (INFERRED, confidence=none). Glabel comment (unchanged): named_syms.txt:2153. BODY 5ED34.c:149 / asm func_8006E8AC.s (8 insns): return &D_800A35AC[a0], D_800A35AC a static Unk8006E49CRec * (5ED34.c:54, set at :70), record stride 0x2C; no store, no call. CALLERS (1 jal, no pointer word): func_8006EACC 5ED34.c:231 (asm func_8006EACC.s:35), passing a frame counter & 1. WHY: 'global' is contradicted: the body returns the address of an element of the array a global pointer holds (asm: lw %gp_rel(D_800A35AC), addu of a0*0x2C), not a global's value or address (N1; wave05 RESET get_global 0x80071C20 on the same reading, docs/naming/phase3/wave05/func_manifest.csv:105). No basis for a specific noun (Unk8006E49CRec, D_800A35AC neutral). Neutral (N2/N5). Inventory: Codex C6 (tmp/codex/c6-inferred-funcs-result.md), re-derived by Claude. Cites at aeea8ed44.",CONFIRM,"naming-reviewer pre-apply PASS 2026-10-08 (wave10 f1, fresh)"
0x80072CD4,func_80072CD4,gpu_build_gradient_quad,func_80072CD4,RESET,reset-contradicted,"Codex suggested RENAME gpu_init_color_and_link_quad_80072CD4; not taken (as row 0x80072BC4). HOMES: alias gpu_build_gradient_quad_80072CD4 (named_syms.txt:3104) is the only home; the code uses the glabel (C definition src/main/5ED34.c:1813, asm/funcs/func_80072CD4.s). Census docs/naming/function-names.csv:969 (INFERRED, confidence=none). COMMENT naming it: named_syms.txt:3105 (0x80072BC4's alias comment, 'sibling of gpu_build_gradient_quad'; that line retires with row 0x80072BC4). Glabel comment 5ED34.c:1809-1812 (unchanged). BODY 5ED34.c:1813-1854 (79 insns): SetPolyG4; SetSemiTrans(0); per-vertex colours by arg0 < 4 and D_800A35C4->unk_08 & 4 (:1816-1850); AddPrim(g_gpu_ot_ptr + 0x18, arg1) (:1852); return arg1 + 1. Never writes x0..y3. CALLERS (2 jal = 2 C sites, no pointer word): func_80072E10 5ED34.c:1886, :1895 (asm func_80072E10.s:50, :61), each after the caller wrote the coordinates (:1878-1885, :1887-1894). WHY: 'build' is contradicted as in row 0x80072BC4 (geometry from the caller; the OT link at :1852 is not building); 'gradient' is true but does not distinguish it from func_80072BC4, which writes per-vertex colours too. Neutral (N2/N5). Inventory: Codex C6 (tmp/codex/c6-inferred-funcs-result.md), re-derived by Claude. Cites at aeea8ed44.",CONFIRM,"naming-reviewer pre-apply PASS 2026-10-08 (wave10 f1, fresh)"
0x80077D74,func_80077D74,get_global,func_80077D74,RESET,reset-contradicted,"Codex suggested RENAME get_D_800A35F4_entry_ptr; not taken (embeds a neutral data symbol; see row 0x8004153C). HOMES: alias get_global_80077D74 (named_syms.txt:2951) is the only home; the code uses the glabel (C definition src/main/64FD8.c:1437, asm/funcs/func_80077D74.s). Census docs/naming/function-names.csv:1016 (INFERRED, confidence=none). No comment names it. BODY 64FD8.c:1437 (8 insns): return &D_800A35F4[a0], D_800A35F4 a static Unk8006E49CRec * (64FD8.c:25, set at :1620); stride 0x2C; no store, no call. CALLERS (1 jal, no pointer word): func_8007855C 64FD8.c:1639 (asm func_8007855C.s:9), passing a counter & 1. WHY: as row 0x8006E8AC: it returns an element address of a pointer-held array, not a global (N1); no basis for a specific noun. Neutral (N2/N5). Inventory: Codex C6 (tmp/codex/c6-inferred-funcs-result.md), re-derived by Claude. Cites at aeea8ed44.",CONFIRM,"naming-reviewer pre-apply PASS 2026-10-08 (wave10 f1, fresh)"
0x80078634,func_80078634,get_global,func_80078634,RESET,reset-contradicted,"Codex suggested RENAME get_D_800A360C_entry_ptr; not taken (embeds a neutral data symbol; see row 0x8004153C). HOMES: alias get_global_80078634 (named_syms.txt:2952) is the only home; the code uses the glabel (C definition src/main/64FD8.c:1662, asm/funcs/func_80078634.s). Census docs/naming/function-names.csv:1021 (INFERRED, confidence=none). Glabel comment (unchanged): named_syms.txt:1626. BODY 64FD8.c:1662 (8 insns): return &D_800A360C[a0], D_800A360C a static Unk8006E49CRec * (64FD8.c:31, set at :1739); stride 0x2C; no store, no call. CALLERS (1 jal, no pointer word): func_800788B0 64FD8.c:1756 (asm func_800788B0.s:7), passing D_800A3304 & 1. WHY: as row 0x8006E8AC: an element address of a pointer-held array, not a global (N1); no basis for a specific noun. Neutral (N2/N5). Inventory: Codex C6 (tmp/codex/c6-inferred-funcs-result.md), re-derived by Claude. Cites at aeea8ed44.",CONFIRM,"naming-reviewer pre-apply PASS 2026-10-08 (wave10 f1, fresh)"
0x800485EC,func_800485EC,gpu_SetTexAttr,func_800485EC,RESET,reset-contradicted,"HOMES alias only: named_syms.txt:3148 gpu_SetTexAttr_800485EC (its comment cites retired names gpu_CalcClut / gpu_CalcTPage and calls the input a 'prim header'; not evidence); census docs/naming/function-names.csv:621 (INFERRED, residual_named confidence=medium method=callee, with the census's own note that the PsyQ-style family prefix asserts more than the evidence); docs/naming/proposals_resolved.csv:637. git grep -w finds no src/, include/ or asm/ use of the name (the code uses func_800485EC: K&R definition src/main/368E4.c:1428, extern 368E4.c:1384, glabel asm/funcs/func_800485EC.s:1). BODY 368E4.c:1428-1468 (68 insns): if the first byte of the input is 0x10 (368E4.c:1436; asm func_800485EC.s:13), it reads the flag word, spr->mode = flag & 7 (:1438); when flag bit 3 is set it stores the caller's cx/cy, cw/ch from the CLUT block, spr->clutdata = the CLUT data pointer (:1450) and spr->clut = GetClut(cx, cy) (:1451, asm .s:40); else spr->clut = 0 (:1453); then the caller's x/y (:1461-1462), w/h from the pixel block, spr->pixdata = the pixel data pointer (:1465) and spr->tpage = GetTPage(mode, 0, x & 0xFFC0, y & 0xFF00) (:1466, asm .s:61). Every write is a field of the caller's out-descriptor (TimHdr485, 368E4.c:1412-1426); no global, GPU-register or packet write; void. The input layout (id byte 0x10, flag & 7 pixel mode, flag bit 3 CLUT present, per-block length / DX,DY / W,H words, the CLUT block skipped by its length) is the TIM file format. CALLERS: one, func_80048530 368E4.c:1408 (asm func_80048530.s:39; raw-EXE scan: the only jal is 0x800485C4; no j, no data word, no %hi/%lo pair). func_80048530 itself has no jal, j, data word or %hi/%lo pair in the EXE (unreferenced), so no live use pins the descriptor's role. SONY CHECK: not Sony code. No libscan hit for 0x800485EC; it sits in the game TU 368E4.c. It is not GsGetTimInfo (fills a GsIMAGE with the file's own DX/DY and data pointers, calls neither GetClut nor GetTPage) nor libgpu OpenTIM / ReadTIM (static cursor; TIM_IMAGE of pointers to the file's RECTs). This body takes the VRAM position from the caller and derives the ids from it. WHY RESET, word by word: 'gpu_' with 'Set' reads as setting GPU state (cf. libgpu SetDrawMode / SetTexWindow, which build GPU packets); the body sets no GPU state and builds no packet; it fills a memory descriptor from a TIM image. 'Tex' rides on that false verb. 'Attr' does not cover what is written: the pixel and CLUT data pointers (:1450, :1465) and the image / CLUT rectangles are not attributes, and the PsyQ attribute word (GsSPRITE attribute: colour mode / semi-trans / ABR bits) is not written. The name contradicts the body (N1, N5). WHY NO REPLACEMENT: the provable facts are a TIM input and a descriptor that mixes file fields (mode, w/h, cw/ch, data pointers) with a caller-chosen VRAM placement (x/y, cx/cy) and ids derived from that placement. A 'Parse' / 'GetInfo' verb would claim the whole descriptor comes from the file, and the only caller is unreferenced, so nothing shows whether the descriptor serves a sprite, a polygon or an upload. When in doubt, neutral (N2). COMMENT PASS: no comment in a build file names gpu_SetTexAttr; the named_syms.txt:3148 alias line is the wave tool's to rewrite. Re-mined by Claude (f4). Cites at aeea8ed44.",CONFIRM,"naming-reviewer pre-apply PASS 2026-10-08 (wave10 f4, fresh)"
0x80043278,func_80043278,get_val,func_80043278,RESET,reset-contradicted,"HOMES: alias get_val_80043278 (named_syms.txt:2923, comment 'structural role; n=10') is the only home; the code uses the glabel (C definition src/main/32D04.c:532, asm/funcs/func_80043278.s). Census docs/naming/function-names.csv:474 (INFERRED, confidence=none, method NO-PROPOSAL-NOW-NAMED). No comment names it. History CSVs docs/naming/first_pass_applied.csv:233 and proposals_resolved.csv:552 (no wave tool touches docs/). BODY 32D04.c:532-541 / asm func_80043278.s:2-11 (10 insns): it reads one word, the scratchpad word 0x1F800008 (asm :2-3 lui/lw; C :536 *(s32 *)0x1F800008), and uses it as a shift count: v = a0 >> that word; n = v >> 11; v = ((v & 0x7FF) | 0xFFFFF000) >> n; return v & 0xFFF (asm :4-11). No store, no call. CALLERS: none (raw-EXE scan: every jal/j word, every aligned .word, every lui/addiu|ori pair forming 0x80043278: none). WHY: the name has no recorded basis: the registry comment 'structural role; n=10' is the first-pass structural classifier (a size/shape tag), and the census records confidence none. 'val' names nothing: it does not say which value is computed (a 12-bit result built from the argument shifted by a scratchpad shift count), so the name explains nothing a reader can check against the body (N1). 'get' is not taken as contradicted (it does read the scratchpad word), but a bare verb with an empty noun is no name. Neutral (N2/N5). Inventory: Codex C6 (tmp/codex/c6-inferred-funcs-result.md), re-derived by Claude; re-mined after naming-reviewer FAIL (tmp/p3w10/verdict_f1.json). Cites at aeea8ed44.",CONFIRM,"naming-reviewer pre-apply PASS 2026-10-08 (wave10 f5, fresh)"
0x800484A0,func_800484A0,gpu_decode_load_image,gpu_LoadTimClut,RENAME,sotn-review,"HOLD (cannot land in a wave as is): .claude/rules/hoist-flag-load-defeat-add-combine.md:34 cites 'Example: func_800484A0 (text1b.c), 2 -> 0'. A RENAME renames every real identifier at the address, the glabel included (naming_wave idents_of(), tools/naming_wave.py:483-514: glabel + aliases + registry names), and keeps no func_800484A0 alias: after the earlier RENAMEs the old glabels survive only in docs/ and memory history (e.g. wave01 func_8001A538 -> camera_CalcEye, wave03 func_80016C74 -> eff_ClearInitFlag: git grep -w finds them in no src/, asm/, registry or tool file). So after this rename func_800484A0 resolves to nothing and the rule's example goes stale, while .claude/** never changes in a wave (naming-bar step 5) and no earlier RENAME left a stale .claude cite (checked every RENAME row of waves 01-09). The row lands only after a separate .claude edit (for example citing the function by address, 0x800484A0 in src/main/368E4.c) or in a wave whose rule permits it. The name itself holds (below). HOMES: alias gpu_decode_load_image_800484A0 (named_syms.txt:3113, comment 'checks image header tag 0x10+flag, decodes via func_800486FC/8004876C into 0x400 buffer, gpu_LoadImage to VRAM') is the only home of the old name; the glabel func_800484A0 carries the new name: C definition src/main/368E4.c:1357; asm/funcs/func_800484A0.s; asm text 'jal func_800484A0' asm/funcs/func_800483DC.s:38; C call 368E4.c:1352; prototype include/m2c_context.h:649 (gitignored); ledger memory/grind/_completed/func_800484A0/ (+ .json). Comments naming the glabel: none in src/, include/ or the registries; the .claude rule above. History mentions stay (no wave tool touches them): memory/grind/phase2-2026-10-03/ (casts.tsv:2048-2049, protos.tsv:340, lt/families.tsv:11, lt/f05/f11_trials.py:26, :32, lt/f05/w2b4.py:376, lt/fimg/fimg1.py:234, :305), docs/naming/* history CSVs and apiscan/evidence.json. Census docs/naming/function-names.csv:619 (INFERRED, confidence=none, census note 'the prefix asserts more than the evidence'). BODY 368E4.c:1357-1382 (36 insns): return unless byte 0 == 0x10 (:1362-1363); flags = word +4 (:1365); return unless flags & 8 (:1367-1368); skip 8 bytes (+8..+15, :1369); rect.x/y = the caller's arg1/arg2 (:1370-1371); dim = word +16: rect.h = high half, rect.w = low half (:1372-1375); data = +20; if func_800486FC() (g_color_mode from func_800167AC, :1470-1477) math_GrayscaleRgb555(data, rect.w, buf) and LoadImage(&rect, buf) (:1376-1379), else LoadImage(&rect, data) (:1381). The offsets are Sony's TIM layout (N3 class 1, Sony file format): ID 0x10, FLAG bit 3 = CF (a CLUT block follows), CLUT block = bnum(+8) DX/DY(+12) W/H(+16) data(+20). The sibling func_800485EC (368E4.c:1428-1468) parses the same header as a TIM: mode = flag & 7 (PMODE), the CF branch reads bnum/W/H/CLUT data for GetClut, then the pixel block for GetTPage(mode, ...). This body loads only the CLUT block (never the pixel block) to the caller's VRAM position. CALLERS (1 jal = 1 C site, no pointer word; raw-EXE scan: jal at 0x80048468 only): func_800483DC 368E4.c:1352 (asm func_800483DC.s:38), which walks a counted table of {offset, ?, dx, dy} entries and passes base+offset with the summed position; func_800483DC itself has no caller in the EXE (raw-EXE scan: every jal/j word, every aligned .word, every lui/addiu|ori pair forming the address: none). WHY: 'gpu' = libgpu LoadImage is its only effect (N4, Sony callee); 'Load' = LoadImage of the block (grayscaled first when the color mode is set, a variant of the uploaded data, not another effect); 'Tim' = the Sony TIM header it checks; 'Clut' = the CF-guarded CLUT block it uploads. CONTRADICTED old word: 'decode' (no decoding: the data goes to LoadImage as is or through math_GrayscaleRgb555); 'image' overclaims (the pixel block is never touched). Collision: git grep -w gpu_LoadTimClut (whole tree, also case-insensitive): none. Inventory: Codex C6 (tmp/codex/c6-inferred-funcs-result.md), re-derived by Claude; re-mined after naming-reviewer FAIL (tmp/p3w10/verdict_f1.json). Cites at aeea8ed44.",CONFIRM,"naming-reviewer pre-apply PASS 2026-10-08 (wave10 f5, fresh)"
0x80072BC4,func_80072BC4,gpu_build_quad,func_80072BC4,RESET,reset-contradicted,"Codex suggested RENAME gpu_init_color_and_link_quad_80072BC4; not taken (address-suffixed; the colour sets are unexplained constants, so no name distinguishes it from func_80072CD4). HOMES: alias gpu_build_quad_80072BC4 (named_syms.txt:3105, comment 'initPolyG4 + ot_Link (build+link a Gouraud quad; sibling of gpu_build_gradient_quad)') is the only home; the code uses the glabel (C definition src/main/5ED34.c:1762, asm/funcs/func_80072BC4.s). Census docs/naming/function-names.csv:968 (INFERRED, confidence=none). No other comment names it; .claude/**: none. BODY 5ED34.c:1762-1807 (68 insns): SetPolyG4(arg1); SetSemiTrans(arg1, 0) (:1769-1770); per-vertex colours by arg0: arg0 < 4 (:1772-1790): v0 = (0, 0, 0) (:1773-1775), v1 = v2 = (0xFC, 0x82, 0) (:1776-1781), v3 = (0xFC, 0xC3, 0x1E) when D_800A35C4->unk_08 & 4 else (0xFC, 0xC3, 0x50) (:1782-1790), three distinct colours; otherwise (:1792-1803) four distinct colours (0, 0, 0), (0x40, 0, 0x80), (0x50, 0xA0, 0x40), (0x10, 0x40, 0x80); AddPrim(g_gpu_ot_ptr + 0x18, arg1) (:1805); return arg1 + 1. It never writes x0..y3. CALLERS (2 jal = 2 C sites, no pointer word; raw-EXE scan: jal at 0x80072E70, 0x80072EA0): func_80072E10 5ED34.c:1868, :1877 (asm func_80072E10.s:26, :38), each after the caller has written the quad's eight coordinates (:1860-1867, :1869-1876). WHY: 'build' is contradicted as stated: the quad's geometry is written by the caller, never here, and the body's last effect, the OT link (:1805), is not 'build' (N1); 'quad' against its sibling's 'gradient_quad' implies a difference the code does not have: this body also gives the quad per-vertex Gouraud colours that vary across it (three distinct in the arg0 < 4 branch, four in the other), as func_80072CD4 does (5ED34.c:1816-1850). Neutral (N2/N5). Inventory: Codex C6 (tmp/codex/c6-inferred-funcs-result.md), re-derived by Claude; re-mined after naming-reviewer FAIL (tmp/p3w10/verdict_f1.json). Cites at aeea8ed44.",CONFIRM,"naming-reviewer pre-apply PASS 2026-10-08 (wave10 f5, fresh)"
