address,current_name,glabel,name_layer,aliases,insns,src_location,origin,tier,evidence,action,proposed_name,queued
0x800164AC,jtbl_comb_control,jtbl_comb_control,glabel,,19,,libscan-verbatim,VERIFIED,"libscan-verbatim: Not code: 19 data words (src/ings.c:95 emits them as .word). Its only users are three indexed jumps in VERIFIED _comb_control (libscan-verbatim LIBCOMB/COMB @0x8008C464, asm/funcs/_comb_control.s): @0x8008C470-8008C494 `sltiu a0<6; lw %lo(func_800164AC)(4*a0); jr v0`; @0x8008C49C-8008C4B8 `sltiu a1<7; lw %lo(func_800164AC+0x18)(4*a1); jr v0`; @0x8008C5B4-8008C5D0 `sltiu a1<5; lw %lo(func_800164AC+0x38)(4*a1); jr v0`. Words read from the EXE: +0x00..+0x14 = 8008C49C 8008C5B4 8008C750 8008C8A0 8008C930 8008C94C; +0x18..+0x30 = 8008C4C0 8008C4D8 8008C504 8008C518 8008C928 8008C560 8008C590; +0x34; verifier: [misc] Re-derived from Sony's own OBJ (v_lib.py, tmp/libscan/psyq40/LIB/LIBCOMB.LIB module COMB): COMB .text is 0/1171 words at base 0x8008BE04 (_comb_control XDEF +0x660 = 0x8008C464, VERIFIED). COMB",KEEP,,
0x800164F8,breakpoint_trap_loop,func_800164F8,named_syms.txt/symbol_addrs.txt alias only,breakpoint_trap_loop_800164F8,7,,naming-analyzer(proposals_resolved),INFERRED,docs/naming/proposals_resolved.csv: confidence=high method=APPLIED-AS-PROPOSED; syscall_wrapper=syscall_wrapper_break_800164F8,KEEP,,
0x80016514,pcdrv_LoadFile,pcdrv_LoadFile,glabel,,57,src/main/6CF8.c:47,libsn-pcdrv-protocol,CORROBORATED,"libsn-pcdrv-protocol: asm/funcs/func_80016514.s: fd=PCopen(a0+4,0,0) [CORROBORATED libsn-pcdrv-protocol]; fd==-1 -> return -2; size=PClseek(fd,0,2) [CORROBORATED; LIBSN.H PClseek(fd,offset,mode), 2=SEEK_END]; PClseek(fd,0,0); loop PCread(fd,buf,min(rest,0x4000)) [CORROBORATED], short read -> close(fd) [VERIFIED BIOS close] and return -1; PCclose(fd) [CORROBORATED]; return size. Reads one whole host (PCdrv) file into a1. 0 callers (dev code). 'file_LoadAll' hides that the source is the SN host filesystem, not the CD.; verifier: [sys_snd_io] Asm + src/ings.c:132 re-read: fd=PCopen(a0+4,0,0); -1 -> return -2; size=PClseek(fd,0,2 SEEK_END); PClseek(fd,0,0); loop PCread(fd,buf,min(rest,0x4000)), short -> close(fd) [VERIFIED BIOS",KEEP,,
0x800165F8,pcdrv_LoadSectors,pcdrv_LoadSectors,glabel,,51,src/main/6CF8.c:78,libsn-pcdrv-protocol,CORROBORATED,"libsn-pcdrv-protocol: asm/funcs/file_LoadSectors.s: fd=PCopen(a0+4,0,0) [CORROBORATED]; fd==-1 -> -2; PClseek(fd, a2<<11, 0) [CORROBORATED; SEEK_SET]; a3 times PCread(fd,buf,0x800) [CORROBORATED], buf+=0x800, short read -> close(fd) [VERIFIED] and -1; PCclose(fd); return a3<<11. Reads a3 2048-byte sectors from sector a2 of a host (PCdrv) file. 0 callers.; verifier: [sys_snd_io] Asm re-read: fd=PCopen(a0+4,0,0); -1 -> -2; PClseek(fd, a2<<11, 0 SEEK_SET) (sll 11 @80016658); a3 x PCread(fd,buf,0x800), short -> close(fd) [VERIFIED] + -1; PCclose; return a3<<11. Same",KEEP,,
0x800166C4,math_FovToScreenDist,math_FovToScreenDist,glabel,math_FovToScreenDist,41,src/main/6CF8.c:98,computation-restatement,CORROBORATED,"computation-restatement: asm/funcs/func_800166C4.s (41 insns, leaf; C src/ings.c:181). Its only memory access is Judge @0x800973FC, the proven full-circle sine table (census row math_Rotate2D). t = ((a0<<12)/360)/2 (C truncating division; magic 0xB60B60B7); returns (T[(t+0x400)&0xFFF]*320) / T[t&0xFFF] = 320*cot(deg/2). Emulated with verify_gfx.py (asm words == EXE, 41/41): exhaustive a0 = -720..720 (1436 cases; 5 div-by-zero at sin=0 skipped) 0 mismatches; 20000 random s32 0 mismatches. deg 90 -> 320, 60 -> 554, 45 -> 772 (= 320/tan(deg/2) within 5). Every call site passes the result straight to SetGeomScreen [VERIFI; verifier: [gfx] Independent emulation (own interpreter, EXE words): ref = t=trunc(trunc(s32(a0<<12)/360)/2); T[(t+0x400)&0xFFF]*320 / T[t&0xFFF] (C truncation). 34,009 inputs (every a0 in -2000..2000 + 30,000 r",KEEP,,
0x80016768,gpu_SetDrawEnvBg,gpu_SetDrawEnvBg,glabel,gpu_SetDrawEnvBg,17,src/main/6CF8.c:106,sony-struct-restatement,CORROBORATED,"sony-struct-restatement: asm/funcs/func_80016768.s (17 insns, whole body; C src/ings.c:188): for i in 0..1: sb a0 -> g_gpu_db+i*0x4090+0x18, and sb a1/a2/a3 -> +0x19/+0x1A/+0x1B. g_gpu_db is the CONFIRMED double-buffer DRAWENV/DISPENV pair (docs/naming/sweep-2026-09-24/data_manifest.csv row 0x800F7438: SetDefDrawEnv(&X+i*0x4090), PutDrawEnv(X+i*0x4090)); g_gpu_db_plus_0x18 is CONFIRMED as DRAWENV.isbg. LIBGPU DRAWENV layout (tmp/croc-ref/include/psyq/libgpu.h:299-309): RECT clip(8) + short ofs[2](4) + RECT tw(8) + u_short tpage(2) + dtd(1) + dfe(1), which puts isbg ('enable to auto-clear') at 0x18 and r0,g0,b0 ('backg; verifier: owner ruling 2026-09-25 (docs/naming/sweep-2026-09-25b/ruling-2026-09-25.md) item 4. Verifier (was PLAUSIBLE pending this ruling): Facts reproduced: 17-insn leaf, no call: for i<2 sb a0 -> g_gpu_db+i*",KEEP,,
0x800167AC,file_GetFlag0,func_800167AC,src/*.c definition + named_syms alias,file_GetFlag0_800167AC,4,src/main/6CF8.c:115,naming-analyzer(proposals_resolved),INFERRED,docs/naming/proposals_resolved.csv: confidence=none method=NO-PROPOSAL-NOW-NAMED; ; body at src/main/6CF8.c:115,KEEP,,
0x800167BC,file_GetFlag1,func_800167BC,src/*.c definition + named_syms alias,file_GetFlag1_800167BC,6,src/main/6CF8.c:117,naming-analyzer(proposals_resolved),INFERRED,docs/naming/proposals_resolved.csv: confidence=none method=NO-PROPOSAL-NOW-NAMED; ; body at src/main/6CF8.c:117,KEEP,,
0x800167D4,file_GetFlag2,func_800167D4,src/*.c definition + named_syms alias,file_GetFlag2_800167D4,6,src/main/6CF8.c:119,naming-analyzer(proposals_resolved),INFERRED,docs/naming/proposals_resolved.csv: confidence=none method=NO-PROPOSAL-NOW-NAMED; ; body at src/main/6CF8.c:119,KEEP,,
0x800167EC,func_800167EC,func_800167EC,glabel,,31,src/main/6CF8.c:121,splat-auto,AUTO,splat-generated placeholder; makes no semantic claim,KEEP,,
0x80016868,gpu_ResetGraphMode1,gpu_ResetGraphMode1,glabel,gpu_ResetGraphMode1,8,src/main/6CF8.c:141,apiscan-restatement,CORROBORATED,"apiscan-restatement: asm/funcs/gpu_EnableDisplay.s:2-8 = `ResetGraph(1)` and nothing else (ResetGraph 0x8007AE7C VERIFIED libscan-verbatim). LIBGPU ResetGraph(mode): mode 1 only resets the GPU command/drawing state (psyz libgpu/sys.c:139-159: modes 0/3/5 reinit; others -> reset(1)); it never touches GP1(03h) display enable. The current name is FALSE.; verifier: Body = ResetGraph(1) only (ResetGraph VERIFIED). psyz sys.c:139-159 + _reset:870-877: mode 1 -> GP1(02h),GP1(01h) = cancel drawing/flush command buffer; never GP1(03h). 'EnableDisplay' is FALSE; the 2",KEEP,,
0x80016888,gpu_InitDisplay,func_80016888,src/*.c definition + named_syms alias,gpu_InitDisplay_80016888,18,src/main/6CF8.c:143,naming-analyzer(proposals_resolved),INFERRED,"docs/naming/proposals_resolved.csv: confidence=none method=NO-PROPOSAL-NOW-NAMED; ; NOTE: name wears a PsyQ-style family prefix but its recorded origin is the naming analyzer, NOT an SDK signature match — the prefix asserts more than the evidence; body at src/main/6CF8.c:143",KEEP,,
0x800168D0,gpu_SetDispMaskOn,gpu_SetDispMaskOn,glabel,gpu_SetDispMaskOn,8,src/main/6CF8.c:150,apiscan-restatement,CORROBORATED,"apiscan-restatement: asm/funcs/gpu_DisableDisplay.s:2-8 = `SetDispMask(1)` and nothing else (SetDispMask 0x8007B2A0 VERIFIED libscan-verbatim; its body asm/funcs/SetDispMask.s:27-32 maps mask!=0 -> GP1 0x03000000 = display ENABLED, mask==0 -> 0x03000001 = disabled; psyz sys.c:212-219). The current name is INVERTED.; verifier: Body = SetDispMask(1) only; SetDispMask.s:27-32 re-read: a0!=0 -> GP1 0x03000000 (display ON), a0==0 -> 0x03000001 (off). 'DisableDisplay' is INVERTED. Correctly avoids reusing gpu_EnableDisplay. Def ",KEEP,,
0x800168F0,sys_StubEmpty,func_800168F0,src/*.c definition + named_syms alias,sys_StubEmpty_800168F0,2,src/main/6CF8.c:152,naming-analyzer(proposals_resolved),INFERRED,"docs/naming/proposals_resolved.csv: confidence=none method=NO-PROPOSAL-NOW-NAMED; ; NOTE: name wears a PsyQ-style family prefix but its recorded origin is the naming analyzer, NOT an SDK signature match — the prefix asserts more than the evidence; body at src/main/6CF8.c:152",KEEP,,
0x800168F8,rcnt_StartCnt1Wrapper,rcnt_StartCnt1Wrapper,glabel,,8,src/main/6CF8.c:154,apiscan-restatement,CORROBORATED,"apiscan-restatement: asm/funcs/func_800168F8.s (8 insns, whole body; C src/ings.c:271 `func_800168F8(void){ rcnt_StartCnt1(); }`): EXE words @0x800168F8 = 27BDFFE8 AFBF0010 0C011ABA 00000000 8FBF0010 27BD0018 03E00008 00000000 -> the only call is jal 0x80046AE8 with no argument setup; v0 passed through. Hop re-derived from its body, not its name: 0x80046AE8 rcnt_StartCnt1 [CORROBORATED apiscan] EXE words 80046AF0-80046B0C = lui/ori a0=0xF2000001, a1=-1, jal 0x80078A68 SetRCnt [VERIFIED libscan-verbatim LIBAPI/COUNTER] (delay slot a2=0x2000); a0=0xF2000001, jal 0x80078B3C StartRCnt [VERIFIED LIBAPI/COUNTER]; nothin; verifier: [struct] Raw EXE words @0x800168F8 (file off 0x70F8): 27BDFFE8 AFBF0010 0C011ABA 00000000 8FBF0010 27BD0018 03E00008 00000000 = frame, jal 0x80046AE8 (decoded from 0x0C011ABA), return; no arg setup, n",KEEP,,
0x80016918,disp_Init,func_80016918,src/*.c definition + named_syms alias,disp_Init_80016918,64,src/main/6CF8.c:158,naming-analyzer(proposals_resolved),INFERRED,docs/naming/proposals_resolved.csv: confidence=none method=NO-PROPOSAL-NOW-NAMED; ; body at src/main/6CF8.c:158,KEEP,,
0x80016A18,sys_Init,func_80016A18,src/*.c definition + named_syms alias,sys_Init_80016A18,29,src/main/6CF8.c:176,naming-analyzer(proposals_resolved),INFERRED,"docs/naming/proposals_resolved.csv: confidence=none method=NO-PROPOSAL-NOW-NAMED; ; NOTE: name wears a PsyQ-style family prefix but its recorded origin is the naming analyzer, NOT an SDK signature match — the prefix asserts more than the evidence; body at src/main/6CF8.c:176",KEEP,,
0x80016A8C,func_80016A8C,func_80016A8C,glabel,,108,src/main/6CF8.c:189,splat-auto,AUTO,splat-generated placeholder; makes no semantic claim,KEEP,,
0x80016C3C,sys_Panic,func_80016C3C,src/*.c definition + named_syms alias,sys_Panic_80016C3C,14,src/main/6CF8.c:241,naming-analyzer(proposals_resolved),INFERRED,"docs/naming/proposals_resolved.csv: confidence=low method=APPLIED-DIFFERENTLY; string_adjacent=overflow_func_80016C3C; NOTE: name wears a PsyQ-style family prefix but its recorded origin is the naming analyzer, NOT an SDK signature match — the prefix asserts more than the evidence; body at src/main/6CF8.c:241",KEEP,,
0x80016C74,file_ResetDmaFlag,func_80016C74,src/*.c definition + named_syms alias,file_ResetDmaFlag_80016C74,3,src/main/6CF8.c:248,naming-analyzer(proposals_resolved),INFERRED,docs/naming/proposals_resolved.csv: confidence=none method=NO-PROPOSAL-NOW-NAMED; ; body at src/main/6CF8.c:248,KEEP,,
0x80016C80,eff_Init,eff_Init,glabel,eff_Init,30,src/main/6CF8.c:250,in-binary-string,VERIFIED,"in-binary-string: asm/funcs/func_80016C80.s: if D_800A3716==0: size=func_80060CB8(0x801D8800, 0x8010E800); printf(""eff_init:%08x size:%08x\n"" @0x8001000C [bytes read from EXE], 0x8010E800, size) [printf VERIFIED]; if size>0xA000 sys_Panic() (prints ""OVER FLOW\n""); D_800A3716=1. func_80060CB8 reads a disc file (cdrom_StartRead [CORROBORATED]) into 0x801D8800 and LoadImage's part of it to VRAM [VERIFIED]. The EXE's own debug label for this step is 'eff_init'; nothing here is a code overlay (0x801D8800 is used as a staging buffer, the same way file_LoadSoundData stages the common VAB there).; verifier: [sys_snd_io] String bytes re-read @0x8001000C = 'eff_init:%08x size:%08x\n'; loaded (lui/addiu D_8001000C @80016CA8) and passed to printf [VERIFIED] by THIS function (80016CBC), args (0x8010E800, call",KEEP,,
0x80016CF8,file_LoadSoundData,func_80016CF8,src/*.c definition + named_syms alias,file_LoadSoundData_80016CF8,32,src/main/6CF8.c:267,naming-analyzer(proposals_resolved),INFERRED,docs/naming/proposals_resolved.csv: confidence=none method=NO-PROPOSAL-NOW-NAMED; ; body at src/main/6CF8.c:267,KEEP,,
0x80016D78,sys_GameInit,func_80016D78,src/*.c definition + named_syms alias,sys_GameInit_80016D78,50,src/main/6CF8.c:287,naming-analyzer(proposals_resolved),INFERRED,"docs/naming/proposals_resolved.csv: confidence=none method=NO-PROPOSAL-NOW-NAMED; string_adjacent_info=?; NOTE: name wears a PsyQ-style family prefix but its recorded origin is the naming analyzer, NOT an SDK signature match — the prefix asserts more than the evidence; body at src/main/6CF8.c:287",KEEP,,
0x80016E40,gpu_WaitDrawSync,gpu_WaitDrawSync,glabel,,8,src/main/6CF8.c:312,apiscan-restatement,CORROBORATED,"apiscan-restatement: asm/funcs/func_80016E40.s:2-8 (src/ings.c:432): the body is only DrawSync(0) [VERIFIED LIBGPU]; DrawSync(0) blocks until the drawing queue is empty.; verifier: Body = DrawSync(0) only (asm lines 2-8; src/ings.c:433) [DrawSync VERIFIED]. DrawSync mode 0 = block until the GPU queue drains, so 'Wait' is the API semantics, not inference. No SetDrawMode call -> o",KEEP,,
0x80016E60,cpu_exec_match_round_stage_select,func_80016E60,named_syms.txt/symbol_addrs.txt alias only,cpu_exec_match_round_stage_select_80016E60,211,,naming-analyzer(proposals_resolved),INFERRED,docs/naming/proposals_resolved.csv: confidence=medium method=APPLIED-DIFFERENTLY; sole_caller_path=cpu_set_move_command_and_dir_for_no_action_2_helper_80016E60,KEEP,,
0x800171AC,rng_SetSeed,func_800171AC,src/*.c definition + named_syms alias,rng_SetSeed_800171AC,3,src/main/6CF8.c:415,computation-restatement,CORROBORATED,"computation-restatement: asm/funcs/func_800171AC.s: `sw a0, %gp_rel(D_800A38BC)` only. 0x800A38BC is read/written by exactly two functions (grep of D_800A38BC and both src spellings g_file_heap_base / g_rng_state over asm/ src/ include/; no addiu/%lo address-taking of any 0x800A38Bx symbol): this one and rng_Next 0x800171B8, whose LCG state it is. Emulated 5000 edge+random a0: state word == a0, no other byte written, 0 mismatches. [emulation: tmp/naming_sweep2/misc/verify_out.txt; scripts verify*.py; emu.py = the 2026-09-24 verifier interpreter (decodes RAW EXE words, branch+load delay slots, callees emulated) + a min; verifier: owner ruling 2026-09-25 (docs/naming/sweep-2026-09-25b/ruling-2026-09-25.md) item 4. Verifier (was PLAUSIBLE pending this ruling): Facts reproduced: body = sw a0,%gp_rel(0x800A38BC); jr. emulation: ow",KEEP,,
0x800171B8,rng_Next,func_800171B8,src/*.c definition + named_syms alias,rng_Next_800171B8,18,src/main/6CF8.c:417,computation-restatement,CORROBORATED,"computation-restatement: asm/funcs/func_800171B8.s (18 insns, leaf; src/code6cac_b.c:3079 / src/ings.c:570): s = *0x800A38BC; t = s*5497 + 0x7FA9 (shift-add chain 3,11,43,687,5497 at 0x800171C0-800171E4); s' = t ^ (s >> 16, arithmetic); store s'; return s' & 0x7FFF. Emulated from raw EXE words, 30000 states (edge + uniform u32): new state and return value both match, no other byte written, 0 mismatches. State word touched only by this and rng_SetSeed (see that row). [emulation: tmp/naming_sweep2/misc/verify_out.txt; scripts verify*.py; emu.py = the 2026-09-24 verifier interpreter (decodes RAW EXE words, branch+load de; verifier: owner ruling 2026-09-25 (docs/naming/sweep-2026-09-25b/ruling-2026-09-25.md) item 4. Verifier (was PLAUSIBLE pending this ruling): Formula re-derived from the shift/add chain myself: s'=(s*5497+0x7FA9",KEEP,,
0x80017200,main,main,glabel,,189,src/main/6CF8.c:425,libscan-xref,VERIFIED,libscan-xref: SNMAIN (verbatim) REL26 XREF `main` at .text+0x9C; EXE word there resolves to jal 0x80017200.; verifier: [libsn] Relocs read back from EXE words (verify/v_relocs.py): SNMAIN +0x9C REL26 sym main -> EXE word 0x0C005C80 = jal 0x80017200. No-op.,KEEP,,
0x800174F4,func_800174F4,func_800174F4,glabel,,136,src/main/6CF8.c:528,splat-auto,AUTO,splat-generated placeholder; makes no semantic claim,KEEP,,
0x80017714,obj_ClearAll,func_80017714,src/*.c definition + named_syms alias,obj_ClearAll_80017714,9,src/main/6CF8.c:599,naming-analyzer(proposals_resolved),INFERRED,docs/naming/proposals_resolved.csv: confidence=none method=NO-PROPOSAL-NOW-NAMED; ; body at src/main/6CF8.c:599,KEEP,,
0x80017738,obj_CalcOffset,func_80017738,src/*.c definition + named_syms alias,obj_CalcOffset_80017738,4,src/main/6CF8.c:609,naming-analyzer(proposals_resolved),INFERRED,docs/naming/proposals_resolved.csv: confidence=none method=NO-PROPOSAL-NOW-NAMED; ; body at src/main/6CF8.c:609,KEEP,,
0x80017748,math_Distance3D,func_80017748,src/*.c definition + named_syms alias,math_Distance3D_80017748,32,src/main/6CF8.c:611,computation-restatement,CORROBORATED,"computation-restatement: src/ings.c:801/811 + asm: d_i = (a0[i]-a1[i]) >> 2; Square12(d, out) [VERIFIED]; return SquareRoot12(out0+out1+out2) [VERIFIED] << 2. own run of tmp/naming_sweep3/medium_revisit/work/vemu.py (copy of tmp/naming_sweep2/gte/verify/vemu.py: raw EXE words, branch+load delay slots, add/sub traps, GTE per psx-spx), tmp/naming_sweep3/medium_revisit/work/dist3d.py -> dist3d.out, 20000 random point pairs (30% on a log-uniform scale), whole call incl. the Sony callees: result == (SquareRoot12 run at 0x8007E43C on sum((d_i>>2)^2 >> 12)) << 2 in every case (composition, 0 mismatches); no memory written ou; verifier: owner ruling 2026-09-25 (docs/naming/sweep-2026-09-25b/ruling-2026-09-25.md) item 2. Verifier (was PLAUSIBLE pending this ruling): EVIDENCE REPRODUCED, SPELLING HELD. own harness tmp/naming_sweep3/med",KEEP,,
0x800177C8,math_Distance3D_16,func_800177C8,src/*.c definition + named_syms alias,math_Distance3D_16_800177C8,32,src/main/6CF8.c:622,computation-restatement,CORROBORATED,"computation-restatement: src/ings.c:801/811 + asm: d_i = (a0[i]-a1[i]) >> 4; Square12(d, out) [VERIFIED]; return SquareRoot12(out0+out1+out2) [VERIFIED] << 4. own run of tmp/naming_sweep3/medium_revisit/work/vemu.py (copy of tmp/naming_sweep2/gte/verify/vemu.py: raw EXE words, branch+load delay slots, add/sub traps, GTE per psx-spx), tmp/naming_sweep3/medium_revisit/work/dist3d.py -> dist3d.out, 20000 random point pairs (30% on a log-uniform scale), whole call incl. the Sony callees: result == (SquareRoot12 run at 0x8007E43C on sum((d_i>>4)^2 >> 12)) << 4 in every case (composition, 0 mismatches); no memory written ou; verifier: owner ruling 2026-09-25 (docs/naming/sweep-2026-09-25b/ruling-2026-09-25.md) item 2. Verifier (was PLAUSIBLE pending this ruling): EVIDENCE REPRODUCED, SPELLING HELD (as 0x80017748). Asm = the sibling",KEEP,,
0x80017848,graph_add_edge,func_80017848,named_syms.txt/symbol_addrs.txt alias only,graph_add_edge_80017848,127,,naming-analyzer(residual_named),INFERRED,"docs/naming/residual_named.csv: confidence=medium method=manual_re; graph edge insertion: nodes at $s2[0xC] stride64 (flag 0x18, adj-counts 0x1C/0x20, adj-lists 0x24/0x2C), edges at $s2[0x10] stride16; rejects self-loop+dupes, weights edge by math_Distance3D, stores {dist,packed from|to,3*dist,attr}, appends adj refs to both n",KEEP,,
0x80017A44,efc_helper,func_80017A44,named_syms.txt/symbol_addrs.txt alias only,efc_helper_80017A44,208,,naming-analyzer(proposals_resolved),INFERRED,docs/naming/proposals_resolved.csv: confidence=none method=NO-PROPOSAL-NOW-NAMED; ,KEEP,,
0x80017D84,func_80017D84,func_80017D84,glabel,,66,src/main/6CF8.c:744,splat-auto,AUTO,splat-generated placeholder; makes no semantic claim,KEEP,,
0x80017E8C,obj_Clear,func_80017E8C,src/*.c definition + named_syms alias,obj_Clear_80017E8C,10,src/main/6CF8.c:771,naming-analyzer(proposals_resolved),INFERRED,docs/naming/proposals_resolved.csv: confidence=none method=NO-PROPOSAL-NOW-NAMED; ; body at src/main/6CF8.c:771,KEEP,,
0x80017EB4,obj_UpdatePosition,func_80017EB4,src/*.c definition + named_syms alias,obj_UpdatePosition_80017EB4,16,src/main/6CF8.c:773,naming-analyzer(proposals_resolved),INFERRED,docs/naming/proposals_resolved.csv: confidence=none method=NO-PROPOSAL-NOW-NAMED; ; body at src/main/6CF8.c:773,KEEP,,
0x80017EF4,obj_AddValue,func_80017EF4,src/*.c definition + named_syms alias,obj_AddValue_80017EF4,13,src/main/6CF8.c:780,naming-analyzer(proposals_resolved),INFERRED,docs/naming/proposals_resolved.csv: confidence=none method=NO-PROPOSAL-NOW-NAMED; ; body at src/main/6CF8.c:780,KEEP,,
0x80017F28,scratchpad_Save,func_80017F28,src/*.c definition + named_syms alias,scratchpad_Save_80017F28,13,src/main/6CF8.c:785,computation-restatement,CORROBORATED,"computation-restatement: asm/funcs/func_80017F28.s (src/ings.c:962, 13 insns, leaf): for i<0xF8: D_800F5370[i] = ((u32*)0x1F800000)[i]. 0x1F800000 = PS1 scratchpad RAM base (AGENTS.md; psx-spx). Emulated 300 random scratchpad images: bytes 0x1F800000..0x1F8003DF copied to 0x800F5370..+0x3DF, nothing else written, 0 mismatches. D_800F5370 is used by no other function (asm grep; src grep hits only ings.c:964/971 = this pair). [emulation: tmp/naming_sweep2/misc/verify_out.txt; scripts verify*.py; emu.py = the 2026-09-24 verifier interpreter (decodes RAW EXE words, branch+load delay slots, callees emulated) + a minimal GT; verifier: owner ruling 2026-09-25 (docs/naming/sweep-2026-09-25b/ruling-2026-09-25.md) item 4. Verifier (was PLAUSIBLE pending this ruling): Reproduced: for i<0xF8: D_800F5370[i] = ((u32*)0x1F800000)[i]. emulat",KEEP,,
0x80017F5C,scratchpad_Restore,func_80017F5C,src/*.c definition + named_syms alias,scratchpad_Restore_80017F5C,13,src/main/6CF8.c:794,computation-restatement,CORROBORATED,"computation-restatement: asm/funcs/func_80017F5C.s (src/ings.c:970, 13 insns, leaf): exact inverse of scratchpad_Save: for i<0xF8: ((u32*)0x1F800000)[i] = D_800F5370[i]. Emulated 300 random buffers: 992 bytes restored to 0x1F800000..0x1F8003DF, nothing else written, 0 mismatches. [emulation: tmp/naming_sweep2/misc/verify_out.txt; scripts verify*.py; emu.py = the 2026-09-24 verifier interpreter (decodes RAW EXE words, branch+load delay slots, callees emulated) + a minimal GTE: reg moves, lwc2/swc2, SQR, MVMVA, LZCS/LZCR per psx-spx]; verifier: owner ruling 2026-09-25 (docs/naming/sweep-2026-09-25b/ruling-2026-09-25.md) item 4. Verifier (was PLAUSIBLE pending this ruling): Reproduced exact inverse: for i<0xF8: ((u32*)0x1F800000)[i] = D_800F5",KEEP,,
0x80017F90,sys_StubEmpty2,func_80017F90,src/*.c definition + named_syms alias,sys_StubEmpty2_80017F90,2,src/main/6CF8.c:803,naming-analyzer(proposals_resolved),INFERRED,"docs/naming/proposals_resolved.csv: confidence=none method=NO-PROPOSAL-NOW-NAMED; ; NOTE: name wears a PsyQ-style family prefix but its recorded origin is the naming analyzer, NOT an SDK signature match — the prefix asserts more than the evidence; body at src/main/6CF8.c:803",KEEP,,
0x80017F98,sys_StubEmpty3,func_80017F98,src/*.c definition + named_syms alias,sys_StubEmpty3_80017F98,2,src/main/6CF8.c:805,naming-analyzer(proposals_resolved),INFERRED,"docs/naming/proposals_resolved.csv: confidence=none method=NO-PROPOSAL-NOW-NAMED; ; NOTE: name wears a PsyQ-style family prefix but its recorded origin is the naming analyzer, NOT an SDK signature match — the prefix asserts more than the evidence; body at src/main/6CF8.c:805",KEEP,,
0x80017FA0,func_80017FA0,func_80017FA0,glabel,,61,src/main/87A0.c:39,splat-auto,AUTO,splat-generated placeholder; makes no semantic claim,KEEP,,
0x80018094,func_80018094,func_80018094,glabel,,155,src/main/87A0.c:106,splat-auto,AUTO,splat-generated placeholder; makes no semantic claim,KEEP,,
0x80018300,func_80018300,func_80018300,glabel,,317,src/main/87A0.c:244,splat-auto,AUTO,splat-generated placeholder; makes no semantic claim,KEEP,,
0x800187F4,func_800187F4,func_800187F4,glabel,,662,src/main/87A0.c:480,splat-auto,AUTO,splat-generated placeholder; makes no semantic claim,KEEP,,
0x8001924C,ang_helper,func_8001924C,named_syms.txt/symbol_addrs.txt alias only,ang_helper_8001924C,49,,naming-analyzer(proposals_resolved),INFERRED,docs/naming/proposals_resolved.csv: confidence=none method=NO-PROPOSAL-NOW-NAMED; ,KEEP,,
0x80019310,gte_mvmva,func_80019310,named_syms.txt/symbol_addrs.txt alias only,gte_mvmva_80019310,83,,naming-analyzer(proposals_resolved),INFERRED,"docs/naming/proposals_resolved.csv: confidence=low method=APPLIED-DIFFERENTLY; gte_op=gte_mvmva_wrapper_80019310; NOTE: name wears a PsyQ-style family prefix but its recorded origin is the naming analyzer, NOT an SDK signature match — the prefix asserts more than the evidence",KEEP,,
0x8001945C,kgm_clamp_patch_init_helper,func_8001945C,named_syms.txt/symbol_addrs.txt alias only,kgm_clamp_patch_init_helper_8001945C,11,,naming-analyzer(proposals_resolved),INFERRED,docs/naming/proposals_resolved.csv: confidence=medium method=APPLIED-AS-PROPOSED; sole_caller_path=kgm_clamp_patch_init_helper_8001945C,KEEP,,
0x80019488,pack_status_nibble_triplet,func_80019488,named_syms.txt/symbol_addrs.txt alias only,pack_status_nibble_triplet_80019488,14,,naming-analyzer(proposals_resolved),INFERRED,docs/naming/proposals_resolved.csv: confidence=none method=NO-PROPOSAL-NOW-NAMED; ,KEEP,,
0x800194C0,replay_camera_helper,func_800194C0,named_syms.txt/symbol_addrs.txt alias only,replay_camera_helper_800194C0,13,,naming-analyzer(proposals_resolved),INFERRED,docs/naming/proposals_resolved.csv: confidence=none method=NO-PROPOSAL-NOW-NAMED; ,KEEP,,
0x800194F4,pad_ResetState,pad_ResetState,glabel,,16,src/main/87A0.c:929,typed-restatement,CORROBORATED,"typed-restatement: T1 matched C src/code6cac.c:1209-1216: g_pad_state unk_00[0] = unk_00[1] = 4; held = pressed = released = 0; unheld = -1. T2 6 statements, leaf. T3 only g_pad_state (raw scan: stores to 0x80102788..0x8010279F only in func_80019568 / func_800194F4 / func_80019534). T4 Reset: the store list is the record's type words and bit words. Supersedes the v3 RESET of 'replay_camera_helper' (no camera/replay object touched; owner ruling Q103 item 4).; verifier: Q103 re-verification (default refute, T1-T6) 2026-10-03",KEEP,,
0x80019534,pad_ResetStateMarkValid,pad_ResetStateMarkValid,glabel,,13,src/main/87A0.c:938,typed-restatement,CORROBORATED,"typed-restatement: T1 matched C src/main/87A0.c:1161-1165: pad_ResetState(); g_pad_state.valid[0] = 1; g_pad_state.valid[1] = 1. T2 3 statements, one direct jal, the callee pad_ResetState is CORROBORATED (func_manifest_q103.csv). T3 g_pad_state (data_manifest_q103.csv) and its valid[] member (37d769472, Q105) are admitted. T4 (Q107 principle): ResetState restates the call, whose store list is type[] and the four bit words; MarkValid restates the two stores of 1 to valid[0]/valid[1]; no return value. T5 'valid' holds in every write/read (1 iff the InitPAD status byte == 0; 0 read as no pad). T6 no game noun ('pad; verifier: Q107 re-verification (default refute, T1-T6) 2026-10-03",KEEP,,
0x80019568,func_80019568,func_80019568,glabel,,141,src/main/87A0.c:944,splat-auto,AUTO,splat-generated placeholder; makes no semantic claim,KEEP,,
0x8001979C,mode_helper,func_8001979C,named_syms.txt/symbol_addrs.txt alias only,mode_helper_8001979C,77,,naming-analyzer(proposals_resolved),INFERRED,docs/naming/proposals_resolved.csv: confidence=none method=NO-PROPOSAL-NOW-NAMED; ,KEEP,,
0x800198D0,mode_helper,func_800198D0,named_syms.txt/symbol_addrs.txt alias only,mode_helper_800198D0,749,,naming-analyzer(proposals_resolved),INFERRED,docs/naming/proposals_resolved.csv: confidence=none method=NO-PROPOSAL-NOW-NAMED; ,KEEP,,
0x8001A484,DispSleepMenuTexAll,func_8001A484,named_syms.txt/symbol_addrs.txt alias only,DispSleepMenuTexAll_8001A484,27,,naming-analyzer(proposals_resolved),INFERRED,docs/naming/proposals_resolved.csv: confidence=none method=NO-PROPOSAL-NOW-NAMED; string_adjacent_info=?,KEEP,,
0x8001A4F0,math_SignExt12Div,math_SignExt12Div,glabel,,18,src/main/9F9C.c:408,computation-restatement,CORROBORATED,"computation-restatement: asm/funcs/func_8001A4F0.s (18 insns, leaf, no memory access): v = a0 & 0xFFF; if v >= 0x800: v -= 0x1000; return v / a1 (C truncating div; break 7 on a1==0; the break-6 guard is unreachable since |v| <= 0x800). Emulated from the EXE words (work/t_compute.py): 20,121 inputs (121 edge pairs incl. a0 in {0,0x7FF,0x800,0xFFF,-1,INT_MIN,INT_MAX}, a1 in {+-1,+-2,3,7,+-0x1000,INT_MIN,INT_MAX}; 20,000 random with a1!=0) -> 0 mismatches; a1==0 raises break 7. Domain: any a0, a1 != 0.; verifier: [mode_ui] Re-emulated with the fresh interpreter (t_compute.py) against my own reference: v = a0 & 0xFFF; if v >= 0x800 then v -= 0x1000; return v / a1 (truncating). That is exactly sign-extending the",KEEP,,
0x8001A538,camera_CalcEye,camera_CalcEye,glabel,,61,src/main/9F9C.c:416,sotn-review,CORROBORATED,"sotn-review: BODY src/main/9F9C.c:416-433, void func_8001A538(Rec44 *arg0, s32 *arg1): identity MATRIX, RotMatrixX/Y/Z(-arg0->unk_10.vx/.vy/.vz) (libgte), then arg1[i] = arg0->unk_00[i] - ((m[i][2] * arg0->w18) >> 12) for i = 0..2: the point at distance w18 from unk_00 along the rotated view axis. Writes only arg1[0..2]; no other call; void. USES (5 calls, all direct jal; no address-taken site, no asm/data ref; other mentions are comments: include/game.h:1728, 9F9C.c:497, m2c_context.h:32/90-97): (1-3) func_8001A820 9F9C.c:647, :682, :712 (jal 0x8001AD78 / 0x8001AEC4 / 0x8001AFE4), arg0 = &D_800F6608, arg1; verifier: naming-reviewer pre-apply PASS 2026-10-07 (fresh review of the revised wave; first review FAILed light_ApplyPreset (dropped) and g_active_camera (now this RESET))",KEEP,,
0x8001A62C,math_FloorDiv2000,math_FloorDiv2000,glabel,,20,src/main/9F9C.c:435,computation-restatement,CORROBORATED,"computation-restatement: asm/funcs/func_8001A62C.s (20 insns, leaf, no memory): magic 0x10624DD3 + sra 7 = signed /2000; x<0 path returns -((1999-x)/2000). Decompiled C already on main: src/code6cac.c:965-970. Emulated vs Python floor division x//2000 over 20000 inputs: 0 mismatches (tmp/naming_sweep/compute/verify.py).; verifier: x>=0: mulhi(x,0x10624DD3)>>7 - (x>>31) = x/2000 (magic=ceil(2^39/2000), exact for all s32). x<0: -((1999-x)/2000) = floor(x/2000). 54222 inputs incl. dense INT_MIN/INT_MAX windows: only failures are e",KEEP,,
0x8001A67C,func_8001A67C,func_8001A67C,glabel,,105,src/main/9F9C.c:442,splat-auto,AUTO,splat-generated placeholder; makes no semantic claim,KEEP,,
0x8001A820,mode_helper,func_8001A820,named_syms.txt/symbol_addrs.txt alias only,mode_helper_8001A820,582,,naming-analyzer(proposals_resolved),INFERRED,docs/naming/proposals_resolved.csv: confidence=none method=NO-PROPOSAL-NOW-NAMED; ,KEEP,,
0x8001B138,func_8001B138,func_8001B138,glabel,,87,src/main/9F9C.c:742,splat-auto,AUTO,splat-generated placeholder; makes no semantic claim,KEEP,,
0x8001B294,func_8001B294,func_8001B294,glabel,,75,src/main/9F9C.c:779,splat-auto,AUTO,splat-generated placeholder; makes no semantic claim,KEEP,,
0x8001B3C0,func_8001B3C0,func_8001B3C0,glabel,,46,src/main/9F9C.c:806,splat-auto,AUTO,splat-generated placeholder; makes no semantic claim,KEEP,,
0x8001B478,func_8001B478,func_8001B478,glabel,,134,src/main/9F9C.c:827,splat-auto,AUTO,splat-generated placeholder; makes no semantic claim,KEEP,,
0x8001B690,func_8001B690,func_8001B690,glabel,,25,src/main/9F9C.c:926,splat-auto,AUTO,splat-generated placeholder; makes no semantic claim,KEEP,,
0x8001B6F4,mode_helper,func_8001B6F4,named_syms.txt/symbol_addrs.txt alias only,mode_helper_8001B6F4,21,,naming-analyzer(proposals_resolved),INFERRED,docs/naming/proposals_resolved.csv: confidence=none method=NO-PROPOSAL-NOW-NAMED; ,KEEP,,
0x8001B748,func_8001B748,func_8001B748,glabel,,231,src/main/9F9C.c:955,splat-auto,AUTO,splat-generated placeholder; makes no semantic claim,KEEP,,
0x8001BAE4,mode_helper,func_8001BAE4,named_syms.txt/symbol_addrs.txt alias only,mode_helper_8001BAE4,61,,naming-analyzer(proposals_resolved),INFERRED,docs/naming/proposals_resolved.csv: confidence=none method=NO-PROPOSAL-NOW-NAMED; ,KEEP,,
0x8001BBD8,mode_helper,func_8001BBD8,named_syms.txt/symbol_addrs.txt alias only,mode_helper_8001BBD8,38,,naming-analyzer(proposals_resolved),INFERRED,docs/naming/proposals_resolved.csv: confidence=none method=NO-PROPOSAL-NOW-NAMED; ,KEEP,,
0x8001BC70,func_8001BC70,func_8001BC70,glabel,,32,src/main/9F9C.c:1076,splat-auto,AUTO,splat-generated placeholder; makes no semantic claim,KEEP,,
0x8001BCF0,func_8001BCF0,func_8001BCF0,glabel,,70,src/main/9F9C.c:1085,splat-auto,AUTO,splat-generated placeholder; makes no semantic claim,KEEP,,
0x8001BE08,pad_ClearStateBits,pad_ClearStateBits,glabel,,6,src/main/9F9C.c:1118,typed-restatement,CORROBORATED,"typed-restatement: T1 matched C src/code6cac_tu2.c:1111-1116 on a PadState *: held = pressed = released = 0, unheld = -1. T2 4 statements, leaf. T3 PadState bit words admitted by the g_pad_state row (builder func_80019568 src/code6cac.c:1222-1368 from the InitPAD [VERIFIED] buffers g_pad_buf). T4 Clear: exactly the four bit words, each to the builder's no-button value (held 0 => pressed/released 0, unheld ~0); unk_00[] untouched.; verifier: Q103 re-verification (default refute, T1-T6) 2026-10-03",KEEP,,
0x8001BE20,mode_helper,func_8001BE20,named_syms.txt/symbol_addrs.txt alias only,mode_helper_8001BE20,393,,naming-analyzer(proposals_resolved),INFERRED,docs/naming/proposals_resolved.csv: confidence=none method=NO-PROPOSAL-NOW-NAMED; ,KEEP,,
0x8001C444,sys_helper,func_8001C444,named_syms.txt/symbol_addrs.txt alias only,sys_helper_8001C444,31,,naming-analyzer(proposals_resolved),INFERRED,"docs/naming/proposals_resolved.csv: confidence=none method=NO-PROPOSAL-NOW-NAMED; ; NOTE: name wears a PsyQ-style family prefix but its recorded origin is the naming analyzer, NOT an SDK signature match — the prefix asserts more than the evidence",KEEP,,
0x8001C4C0,mario_helper,func_8001C4C0,named_syms.txt/symbol_addrs.txt alias only,mario_helper_8001C4C0,23,,naming-analyzer(proposals_resolved),INFERRED,docs/naming/proposals_resolved.csv: confidence=none method=NO-PROPOSAL-NOW-NAMED; string_adjacent_info=?,KEEP,,
0x8001C51C,mario_helper,func_8001C51C,named_syms.txt/symbol_addrs.txt alias only,mario_helper_8001C51C,66,,naming-analyzer(proposals_resolved),INFERRED,docs/naming/proposals_resolved.csv: confidence=none method=NO-PROPOSAL-NOW-NAMED; ,KEEP,,
0x8001C820,func_8001C820,func_8001C820,glabel,,47,src/main/9F9C.c:1340,splat-auto,AUTO,splat-generated placeholder; makes no semantic claim,KEEP,,
0x8001C8DC,mode_helper,func_8001C8DC,named_syms.txt/symbol_addrs.txt alias only,mode_helper_8001C8DC,291,,naming-analyzer(proposals_resolved),INFERRED,docs/naming/proposals_resolved.csv: confidence=none method=NO-PROPOSAL-NOW-NAMED; ,KEEP,,
0x8001CD68,func_8001CD68,func_8001CD68,glabel,,62,src/main/9F9C.c:1491,splat-auto,AUTO,splat-generated placeholder; makes no semantic claim,KEEP,,
0x8001CE60,func_8001CE60,func_8001CE60,glabel,,588,src/main/9F9C.c:1528,splat-auto,AUTO,splat-generated placeholder; makes no semantic claim,KEEP,,
0x8001D790,func_8001D790,func_8001D790,glabel,,93,src/main/9F9C.c:1707,splat-auto,AUTO,splat-generated placeholder; makes no semantic claim,KEEP,,
0x8001D904,func_8001D904,func_8001D904,glabel,,37,src/main/9F9C.c:1739,splat-auto,AUTO,splat-generated placeholder; makes no semantic claim,KEEP,,
0x8001D998,func_8001D998,func_8001D998,glabel,,37,src/main/9F9C.c:1755,splat-auto,AUTO,splat-generated placeholder; makes no semantic claim,KEEP,,
0x8001DA2C,func_8001DA2C,func_8001DA2C,glabel,,24,src/main/9F9C.c:1771,splat-auto,AUTO,splat-generated placeholder; makes no semantic claim,KEEP,,
0x8001DA8C,func_8001DA8C,func_8001DA8C,glabel,,51,src/main/9F9C.c:1782,splat-auto,AUTO,splat-generated placeholder; makes no semantic claim,KEEP,,
0x8001DB58,file_GetFlag2_StageGated,func_8001DB58,named_syms.txt/symbol_addrs.txt alias only,file_GetFlag2_StageGated,17,,naming-analyzer(proposals_resolved),INFERRED,docs/naming/proposals_resolved.csv: confidence=medium method=APPLIED-DIFFERENTLY; sole_caller_path=mk_leaf_newpos_helper_8001DB58,KEEP,,
0x8001DB9C,func_8001DB9C,func_8001DB9C,glabel,,18,src/main/9F9C.c:1826,splat-auto,AUTO,splat-generated placeholder; makes no semantic claim,KEEP,,
0x8001DBE4,func_8001DBE4,func_8001DBE4,glabel,,51,src/main/9F9C.c:1831,splat-auto,AUTO,splat-generated placeholder; makes no semantic claim,KEEP,,
0x8001DCB0,func_8001DCB0,func_8001DCB0,glabel,,469,src/main/9F9C.c:1868,splat-auto,AUTO,splat-generated placeholder; makes no semantic claim,KEEP,,
0x8001E404,func_8001E404,func_8001E404,glabel,,184,src/main/9F9C.c:2029,splat-auto,AUTO,splat-generated placeholder; makes no semantic claim,KEEP,,
0x8001E6E4,func_8001E6E4,func_8001E6E4,glabel,,71,src/main/9F9C.c:2103,splat-auto,AUTO,splat-generated placeholder; makes no semantic claim,KEEP,,
0x8001E800,mode_helper,func_8001E800,named_syms.txt/symbol_addrs.txt alias only,mode_helper_8001E800,30,,naming-analyzer(proposals_resolved),INFERRED,docs/naming/proposals_resolved.csv: confidence=none method=NO-PROPOSAL-NOW-NAMED; ,KEEP,,
0x8001E878,mode_handler_01_GameFrameUpdate,func_8001E878,named_syms.txt/symbol_addrs.txt alias only,mode_handler_01_GameFrameUpdate,99,,naming-analyzer(proposals_resolved),INFERRED,docs/naming/proposals_resolved.csv: confidence=none method=NO-PROPOSAL-NOW-NAMED; string_adjacent_info=?,KEEP,,
0x8001EA04,mode_handler_12_RoundCleanup,func_8001EA04,named_syms.txt/symbol_addrs.txt alias only,mode_handler_12_RoundCleanup,32,,naming-analyzer(proposals_resolved),INFERRED,docs/naming/proposals_resolved.csv: confidence=none method=NO-PROPOSAL-NOW-NAMED; ,KEEP,,
0x8001EA84,func_8001EA84,func_8001EA84,glabel,,268,src/main/9F9C.c:2198,splat-auto,AUTO,splat-generated placeholder; makes no semantic claim,KEEP,,
0x8001EEB4,func_8001EEB4,func_8001EEB4,glabel,,59,src/main/9F9C.c:2285,splat-auto,AUTO,splat-generated placeholder; makes no semantic claim,KEEP,,
0x8001EFA0,mode_handler_17_GameContinueFrame,func_8001EFA0,named_syms.txt/symbol_addrs.txt alias only,mode_handler_17_GameContinueFrame,137,,naming-analyzer(proposals_resolved),INFERRED,docs/naming/proposals_resolved.csv: confidence=none method=NO-PROPOSAL-NOW-NAMED; ,KEEP,,
0x8001F1C4,mode_helper,func_8001F1C4,named_syms.txt/symbol_addrs.txt alias only,mode_helper_8001F1C4,72,,naming-analyzer(proposals_resolved),INFERRED,docs/naming/proposals_resolved.csv: confidence=none method=NO-PROPOSAL-NOW-NAMED; ,KEEP,,
0x8001F2E4,func_8001F2E4,func_8001F2E4,glabel,,351,src/main/9F9C.c:2387,splat-auto,AUTO,splat-generated placeholder; makes no semantic claim,KEEP,,
0x8001F860,calc_AngleDelta,func_8001F860,named_syms.txt/symbol_addrs.txt alias only,calc_AngleDelta_8001F860,10,,naming-analyzer(proposals_resolved),INFERRED,docs/naming/proposals_resolved.csv: confidence=none method=NO-PROPOSAL-NOW-NAMED; ,KEEP,,
0x8001F888,cpu_helper,func_8001F888,named_syms.txt/symbol_addrs.txt alias only,cpu_helper_8001F888,44,,naming-analyzer(proposals_resolved),INFERRED,docs/naming/proposals_resolved.csv: confidence=none method=NO-PROPOSAL-NOW-NAMED; string_adjacent_info=?,KEEP,,
0x8001F938,func_8001F938,func_8001F938,glabel,,107,src/main/9F9C.c:2610,splat-auto,AUTO,splat-generated placeholder; makes no semantic claim,KEEP,,
0x8001FAE4,single_game_FindStatusUpData,func_8001FAE4,named_syms.txt/symbol_addrs.txt alias only,single_game_FindStatusUpData_8001FAE4,20,,naming-analyzer(proposals_resolved),INFERRED,docs/naming/proposals_resolved.csv: confidence=medium method=APPLIED-DIFFERENTLY; sole_caller_path=single_game_CheckStatusUpDataTotalOver_helper_8001FAE4,KEEP,,
0x8001FB34,single_game_CheckGameState,func_8001FB34,named_syms.txt/symbol_addrs.txt alias only,single_game_CheckGameState_8001FB34,45,,naming-analyzer(proposals_resolved),INFERRED,docs/naming/proposals_resolved.csv: confidence=medium method=APPLIED-DIFFERENTLY; sole_caller_path=single_game_CheckStatusUpDataTotalOver_helper_8001FB34,KEEP,,
0x8001FBE8,func_8001FBE8,func_8001FBE8,glabel,,289,src/main/9F9C.c:2749,splat-auto,AUTO,splat-generated placeholder; makes no semantic claim,KEEP,,
0x8002006C,func_8002006C,func_8002006C,glabel,,28,src/main/9F9C.c:2858,splat-auto,AUTO,splat-generated placeholder; makes no semantic claim,KEEP,,
0x800200DC,func_800200DC,func_800200DC,glabel,,182,src/main/9F9C.c:2870,splat-auto,AUTO,splat-generated placeholder; makes no semantic claim,KEEP,,
0x800203B4,func_800203B4,func_800203B4,glabel,,67,src/main/9F9C.c:2939,splat-auto,AUTO,splat-generated placeholder; makes no semantic claim,KEEP,,
0x800204C0,func_800204C0,func_800204C0,glabel,,124,src/main/9F9C.c:3000,splat-auto,AUTO,splat-generated placeholder; makes no semantic claim,KEEP,,
0x800206B0,mario_helper,func_800206B0,named_syms.txt/symbol_addrs.txt alias only,mario_helper_800206B0,70,,naming-analyzer(proposals_resolved),INFERRED,docs/naming/proposals_resolved.csv: confidence=none method=NO-PROPOSAL-NOW-NAMED; ,KEEP,,
0x800207C8,mode_helper,func_800207C8,named_syms.txt/symbol_addrs.txt alias only,mode_helper_800207C8,325,,naming-analyzer(proposals_resolved),INFERRED,docs/naming/proposals_resolved.csv: confidence=low method=APPLIED-DIFFERENTLY; gte_op=gte_mvmva_wrapper_800207C8,KEEP,,
0x80020CDC,seq_ConditionalReset,func_80020CDC,named_syms.txt/symbol_addrs.txt alias only,seq_ConditionalReset,23,,naming-analyzer(proposals_resolved),INFERRED,docs/naming/proposals_resolved.csv: confidence=none method=NO-PROPOSAL-NOW-NAMED; ,KEEP,,
0x80020D38,func_80020D38,func_80020D38,glabel,,14,src/main/9F9C.c:3288,splat-auto,AUTO,splat-generated placeholder; makes no semantic claim,KEEP,,
0x80020D70,sys_helper,func_80020D70,named_syms.txt/symbol_addrs.txt alias only,sys_helper_80020D70,27,,naming-analyzer(proposals_resolved),INFERRED,"docs/naming/proposals_resolved.csv: confidence=none method=NO-PROPOSAL-NOW-NAMED; ; NOTE: name wears a PsyQ-style family prefix but its recorded origin is the naming analyzer, NOT an SDK signature match — the prefix asserts more than the evidence",KEEP,,
0x80020DDC,disppracticemenutex_InitReplay,func_80020DDC,named_syms.txt/symbol_addrs.txt alias only,disppracticemenutex_InitReplay_80020DDC,38,,naming-analyzer(proposals_resolved),INFERRED,docs/naming/proposals_resolved.csv: confidence=medium method=APPLIED-DIFFERENTLY; sole_caller_path=DispPracticeMenuTex_B_helper_80020DDC,KEEP,,
0x80020E74,func_80020E74,func_80020E74,glabel,,231,src/main/9F9C.c:3326,splat-auto,AUTO,splat-generated placeholder; makes no semantic claim,KEEP,,
0x80021210,mario_test_init_characters,func_80021210,named_syms.txt/symbol_addrs.txt alias only,mario_test_init_characters_80021210,28,,naming-analyzer(proposals_resolved),INFERRED,docs/naming/proposals_resolved.csv: confidence=medium method=APPLIED-DIFFERENTLY; sole_caller_path=mario_test_Exec_helper_80021210,KEEP,,
0x80021280,func_80021280,func_80021280,glabel,,72,src/main/9F9C.c:3432,splat-auto,AUTO,splat-generated placeholder; makes no semantic claim,KEEP,,
0x800213A0,func_800213A0,func_800213A0,glabel,,33,src/main/9F9C.c:3517,splat-auto,AUTO,splat-generated placeholder; makes no semantic claim,KEEP,,
0x80021424,func_80021424,func_80021424,glabel,,297,src/main/9F9C.c:3544,splat-auto,AUTO,splat-generated placeholder; makes no semantic claim,KEEP,,
0x800218C8,mario_test_move_to_inventory,func_800218C8,named_syms.txt/symbol_addrs.txt alias only,mario_test_move_to_inventory_800218C8,15,,naming-analyzer(proposals_resolved),INFERRED,docs/naming/proposals_resolved.csv: confidence=none method=NO-PROPOSAL-NOW-NAMED; ,KEEP,,
0x80021904,char_get_motion_keyframe_table_entry_prev,func_80021904,named_syms.txt/symbol_addrs.txt alias only,char_get_motion_keyframe_table_entry_prev_80021904,28,,naming-analyzer(proposals_resolved),INFERRED,docs/naming/proposals_resolved.csv: confidence=none method=NO-PROPOSAL-NOW-NAMED; ,KEEP,,
0x80021974,func_80021974,func_80021974,glabel,,28,src/main/9F9C.c:3608,splat-auto,AUTO,splat-generated placeholder; makes no semantic claim,KEEP,,
0x800219E4,func_800219E4,func_800219E4,glabel,,22,src/main/9F9C.c:3614,splat-auto,AUTO,splat-generated placeholder; makes no semantic claim,KEEP,,
0x80021A3C,hirahira_helper,func_80021A3C,named_syms.txt/symbol_addrs.txt alias only,hirahira_helper_80021A3C,23,,naming-analyzer(proposals_resolved),INFERRED,docs/naming/proposals_resolved.csv: confidence=none method=NO-PROPOSAL-NOW-NAMED; ,KEEP,,
0x80021A98,func_80021A98,func_80021A98,glabel,,158,src/main/9F9C.c:3622,splat-auto,AUTO,splat-generated placeholder; makes no semantic claim,KEEP,,
0x80021D10,stage_GetTriple,func_80021D10,named_syms.txt/symbol_addrs.txt alias only,stage_GetTriple,40,,naming-analyzer(proposals_resolved),INFERRED,docs/naming/proposals_resolved.csv: confidence=none method=NO-PROPOSAL-NOW-NAMED; ,KEEP,,
0x80021DB0,mario_helper,func_80021DB0,named_syms.txt/symbol_addrs.txt alias only,mario_helper_80021DB0,285,,naming-analyzer(proposals_resolved),INFERRED,docs/naming/proposals_resolved.csv: confidence=none method=NO-PROPOSAL-NOW-NAMED; ,KEEP,,
0x80022224,func_80022224,func_80022224,glabel,,121,src/main/9F9C.c:3836,splat-auto,AUTO,splat-generated placeholder; makes no semantic claim,KEEP,,
0x80022408,func_80022408,func_80022408,glabel,,54,src/main/9F9C.c:3902,splat-auto,AUTO,splat-generated placeholder; makes no semantic claim,KEEP,,
0x800224E0,mario_helper,func_800224E0,named_syms.txt/symbol_addrs.txt alias only,mario_helper_800224E0,34,,naming-analyzer(proposals_resolved),INFERRED,docs/naming/proposals_resolved.csv: confidence=none method=NO-PROPOSAL-NOW-NAMED; ,KEEP,,
0x80022568,func_80022568,func_80022568,glabel,,6,src/main/9F9C.c:3955,splat-auto,AUTO,splat-generated placeholder; makes no semantic claim,KEEP,,
0x80022580,mario_test_initialize_match,func_80022580,named_syms.txt/symbol_addrs.txt alias only,mario_test_initialize_match_80022580,621,,naming-analyzer(proposals_resolved),INFERRED,docs/naming/proposals_resolved.csv: confidence=none method=NO-PROPOSAL-NOW-NAMED; ,KEEP,,
0x80022F34,mario_test_apply_status_updates,func_80022F34,named_syms.txt/symbol_addrs.txt alias only,mario_test_apply_status_updates_80022F34,70,,naming-analyzer(proposals_resolved),INFERRED,docs/naming/proposals_resolved.csv: confidence=none method=NO-PROPOSAL-NOW-NAMED; ,KEEP,,
0x8002304C,func_8002304C,func_8002304C,glabel,,216,src/main/9F9C.c:4216,splat-auto,AUTO,splat-generated placeholder; makes no semantic claim,KEEP,,
0x800233AC,func_800233AC,func_800233AC,glabel,,167,src/main/9F9C.c:4277,splat-auto,AUTO,splat-generated placeholder; makes no semantic claim,KEEP,,
0x80023648,func_80023648,func_80023648,glabel,,159,src/main/9F9C.c:4379,splat-auto,AUTO,splat-generated placeholder; makes no semantic claim,KEEP,,
0x800238C4,func_800238C4,func_800238C4,glabel,,219,src/main/9F9C.c:4490,splat-auto,AUTO,splat-generated placeholder; makes no semantic claim,KEEP,,
0x80023C30,math_RotMatrixZYXAngles,math_RotMatrixZYXAngles,glabel,,33,src/main/9F9C.c:4613,apiscan-restatement,CORROBORATED,"apiscan-restatement: asm/funcs/func_80023C30.s:8-27: m = a3 set to identity (0x1000 diagonal); RotMatrixX(a0, m); RotMatrixY(a1, m); RotMatrixZ(a2, m) [all VERIFIED LIBGTE]. Nothing else.; verifier: REFUTED as math_RotMatrixXYZ; BOTH verifiers (func_api + compute) independently re-derived the product Rz*Ry*Rx (RotMatrixX/Y/Z each left-multiply; emulated 400 triples within 1 LSB of VERIFIED RotMat",KEEP,,
0x80023CB4,func_80023CB4,func_80023CB4,glabel,,21,src/main/9F9C.c:4628,splat-auto,AUTO,splat-generated placeholder; makes no semantic claim,KEEP,,
0x80023D08,func_80023D08,func_80023D08,glabel,,8,src/main/9F9C.c:4644,splat-auto,AUTO,splat-generated placeholder; makes no semantic claim,KEEP,,
0x80023D28,func_80023D28,func_80023D28,glabel,,36,src/main/9F9C.c:4646,splat-auto,AUTO,splat-generated placeholder; makes no semantic claim,KEEP,,
0x80023DB8,func_80023DB8,func_80023DB8,glabel,,34,src/main/9F9C.c:4659,splat-auto,AUTO,splat-generated placeholder; makes no semantic claim,KEEP,,
0x80023E40,func_80023E40,func_80023E40,glabel,,50,src/main/9F9C.c:4673,splat-auto,AUTO,splat-generated placeholder; makes no semantic claim,KEEP,,
0x80023F08,func_80023F08,func_80023F08,glabel,,2983,src/main/9F9C.c:4715,splat-auto,AUTO,splat-generated placeholder; makes no semantic claim,KEEP,,
0x80026DA4,cpu_helper,func_80026DA4,named_syms.txt/symbol_addrs.txt alias only,cpu_helper_80026DA4,342,,naming-analyzer(proposals_resolved),INFERRED,docs/naming/proposals_resolved.csv: confidence=none method=NO-PROPOSAL-NOW-NAMED; string_adjacent_info=?,KEEP,,
0x800272FC,calc_DistanceCategory,func_800272FC,named_syms.txt/symbol_addrs.txt alias only,calc_DistanceCategory_800272FC,14,,naming-analyzer(proposals_resolved),INFERRED,docs/naming/proposals_resolved.csv: confidence=medium method=APPLIED-DIFFERENTLY; sole_caller_path=calc_teasi_loc_fw_helper_800272FC,KEEP,,
0x80027334,func_80027334,func_80027334,glabel,,22,src/main/17AFC.c:44,splat-auto,AUTO,splat-generated placeholder; makes no semantic claim,KEEP,,
0x8002738C,func_8002738C,func_8002738C,glabel,,43,src/main/17AFC.c:63,splat-auto,AUTO,splat-generated placeholder; makes no semantic claim,KEEP,,
0x80027438,func_80027438,func_80027438,glabel,,33,src/main/17AFC.c:103,splat-auto,AUTO,splat-generated placeholder; makes no semantic claim,KEEP,,
0x800274BC,calc_NormVector,func_800274BC,named_syms.txt/symbol_addrs.txt alias only,calc_NormVector_800274BC,97,,naming-analyzer(proposals_resolved),INFERRED,docs/naming/proposals_resolved.csv: confidence=none method=NO-PROPOSAL-NOW-NAMED; ,KEEP,,
0x80027640,func_80027640,func_80027640,glabel,,160,src/main/17AFC.c:186,splat-auto,AUTO,splat-generated placeholder; makes no semantic claim,KEEP,,
0x800278C0,func_800278C0,func_800278C0,glabel,,51,src/main/17AFC.c:246,splat-auto,AUTO,splat-generated placeholder; makes no semantic claim,KEEP,,
0x8002798C,func_8002798C,func_8002798C,glabel,,51,src/main/17AFC.c:291,splat-auto,AUTO,splat-generated placeholder; makes no semantic claim,KEEP,,
0x80027A58,rob_genei_draw_check,func_80027A58,named_syms.txt/symbol_addrs.txt alias only,rob_genei_draw_check_80027A58,32,,naming-analyzer(proposals_resolved),INFERRED,docs/naming/proposals_resolved.csv: confidence=none method=NO-PROPOSAL-NOW-NAMED; ,KEEP,,
0x80027AD8,func_80027AD8,func_80027AD8,glabel,,574,src/main/17AFC.c:355,splat-auto,AUTO,splat-generated placeholder; makes no semantic claim,KEEP,,
0x800283D0,func_800283D0,func_800283D0,glabel,,215,src/main/17AFC.c:613,splat-auto,AUTO,splat-generated placeholder; makes no semantic claim,KEEP,,
0x8002872C,func_8002872C,func_8002872C,glabel,,103,src/main/17AFC.c:787,splat-auto,AUTO,splat-generated placeholder; makes no semantic claim,KEEP,,
0x800288C8,func_800288C8,func_800288C8,glabel,,489,src/main/17AFC.c:884,splat-auto,AUTO,splat-generated placeholder; makes no semantic claim,KEEP,,
0x8002906C,func_8002906C,func_8002906C,glabel,,19,src/main/17AFC.c:1060,splat-auto,AUTO,splat-generated placeholder; makes no semantic claim,KEEP,,
0x800290B8,func_800290B8,func_800290B8,glabel,,231,src/main/17AFC.c:1080,splat-auto,AUTO,splat-generated placeholder; makes no semantic claim,KEEP,,
0x80029454,cpu_helper,func_80029454,named_syms.txt/symbol_addrs.txt alias only,cpu_helper_80029454,1025,,naming-analyzer(proposals_resolved),INFERRED,docs/naming/proposals_resolved.csv: confidence=none method=NO-PROPOSAL-NOW-NAMED; ,KEEP,,
0x8002A458,calc_loc_mat_fw_helper,func_8002A458,named_syms.txt/symbol_addrs.txt alias only,calc_loc_mat_fw_helper_8002A458,428,,naming-analyzer(proposals_resolved),INFERRED,docs/naming/proposals_resolved.csv: confidence=medium method=APPLIED-AS-PROPOSED; gte_op=gte_helper_8002A458; sole_caller_path=calc_loc_mat_fw_helper_8002A458,KEEP,,
0x8002AB08,func_8002AB08,func_8002AB08,glabel,,1112,src/main/17AFC.c:1696,splat-auto,AUTO,splat-generated placeholder; makes no semantic claim,KEEP,,
0x8002BC68,calc_fighter_separation_vec,func_8002BC68,named_syms.txt/symbol_addrs.txt alias only,calc_fighter_separation_vec_8002BC68,142,,naming-analyzer(residual_named),INFERRED,docs/naming/residual_named.csv: confidence=medium method=manual_re; inter-fighter distance (sqrt LUT D_8008D118) between pts D_80101FA0/A8 & D_801023EC/F4 (0x44C apart=fighter stride); writes scaled +/- separation vecs to both fighter structs D_80101EC8 & +0x44C at fields 0x134/0x13C; returns distance,KEEP,,
0x8002BEA0,calc_fighter_separation_stored,func_8002BEA0,named_syms.txt/symbol_addrs.txt alias only,calc_fighter_separation_stored_8002BEA0,143,,naming-analyzer(proposals_resolved),INFERRED,docs/naming/proposals_resolved.csv: confidence=none method=NO-PROPOSAL-NOW-NAMED; string_adjacent_info=?,KEEP,,
0x8002C0DC,calc_helper,func_8002C0DC,named_syms.txt/symbol_addrs.txt alias only,calc_helper_8002C0DC,84,,naming-analyzer(proposals_resolved),INFERRED,docs/naming/proposals_resolved.csv: confidence=none method=NO-PROPOSAL-NOW-NAMED; ,KEEP,,
0x8002C22C,func_8002C22C,func_8002C22C,glabel,,252,src/main/17AFC.c:2273,splat-auto,AUTO,splat-generated placeholder; makes no semantic claim,KEEP,,
0x8002C61C,cpu_exec_main_game_loop_frame,func_8002C61C,named_syms.txt/symbol_addrs.txt alias only,cpu_exec_main_game_loop_frame_8002C61C,284,,naming-analyzer(proposals_resolved),INFERRED,docs/naming/proposals_resolved.csv: confidence=none method=NO-PROPOSAL-NOW-NAMED; string_adjacent_info=?,KEEP,,
0x8002CA8C,calc_loc_mat_fw_helper,func_8002CA8C,named_syms.txt/symbol_addrs.txt alias only,calc_loc_mat_fw_helper_8002CA8C,179,,naming-analyzer(proposals_resolved),INFERRED,docs/naming/proposals_resolved.csv: confidence=medium method=APPLIED-AS-PROPOSED; sole_caller_path=calc_loc_mat_fw_helper_8002CA8C,KEEP,,
0x8002CD58,func_8002CD58,func_8002CD58,glabel,,370,src/main/17AFC.c:2558,splat-auto,AUTO,splat-generated placeholder; makes no semantic claim,KEEP,,
0x8002D320,gte_mvmva,func_8002D320,named_syms.txt/symbol_addrs.txt alias only,gte_mvmva_8002D320,126,,naming-analyzer(proposals_resolved),INFERRED,"docs/naming/proposals_resolved.csv: confidence=low method=APPLIED-DIFFERENTLY; gte_op=gte_mvmva_wrapper_8002D320; NOTE: name wears a PsyQ-style family prefix but its recorded origin is the naming analyzer, NOT an SDK signature match — the prefix asserts more than the evidence",KEEP,,
0x8002D518,func_8002D518,func_8002D518,glabel,,154,src/main/17AFC.c:2963,splat-auto,AUTO,splat-generated placeholder; makes no semantic claim,KEEP,,
0x8002D780,func_8002D780,func_8002D780,glabel,,212,src/main/17AFC.c:3081,splat-auto,AUTO,splat-generated placeholder; makes no semantic claim,KEEP,,
0x8002DAD0,func_8002DAD0,func_8002DAD0,glabel,,212,src/main/17AFC.c:3215,splat-auto,AUTO,splat-generated placeholder; makes no semantic claim,KEEP,,
0x8002DE20,gte_mvmva,func_8002DE20,named_syms.txt/symbol_addrs.txt alias only,gte_mvmva_8002DE20,548,,naming-analyzer(proposals_resolved),INFERRED,"docs/naming/proposals_resolved.csv: confidence=low method=APPLIED-DIFFERENTLY; gte_op=gte_mvmva_wrapper_8002DE20; NOTE: name wears a PsyQ-style family prefix but its recorded origin is the naming analyzer, NOT an SDK signature match — the prefix asserts more than the evidence",KEEP,,
0x8002E6B0,func_8002E6B0,func_8002E6B0,glabel,,98,src/main/17AFC.c:3634,splat-auto,AUTO,splat-generated placeholder; makes no semantic claim,KEEP,,
0x8002E838,func_8002E838,func_8002E838,glabel,,123,src/main/17AFC.c:3673,splat-auto,AUTO,splat-generated placeholder; makes no semantic claim,KEEP,,
0x8002EA24,func_8002EA24,func_8002EA24,glabel,,110,src/main/17AFC.c:3774,splat-auto,AUTO,splat-generated placeholder; makes no semantic claim,KEEP,,
0x8002EBDC,func_8002EBDC,func_8002EBDC,glabel,,188,src/main/17AFC.c:3862,splat-auto,AUTO,splat-generated placeholder; makes no semantic claim,KEEP,,
0x8002EECC,calc_helper,func_8002EECC,named_syms.txt/symbol_addrs.txt alias only,calc_helper_8002EECC,257,,naming-analyzer(proposals_resolved),INFERRED,docs/naming/proposals_resolved.csv: confidence=none method=NO-PROPOSAL-NOW-NAMED; ,KEEP,,
0x8002F2D0,gte_mvmva,func_8002F2D0,named_syms.txt/symbol_addrs.txt alias only,gte_mvmva_8002F2D0,296,,naming-analyzer(proposals_resolved),INFERRED,"docs/naming/proposals_resolved.csv: confidence=low method=APPLIED-DIFFERENTLY; gte_op=gte_mvmva_wrapper_8002F2D0; NOTE: name wears a PsyQ-style family prefix but its recorded origin is the naming analyzer, NOT an SDK signature match — the prefix asserts more than the evidence",KEEP,,
0x8002F770,md_game_rob_anim_offset,func_8002F770,named_syms.txt/symbol_addrs.txt alias only,md_game_rob_anim_offset_8002F770,324,,naming-analyzer(proposals_resolved),INFERRED,docs/naming/proposals_resolved.csv: confidence=low method=APPLIED-DIFFERENTLY; gte_op=gte_mvmva_wrapper_8002F770,KEEP,,
0x8002FC80,func_8002FC80,func_8002FC80,glabel,,76,src/main/17AFC.c:4284,splat-auto,AUTO,splat-generated placeholder; makes no semantic claim,KEEP,,
0x8002FDB0,func_8002FDB0,func_8002FDB0,glabel,,92,src/main/17AFC.c:4355,splat-auto,AUTO,splat-generated placeholder; makes no semantic claim,KEEP,,
0x8002FF20,gte_mvmva,func_8002FF20,named_syms.txt/symbol_addrs.txt alias only,gte_mvmva_8002FF20,101,,naming-analyzer(proposals_resolved),INFERRED,"docs/naming/proposals_resolved.csv: confidence=low method=APPLIED-DIFFERENTLY; gte_op=gte_mvmva_wrapper_8002FF20; NOTE: name wears a PsyQ-style family prefix but its recorded origin is the naming analyzer, NOT an SDK signature match — the prefix asserts more than the evidence",KEEP,,
0x800300B4,gte_mvmva,func_800300B4,named_syms.txt/symbol_addrs.txt alias only,gte_mvmva_800300B4,85,,naming-analyzer(proposals_resolved),INFERRED,"docs/naming/proposals_resolved.csv: confidence=low method=APPLIED-DIFFERENTLY; gte_op=gte_mvmva_wrapper_800300B4; NOTE: name wears a PsyQ-style family prefix but its recorded origin is the naming analyzer, NOT an SDK signature match — the prefix asserts more than the evidence",KEEP,,
0x80030208,func_80030208,func_80030208,glabel,,73,src/main/17AFC.c:4574,splat-auto,AUTO,splat-generated placeholder; makes no semantic claim,KEEP,,
0x8003032C,func_8003032C,func_8003032C,glabel,,68,src/main/17AFC.c:4603,splat-auto,AUTO,splat-generated placeholder; makes no semantic claim,KEEP,,
0x8003043C,func_8003043C,func_8003043C,glabel,,16,src/main/17AFC.c:4628,splat-auto,AUTO,splat-generated placeholder; makes no semantic claim,KEEP,,
0x8003047C,mario_helper,func_8003047C,named_syms.txt/symbol_addrs.txt alias only,mario_helper_8003047C,42,,naming-analyzer(proposals_resolved),INFERRED,docs/naming/proposals_resolved.csv: confidence=none method=NO-PROPOSAL-NOW-NAMED; ,KEEP,,
0x80030524,func_80030524,func_80030524,glabel,,23,src/main/17AFC.c:4654,splat-auto,AUTO,splat-generated placeholder; makes no semantic claim,KEEP,,
0x80030580,func_80030580,func_80030580,glabel,,148,src/main/17AFC.c:4665,splat-auto,AUTO,splat-generated placeholder; makes no semantic claim,KEEP,,
0x800307D0,func_800307D0,func_800307D0,glabel,,76,src/main/17AFC.c:4728,splat-auto,AUTO,splat-generated placeholder; makes no semantic claim,KEEP,,
0x80030900,func_80030900,func_80030900,glabel,,75,src/main/17AFC.c:4766,splat-auto,AUTO,splat-generated placeholder; makes no semantic claim,KEEP,,
0x80030A2C,func_80030A2C,func_80030A2C,glabel,,57,src/main/17AFC.c:4792,splat-auto,AUTO,splat-generated placeholder; makes no semantic claim,KEEP,,
0x80030B10,func_80030B10,func_80030B10,glabel,,38,src/main/17AFC.c:4814,splat-auto,AUTO,splat-generated placeholder; makes no semantic claim,KEEP,,
0x80030BA8,func_80030BA8,func_80030BA8,glabel,,87,src/main/17AFC.c:4847,splat-auto,AUTO,splat-generated placeholder; makes no semantic claim,KEEP,,
0x80030D04,func_80030D04,func_80030D04,glabel,,17,src/main/17AFC.c:4895,splat-auto,AUTO,splat-generated placeholder; makes no semantic claim,KEEP,,
0x80030D48,stub,func_80030D48,named_syms.txt/symbol_addrs.txt alias only,stub_80030D48,2,,computation-restatement,CORROBORATED,"computation-restatement: asm/funcs/func_80030D48.s: exactly 2 insns 'jr $ra; nop' - EXE words 03E00008 00000000 at file offset vaddr-0x80010000+0x800 (read from disc/SLUS_006.63). No computation, no side effect for any input.; verifier: [sys_snd_io] EXE words 03E00008 00000000. emu_words.py (independent raw-EXE-word interpreter, delay slots): 2000 random register states -> only the PC return, 0 stores, 0 mismatches. 'stub' claims onl",KEEP,,
0x80030D50,math_LerpAngle,math_LerpAngle,glabel,,11,src/main/17AFC.c:4906,computation-restatement,CORROBORATED,"computation-restatement: asm/funcs/func_80030D50.s (11 insns, leaf, no memory): d = (a0-a1)&0xFFF; if d>=0x800 d -= 0x1000; return a1 + ((s32)(d*a2) >> 12) - interpolate from angle a1 toward angle a0 along the shorter way round a 4096-unit circle, t=a2 in 4.12 fixed point (result not re-wrapped). Emulated from EXE words (t_compute.py; the mult issued in the branch delay slot and re-issued on the d>=0x800 path is modelled): 30000 cases (random s16, full s32, edge angles 0/0x7FF/0x800/0x801/0xFFF/0x1000/negatives; t in [0,0x1000], +-0x10000, full s32), 0 mismatches vs a1 + ((wrap(a0-a1)*a2 mod 2^32 as s32) >> 12).; verifier: [motion_ai] Independent harness emu_v.py (both mult paths: delay-slot mult + re-issued mult after d-=0x1000). 43328 cases (16 edge angles x 16 x 13 edge t incl. +-2^31, 20000 random s16 with t in [0,4",KEEP,,
0x80030D7C,func_80030D7C,func_80030D7C,glabel,,709,src/main/17AFC.c:4919,splat-auto,AUTO,splat-generated placeholder; makes no semantic claim,KEEP,,
0x80031890,gte_mvmva,func_80031890,named_syms.txt/symbol_addrs.txt alias only,gte_mvmva_80031890,165,,naming-analyzer(proposals_resolved),INFERRED,"docs/naming/proposals_resolved.csv: confidence=low method=APPLIED-DIFFERENTLY; gte_op=gte_mvmva_wrapper_80031890; NOTE: name wears a PsyQ-style family prefix but its recorded origin is the naming analyzer, NOT an SDK signature match — the prefix asserts more than the evidence",KEEP,,
0x80031B24,func_80031B24,func_80031B24,glabel,,327,src/main/17AFC.c:5210,splat-auto,AUTO,splat-generated placeholder; makes no semantic claim,KEEP,,
0x80032040,mario_test_clear_movement_buffer,func_80032040,named_syms.txt/symbol_addrs.txt alias only,mario_test_clear_movement_buffer_80032040,9,,naming-analyzer(proposals_resolved),INFERRED,docs/naming/proposals_resolved.csv: confidence=medium method=APPLIED-DIFFERENTLY; sole_caller_path=mario_test_Exec_helper_80032040,KEEP,,
0x80032064,func_80032064,func_80032064,glabel,,97,src/main/17AFC.c:5326,splat-auto,AUTO,splat-generated placeholder; makes no semantic claim,KEEP,,
0x800321E8,func_800321E8,func_800321E8,glabel,,75,src/main/17AFC.c:5377,splat-auto,AUTO,splat-generated placeholder; makes no semantic claim,KEEP,,
0x80032314,func_80032314,func_80032314,glabel,,111,src/main/17AFC.c:5404,splat-auto,AUTO,splat-generated placeholder; makes no semantic claim,KEEP,,
0x800324D0,func_800324D0,func_800324D0,glabel,,68,src/main/17AFC.c:5498,splat-auto,AUTO,splat-generated placeholder; makes no semantic claim,KEEP,,
0x800325E0,mk_helper,func_800325E0,named_syms.txt/symbol_addrs.txt alias only,mk_helper_800325E0,157,,naming-analyzer(proposals_resolved),INFERRED,docs/naming/proposals_resolved.csv: confidence=none method=NO-PROPOSAL-NOW-NAMED; ,KEEP,,
0x80032854,motion_dispatch_event_handler,func_80032854,named_syms.txt/symbol_addrs.txt alias only,motion_dispatch_event_handler_80032854,255,,naming-analyzer(proposals_resolved),INFERRED,docs/naming/proposals_resolved.csv: confidence=none method=NO-PROPOSAL-NOW-NAMED; ,KEEP,,
0x80032C50,func_80032C50,func_80032C50,glabel,,467,src/main/17AFC.c:5848,splat-auto,AUTO,splat-generated placeholder; makes no semantic claim,KEEP,,
0x8003339C,func_8003339C,func_8003339C,glabel,,63,src/main/17AFC.c:6141,splat-auto,AUTO,splat-generated placeholder; makes no semantic claim,KEEP,,
0x80033498,func_80033498,func_80033498,glabel,,30,src/main/17AFC.c:6206,splat-auto,AUTO,splat-generated placeholder; makes no semantic claim,KEEP,,
0x80033510,mario_test_clear_state_flags,func_80033510,named_syms.txt/symbol_addrs.txt alias only,mario_test_clear_state_flags_80033510,16,,naming-analyzer(proposals_resolved),INFERRED,docs/naming/proposals_resolved.csv: confidence=medium method=APPLIED-DIFFERENTLY; sole_caller_path=mario_test_Exec_helper_80033510,KEEP,,
0x80033550,disppracticemenutex_StoreCoords,func_80033550,named_syms.txt/symbol_addrs.txt alias only,disppracticemenutex_StoreCoords_80033550,34,,naming-analyzer(proposals_resolved),INFERRED,docs/naming/proposals_resolved.csv: confidence=medium method=APPLIED-DIFFERENTLY; sole_caller_path=DispPracticeMenuTex_C_helper_80033550,KEEP,,
0x800335D8,func_800335D8,func_800335D8,glabel,,176,src/main/17AFC.c:6262,splat-auto,AUTO,splat-generated placeholder; makes no semantic claim,KEEP,,
0x80033898,gpu_enable_and_state_reset,func_80033898,named_syms.txt/symbol_addrs.txt alias only,gpu_enable_and_state_reset_80033898,13,,naming-analyzer(proposals_resolved),INFERRED,"docs/naming/proposals_resolved.csv: confidence=none method=NO-PROPOSAL-NOW-NAMED; ; NOTE: name wears a PsyQ-style family prefix but its recorded origin is the naming analyzer, NOT an SDK signature match — the prefix asserts more than the evidence",KEEP,,
0x800338CC,func_800338CC,func_800338CC,glabel,,189,src/main/17AFC.c:6360,splat-auto,AUTO,splat-generated placeholder; makes no semantic claim,KEEP,,
0x80033BC0,func_80033BC0,func_80033BC0,glabel,,94,src/main/17AFC.c:6478,splat-auto,AUTO,splat-generated placeholder; makes no semantic claim,KEEP,,
0x80033D38,func_80033D38,func_80033D38,glabel,,47,src/main/17AFC.c:6527,splat-auto,AUTO,splat-generated placeholder; makes no semantic claim,KEEP,,
0x80033DF4,dispsamnailwindow_helper,func_80033DF4,named_syms.txt/symbol_addrs.txt alias only,dispsamnailwindow_helper_80033DF4,124,,naming-analyzer(proposals_resolved),INFERRED,docs/naming/proposals_resolved.csv: confidence=none method=NO-PROPOSAL-NOW-NAMED; ,KEEP,,
0x80033FE4,mode_helper,func_80033FE4,named_syms.txt/symbol_addrs.txt alias only,mode_helper_80033FE4,47,,naming-analyzer(proposals_resolved),INFERRED,docs/naming/proposals_resolved.csv: confidence=none method=NO-PROPOSAL-NOW-NAMED; ,KEEP,,
0x800340A0,func_800340A0,func_800340A0,glabel,,88,src/main/17AFC.c:6650,splat-auto,AUTO,splat-generated placeholder; makes no semantic claim,KEEP,,
0x80034200,func_80034200,func_80034200,glabel,,40,src/main/17AFC.c:6688,splat-auto,AUTO,splat-generated placeholder; makes no semantic claim,KEEP,,
0x800342A0,battle_switch_reinit,func_800342A0,named_syms.txt/symbol_addrs.txt alias only,battle_switch_reinit_800342A0,84,,naming-analyzer(proposals_resolved),INFERRED,docs/naming/proposals_resolved.csv: confidence=none method=NO-PROPOSAL-NOW-NAMED; ,KEEP,,
0x800343F0,DispSamnailWindow_helper,func_800343F0,named_syms.txt/symbol_addrs.txt alias only,DispSamnailWindow_helper_800343F0,49,,naming-analyzer(proposals_resolved),INFERRED,docs/naming/proposals_resolved.csv: confidence=medium method=APPLIED-AS-PROPOSED; sole_caller_path=DispSamnailWindow_helper_800343F0,KEEP,,
0x800344B4,func_800344B4,func_800344B4,glabel,,149,src/main/24BF0.c:38,splat-auto,AUTO,splat-generated placeholder; makes no semantic claim,KEEP,,
0x80034708,func_80034708,func_80034708,glabel,,544,src/main/24F08.c:28,splat-auto,AUTO,splat-generated placeholder; makes no semantic claim,KEEP,,
0x80034F88,mode_helper,func_80034F88,named_syms.txt/symbol_addrs.txt alias only,mode_helper_80034F88,49,,naming-analyzer(proposals_resolved),INFERRED,docs/naming/proposals_resolved.csv: confidence=none method=NO-PROPOSAL-NOW-NAMED; ,KEEP,,
0x8003504C,mode_helper,func_8003504C,named_syms.txt/symbol_addrs.txt alias only,mode_helper_8003504C,141,,naming-analyzer(proposals_resolved),INFERRED,docs/naming/proposals_resolved.csv: confidence=none method=NO-PROPOSAL-NOW-NAMED; ,KEEP,,
0x80035280,func_80035280,func_80035280,glabel,,108,src/main/25788.c:163,splat-auto,AUTO,splat-generated placeholder; makes no semantic claim,KEEP,,
0x80035430,mode_handler_14_NoOp,func_80035430,named_syms.txt/symbol_addrs.txt alias only,mode_handler_14_NoOp,2,,naming-analyzer(proposals_resolved),INFERRED,docs/naming/proposals_resolved.csv: confidence=none method=NO-PROPOSAL-NOW-NAMED; ,KEEP,,
0x80035438,mode_helper,func_80035438,named_syms.txt/symbol_addrs.txt alias only,mode_helper_80035438,18,,naming-analyzer(proposals_resolved),INFERRED,docs/naming/proposals_resolved.csv: confidence=none method=NO-PROPOSAL-NOW-NAMED; ,KEEP,,
0x80035480,scene_teardown_variant,func_80035480,named_syms.txt/symbol_addrs.txt alias only,scene_teardown_variant_80035480,47,,naming-analyzer(proposals_resolved),INFERRED,docs/naming/proposals_resolved.csv: confidence=none method=NO-PROPOSAL-NOW-NAMED; ,KEEP,,
0x8003553C,func_8003553C,func_8003553C,glabel,,43,src/main/25C38.c:56,splat-auto,AUTO,splat-generated placeholder; makes no semantic claim,KEEP,,
0x800355E8,func_800355E8,func_800355E8,glabel,,12,src/main/25C38.c:86,splat-auto,AUTO,splat-generated placeholder; makes no semantic claim,KEEP,,
0x80035618,func_80035618,func_80035618,glabel,,132,src/main/25C38.c:96,splat-auto,AUTO,splat-generated placeholder; makes no semantic claim,KEEP,,
0x80035828,func_80035828,func_80035828,glabel,,360,src/main/25C38.c:195,splat-auto,AUTO,splat-generated placeholder; makes no semantic claim,KEEP,,
0x80035DC8,func_80035DC8,func_80035DC8,glabel,,28,src/main/25C38.c:394,splat-auto,AUTO,splat-generated placeholder; makes no semantic claim,KEEP,,
0x80035E38,func_80035E38,func_80035E38,glabel,,20,src/main/25C38.c:407,splat-auto,AUTO,splat-generated placeholder; makes no semantic claim,KEEP,,
0x80035E88,bits_ExtractMask3F83F8,bits_ExtractMask3F83F8,glabel,,21,src/main/25C38.c:416,computation-restatement,CORROBORATED,"computation-restatement: asm/funcs/func_80035E88.s (21 insns, leaf, no memory access, only a0): for i=0..26: if (0x3F83F8>>i)&1 { if a0&(1<<i) r |= 1<<k; k++ } return r - i.e. PEXT(a0, 0x3F83F8): gathers bits 3-9 and 15-21 of a0 into bits 0-13. Emulated from the EXE instruction words (tmp/naming_sweep2/motion_ai/emu.py = copy of the 2026-09-24 verifier's R3000A interpreter, branch+load delay slots) via tmp/naming_sweep2/motion_ai/t_compute.py: 20000 random/edge 32-bit inputs + all 2^14 mask patterns with random non-mask bits = 36384 cases, 0 mismatches vs a reference PEXT.; verifier: [motion_ai] Independent harness tmp/naming_sweep2/motion_ai/verify/emu_v.py (own decoder of the EXE words, branch-delay slots modelled; function has no loads/stores - decoder rejects any unsupported o",KEEP,,
0x80035EDC,bits_DepositMask3F83F8,bits_DepositMask3F83F8,glabel,,21,src/main/25C38.c:434,computation-restatement,CORROBORATED,"computation-restatement: asm/funcs/func_80035EDC.s (21 insns, leaf, no memory access, only a0): for i=0..26: if (0x3F83F8>>i)&1 { if a0&(1<<k) r |= 1<<i; k++ } return r - i.e. PDEP(a0, 0x3F83F8): scatters bits 0-13 of a0 to bits 3-9 and 15-21 (exact inverse of 0x80035E88 on the mask). Emulated from EXE words (t_compute.py): 20000 random/edge 32-bit inputs + all 2^14 low patterns = 36384 cases, 0 mismatches vs a reference PDEP.; verifier: [motion_ai] Same independent harness: 72851 inputs, 0 mismatches vs PDEP(x,0x3F83F8) and vs closed form ((x&0x7F)<<3)|(((x>>7)&0x7F)<<15); bits >=14 of the input are ignored (verified with junk above ",KEEP,,
0x80035F30,cdrom_SetMix,cdrom_SetMix,glabel,,18,src/main/26730.c:13,apiscan-restatement,CORROBORATED,"apiscan-restatement: stores a0..a3 into the 4-byte CdlATV block D_800A3718..D_800A371B; CdMix(&D_800A3718); clears D_800A3854.; verifier: verifier: 4 bytes -> CdlATV, CdMix",KEEP,,
0x80035F78,mode_helper,func_80035F78,named_syms.txt/symbol_addrs.txt alias only,mode_helper_80035F78,12,,naming-analyzer(proposals_resolved),INFERRED,docs/naming/proposals_resolved.csv: confidence=none method=NO-PROPOSAL-NOW-NAMED; ,KEEP,,
0x80035FA8,snd_SerialMixOn,snd_SerialMixOn,glabel,,14,src/main/267A8.c:9,apiscan-restatement,CORROBORATED,"apiscan-restatement: SsSetSerialAttr(0 [SS_SERIAL_A], 0 [SS_MIX], 1 [SS_SON]); SsSetSerialVol(0, 0x7F, 0x7F). Enables CD serial-audio mixing at full volume. Alias mode_helper is meaningless.; verifier: verifier: (SS_SERIAL_A, SS_MIX, SS_SON) per PsyQ 4.2 LIBSND.H lines 34-39",KEEP,,
0x80035FE0,cdrom_Init,cdrom_Init,glabel,,21,src/main/267A8.c:16,apiscan-restatement,CORROBORATED,"apiscan-restatement: CdInit(); CdSetDebug(0); func_80035F30(0,0,0,0) [cdrom_SetMix]; clears D_80101E62; first-call latch D_800A31E4. The old cdrom_Initialize name was retired to CD_init (named_syms.txt:3720), so no competing claim exists.; verifier: verifier: CdInit, CdSetDebug(0), cdrom_SetMix(0,0,0,0); no live cdrom_Init* claim elsewhere (CD_init @0x800819C4 is a different Sony static)",KEEP,,
0x80036034,cdrom_FlushInit,cdrom_FlushInit,glabel,,12,src/main/267A8.c:26,apiscan-restatement,CORROBORATED,apiscan-restatement: asm/funcs/func_80036034.s:4-9 (src/code6cac_b2_post.c:196): CdFlush(); CdInit(); VSync(4) [all VERIFIED libscan-verbatim].; verifier: Body = CdFlush(); CdInit(); VSync(4) [all VERIFIED]; nothing else. Distinct from cdrom_Init (0x80035FE0). No collision.,KEEP,,
0x80036064,cdrom_ReadyCallback,cdrom_ReadyCallback,glabel,,55,src/main/267A8.c:32,apiscan-restatement,CORROBORATED,"apiscan-restatement: Installed via CdReadyCallback(func_80036064) at asm/funcs/func_80036940.s:116-123 (followed by CdControlF(6 = CdlReadN)); removed with CdReadyCallback(0). Body asm/funcs/func_80036064.s (src/code6cac_b2_post.c:203): if (intr != 1 [CdlDataReady, tmp/naming_sweep/func_api/libcd_psyq.h (PsyQ 4.6 libcd.h, same source):126]) stop; CdGetSector(hdr, 3) + CdPosToInt(hdr) compared with the expected sector D_80101EA0 (mismatch -> -2, stop); CdGetSector(D_80101E84, 0x200 words = 2048 B); dst += 0x800; remaining--; at 0: CdReadyCallback(0); CdControlF(9 = CdlPause tmp/naming_sweep/func_api/libcd_psyq.h (P; verifier: Sole reference is state 5 of func_80036940 (0x80036AC8): CdReadyCallback(func_80036064) then CdControlF(6=CdlReadN,&loc); removed by CdReadyCallback(0) in state 6 and in its own stop path. Body (C byt",KEEP,,
0x80036140,func_80036140,func_80036140,glabel,,512,src/main/26940.c:14,splat-auto,AUTO,splat-generated placeholder; makes no semantic claim,KEEP,,
0x80036940,func_80036940,func_80036940,glabel,,274,src/main/26940.c:222,splat-auto,AUTO,splat-generated placeholder; makes no semantic claim,KEEP,,
0x80036D88,cdrom_IsIdle,cdrom_IsIdle,glabel,,4,src/main/cdrom.c:11,apiscan-restatement,CORROBORATED,apiscan-restatement: asm/funcs/func_80036D88.s:2-5: return D_80101E62 == 0. D_80101E62 is the state variable func_80036940 dispatches on (every state issues Cd* calls; see cdrom_StartRead row); cdrom_StartRead / cdrom_StartAudio set it nonzero and refuse while it is nonzero; completion returns it to 0.; verifier: return D_80101E62 == 0. Chain verified once (see report): jtbl_80010978[0] is the no-op case; cdrom_StartRead/cdrom_StartAudio return 0 unless it is 0 and set it to 2/0x10; read path ends 6->8->0; aud,KEEP,,
0x80036D98,cdrom_StartRead,cdrom_StartRead,glabel,,39,src/main/cdrom.c:13,apiscan-restatement,CORROBORATED,"apiscan-restatement: src/code6cac_b2_post.c:241-259 (decompiled, no .s): return 0 if state D_80101E62 != 0; D_80101E6C/70 = SpecialCam[a0] (8-byte CdlLOC + byte-length record); dest D_80101E7C = a1; sector count D_80101E78 = (len + 0x7FF) >> 11; state = 2; return 1. States 2..6 in asm/funcs/func_80036940.s (jtbl_80010978 read from EXE: [2]=0x80036990 [3]=0x800369DC [4]=0x80036A54 [5]=0x80036AC8 [6]=0x80036B50): CdControlF(CdlSetmode, {0xA0}); CdSync; D_80101E84 = D_80101E7C, D_80101E80 = D_80101E78, CdControl(2 = CdlSetloc, &D_80101E6C) (:97-101); CdSync; CdReadyCallback(func_80036064 = cdrom_ReadyCallback row) + ; verifier: Re-derived from C (byte-matched) + func_80036940 asm + jtbl_80010978 read from EXE ([2]=0x80036990 [3]=0x800369DC [4]=0x80036A54 [5]=0x80036AC8 [6]=0x80036B50 [8]=0x800369A4). Body: return 0 if state!",KEEP,,
0x80036E34,cdrom_StartReadAt,cdrom_StartReadAt,glabel,,29,src/main/cdrom.c:31,apiscan-restatement,CORROBORATED,"apiscan-restatement: asm/funcs/func_80036E34.s (src/code6cac_b2_post.c:262): if replay_camera_Init(a0, a1) [= cdrom_StartRead row] == 0 return 0; CdIntToPos(CdPosToInt(&D_80101E6C) + a2, &D_80101E6C) [VERIFIED]; D_80101E78 (sector count) = a3; return 1.; verifier: Dependent on cdrom_StartRead (CONFIRMed). Body (C byte-matched): if StartRead(a0,a1)==0 return 0; CdIntToPos(CdPosToInt(&loc)+a2,&loc) [VERIFIED]; sector count=a3; return 1. Same armed read with the S",KEEP,,
0x80036EA8,mode_helper,func_80036EA8,named_syms.txt/symbol_addrs.txt alias only,mode_helper_80036EA8,6,,naming-analyzer(proposals_resolved),INFERRED,docs/naming/proposals_resolved.csv: confidence=low method=APPLIED-DIFFERENTLY; address_neighborhood=game_local_80036EA8,KEEP,,
0x80036EC0,cdrom_Pause,cdrom_Pause,glabel,,26,src/main/cdrom.c:43,apiscan-restatement,CORROBORATED,"apiscan-restatement: src/code6cac_b2_post.c:273-281 (decompiled): CdReadyCallback(0); cdrom_SetMix(0,0,0,0) [CORROBORATED]; CdFlush(); CdControlF(9 = CdlPause tmp/naming_sweep/func_api/libcd_psyq.h (PsyQ 4.6 libcd.h, same source):108, 0) [all Cd* VERIFIED]; D_80101E68 = 1; state D_80101E62 = 0xB; D_80101E5C = 0.; verifier: Body (C byte-matched): CdReadyCallback(0); cdrom_SetMix(0,0,0,0); CdFlush(); CdControlF(9=CdlPause,0); abort flag D_80101E68=1; state=0xB; D_80101E5C=0. 'Pause' restates the one drive command (CdlPaus",KEEP,,
0x80036F28,cdrom_GetFileSize,cdrom_GetFileSize,glabel,,6,src/main/cdrom.c:53,typed-restatement,CORROBORATED,"typed-restatement: T1 matched C src/code6cac_b5_post.c:70-72 `return g_cd_file_table[arg0].b` (6-insn leaf, no call). T2 1 statement. T3 g_cd_file_table CONFIRM (sweep-2026-09-24 data_manifest.csv:18-19: {CdlLOC; u32 size}, 159/159 sizes = ISO9660 data length). T4 Get: one load returned, no store. T6 'cdrom'/'File'/'Size' are the admitted table's nouns.; verifier: Q103 re-verification (default refute, T1-T6) 2026-10-03",KEEP,,
0x80036F40,game_FrameLoop,game_FrameLoop,glabel,,37,src/main/cdrom.c:55,unattributed,INFERRED,"named outside every recorded evidence path (Kengo / PsyQ / renamer map / naming-analyzer CSVs); provenance UNKNOWN — cannot be defended, treat as review-required; introduced by commit 4c7390cc3 readability: rename 29 func_ functions to semantic names; body at src/main/cdrom.c:55",KEEP,,
0x80036FD4,cdrom_StartAudio,cdrom_StartAudio,glabel,,79,src/main/cdrom.c:75,apiscan-restatement,CORROBORATED,"apiscan-restatement: asm/funcs/func_80036FD4.s (src/code6cac_b2_post.c:305): return 0 if state D_80101E62 != 0; copy SpecialCam[a0] (CdlLOC + byte length) to D_80101E6C; end = CdPosToInt(loc) + len/2048 - 150; if a1 < 0: D_80101E94 = 0, mode byte D_80101E90 = 5 (CdlModeRept|CdlModeDA, tmp/naming_sweep/func_api/libcd_psyq.h (PsyQ 4.6 libcd.h, same source):75,77); else D_80101E94 = 1, CdControlB(0xD = CdlSetfilter tmp/naming_sweep/func_api/libcd_psyq.h (PsyQ 4.6 libcd.h, same source):111, {file=1, chan=a1}, 0) [VERIFIED], mode byte = 0xC8 (CdlModeSpeed|CdlModeRT|CdlModeSF, tmp/naming_sweep/func_api/libcd_psyq.h (Psy; verifier: Re-derived. Return 0 if state!=0; loc=SpecialCam[a0]; end=CdPosToInt(loc)+len/2048-150; a1<0: mode=5 (CdlModeDA|CdlModeRept), D_80101E94=0; else CdControlB(CdlSetfilter,{file 1, chan a1}), mode=0xC8 (",KEEP,,
0x80037110,func_80037110,func_80037110,glabel,,39,src/main/cdrom.c:105,splat-auto,AUTO,splat-generated placeholder; makes no semantic claim,KEEP,,
0x800371AC,set_D_80101E64_if_valid,func_800371AC,named_syms.txt/symbol_addrs.txt alias only,set_D_80101E64_if_valid_800371AC,15,,naming-analyzer(proposals_resolved),INFERRED,docs/naming/proposals_resolved.csv: confidence=low method=APPLIED-DIFFERENTLY; address_neighborhood=mottest_local_800371AC,KEEP,,
0x800371E8,mode_helper,func_800371E8,named_syms.txt/symbol_addrs.txt alias only,mode_helper_800371E8,4,,naming-analyzer(proposals_resolved),INFERRED,docs/naming/proposals_resolved.csv: confidence=none method=NO-PROPOSAL-NOW-NAMED; ,KEEP,,
0x800371F8,func_800371F8,func_800371F8,glabel,,15,src/main/cdrom.c:129,splat-auto,AUTO,splat-generated placeholder; makes no semantic claim,KEEP,,
0x80037234,set_global,func_80037234,named_syms.txt/symbol_addrs.txt alias only,set_global_80037234,7,,naming-analyzer(proposals_resolved),INFERRED,docs/naming/proposals_resolved.csv: confidence=none method=NO-PROPOSAL-NOW-NAMED; ,KEEP,,
0x80037250,write_zero_to_D_80101E64,func_80037250,named_syms.txt/symbol_addrs.txt alias only,write_zero_to_D_80101E64_80037250,4,,naming-analyzer(proposals_resolved),INFERRED,docs/naming/proposals_resolved.csv: confidence=medium method=APPLIED-DIFFERENTLY; kengo_pattern=replay_camera_check_stage_80037250,KEEP,,
0x80037260,func_80037260,func_80037260,glabel,,24,src/main/cdrom.c:144,splat-auto,AUTO,splat-generated placeholder; makes no semantic claim,KEEP,,
0x800372C0,func_800372C0,func_800372C0,glabel,,13,src/main/cdrom.c:152,splat-auto,AUTO,splat-generated placeholder; makes no semantic claim,KEEP,,
0x800372F4,cdrom_ReadWait,cdrom_ReadWait,glabel,,21,src/main/cdrom.c:159,apiscan-restatement,CORROBORATED,"apiscan-restatement: asm/funcs/func_800372F4.s:2-22: CdRead((a0+0x7FF)>>11 sectors, a1, a2) [VERIFIED]; loop while CdReadSync(1,0) > 0: VSync(0) [VERIFIED]. Byte count -> sector count, then a blocking read.; verifier: Body: CdRead((a0+0x7FF)>>11 (signed-rounded), a1, a2); while CdReadSync(1,0)>0 VSync(0) [all VERIFIED]. Blocking read -> 'ReadWait' earned. 'special_camera' unsupported (same misnomer retired from its",KEEP,,
0x80037348,cdrom_LoadExec,cdrom_LoadExec,glabel,,72,src/main/cdrom.c:179,apiscan-restatement,CORROBORATED,"apiscan-restatement: CdControl(CdlSetloc, &SpecialCam[idx*8]) with idx=D_8008F12C[6]=156; CdRead one 0x800 sector + CdReadSync (func_800372F4); copies the 0x3C-byte struct EXEC at sector+0x10 into dest; setloc loc+1; CdRead(t_size -> t_addr); restart on failure. Table entry 156 = MSF 61:56:00 length 0x1E800 = disc/STR/MOVOVL.EXE (t_addr 0x801D8800). Sole caller sys_Exec, which Exec()s the header. Nothing camera-related; the src doc comment (camera rotation record) was a narrative built on the wrong name.; verifier: verifier round 2: re-derived index, table, sizes; sole caller sys_Exec; caveat only that it is hard-wired to entry 156",KEEP,,
0x80037468,sys_Exec,sys_Exec,glabel,,54,src/main/cdrom.c:207,apiscan-restatement,CORROBORATED,"apiscan-restatement: VSync(0); SetDispMask(0); gpu_EnableDisplay; snd_Quit [func_8005B50C]; memcard_event_pool_close [func_80037774]; ResetCallback; CdInit; special_camera_get_rot_dir(&hdr); DrawSync(0); ResetGraph(0); StopPAD; StopCallback; EnterCriticalSection; Exec(&hdr, a0, a1); then sys_Init; file_LoadSoundData; VSync(0); SetDispMask(1). BIOS Exec() of a loaded PS-EXE header with full shutdown before and re-init after.; verifier: verifier: full shutdown, struct EXEC fill, Exec(&hdr,a0,a1), sys_Init + reload; under-claims, nothing false",KEEP,,
0x80037540,mode_helper,func_80037540,named_syms.txt/symbol_addrs.txt alias only,mode_helper_80037540,43,,naming-analyzer(proposals_resolved),INFERRED,docs/naming/proposals_resolved.csv: confidence=none method=NO-PROPOSAL-NOW-NAMED; ,KEEP,,
0x800375EC,memcard_Init,memcard_Init,glabel,,98,src/main/memcard.c:28,apiscan-restatement,CORROBORATED,apiscan-restatement: InitCARD(1); StartCARD(); _bu_init(); ChangeClearPAD(0); EnterCriticalSection; OpenEvent x8 (class 0xF4000001 specs 4/0x8000/0x100/0x2000 -> D_800A37DC/37F0/37FC/3800; class 0xF0000011 same specs -> D_800A3838/383C/3848/3850); ExitCriticalSection; EnableEvent x8. Exactly the body MISNOMERS.md attributes to the retired pad_press_control name (src/code6cac_c.c:175).; verifier: verifier: matches MISNOMERS.md pad_press_control body verbatim,KEEP,,
0x80037774,memcard_Quit,memcard_Quit,glabel,,36,src/main/memcard.c:53,apiscan-restatement,CORROBORATED,apiscan-restatement: asm/funcs/func_80037774.s:4-32: EnterCriticalSection; CloseEvent x8 on D_800A37DC/37F0/37FC/3800 (SwCARD) and D_800A3838/383C/3848/3850 (HwCARD); ExitCriticalSection; StopCARD [all VERIFIED]. These are exactly the 8 handles memcard_Init opens (manifest memcard_Init row).; verifier: Body: EnterCriticalSection; CloseEvent on D_800A37DC/37F0/37FC/3800/3838/383C/3848/3850; ExitCriticalSection; StopCARD [all VERIFIED]. Checked memcard_Init asm: those 8 handles are exactly its OpenEve,KEEP,,
0x80037804,memcard_PollSwEventsTimeout,memcard_PollSwEventsTimeout,glabel,,41,src/main/memcard.c:67,apiscan-restatement,CORROBORATED,"apiscan-restatement: asm/funcs/func_80037804.s:2-40: r = (TestEvent(SwCARD IOE) == 1); if TestEvent(ERROR)==1 r = 2; if TestEvent(TIMOUT)==1 r = 3; if TestEvent(NEW)==1 r = 4 (all four always tested, last hit wins); then D_800A3924++ and if the pre-increment value >= 0x78 return 2 (the EvSpERROR code), else r.; verifier: C (code6cac_c.c:212, byte-matched) = asm: r=(TestEvent(SwIOE)==1); ERROR->2; TIMOUT->3; NEW->4 (all tested, last wins); old=D_800A3924++; old>=0x78 -> return 2. No loop -> old 'wait' contradicted. 'Ti",KEEP,,
0x800378A8,memcard_PollSwEvents,memcard_PollSwEvents,glabel,,29,src/main/memcard.c:91,apiscan-restatement,CORROBORATED,"apiscan-restatement: asm/funcs/func_800378A8.s:2-28: TestEvent(D_800A37DC)->1, (D_800A37F0)->2, (D_800A37FC)->3, (D_800A3800)->4; the first that returns 1 wins, else 0 [TestEvent VERIFIED]. Handles = the SwCARD (0xF4000001) events memcard_Init opens with specs EvSpIOE/EvSpERROR/EvSpTIMOUT/EvSpNEW (tmp/psy-q-decomp-reference/include/KERNEL.H:39,56,69,62,67).; verifier: TestEvent on SwCARD IOE/ERROR/TIMOUT/NEW handles; first ==1 returns 1/2/3/4, else 0 (last: (v==1)<<2). Non-blocking. Consistency respelling (Sw/Hw pair as in memcard_AckSwEvents/AckHwEvents); the new ",KEEP,,
0x8003791C,memcard_AckSwEvents,memcard_AckSwEvents,glabel,,18,src/main/memcard.c:104,apiscan-restatement,CORROBORATED,apiscan-restatement: TestEvent x4 on D_800A37DC/37F0/37FC/3800 = the four SwCARD (0xF4000001) events memcard_Init opened. Respelled so the Sw/Hw pair is consistent.; verifier: verifier round 2: CONFIRM,KEEP,,
0x80037964,memcard_WaitHwEvent,memcard_WaitHwEvent,glabel,,29,src/main/memcard.c:111,apiscan-restatement,CORROBORATED,"apiscan-restatement: asm/funcs/func_80037964.s:5-24: loop { TestEvent(D_800A3838)->1; (D_800A383C)->2; (D_800A3848)->3; (D_800A3850)->4 } until one returns 1 [TestEvent VERIFIED]. Handles = the HwCARD (0xF0000011, tmp/psy-q-decomp-reference/include/KERNEL.H:36) events memcard_Init opens.; verifier: Loops TestEvent over the 4 HwCARD handles (D_800A3838/383C/3848/3850 = memcard_Init's HwCARD IOE/ERROR/TIMOUT/NEW) until one returns 1; returns 1..4. Blocking -> 'Wait' earned. No collision.",KEEP,,
0x800379D8,memcard_AckHwEvents,memcard_AckHwEvents,glabel,,18,src/main/memcard.c:129,apiscan-restatement,CORROBORATED,"apiscan-restatement: TestEvent x4 (results discarded) on D_800A3838/383C/3848/3850 = the four HwCARD (0xF0000011) events memcard_Init opened. Not root-counter (RCnt classes are 0xF2000000+).; verifier: verifier round 2: TestEvent tests-and-clears, so Ack is fair",KEEP,,
0x80037A20,memcard_CountFiles,memcard_CountFiles,glabel,,33,src/main/memcard.c:136,apiscan-restatement,CORROBORATED,"apiscan-restatement: sprintf(buf, ""bu%1d%1d:*"" @0x800109B0 [alias g_str_memcard_fmt], port, slot); firstfile(buf, &D_80102810) then nextfile loop stepping 0x28-byte DIRENTRYs; count stored to D_800A38C8 and returned.; verifier: verifier: also fills the DIRENTRY list at D_80102810; memcard_ListFiles equally faithful",KEEP,,
0x80037AA4,func_80037AA4,func_80037AA4,glabel,,23,src/main/memcard.c:154,splat-auto,AUTO,splat-generated placeholder; makes no semantic claim,KEEP,,
0x80037B00,func_80037B00,func_80037B00,glabel,,36,src/main/memcard.c:190,splat-auto,AUTO,splat-generated placeholder; makes no semantic claim,KEEP,,
0x80037B90,memcard_ReadFile,memcard_ReadFile,glabel,,41,src/main/memcard.c:245,apiscan-restatement,CORROBORATED,"apiscan-restatement: sprintf(buf, ""bu%1d%1d:%s"" @0x800109BC, port, slot, name); fd=open(buf,0x8001); on success stores fd to D_800A3794, memcard_AckEvents, rcnt0_AckEvents, read(fd, dst, len), waits memcard_event_wait_class0xF0000011, returns -1/0. The alias's pad_ prefix is wrong: nothing pad-related, the device is bu (memory card).; verifier: verifier: open 0x8001=O_RDONLY|O_NOWAIT, read, waits the 4 HwCARD events; pad_ alias wrong",KEEP,,
0x80037C34,memcard_WriteFile,memcard_WriteFile,glabel,,56,src/main/memcard.c:263,apiscan-restatement,CORROBORATED,"apiscan-restatement: sprintf(buf, ""bu%1d%1d:%s"" @0x800109BC, port, slot, name); if create-flag: open(buf, (blocks<<16)|0x200) + close (BIOS create-with-size); fd=open(buf,0x8002); write(fd, src, len); wait memcard_event_wait_class0xF0000011. The alias's pad_ prefix is wrong.; verifier: verifier: create path open((blocks<<16)|0x200)=O_CREAT+block count, write path open 0x8002=O_WRONLY|O_NOWAIT",KEEP,,
0x80037F08,memcard_Format,memcard_Format,glabel,memcard_Format,14,src/main/28708.c:43,apiscan-restatement,CORROBORATED,"apiscan-restatement: sprintf(buf, ""bu%1d%1d:"" @0x800109C8, a0, a1); return format(buf). BIOS format() on the bu<port><slot>: memory-card device. src/code6cac_c_mid.c:183; verifier: verifier 2026-09-07: exactly sprintf+format",KEEP,,
0x80037F40,func_80037F40,func_80037F40,glabel,,51,src/main/28708.c:49,splat-auto,AUTO,splat-generated placeholder; makes no semantic claim,KEEP,,
0x8003800C,func_8003800C,func_8003800C,glabel,,79,src/main/28708.c:84,splat-auto,AUTO,splat-generated placeholder; makes no semantic claim,KEEP,,
0x80038148,func_80038148,func_80038148,glabel,,10,src/main/28708.c:137,splat-auto,AUTO,splat-generated placeholder; makes no semantic claim,KEEP,,
0x80038170,func_80038170,func_80038170,glabel,,141,src/main/28708.c:168,splat-auto,AUTO,splat-generated placeholder; makes no semantic claim,KEEP,,
0x800383A4,func_800383A4,func_800383A4,glabel,,173,src/main/28708.c:269,splat-auto,AUTO,splat-generated placeholder; makes no semantic claim,KEEP,,
0x80038658,file_io_state_advance,func_80038658,named_syms.txt/symbol_addrs.txt alias only,file_io_state_advance_80038658,55,,naming-analyzer(proposals_resolved),INFERRED,docs/naming/proposals_resolved.csv: confidence=low method=APPLIED-DIFFERENTLY; address_neighborhood=motion_local_80038658,KEEP,,
0x80038734,func_80038734,func_80038734,glabel,,18,src/main/28708.c:448,splat-auto,AUTO,splat-generated placeholder; makes no semantic claim,KEEP,,
0x8003877C,func_8003877C,func_8003877C,glabel,,8,src/main/28708.c:457,splat-auto,AUTO,splat-generated placeholder; makes no semantic claim,KEEP,,
0x8003879C,motion_shift_set_mode1,func_8003879C,named_syms.txt/symbol_addrs.txt alias only,motion_shift_set_mode1,9,,naming-analyzer(proposals_resolved),INFERRED,docs/naming/proposals_resolved.csv: confidence=medium method=APPLIED-DIFFERENTLY; sole_caller_path=motion_SetMotion_helper_8003879C; address_neighborhood=motion_local_8003879C,KEEP,,
0x800387C0,motion_shift_set_mode2,func_800387C0,named_syms.txt/symbol_addrs.txt alias only,motion_shift_set_mode2,10,,naming-analyzer(proposals_resolved),INFERRED,docs/naming/proposals_resolved.csv: confidence=medium method=APPLIED-DIFFERENTLY; kengo_pattern=motion_SavePreCalcData_800387C0; sole_caller_path=motion_SetMotion_helper_800387C0; address_neighborhood=motion_local_800387C0,KEEP,,
0x800387E8,motion_shift_set_mode3,func_800387E8,named_syms.txt/symbol_addrs.txt alias only,motion_shift_set_mode3,9,,naming-analyzer(proposals_resolved),INFERRED,docs/naming/proposals_resolved.csv: confidence=medium method=APPLIED-DIFFERENTLY; sole_caller_path=motion_SetMotion_helper_800387E8; address_neighborhood=motion_local_800387E8,KEEP,,
0x8003880C,func_8003880C,func_8003880C,glabel,,39,src/main/28708.c:492,splat-auto,AUTO,splat-generated placeholder; makes no semantic claim,KEEP,,
0x800388A8,mode_helper,func_800388A8,named_syms.txt/symbol_addrs.txt alias only,mode_helper_800388A8,56,,naming-analyzer(proposals_resolved),INFERRED,docs/naming/proposals_resolved.csv: confidence=low method=APPLIED-DIFFERENTLY; address_neighborhood=motion_local_800388A8,KEEP,,
0x80038988,file_io_state_dispatch,func_80038988,named_syms.txt/symbol_addrs.txt alias only,file_io_state_dispatch_80038988,186,,naming-analyzer(proposals_resolved),INFERRED,docs/naming/proposals_resolved.csv: confidence=low method=APPLIED-DIFFERENTLY; address_neighborhood=motion_local_80038988,KEEP,,
0x80038C70,func_80038C70,func_80038C70,glabel,,402,src/main/28708.c:768,splat-auto,AUTO,splat-generated placeholder; makes no semantic claim,KEEP,,
0x800392B8,func_800392B8,func_800392B8,glabel,,4,src/main/28708.c:1086,splat-auto,AUTO,splat-generated placeholder; makes no semantic claim,KEEP,,
0x800392C8,mario_test_init_dialog_memory,func_800392C8,named_syms.txt/symbol_addrs.txt alias only,mario_test_init_dialog_memory_800392C8,22,,naming-analyzer(proposals_resolved),INFERRED,docs/naming/proposals_resolved.csv: confidence=none method=NO-PROPOSAL-NOW-NAMED; ,KEEP,,
0x80039320,cpu_clear_move_buffers,func_80039320,named_syms.txt/symbol_addrs.txt alias only,cpu_clear_move_buffers_80039320,42,,naming-analyzer(proposals_resolved),INFERRED,docs/naming/proposals_resolved.csv: confidence=none method=NO-PROPOSAL-NOW-NAMED; ,KEEP,,
0x800393C8,func_800393C8,func_800393C8,glabel,,123,src/main/28708.c:1146,splat-auto,AUTO,splat-generated placeholder; makes no semantic claim,KEEP,,
0x800395B4,motion_helper,func_800395B4,named_syms.txt/symbol_addrs.txt alias only,motion_helper_800395B4,51,,naming-analyzer(proposals_resolved),INFERRED,docs/naming/proposals_resolved.csv: confidence=none method=NO-PROPOSAL-NOW-NAMED; ,KEEP,,
0x80039680,func_80039680,func_80039680,glabel,,72,src/main/28708.c:1251,splat-auto,AUTO,splat-generated placeholder; makes no semantic claim,KEEP,,
0x800397A0,cpu_advance_move_counter,func_800397A0,named_syms.txt/symbol_addrs.txt alias only,cpu_advance_move_counter_800397A0,13,,naming-analyzer(proposals_resolved),INFERRED,docs/naming/proposals_resolved.csv: confidence=low method=APPLIED-DIFFERENTLY; address_neighborhood=mode_local_800397A0,KEEP,,
0x800397D4,mode_handler_04_GameSetup,func_800397D4,named_syms.txt/symbol_addrs.txt alias only,mode_handler_04_GameSetup,30,,naming-analyzer(proposals_resolved),INFERRED,docs/naming/proposals_resolved.csv: confidence=none method=NO-PROPOSAL-NOW-NAMED; ,KEEP,,
0x8003984C,mode_helper,func_8003984C,named_syms.txt/symbol_addrs.txt alias only,mode_helper_8003984C,60,,naming-analyzer(proposals_resolved),INFERRED,docs/naming/proposals_resolved.csv: confidence=low method=APPLIED-DIFFERENTLY; address_neighborhood=mode_local_8003984C,KEEP,,
0x8003993C,func_8003993C,func_8003993C,glabel,,526,src/main/28708.c:1350,splat-auto,AUTO,splat-generated placeholder; makes no semantic claim,KEEP,,
0x8003A174,comb_Init,comb_Init,glabel,,60,src/main/28708.c:1553,apiscan-restatement,CORROBORATED,"apiscan-restatement: EnterCriticalSection; OpenEvent(0xF000000B, 0x400, 0x2000) -> D_800A3738 and OpenEvent(0xF000000B, 0x8000, 0x2000) -> D_800A3810 (retry until != -1); ExitCriticalSection; VSync(2); AddCOMB(); open(""sio:"" @0x800A3210, 2) -> D_800A373C; open(""sio:"", 0x8001) -> D_800A3734; _comb_control(2,0,0), (1,3,0xE100), (1,4,1). AddCOMB + the sio: device are libcomb (serial link cable), not BIOS-generic and not memcard.; verifier: verifier: OpenEvent(HwSIO,EvSpIOER)/(HwSIO,EvSpERROR), AddCOMB, open sio: x2, CombReset/SetBPS(0xE100)/SetPacketSize(1); Init more faithful than Open",KEEP,,
0x8003A264,comb_Close,comb_Close,glabel,,30,src/main/28708.c:1580,apiscan-restatement,CORROBORATED,"apiscan-restatement: close(D_800A3734); close(D_800A373C); EnterCriticalSection; CloseEvent(D_800A3738); CloseEvent(D_800A3810); ExitCriticalSection; VSync(2); DelCOMB(); _comb_control(1,1,0). Exact inverse of comb_Init.; verifier: verifier: exact inverse of comb_Init",KEEP,,
0x8003A2DC,comb_IsCtsDsrClear,comb_IsCtsDsrClear,glabel,,11,src/main/28708.c:1592,apiscan-restatement,CORROBORATED,"apiscan-restatement: asm/funcs/func_8003A2DC.s:3-10: v0 = _comb_control(0,0,0) [VERIFIED libscan-verbatim LIBCOMB]; return (v0 & 0x180) == 0 (andi 0x180; sltiu 1). tmp/naming_sweep/func_api/libcomb_psyq46.h (PsyQ 4.6 libcomb.h, fetched from github.com/krystalgamer/memories-decomp src/psyq/libcomb.h):26 CombSioStatus() = _comb_control(0,0,0) ""Return serial controller status""; :11-12 COMB_CTS=0x100, COMB_DSR=0x80 -> 0x180 = COMB_CTS|COMB_DSR. BINARY CROSS-CHECK of the header sub-command map (BB2 links a 3.5-era libcomb; header is 4.6): _comb_control@0x8008C464 [VERIFIED libscan-verbatim] dispatches a0 via jtbl at fu; verifier: Body: return (_comb_control(0,0,0) & 0x180) == 0. Independently checked the in-binary switch (not only the 4.6 header): _comb_control a0 jtbl @0x800164AC [0]=0x8008C49C; a1 sub-table @+0x18 [0]=0x8008",KEEP,,
0x8003A308,comb_ReadCtsSetRts,comb_ReadCtsSetRts,glabel,,22,src/main/28708.c:1594,apiscan-restatement,CORROBORATED,"apiscan-restatement: asm/funcs/func_8003A308.s:3-21: v = _comb_control(3,1,0); D_800A38A0 = (v != 0); _comb_control(3,0,1). tmp/naming_sweep/func_api/libcomb_psyq46.h (PsyQ 4.6 libcomb.h, fetched from github.com/krystalgamer/memories-decomp src/psyq/libcomb.h):47 CombCTS() = _comb_control(3,1,0) ""Return status of CTS""; :46 CombSetRTS(a) = _comb_control(3,0,a) ""Set RTS to a"". BINARY CROSS-CHECK of the header sub-command map (BB2 links a 3.5-era libcomb; header is 4.6): _comb_control@0x8008C464 [VERIFIED libscan-verbatim] dispatches a0 via jtbl at func_800164AC (words read from EXE: [0]=0x8008C49C [1]=0x8008C5B4 [2]; verifier: Body: D_800A38A0 = (_comb_control(3,1,0) != 0); _comb_control(3,0,1). Binary: a0=3 -> 0x8008C8A0; a1=1 -> 0x8008C908 returns (SIO1_STAT & 0x100)!=0 (CTS); a1=0 -> 0x8008C8B8 CTRL(+0xA) |= 0x20 if a2 e",KEEP,,
0x8003A360,comb_EnableEvents,comb_EnableEvents,glabel,,15,src/main/28708.c:1603,apiscan-restatement,CORROBORATED,"apiscan-restatement: asm/funcs/func_8003A360.s:2-12: EnableEvent(D_800A3810); EnableEvent(D_800A3738) [VERIFIED]; D_800A320C = 1; D_800A3730 = 0. D_800A3738/D_800A3810 are exactly the two OpenEvent(HwSIO 0xF000000B, EvSpIOER 0x400 / EvSpERROR 0x8000, 0x2000) handles comb_Init stores (docs/naming/apiscan/rename_manifest.csv comb_Init row; tmp/psy-q-decomp-reference/include/KERNEL.H:33,64,69).; verifier: Body: EnableEvent(D_800A3810); EnableEvent(D_800A3738) [VERIFIED]; D_800A320C(sb)=1; D_800A3730=0. comb_Init asm: D_800A3738 = OpenEvent(HwSIO 0xF000000B, EvSpIOER 0x400, 0x2000), D_800A3810 = OpenEve",KEEP,,
0x8003A39C,comb_ResetClose,comb_ResetClose,glabel,,21,src/main/28708.c:1610,apiscan-restatement,CORROBORATED,"apiscan-restatement: asm/funcs/func_8003A39C.s:2-19: sb 0 -> D_800A320C; sw 0 -> D_800A3730; _comb_control(2,0,0); _comb_control(1,1,0); comb_Close() [CORROBORATED apiscan-restatement @0x8003A264]; D_800A3834 = 8. tmp/naming_sweep/func_api/libcomb_psyq46.h (PsyQ 4.6 libcomb.h, fetched from github.com/krystalgamer/memories-decomp src/psyq/libcomb.h):41 CombReset() = _comb_control(2,0,0) ""Reset serial controller""; :36 CombSetControl(a) = _comb_control(1,1,a), here a=0 = DTR and RTS off (COMB_BIT_DTR=1, COMB_BIT_RTS=2 at :22-23). BINARY CROSS-CHECK of the header sub-command map (BB2 links a 3.5-era libcomb; header is; verifier: Body: D_800A320C=0; D_800A3730=0; _comb_control(2,0,0); _comb_control(1,1,0); comb_Close(); D_800A3834(sh)=8. Binary: a0=2,a1=0 -> 0x8008C77C EnterCriticalSection, CTRL|=0x50 (bit6 Reset, bit4 Ack), r",KEEP,,
0x8003A3F0,func_8003A3F0,func_8003A3F0,glabel,,11,src/main/28708.c:1619,splat-auto,AUTO,splat-generated placeholder; makes no semantic claim,KEEP,,
0x8003A41C,set_flag_D_800A3730,func_8003A41C,named_syms.txt/symbol_addrs.txt alias only,set_flag_D_800A3730_8003A41C,4,,naming-analyzer(proposals_resolved),INFERRED,docs/naming/proposals_resolved.csv: confidence=medium method=APPLIED-DIFFERENTLY; kengo_pattern=replay_camera_check_stage_8003A41C,KEEP,,
0x8003A42C,comb_WriteWaitCallback,comb_WriteWaitCallback,glabel,,9,src/main/28708.c:1626,apiscan-restatement,CORROBORATED,"apiscan-restatement: asm/funcs/comb_Write8.s:53-58: _comb_control(4, 0, func_8003A42C) = CombWaitCallback(func_8003A42C) (tmp/naming_sweep/func_api/libcomb_psyq46.h (PsyQ 4.6 libcomb.h, fetched from github.com/krystalgamer/memories-decomp src/psyq/libcomb.h):49 ""Install wait callback function""); uninstalled by _comb_control(4,0,0) at :65-67 after write(). Body asm/funcs/func_8003A42C.s: if (a1 > 0x10000) { D_800A382C = 0; return 0; } return 1. D_800A382C is the flag comb_Write8 sets to 1 before the write and returns (manifest comb_Write8 row).; verifier: Only reference: comb_Write8 (asm :54-55; C code6cac_c_mid.c:1572) _comb_control(4,0,func_8003A42C) before write(sio handle,..,8), then _comb_control(4,0,0) after. Binary: a0=4,a1=0 -> 0x8008C930 retur",KEEP,,
0x8003A450,comb_Write8,comb_Write8,glabel,,73,src/main/28708.c:1634,apiscan-restatement,CORROBORATED,"apiscan-restatement: RCnt(0xF2000001) timeout bookkeeping; polls _comb_control(3,1,0) up to 0x7800 ticks / 1000 tries; _comb_control(1,1,1); sets D_800A382C=1; _comb_control(4,0,func_8003A42C) [installs callback]; write(D_800A373C [sio: write handle], &D_800A3698, 8); _comb_control(4,0,0); _comb_control(1,1,0); returns D_800A382C. The alias's irq_ prefix describes only the RCnt polling.; verifier: verifier: waits CTS stable (timeout returns 0 without writing), write(g_comb_write_fd, buf, 8), returns wait flag",KEEP,,
0x8003A574,comb_Read8,comb_Read8,glabel,comb_Read8,11,src/main/28708.c:1676,apiscan-restatement,CORROBORATED,"apiscan-restatement: return read(D_800A3734 [the sio: 0x8001 handle opened by comb_Init], &D_800A3688, 8).; verifier: verifier: read(g_comb_read_fd, buf, 8)",KEEP,,
0x8003A5A0,comb_WaitRead8,comb_WaitRead8,glabel,,87,src/main/28708.c:1678,apiscan-restatement,CORROBORATED,"apiscan-restatement: RCnt(0xF2000001) timeout; loops TestEvent(D_800A3738)/TestEvent(D_800A3810) [the two SIO events comb_Init opened]; on error event: _comb_control(2,0,0), comb_Read8, retry <5; on data: verifies 16-bit xor checksum of the 8 bytes at D_800A3688/D_800A368C, stores them to D_800A36C0/D_800A36C4 and returns 1, else bumps D_800A38D0 and returns 0.; verifier: verifier: PLAUSIBLE as comb_Recv8 (happy path does no I/O); respelled comb_WaitRead8 and CONFIRMED in round 2: polls EvSpIOER for the async read comb_Read8 issued, checksum, copy",KEEP,,
0x8003A6FC,math_Popcount32,math_Popcount32,glabel,,11,src/main/28708.c:1740,computation-restatement,CORROBORATED,"computation-restatement: asm/funcs/func_8003A6FC.s (11 insns, leaf, no memory access): n=0; for i in 0..31: n += (a0>>i)&1; return n. Emulated from the EXE instruction words (tmp/naming_sweep2/mode_ui/work/t_compute.py with the RAW-word R3000A emulator copied from tmp/naming_sweep/compute/verify/emu.py): 20,072 inputs (7 fixed edge words + 32 single bits + 33 low masks + 20,000 random) vs bin(x).count('1') -> 0 mismatches. Valid for all 32-bit a0.; verifier: [mode_ui] Re-emulated with a fresh interpreter written for this verify (verify/t_compute.py; decodes the raw EXE words and models branch delay slots; the leaf has no loads or stores). Reference is bin",KEEP,,
0x8003A728,single_game_HashAndStoreData,func_8003A728,named_syms.txt/symbol_addrs.txt alias only,single_game_HashAndStoreData_8003A728,200,,naming-analyzer(proposals_resolved),INFERRED,docs/naming/proposals_resolved.csv: confidence=none method=NO-PROPOSAL-NOW-NAMED; ,KEEP,,
0x8003AA48,game_helper,func_8003AA48,named_syms.txt/symbol_addrs.txt alias only,game_helper_8003AA48,12,,naming-analyzer(proposals_resolved),INFERRED,docs/naming/proposals_resolved.csv: confidence=none method=NO-PROPOSAL-NOW-NAMED; ,KEEP,,
0x8003AA78,game_exec_display_sync,func_8003AA78,named_syms.txt/symbol_addrs.txt alias only,game_exec_display_sync_8003AA78,14,,naming-analyzer(proposals_resolved),INFERRED,docs/naming/proposals_resolved.csv: confidence=none method=NO-PROPOSAL-NOW-NAMED; ,KEEP,,
0x8003AAB0,game_exec_display_dma_loop,func_8003AAB0,named_syms.txt/symbol_addrs.txt alias only,game_exec_display_dma_loop_8003AAB0,37,,naming-analyzer(proposals_resolved),INFERRED,docs/naming/proposals_resolved.csv: confidence=none method=NO-PROPOSAL-NOW-NAMED; ,KEEP,,
0x8003AB44,func_8003AB44,func_8003AB44,glabel,,93,src/main/2B344.c:14,splat-auto,AUTO,splat-generated placeholder; makes no semantic claim,KEEP,,
0x8003ACB8,func_8003ACB8,func_8003ACB8,glabel,,105,src/main/2B344.c:70,splat-auto,AUTO,splat-generated placeholder; makes no semantic claim,KEEP,,
0x8003AE5C,mode_helper,func_8003AE5C,named_syms.txt/symbol_addrs.txt alias only,mode_helper_8003AE5C,57,,naming-analyzer(proposals_resolved),INFERRED,docs/naming/proposals_resolved.csv: confidence=none method=NO-PROPOSAL-NOW-NAMED; ,KEEP,,
0x8003AF40,mode_helper,func_8003AF40,named_syms.txt/symbol_addrs.txt alias only,mode_helper_8003AF40,47,,naming-analyzer(proposals_resolved),INFERRED,docs/naming/proposals_resolved.csv: confidence=none method=NO-PROPOSAL-NOW-NAMED; ,KEEP,,
0x8003AFFC,func_8003AFFC,func_8003AFFC,glabel,,68,src/main/2B344.c:178,splat-auto,AUTO,splat-generated placeholder; makes no semantic claim,KEEP,,
0x8003B10C,func_8003B10C,func_8003B10C,glabel,,64,src/main/2B344.c:202,splat-auto,AUTO,splat-generated placeholder; makes no semantic claim,KEEP,,
0x8003B20C,DispSamnailWindow_helper,func_8003B20C,named_syms.txt/symbol_addrs.txt alias only,DispSamnailWindow_helper_8003B20C,47,,naming-analyzer(proposals_resolved),INFERRED,docs/naming/proposals_resolved.csv: confidence=medium method=APPLIED-AS-PROPOSED; sole_caller_path=DispSamnailWindow_helper_8003B20C,KEEP,,
0x8003B2C8,func_8003B2C8,func_8003B2C8,glabel,,24,src/main/2B344.c:238,splat-auto,AUTO,splat-generated placeholder; makes no semantic claim,KEEP,,
0x8003B328,mode_helper,func_8003B328,named_syms.txt/symbol_addrs.txt alias only,mode_helper_8003B328,31,,naming-analyzer(proposals_resolved),INFERRED,docs/naming/proposals_resolved.csv: confidence=none method=NO-PROPOSAL-NOW-NAMED; ,KEEP,,
0x8003B3A4,func_8003B3A4,func_8003B3A4,glabel,,56,src/main/2B344.c:265,splat-auto,AUTO,splat-generated placeholder; makes no semantic claim,KEEP,,
0x8003B484,md_menu_logo_init,func_8003B484,named_syms.txt/symbol_addrs.txt alias only,md_menu_logo_init_8003B484,22,,naming-analyzer(proposals_resolved),INFERRED,docs/naming/proposals_resolved.csv: confidence=low method=APPLIED-DIFFERENTLY; kengo_pattern=coli_cancel_hit_pause_katana_8003B484,KEEP,,
0x8003B4DC,func_8003B4DC,func_8003B4DC,glabel,,22,src/main/2B344.c:311,splat-auto,AUTO,splat-generated placeholder; makes no semantic claim,KEEP,,
0x8003B534,mode_helper,func_8003B534,named_syms.txt/symbol_addrs.txt alias only,mode_helper_8003B534,14,,naming-analyzer(proposals_resolved),INFERRED,docs/naming/proposals_resolved.csv: confidence=none method=NO-PROPOSAL-NOW-NAMED; string_adjacent_info=?,KEEP,,
0x8003B56C,sudispmentalbar_helper,func_8003B56C,named_syms.txt/symbol_addrs.txt alias only,sudispmentalbar_helper_8003B56C,14,,naming-analyzer(proposals_resolved),INFERRED,docs/naming/proposals_resolved.csv: confidence=none method=NO-PROPOSAL-NOW-NAMED; string_adjacent_info=?,KEEP,,
0x8003B5A4,func_8003B5A4,func_8003B5A4,glabel,,179,src/main/2B344.c:333,splat-auto,AUTO,splat-generated placeholder; makes no semantic claim,KEEP,,
0x8003B870,mode_handler_22_VsModeInit,func_8003B870,named_syms.txt/symbol_addrs.txt alias only,mode_handler_22_VsModeInit,29,,naming-analyzer(proposals_resolved),INFERRED,docs/naming/proposals_resolved.csv: confidence=low method=APPLIED-DIFFERENTLY; address_neighborhood=mode_local_8003B870,KEEP,,
0x8003B8E4,mode_handler_23_FrameDelay3,func_8003B8E4,named_syms.txt/symbol_addrs.txt alias only,mode_handler_23_FrameDelay3,59,,naming-analyzer(proposals_resolved),INFERRED,docs/naming/proposals_resolved.csv: confidence=low method=APPLIED-DIFFERENTLY; address_neighborhood=mode_local_8003B8E4,KEEP,,
0x8003B9D0,mode_handler_06_GameTeardownVariant,func_8003B9D0,named_syms.txt/symbol_addrs.txt alias only,mode_handler_06_GameTeardownVariant,185,,naming-analyzer(proposals_resolved),INFERRED,docs/naming/proposals_resolved.csv: confidence=low method=APPLIED-DIFFERENTLY; address_neighborhood=mode_local_8003B9D0; string_adjacent_info=?,KEEP,,
0x8003BCB4,func_8003BCB4,func_8003BCB4,glabel,,87,src/main/2B344.c:562,splat-auto,AUTO,splat-generated placeholder; makes no semantic claim,KEEP,,
0x8003BE10,mode_handler_10_GameTeardown,func_8003BE10,named_syms.txt/symbol_addrs.txt alias only,mode_handler_10_GameTeardown,38,,naming-analyzer(proposals_resolved),INFERRED,docs/naming/proposals_resolved.csv: confidence=low method=APPLIED-DIFFERENTLY; address_neighborhood=mode_local_8003BE10,KEEP,,
0x8003BEA8,mode_handler_11_PadInputCheck,func_8003BEA8,named_syms.txt/symbol_addrs.txt alias only,mode_handler_11_PadInputCheck,71,,naming-analyzer(proposals_resolved),INFERRED,docs/naming/proposals_resolved.csv: confidence=low method=APPLIED-DIFFERENTLY; address_neighborhood=mode_local_8003BEA8,KEEP,,
0x8003BFC4,mode_handler_15_TeardownVariant,func_8003BFC4,named_syms.txt/symbol_addrs.txt alias only,mode_handler_15_TeardownVariant,31,,naming-analyzer(proposals_resolved),INFERRED,docs/naming/proposals_resolved.csv: confidence=low method=APPLIED-DIFFERENTLY; address_neighborhood=mode_local_8003BFC4,KEEP,,
0x8003C040,func_8003C040,func_8003C040,glabel,,160,src/main/2B344.c:716,splat-auto,AUTO,splat-generated placeholder; makes no semantic claim,KEEP,,
0x8003C2C0,func_8003C2C0,func_8003C2C0,glabel,,91,src/main/2B344.c:799,splat-auto,AUTO,splat-generated placeholder; makes no semantic claim,KEEP,,
0x8003C42C,mode_handler_20_CountIterator,func_8003C42C,named_syms.txt/symbol_addrs.txt alias only,mode_handler_20_CountIterator,77,,naming-analyzer(proposals_resolved),INFERRED,docs/naming/proposals_resolved.csv: confidence=none method=NO-PROPOSAL-NOW-NAMED; ,KEEP,,
0x8003C560,mode_handler_21_FrameTimerSfx,func_8003C560,named_syms.txt/symbol_addrs.txt alias only,mode_handler_21_FrameTimerSfx,109,,naming-analyzer(proposals_resolved),INFERRED,docs/naming/proposals_resolved.csv: confidence=none method=NO-PROPOSAL-NOW-NAMED; ,KEEP,,
0x8003C714,func_8003C714,func_8003C714,glabel,,104,src/main/2B344.c:928,splat-auto,AUTO,splat-generated placeholder; makes no semantic claim,KEEP,,
0x8003C8B4,mode_handler_31_TimerLoop,func_8003C8B4,named_syms.txt/symbol_addrs.txt alias only,mode_handler_31_TimerLoop,41,,naming-analyzer(proposals_resolved),INFERRED,docs/naming/proposals_resolved.csv: confidence=low method=APPLIED-DIFFERENTLY; address_neighborhood=mode_local_8003C8B4,KEEP,,
0x8003C958,mode_handler_24_DispatchToMode25,func_8003C958,named_syms.txt/symbol_addrs.txt alias only,mode_handler_24_DispatchToMode25,19,,naming-analyzer(proposals_resolved),INFERRED,docs/naming/proposals_resolved.csv: confidence=low method=APPLIED-DIFFERENTLY; address_neighborhood=mode_local_8003C958,KEEP,,
0x8003C9A4,mode_handler_25_PostBattleSetup,func_8003C9A4,named_syms.txt/symbol_addrs.txt alias only,mode_handler_25_PostBattleSetup,202,,naming-analyzer(proposals_resolved),INFERRED,docs/naming/proposals_resolved.csv: confidence=low method=APPLIED-DIFFERENTLY; address_neighborhood=mode_local_8003C9A4,KEEP,,
0x8003CCCC,mode_handler_32_RebootDispatch,func_8003CCCC,named_syms.txt/symbol_addrs.txt alias only,mode_handler_32_RebootDispatch,17,,naming-analyzer(proposals_resolved),INFERRED,docs/naming/proposals_resolved.csv: confidence=low method=APPLIED-DIFFERENTLY; address_neighborhood=mode_local_8003CCCC,KEEP,,
0x8003CD10,mode_handler_33_RebootBegin,func_8003CD10,named_syms.txt/symbol_addrs.txt alias only,mode_handler_33_RebootBegin,66,,naming-analyzer(proposals_resolved),INFERRED,docs/naming/proposals_resolved.csv: confidence=low method=APPLIED-DIFFERENTLY; address_neighborhood=mode_local_8003CD10,KEEP,,
0x8003CE18,mode_handler_28_PostBattleMisc,func_8003CE18,named_syms.txt/symbol_addrs.txt alias only,mode_handler_28_PostBattleMisc,91,,naming-analyzer(proposals_resolved),INFERRED,docs/naming/proposals_resolved.csv: confidence=low method=APPLIED-DIFFERENTLY; address_neighborhood=mode_local_8003CE18; string_adjacent_info=?,KEEP,,
0x8003CF84,mode_handler_29_StageLeafUpdate,func_8003CF84,named_syms.txt/symbol_addrs.txt alias only,mode_handler_29_StageLeafUpdate,208,,naming-analyzer(proposals_resolved),INFERRED,docs/naming/proposals_resolved.csv: confidence=none method=NO-PROPOSAL-NOW-NAMED; string_adjacent_info=?,KEEP,,
0x8003D2C4,func_8003D2C4,func_8003D2C4,glabel,,12,src/main/2B344.c:1222,splat-auto,AUTO,splat-generated placeholder; makes no semantic claim,KEEP,,
0x8003D2F4,func_8003D2F4,func_8003D2F4,glabel,,15,src/main/2B344.c:1237,splat-auto,AUTO,splat-generated placeholder; makes no semantic claim,KEEP,,
0x8003D330,func_8003D330,func_8003D330,glabel,,27,src/main/2B344.c:1252,splat-auto,AUTO,splat-generated placeholder; makes no semantic claim,KEEP,,
0x8003D39C,func_8003D39C,func_8003D39C,glabel,,55,src/main/2B344.c:1264,splat-auto,AUTO,splat-generated placeholder; makes no semantic claim,KEEP,,
0x8003D478,func_8003D478,func_8003D478,glabel,,45,src/main/2B344.c:1286,splat-auto,AUTO,splat-generated placeholder; makes no semantic claim,KEEP,,
0x8003D52C,func_8003D52C,func_8003D52C,glabel,,146,src/main/2B344.c:1314,splat-auto,AUTO,splat-generated placeholder; makes no semantic claim,KEEP,,
0x8003D774,set_field0x0,func_8003D774,named_syms.txt/symbol_addrs.txt alias only,set_field0x0_8003D774,16,,naming-analyzer(proposals_resolved),INFERRED,docs/naming/proposals_resolved.csv: confidence=none method=NO-PROPOSAL-NOW-NAMED; ,KEEP,,
0x8003D7B4,coli_calc_motion_slots,func_8003D7B4,named_syms.txt/symbol_addrs.txt alias only,coli_calc_motion_slots_8003D7B4,53,,naming-analyzer(proposals_resolved),INFERRED,docs/naming/proposals_resolved.csv: confidence=none method=NO-PROPOSAL-NOW-NAMED; ,KEEP,,
0x8003D888,bitstream_ReadBits,bitstream_ReadBits,glabel,,37,src/main/2B344.c:1432,computation-restatement,CORROBORATED,"computation-restatement: asm/funcs/func_8003D888.s (37 insns, leaf, only arg memory); C on main src/code6cac_c2.c:1178. State u32 s[3]: s[0]=next-word ptr, s[1]=current word, s[2]=bits left in it. Returns the next n bits MSB-first; refills from *s[0]++ when n > bits left. Emulated vs a reference bit-string reader, 20000 random cases (n 1..31, left 0..31), return value + updated ptr/bits-left compared: 0 mismatches (tmp/naming_sweep/compute/verify.py).; verifier: State u32 s[3] = {next-word ptr, current word, bits left}; returns next n bits MSB-first, refilling from *s[0]++ when n > left. 20000 cases n,left in 1..31/0..31: 0 mismatches (value, ptr, bits-left).",KEEP,,
0x8003D91C,game_helper,func_8003D91C,named_syms.txt/symbol_addrs.txt alias only,game_helper_8003D91C,33,,naming-analyzer(proposals_resolved),INFERRED,docs/naming/proposals_resolved.csv: confidence=none method=NO-PROPOSAL-NOW-NAMED; ,KEEP,,
0x8003D9A0,gpu_SetDrawMoveArray,gpu_SetDrawMoveArray,glabel,,59,src/main/2B344.c:1481,apiscan-restatement,CORROBORATED,"apiscan-restatement: asm/funcs/func_8003D9A0.s (whole body, one loop): loop a1 times over packets a2 (stride 0x30): SetDrawMove(pkt, rect=a0, rect0.x, rect0.y) [VERIFIED LIBGPU @0x8007ABB8]; rect.y += rect.h before each call, wrapping to rect.x += rect.w (y reset) when y >= 0x200; copies the first 0x18 bytes of each packet to pkt+0x18.; verifier: Re-derived: a0=RECT*, a1=count, a2=packet array (stride 0x30). x0,y0 = initial rect.x,y. Per iteration: rect.y+=rect.h; if y>=0x200 {y=y0; rect.x+=rect.w}; SetDrawMove(pkt, rect, x0, y0) [VERIFIED @0x",KEEP,,
0x8003DA8C,func_8003DA8C,func_8003DA8C,glabel,,86,src/main/2B344.c:1507,splat-auto,AUTO,splat-generated placeholder; makes no semantic claim,KEEP,,
0x8003DBE4,func_8003DBE4,func_8003DBE4,glabel,,133,src/main/2B344.c:1562,splat-auto,AUTO,splat-generated placeholder; makes no semantic claim,KEEP,,
0x8003DDF8,func_8003DDF8,func_8003DDF8,glabel,,7,src/main/2B344.c:1617,splat-auto,AUTO,splat-generated placeholder; makes no semantic claim,KEEP,,
0x8003DE14,gpu_helper,func_8003DE14,named_syms.txt/symbol_addrs.txt alias only,gpu_helper_8003DE14,179,,naming-analyzer(proposals_resolved),INFERRED,"docs/naming/proposals_resolved.csv: confidence=none method=NO-PROPOSAL-NOW-NAMED; ; NOTE: name wears a PsyQ-style family prefix but its recorded origin is the naming analyzer, NOT an SDK signature match — the prefix asserts more than the evidence",KEEP,,
0x8003E0E0,game_helper,func_8003E0E0,named_syms.txt/symbol_addrs.txt alias only,game_helper_8003E0E0,16,,naming-analyzer(proposals_resolved),INFERRED,docs/naming/proposals_resolved.csv: confidence=none method=NO-PROPOSAL-NOW-NAMED; ,KEEP,,
0x8003E120,func_8003E120,func_8003E120,glabel,,17,src/main/2B344.c:1759,splat-auto,AUTO,splat-generated placeholder; makes no semantic claim,KEEP,,
0x8003E164,func_8003E164,func_8003E164,glabel,,50,src/main/2B344.c:1770,splat-auto,AUTO,splat-generated placeholder; makes no semantic claim,KEEP,,
0x8003E22C,func_8003E22C,func_8003E22C,glabel,,29,src/main/2B344.c:1802,splat-auto,AUTO,splat-generated placeholder; makes no semantic claim,KEEP,,
0x8003E2A0,func_8003E2A0,func_8003E2A0,glabel,,3,src/main/2B344.c:1818,splat-auto,AUTO,splat-generated placeholder; makes no semantic claim,KEEP,,
0x8003E2AC,func_8003E2AC,func_8003E2AC,glabel,,7,src/main/2B344.c:1820,splat-auto,AUTO,splat-generated placeholder; makes no semantic claim,KEEP,,
0x8003E2C8,load_D_800905F8,func_8003E2C8,named_syms.txt/symbol_addrs.txt alias only,load_D_800905F8_8003E2C8,4,,naming-analyzer(proposals_resolved),INFERRED,docs/naming/proposals_resolved.csv: confidence=medium method=APPLIED-DIFFERENTLY; kengo_pattern=replay_camera_check_stage_8003E2C8,KEEP,,
0x8003E2D8,func_8003E2D8,func_8003E2D8,glabel,,242,src/main/2B344.c:1831,splat-auto,AUTO,splat-generated placeholder; makes no semantic claim,KEEP,,
0x8003E6A0,mode_helper,func_8003E6A0,named_syms.txt/symbol_addrs.txt alias only,mode_helper_8003E6A0,14,,naming-analyzer(proposals_resolved),INFERRED,docs/naming/proposals_resolved.csv: confidence=none method=NO-PROPOSAL-NOW-NAMED; ,KEEP,,
0x8003E6D8,func_8003E6D8,func_8003E6D8,glabel,,299,src/main/2B344.c:1990,splat-auto,AUTO,splat-generated placeholder; makes no semantic claim,KEEP,,
0x8003EB84,func_8003EB84,func_8003EB84,glabel,,143,src/main/2B344.c:2158,splat-auto,AUTO,splat-generated placeholder; makes no semantic claim,KEEP,,
0x8003EDC0,func_8003EDC0,func_8003EDC0,glabel,,234,src/main/2B344.c:2250,splat-auto,AUTO,splat-generated placeholder; makes no semantic claim,KEEP,,
0x8003F168,stage_ExecInitFunc,stage_ExecInitFunc,glabel,stage_ExecInitFunc,24,src/main/2B344.c:2344,naming-analyzer(proposals),INFERRED,docs/naming/proposals.csv: confidence=none method=analyzer-proposal; ; body at src/main/2B344.c:2344,KEEP,,
0x8003F1C8,func_8003F1C8,func_8003F1C8,glabel,,3,src/main/2B344.c:2350,splat-auto,AUTO,splat-generated placeholder; makes no semantic claim,KEEP,,
0x8003F1D4,game_GetCharData,game_GetCharData,glabel,stub_8003F1D4,4,src/main/2B344.c:2352,naming-analyzer(proposals_resolved),INFERRED,docs/naming/proposals_resolved.csv: confidence=none method=NO-PROPOSAL-NOW-NAMED; ; body at src/main/2B344.c:2352,KEEP,,
0x8003F1E4,func_8003F1E4,func_8003F1E4,glabel,,13,src/main/2B344.c:2354,splat-auto,AUTO,splat-generated placeholder; makes no semantic claim,KEEP,,
0x8003F218,func_8003F218,func_8003F218,glabel,,20,src/main/2B344.c:2364,splat-auto,AUTO,splat-generated placeholder; makes no semantic claim,KEEP,,
0x8003F268,func_8003F268,func_8003F268,glabel,,3,src/main/2B344.c:2378,splat-auto,AUTO,splat-generated placeholder; makes no semantic claim,KEEP,,
0x8003F274,stage_InitCollision,stage_InitCollision,glabel,stage_InitCollision,69,src/main/2B344.c:2380,naming-analyzer(proposals),INFERRED,docs/naming/proposals.csv: confidence=none method=analyzer-proposal; ; body at src/main/2B344.c:2380,KEEP,,
0x8003F388,replay_camera_check_bounds_and_set_flag,func_8003F388,named_syms.txt/symbol_addrs.txt alias only,replay_camera_check_bounds_and_set_flag_8003F388,19,,naming-analyzer(proposals_resolved),INFERRED,docs/naming/proposals_resolved.csv: confidence=medium method=APPLIED-DIFFERENTLY; sole_caller_path=replay_camera_get_attack_number_helper_8003F388,KEEP,,
0x8003F3D4,cpu_helper,func_8003F3D4,named_syms.txt/symbol_addrs.txt alias only,cpu_helper_8003F3D4,19,,naming-analyzer(proposals_resolved),INFERRED,docs/naming/proposals_resolved.csv: confidence=none method=NO-PROPOSAL-NOW-NAMED; ,KEEP,,
0x8003F420,stage_SetCollisionAtPos,func_8003F420,named_syms.txt/symbol_addrs.txt alias only,stage_SetCollisionAtPos_8003F420,67,,naming-analyzer(residual_named),INFERRED,docs/naming/residual_named.csv: confidence=medium method=callee; calls stage_SetCollision (67 insn stage collision setup),KEEP,,
0x8003F52C,stage_SetCollision,stage_SetCollision,glabel,set_global_8003F52C,8,src/main/2B344.c:2463,naming-analyzer(proposals_resolved),INFERRED,docs/naming/proposals_resolved.csv: confidence=none method=NO-PROPOSAL-NOW-NAMED; ; body at src/main/2B344.c:2463,KEEP,,
0x8003F54C,stage_GetCollision,stage_GetCollision,glabel,get_global_8003F54C,7,src/main/2B344.c:2467,naming-analyzer(proposals_resolved),INFERRED,docs/naming/proposals_resolved.csv: confidence=none method=NO-PROPOSAL-NOW-NAMED; ; body at src/main/2B344.c:2467,KEEP,,
0x8003F568,stage_ClearLighting,stage_ClearLighting,glabel,efc_buki_get_vertex_color,16,src/main/2B344.c:2471,legacy-renamer-map,INFERRED,"tools/rename_funcs.py RENAMES map, band 'readability:config.c — applied with regfix (GCC 2.7.2 register allocation sensitivity)'; see docs/naming/kengo-rename-audit-2026-07-13.md; body at src/main/2B344.c:2471",KEEP,,
0x8003F5A8,stage_SetLightPosDir,stage_SetLightPosDir,glabel,set_global_8003F5A8,9,src/main/2B344.c:2482,naming-analyzer(proposals_resolved),INFERRED,docs/naming/proposals_resolved.csv: confidence=none method=NO-PROPOSAL-NOW-NAMED; ; body at src/main/2B344.c:2482,KEEP,,
0x8003F5CC,stage_ApplyLighting,stage_ApplyLighting,glabel,stage_ApplyLighting,24,src/main/2B344.c:2487,naming-analyzer(proposals),INFERRED,docs/naming/proposals.csv: confidence=none method=analyzer-proposal; ; body at src/main/2B344.c:2487,KEEP,,
0x8003F62C,func_8003F62C,func_8003F62C,glabel,,43,src/main/2B344.c:2520,splat-auto,AUTO,splat-generated placeholder; makes no semantic claim,KEEP,,
0x8003F6D8,func_8003F6D8,func_8003F6D8,glabel,,71,src/main/2B344.c:2540,splat-auto,AUTO,splat-generated placeholder; makes no semantic claim,KEEP,,
0x8003F7F4,game_helper,func_8003F7F4,named_syms.txt/symbol_addrs.txt alias only,game_helper_8003F7F4,12,,naming-analyzer(proposals_resolved),INFERRED,docs/naming/proposals_resolved.csv: confidence=none method=NO-PROPOSAL-NOW-NAMED; ,KEEP,,
0x8003F824,func_8003F824,func_8003F824,glabel,,128,src/main/2B344.c:2566,splat-auto,AUTO,splat-generated placeholder; makes no semantic claim,KEEP,,
0x8003FA24,func_8003FA24,func_8003FA24,glabel,,263,src/main/2B344.c:2625,splat-auto,AUTO,splat-generated placeholder; makes no semantic claim,KEEP,,
0x8003FE40,func_8003FE40,func_8003FE40,glabel,,35,src/main/2B344.c:2756,splat-auto,AUTO,splat-generated placeholder; makes no semantic claim,KEEP,,
0x8003FECC,func_8003FECC,func_8003FECC,glabel,,55,src/main/2B344.c:2788,splat-auto,AUTO,splat-generated placeholder; makes no semantic claim,KEEP,,
0x8003FFA8,math_AlignUp4,math_AlignUp4,glabel,math_AlignUp4,7,src/main/2B344.c:2812,computation-restatement,CORROBORATED,"computation-restatement: asm/funcs/func_8003FFA8.s (7 insns, leaf, no memory access): v0 = (a0&3) ? ((a0+3) & -4) : a0 == (a0+3)&~3 for every int. Emulated vs (x+3)&~3 over 20000 random s32 incl. negatives: 0 mismatches (tmp/naming_sweep/compute/verify.py).; verifier: Re-derived from raw EXE words: (a&3)? (a+3)&-4 : a == (a+3)&~3 for every s32 (a multiple of 4 is a fixed point). Emu (binary-decoded, load/branch-delay modelled) 30620 inputs incl. INT_MAX-5..INT_MAX ",KEEP,,
0x8003FFC4,func_8003FFC4,func_8003FFC4,glabel,,7,src/main/2B344.c:2819,splat-auto,AUTO,splat-generated placeholder; makes no semantic claim,KEEP,,
0x8003FFE0,mario_test_satan_sword_trigger,func_8003FFE0,named_syms.txt/symbol_addrs.txt alias only,mario_test_satan_sword_trigger_8003FFE0,15,,naming-analyzer(proposals_resolved),INFERRED,docs/naming/proposals_resolved.csv: confidence=medium method=APPLIED-DIFFERENTLY; sole_caller_path=mario_test_Exec_helper_8003FFE0,KEEP,,
0x8004001C,func_8004001C,func_8004001C,glabel,,19,src/main/2B344.c:2836,splat-auto,AUTO,splat-generated placeholder; makes no semantic claim,KEEP,,
0x80040068,func_80040068,func_80040068,glabel,,18,src/main/2B344.c:2844,splat-auto,AUTO,splat-generated placeholder; makes no semantic claim,KEEP,,
0x800400B0,func_800400B0,func_800400B0,glabel,,18,src/main/2B344.c:2852,splat-auto,AUTO,splat-generated placeholder; makes no semantic claim,KEEP,,
0x800400F8,player_helper,func_800400F8,named_syms.txt/symbol_addrs.txt alias only,player_helper_800400F8,29,,naming-analyzer(proposals_resolved),INFERRED,docs/naming/proposals_resolved.csv: confidence=none method=NO-PROPOSAL-NOW-NAMED; ,KEEP,,
0x8004016C,player_sprite_free,func_8004016C,named_syms.txt/symbol_addrs.txt alias only,player_sprite_free_8004016C,12,,naming-analyzer(proposals_resolved),INFERRED,docs/naming/proposals_resolved.csv: confidence=none method=NO-PROPOSAL-NOW-NAMED; ,KEEP,,
0x8004019C,func_8004019C,func_8004019C,glabel,,12,src/main/2B344.c:2887,splat-auto,AUTO,splat-generated placeholder; makes no semantic claim,KEEP,,
0x800401CC,gpu_AddDrawMove,gpu_AddDrawMove,glabel,,78,src/main/309CC.c:17,apiscan-restatement,CORROBORATED,"apiscan-restatement: asm/funcs/func_800401CC.s: packet cursor D_800A3378 in buffer D_800A9830 + (D_800A36AC&1)*0xF0 (skip if cursor == buffer end D_800A9920 + same offset); rect (4 x s16) and dst x,y read from the 12-byte table D_80094AF4[a1]; +0x80 to rect.x and dst.x if a0 != 0; SetDrawMove(pkt, &rect, x, y) [VERIFIED] at :57; :60-78 are the libgpu addPrim macro inlined: *pkt = (*pkt & 0xFF000000) | (ot[0xFFF] & 0xFFFFFF); ot[0xFFF] = (ot[0xFFF] & 0xFF000000) | (pkt & 0xFFFFFF) with ot = D_800A378C (+0x3FFC); cursor += 0x18 (sizeof DR_MOVE).; verifier: Re-derived: buffer select D_800A36AC&1 (cursor reset to D_800A9830+idx*0xF0 on change); skip if cursor == D_800A9920+idx*0xF0; rect + dst from 12-byte D_80094AF4[a1]; +0x80 to rect.x and dst.x if a0; ",KEEP,,
0x80040304,func_80040304,func_80040304,glabel,,63,src/main/309CC.c:55,splat-auto,AUTO,splat-generated placeholder; makes no semantic claim,KEEP,,
0x80040400,func_80040400,func_80040400,glabel,,27,src/main/309CC.c:99,splat-auto,AUTO,splat-generated placeholder; makes no semantic claim,KEEP,,
0x8004046C,func_8004046C,func_8004046C,glabel,,13,src/main/309CC.c:115,splat-auto,AUTO,splat-generated placeholder; makes no semantic claim,KEEP,,
0x800404A0,func_800404A0,func_800404A0,glabel,,14,src/main/309CC.c:120,splat-auto,AUTO,splat-generated placeholder; makes no semantic claim,KEEP,,
0x800404D8,func_800404D8,func_800404D8,glabel,,14,src/main/309CC.c:130,splat-auto,AUTO,splat-generated placeholder; makes no semantic claim,KEEP,,
0x80040510,player_rob_Init,func_80040510,named_syms.txt/symbol_addrs.txt alias only,player_rob_Init,33,,naming-analyzer(proposals_resolved),INFERRED,docs/naming/proposals_resolved.csv: confidence=none method=NO-PROPOSAL-NOW-NAMED; ,KEEP,,
0x80040594,func_80040594,func_80040594,glabel,,217,src/main/309CC.c:159,splat-auto,AUTO,splat-generated placeholder; makes no semantic claim,KEEP,,
0x800408F8,func_800408F8,func_800408F8,glabel,,96,src/main/309CC.c:282,splat-auto,AUTO,splat-generated placeholder; makes no semantic claim,KEEP,,
0x80040A78,rob_helper,func_80040A78,named_syms.txt/symbol_addrs.txt alias only,rob_helper_80040A78,51,,naming-analyzer(proposals_resolved),INFERRED,docs/naming/proposals_resolved.csv: confidence=low method=APPLIED-DIFFERENTLY; address_neighborhood=rob_local_80040A78,KEEP,,
0x80040B44,func_80040B44,func_80040B44,glabel,,93,src/main/309CC.c:370,splat-auto,AUTO,splat-generated placeholder; makes no semantic claim,KEEP,,
0x80040CB8,func_80040CB8,func_80040CB8,glabel,,36,src/main/309CC.c:434,splat-auto,AUTO,splat-generated placeholder; makes no semantic claim,KEEP,,
0x80040D48,mode_helper,func_80040D48,named_syms.txt/symbol_addrs.txt alias only,mode_helper_80040D48,272,,naming-analyzer(proposals_resolved),INFERRED,docs/naming/proposals_resolved.csv: confidence=none method=NO-PROPOSAL-NOW-NAMED; ,KEEP,,
0x80041188,func_80041188,func_80041188,glabel,,132,src/main/31548.c:201,splat-auto,AUTO,splat-generated placeholder; makes no semantic claim,KEEP,,
0x80041398,func_80041398,func_80041398,glabel,,38,src/main/31548.c:274,splat-auto,AUTO,splat-generated placeholder; makes no semantic claim,KEEP,,
0x80041430,vc_RelocLoadedBlock,func_80041430,named_syms.txt/symbol_addrs.txt alias only,vc_RelocLoadedBlock_80041430,51,,naming-analyzer(proposals_resolved),INFERRED,docs/naming/proposals_resolved.csv: confidence=low method=APPLIED-DIFFERENTLY; address_neighborhood=player_local_80041430,KEEP,,
0x800414FC,func_800414FC,func_800414FC,glabel,,0,src/main/31CFC.c:13,splat-auto,AUTO,splat-generated placeholder; makes no semantic claim,KEEP,,
0x8004153C,get_global,func_8004153C,named_syms.txt/symbol_addrs.txt alias only,get_global_8004153C,6,,naming-analyzer(proposals_resolved),INFERRED,docs/naming/proposals_resolved.csv: confidence=low method=APPLIED-DIFFERENTLY; address_neighborhood=player_local_8004153C,KEEP,,
0x80041554,get_field0x8,func_80041554,named_syms.txt/symbol_addrs.txt alias only,get_field0x8_80041554,12,,naming-analyzer(proposals_resolved),INFERRED,docs/naming/proposals_resolved.csv: confidence=low method=APPLIED-DIFFERENTLY; address_neighborhood=player_local_80041554,KEEP,,
0x80041584,player_find_empty_slot,func_80041584,named_syms.txt/symbol_addrs.txt alias only,player_find_empty_slot_80041584,16,,naming-analyzer(proposals_resolved),INFERRED,docs/naming/proposals_resolved.csv: confidence=low method=APPLIED-DIFFERENTLY; address_neighborhood=player_local_80041584,KEEP,,
0x800415C4,player_Destroy,player_Destroy,glabel,,16,src/main/31D3C.c:32,unattributed,INFERRED,"named outside every recorded evidence path (Kengo / PsyQ / renamer map / naming-analyzer CSVs); provenance UNKNOWN — cannot be defended, treat as review-required; introduced by commit 4c7390cc3 readability: rename 29 func_ functions to semantic names; body at src/main/31D3C.c:32",KEEP,,
0x80041604,player_SetCharId,player_SetCharId,glabel,,19,src/main/31D3C.c:38,unattributed,INFERRED,"named outside every recorded evidence path (Kengo / PsyQ / renamer map / naming-analyzer CSVs); provenance UNKNOWN — cannot be defended, treat as review-required; introduced by commit 4c7390cc3 readability: rename 29 func_ functions to semantic names; body at src/main/31D3C.c:38",KEEP,,
0x80041650,get_field0x2,func_80041650,named_syms.txt/symbol_addrs.txt alias only,get_field0x2_80041650,14,,naming-analyzer(proposals_resolved),INFERRED,docs/naming/proposals_resolved.csv: confidence=low method=APPLIED-DIFFERENTLY; address_neighborhood=player_local_80041650,KEEP,,
0x80041688,func_80041688,func_80041688,glabel,,82,src/main/31D3C.c:65,splat-auto,AUTO,splat-generated placeholder; makes no semantic claim,KEEP,,
0x800417D0,efc_effect_dispatch_child_recursive,func_800417D0,named_syms.txt/symbol_addrs.txt alias only,efc_effect_dispatch_child_recursive_800417D0,64,,naming-analyzer(proposals_resolved),INFERRED,docs/naming/proposals_resolved.csv: confidence=none method=NO-PROPOSAL-NOW-NAMED; ,KEEP,,
0x800418D0,replay_camera_helper,func_800418D0,named_syms.txt/symbol_addrs.txt alias only,replay_camera_helper_800418D0,46,,naming-analyzer(proposals_resolved),INFERRED,docs/naming/proposals_resolved.csv: confidence=none method=NO-PROPOSAL-NOW-NAMED; ,KEEP,,
0x80041988,AllocRobRmd_helper,func_80041988,named_syms.txt/symbol_addrs.txt alias only,AllocRobRmd_helper_80041988,80,,naming-analyzer(proposals_resolved),INFERRED,docs/naming/proposals_resolved.csv: confidence=medium method=APPLIED-AS-PROPOSED; sole_caller_path=AllocRobRmd_helper_80041988,KEEP,,
0x80041AC8,func_80041AC8,func_80041AC8,glabel,,75,src/main/31D3C.c:214,splat-auto,AUTO,splat-generated placeholder; makes no semantic claim,KEEP,,
0x80041BF4,func_80041BF4,func_80041BF4,glabel,,135,src/main/31D3C.c:277,splat-auto,AUTO,splat-generated placeholder; makes no semantic claim,KEEP,,
0x80041E10,eff_helper,func_80041E10,named_syms.txt/symbol_addrs.txt alias only,eff_helper_80041E10,40,,naming-analyzer(proposals_resolved),INFERRED,docs/naming/proposals_resolved.csv: confidence=none method=NO-PROPOSAL-NOW-NAMED; ,KEEP,,
0x80041EB0,func_80041EB0,func_80041EB0,glabel,,136,src/main/31D3C.c:368,splat-auto,AUTO,splat-generated placeholder; makes no semantic claim,KEEP,,
0x800420D0,replay_camera_helper,func_800420D0,named_syms.txt/symbol_addrs.txt alias only,replay_camera_helper_800420D0,6,,naming-analyzer(proposals_resolved),INFERRED,docs/naming/proposals_resolved.csv: confidence=none method=NO-PROPOSAL-NOW-NAMED; ,KEEP,,
0x800420E8,set_global,func_800420E8,named_syms.txt/symbol_addrs.txt alias only,set_global_800420E8,13,,naming-analyzer(proposals_resolved),INFERRED,docs/naming/proposals_resolved.csv: confidence=none method=NO-PROPOSAL-NOW-NAMED; ,KEEP,,
0x8004211C,game_helper,func_8004211C,named_syms.txt/symbol_addrs.txt alias only,game_helper_8004211C,34,,naming-analyzer(proposals_resolved),INFERRED,docs/naming/proposals_resolved.csv: confidence=none method=NO-PROPOSAL-NOW-NAMED; ,KEEP,,
0x800421A4,func_800421A4,func_800421A4,glabel,,9,src/main/31D3C.c:494,splat-auto,AUTO,splat-generated placeholder; makes no semantic claim,KEEP,,
0x800421C8,game_helper,func_800421C8,named_syms.txt/symbol_addrs.txt alias only,game_helper_800421C8,61,,naming-analyzer(proposals_resolved),INFERRED,docs/naming/proposals_resolved.csv: confidence=none method=NO-PROPOSAL-NOW-NAMED; ,KEEP,,
0x800422BC,func_800422BC,func_800422BC,glabel,,111,src/main/31D3C.c:521,splat-auto,AUTO,splat-generated placeholder; makes no semantic claim,KEEP,,
0x80042478,disp_set_fade_color,func_80042478,named_syms.txt/symbol_addrs.txt alias only,disp_set_fade_color_80042478,35,,naming-analyzer(proposals_resolved),INFERRED,docs/naming/proposals_resolved.csv: confidence=none method=NO-PROPOSAL-NOW-NAMED; ,KEEP,,
0x80042504,func_80042504,func_80042504,glabel,,96,src/main/32D04.c:11,splat-auto,AUTO,splat-generated placeholder; makes no semantic claim,KEEP,,
0x80042684,math_RgbToHsv,math_RgbToHsv,glabel,,110,src/main/32D04.c:84,computation-restatement,CORROBORATED,"computation-restatement: asm/funcs/func_80042684.s (110 insns, leaf, only args): in = s32[3] (r,g,b), out = s32[3]; V=max; S=((max-min)<<12)/max (0 if max==0); H: rc/gc/bc=((max-c)<<12)/delta, r==max: bc-gc, g==max: 0x2000+rc-bc, else 0x4000+gc-rc; H/=6 (0x2AAAAAAB magic); H<0 -> +0x1000; H=0 when S==0. This is the textbook (Smith/Foley-van Dam) RGB->HSV in 12-bit fixed point. Emulated vs reference over 30000 random triples: 0 mismatches; vs Python colorsys.rgb_to_hsv max error 1/4096 (tmp/naming_sweep/compute/verify.py).; verifier: in s32[3] rgb, out s32[3] = (H in 1/4096 turn, S in 1/4096, V=max). Fixed-point textbook hexcone RGB->HSV; 30000 triples (0..2^19-1, forced ties): 0 mismatches vs integer reference, 0 break traps; vs ",KEEP,,
0x8004283C,set_global,func_8004283C,named_syms.txt/symbol_addrs.txt alias only,set_global_8004283C,10,,naming-analyzer(proposals_resolved),INFERRED,docs/naming/proposals_resolved.csv: confidence=none method=NO-PROPOSAL-NOW-NAMED; ,KEEP,,
0x80042864,func_80042864,func_80042864,glabel,,4,src/main/32D04.c:174,splat-auto,AUTO,splat-generated placeholder; makes no semantic claim,KEEP,,
0x80042874,math_RotMatrixZXY,math_RotMatrixZXY,glabel,,133,src/main/32D04.c:176,computation-restatement,CORROBORATED,"computation-restatement: asm/funcs/func_80042874.s (133 insns, leaf, Judge sine table only): same I/O as 0x80042C80; permutation test (300 cases): only Z*X*Y fits (max err 1.96/4096, next 8164). Hand derivation agrees: m21 = sx, m01 = -cx*sz, m11 = cx*cz, m20 = -cx*sy, m22 = cx*cy, m00 = cy*cz - sx*sy*sz ...; verifier: Emulated 400 triples: only Rz*Rx*Ry fits (err 3.8/4096; next 8167); writes only m[3][3]. Letter order = product order as in the in-EXE RotMatrixZYX (Rz*Ry*Rx, proven by emulation).",KEEP,,
0x80042A88,math_RotMatrixYXZ,math_RotMatrixYXZ,glabel,,126,src/main/32D04.c:268,computation-restatement,CORROBORATED,"computation-restatement: asm/funcs/func_80042A88.s (126 insns, leaf, Judge sine table only): same I/O as 0x80042C80; permutation test (300 cases): only Y*X*Z fits (max err 1.93/4096, next 8109). Ry*Rx*Rz is the product libgte RotMatrixYXZ computes (psyz libgte.c:1332-1352: m[1][2] = -sx).; verifier: Emulated 400 SVECTOR angle triples: only Ry*Rx*Rz fits (err 3.7/4096; next 8167); writes only m[3][3]. Same product as libgte RotMatrixYXZ (psyz ref m[1][2]=-sx) and consistent with the in-EXE RotMatr",KEEP,,
0x80042C80,math_RotMatrixXYZ,math_RotMatrixXYZ,glabel,,132,src/main/32D04.c:339,computation-restatement,CORROBORATED,"computation-restatement: asm/funcs/func_80042C80.s (132 insns, leaf; only memory besides args is the Judge sine table): reads SVECTOR angles (vx,vy,vz) at a0, writes MATRIX m[3][3] (offsets 0..0x10 only; t[] untouched) at a1 using sin=T[a&0xFFF], cos=T[(a+0x400)&0xFFF]. Emulated 300 random angle triples vs all 6 products of Rx*Ry*Rz permutations: only X*Y*Z fits (max err 1.73/4096; next best 8144/4096). Rx*Ry*Rz is the product libgte RotMatrix computes (psyz libgte.c:1259-1285 reference; RotMatrix is VERIFIED at 0x8007F35C).; verifier: Emulated this function AND the EXE's own VERIFIED libgte bodies: RotMatrix@8007F35C = Rx*Ry*Rz (err 13.7/4096; next order 8132), RotMatrixZYX@8007F5EC = Rz*Ry*Rx - so in-binary Sony convention is lett",KEEP,,
0x80042E90,game_helper,func_80042E90,named_syms.txt/symbol_addrs.txt alias only,game_helper_80042E90,18,,naming-analyzer(proposals_resolved),INFERRED,docs/naming/proposals_resolved.csv: confidence=none method=NO-PROPOSAL-NOW-NAMED; ,KEEP,,
0x80042ED8,math_TransposeMatrixInPlace,math_TransposeMatrixInPlace,glabel,,14,src/main/32D04.c:406,computation-restatement,CORROBORATED,"computation-restatement: asm/funcs/func_80042ED8.s (14 insns, leaf, no call, no gp/lui access; EXE words 0x80042ED8..0x80042F0C): lhu +0xC,+0x4,+0x2,+0xA,+0x6,+0xE then sh +0x4<-old+0xC, +0x2<-old+0x6, +0xC<-old+0x4, +0x6<-old+0x2, +0xE<-old+0xA, +0xA<-old+0xE; +0x0,+0x8,+0x10 untouched. Read as LIBGTE.H MATRIX.m (short m[3][3] at +0, element (i,j) at 2*(3i+j)) these are exactly the swaps m01<->m10, m02<->m20, m12<->m21 = in-place 3x3 transpose (the swap set is the same for row- or column-major storage). emulator tmp/naming_sweep3/compute/emu/vemu.py = unmodified copy of the 2026-09-25 verifier interpreter tmp/naming_; verifier: [compute] Own interpreter tmp/naming_sweep3/compute/verify/cpu.py (written fresh; raw words from disc/SLUS_006.63; branch + load delay slots modelled, same-reg delay conflicts raise, unknown opcodes r",KEEP,,
0x80042F10,math_Rotate2D,math_Rotate2D,glabel,,36,src/main/32D04.c:427,computation-restatement,CORROBORATED,"computation-restatement: asm/funcs/func_80042F10.s (36 insns, leaf): s=T[a&0xFFF], c=T[(a+0x400)&0xFFF] with T = Judge@0x800973FC (proven full-circle sine table, see data row); *y = (s*x + c*y)>>12; *x = (c*x - s*y)>>12 (args: s32 *x, s32 *y, angle). Emulated vs formula, 20000 random cases: 0 mismatches (tmp/naming_sweep/compute/verify.py).; verifier: Args (s32 *x, s32 *y, angle): c=T[(a+0x400)&0xFFF], s=T[a&0xFFF]; *y=(s*x+c*y)>>12, *x=(c*x-s*y)>>12 (both inputs read before any store, so x==y aliasing is safe). 30000 cases incl. full-range s32 ang",KEEP,,
0x80042FA0,math_MatrixToAnglesYXZ,math_MatrixToAnglesYXZ,glabel,,81,src/main/32D04.c:443,computation-restatement,CORROBORATED,"computation-restatement: asm/funcs/func_80042FA0.s (81 insns; C src/text1a_c.c:523; 0 global refs in the body). a0 = MATRIX* M, a1 = SVECTOR* out. Body: v = ApplyMatrix(M, {0,0,0x1000}) [:19, VERIFIED LIBGTE/MTX_05 0x8007ED6C]; y = ratan2(v.x, v.z) [:23, VERIFIED LIBGTE/RATAN 0x8007FD5C]; c = rcos(y), s = rsin(y) [:28/:31, VERIFIED]; x' = ratan2(v.y, (c*v.z + s*v.x)>>12) [:43]; R = math_RotMatrixXYZ({x', -y, 0}) [:52, 0x80042C80, CORROBORATED - executed from EXE words, its name not relied on]; MulMatrix(R, M) [:55, VERIFIED LIBGTE/MTX_03 0x8007EB4C]; w = ApplyMatrix(R, {0,0x1000,0}) [:62]; z = -ratan2(w.x, w.y) [:66];; verifier: [api] Own harness tmp/naming_sweep3/api/verify/v/emu.py (re-typed R3000A+GTE interpreter, raw EXE words, branch+load delay, jal/jalr, div, break/add-overflow traps; strict memory: unprovided bytes rai",KEEP,,
0x800430E4,calc_helper,func_800430E4,named_syms.txt/symbol_addrs.txt alias only,calc_helper_800430E4,88,,naming-analyzer(proposals_resolved),INFERRED,docs/naming/proposals_resolved.csv: confidence=none method=NO-PROPOSAL-NOW-NAMED; ,KEEP,,
0x80043244,func_80043244,func_80043244,glabel,,13,src/main/32D04.c:520,splat-auto,AUTO,splat-generated placeholder; makes no semantic claim,KEEP,,
0x80043278,get_val,func_80043278,named_syms.txt/symbol_addrs.txt alias only,get_val_80043278,10,,naming-analyzer(proposals_resolved),INFERRED,docs/naming/proposals_resolved.csv: confidence=none method=NO-PROPOSAL-NOW-NAMED; ,KEEP,,
0x800432A0,func_800432A0,func_800432A0,glabel,,62,src/main/32D04.c:546,splat-auto,AUTO,splat-generated placeholder; makes no semantic claim,KEEP,,
0x80043398,AllocRobRmd_helper,func_80043398,named_syms.txt/symbol_addrs.txt alias only,AllocRobRmd_helper_80043398,19,,naming-analyzer(proposals_resolved),INFERRED,docs/naming/proposals_resolved.csv: confidence=medium method=APPLIED-AS-PROPOSED; sole_caller_path=AllocRobRmd_helper_80043398,KEEP,,
0x800433E4,func_800433E4,func_800433E4,glabel,,28,,splat-auto,AUTO,splat-generated placeholder; makes no semantic claim,KEEP,,
0x80043454,func_80043454,func_80043454,glabel,,479,src/main/32D04.c:613,splat-auto,AUTO,splat-generated placeholder; makes no semantic claim,KEEP,,
0x80043BD0,gpu_OffsetTexPolyFT3,gpu_OffsetTexPolyFT3,glabel,,43,src/main/32D04.c:806,computation-restatement,CORROBORATED,"computation-restatement: asm/funcs/func_80043BD0.s (leaf, only arg memory; args prim*, dx, dy, cx, stack cy): tpage@0x16 += (dx>>6, dy>>8) with field wrap (gpu_OffsetTPage expression), each v byte @0xD,0x15,0x1D += dy (mod 256), clut@0xE += (cx>>4, cy) (gpu_OffsetClut expression); no other byte changes. Offsets are exactly POLY_FT3 u/v/clut/tpage in LIBGPU.H (tmp/croc-ref/include/psyq/libgpu.h:349-436). Only caller func_80043454 calls it twice per item on p and p+0x20 = sizeof(POLY_FT3) (asm/funcs/func_80043454.s:158-213: FT3 +0x20, FT4 +0x28, GT3 +0x28, GT4 +0x34). Emulated 3000 random 64-byte buffers, whole buffer c; verifier: Whole 64-byte buffer compared, 4000 cases, cy passed as 5th arg at 0x10(sp): only tpage@0x16, clut@0xE, v@0xD/0x15/0x1D change = POLY_FT3 field offsets (croc-ref libgpu.h typedef closing at :361). Ext",KEEP,,
0x80043C7C,gpu_OffsetTexPolyFT4,gpu_OffsetTexPolyFT4,glabel,,46,src/main/32D04.c:826,computation-restatement,CORROBORATED,"computation-restatement: asm/funcs/func_80043C7C.s (leaf, only arg memory; args prim*, dx, dy, cx, stack cy): tpage@0x16 += (dx>>6, dy>>8) with field wrap (gpu_OffsetTPage expression), each v byte @0xD,0x15,0x1D,0x25 += dy (mod 256), clut@0xE += (cx>>4, cy) (gpu_OffsetClut expression); no other byte changes. Offsets are exactly POLY_FT4 u/v/clut/tpage in LIBGPU.H (tmp/croc-ref/include/psyq/libgpu.h:349-436). Only caller func_80043454 calls it twice per item on p and p+0x28 = sizeof(POLY_FT4) (asm/funcs/func_80043454.s:158-213: FT3 +0x20, FT4 +0x28, GT3 +0x28, GT4 +0x34). Emulated 3000 random 64-byte buffers, whole buf; verifier: Whole-buffer emulation 4000 cases: only tpage@0x16, clut@0xE, v@0xD/0x15/0x1D/0x25 change = POLY_FT4 (libgpu.h typedef closing at :378); caller index 1 = code 0x2C>>3&3, stride 0x28 = sizeof(POLY_FT4)",KEEP,,
0x80043D34,gpu_OffsetTexPolyGT3,gpu_OffsetTexPolyGT3,glabel,,43,src/main/32D04.c:848,computation-restatement,CORROBORATED,"computation-restatement: asm/funcs/func_80043D34.s (leaf, only arg memory; args prim*, dx, dy, cx, stack cy): tpage@0x1A += (dx>>6, dy>>8) with field wrap (gpu_OffsetTPage expression), each v byte @0xD,0x19,0x25 += dy (mod 256), clut@0xE += (cx>>4, cy) (gpu_OffsetClut expression); no other byte changes. Offsets are exactly POLY_GT3 u/v/clut/tpage in LIBGPU.H (tmp/croc-ref/include/psyq/libgpu.h:349-436). Only caller func_80043454 calls it twice per item on p and p+0x28 = sizeof(POLY_GT3) (asm/funcs/func_80043454.s:158-213: FT3 +0x20, FT4 +0x28, GT3 +0x28, GT4 +0x34). Emulated 3000 random 64-byte buffers, whole buffer c; verifier: Whole-buffer emulation 4000 cases: only tpage@0x1A, clut@0xE, v@0xD/0x19/0x25 change = POLY_GT3 (libgpu.h typedef closing at :416); caller index 2 = code 0x34>>3&3, stride 0x28 = sizeof(POLY_GT3).",KEEP,,
0x80043DE0,gpu_OffsetTexPolyGT4,gpu_OffsetTexPolyGT4,glabel,,46,src/main/32D04.c:868,computation-restatement,CORROBORATED,"computation-restatement: asm/funcs/func_80043DE0.s (leaf, only arg memory; args prim*, dx, dy, cx, stack cy): tpage@0x1A += (dx>>6, dy>>8) with field wrap (gpu_OffsetTPage expression), each v byte @0xD,0x19,0x25,0x31 += dy (mod 256), clut@0xE += (cx>>4, cy) (gpu_OffsetClut expression); no other byte changes. Offsets are exactly POLY_GT4 u/v/clut/tpage in LIBGPU.H (tmp/croc-ref/include/psyq/libgpu.h:349-436). Only caller func_80043454 calls it twice per item on p and p+0x34 = sizeof(POLY_GT4) (asm/funcs/func_80043454.s:158-213: FT3 +0x20, FT4 +0x28, GT3 +0x28, GT4 +0x34). Emulated 3000 random 64-byte buffers, whole buf; verifier: Whole-buffer emulation 4000 cases: only tpage@0x1A, clut@0xE, v@0xD/0x19/0x25/0x31 change = POLY_GT4 (libgpu.h typedef closing at :436); caller index 3 = code 0x3C>>3&3, stride 0x34 = sizeof(POLY_GT4)",KEEP,,
0x80043E98,gpu_OffsetTPageClutAt0And4,gpu_OffsetTPageClutAt0And4,glabel,,29,src/main/32D04.c:886,computation-restatement,CORROBORATED,"computation-restatement: asm/funcs/func_80043E98.s (29 insns; C src/text1a_c.c:1012): s2=a0; a1,a2 sign-extended 16; lh a0<-0(s2); jal gpu_OffsetTPage 0x80043F80 [CORROBORATED computation-restatement: (s16)((tp&~0x1F)|((((tp>>4)&1)+(dy>>8))&1)<<4|(((tp&0xF)+(dx>>6))&0xF)) = LIBGPU getTPage x/64,y/256 fields]; sh v0->0(s2); a0=lh 4(s2), a1=(s16)a3, a2=(s16)stack arg at caller sp+0x10; jal gpu_OffsetClut 0x80043FCC [CORROBORATED computation-restatement: (c&0x8000)|(((c>>6&0x1FF)+cy)&0x1FF)<<6|(((c&0x3F)+(cx>>4))&0x3F) = getClut layout]; sh v0->4(s2). Emulated from raw EXE words incl. both callees' own words (tmp/naming_; verifier: [struct] Own harness verify/test_tpclut.py over own raw-word interpreter verify/rawemu.py (decodes EXE words itself, branch+load delay slots, add/sub overflow traps, strict reads: any read of never-wr",KEEP,,
0x80043F0C,gpu_OffsetTPageClutAt6And2,gpu_OffsetTPageClutAt6And2,glabel,,29,src/main/32D04.c:896,computation-restatement,CORROBORATED,"computation-restatement: asm/funcs/func_80043F0C.s (29 insns; C src/text1a_c.c:1020): same code as 0x80043E98 except the field offsets: lh a0<-6(s2) -> jal gpu_OffsetTPage 0x80043F80 [CORROBORATED computation-restatement] -> sh 6(s2); lh a0<-2(s2), a1=(s16)a3, a2=(s16)stack arg -> jal gpu_OffsetClut 0x80043FCC [CORROBORATED computation-restatement] -> sh 2(s2). Same harness and case set (tmp/naming_sweep3/struct/emu_tpclut.py): 101008 cases, halfword +6 == OffsetTPage(old,dx,dy), halfword +2 == OffsetClut(old,cx,cy), bytes +0,+1,+4,+5 untouched, no other non-stack write: 0 mismatches.; verifier: [struct] Raw words differ from 0x80043E98 only in the field displacements (lh/sh 6 for the gpu_OffsetTPage leg, lh/sh 2 for the gpu_OffsetClut leg; jal 0x80043F80 and 0x80043FCC decoded from 0x0C010FE",KEEP,,
0x80043F80,gpu_OffsetTPage,gpu_OffsetTPage,glabel,,19,src/main/32D04.c:903,computation-restatement,CORROBORATED,"computation-restatement: asm/funcs/func_80043F80.s (19 insns, leaf, no memory): returns (s16)((tp & ~0x1F) | ((((tp>>4)&1) + (dy>>8)) & 1)<<4 | (((tp&0xF) + (dx>>6)) & 0xF)) with dx,dy = s16 args. Bits 0-3 = x/64 and bit 4 = y/256 are exactly the texture-page fields of LIBGPU.H getTPage (tmp/croc-ref/include/psyq/libgpu.h:230-232). The identical expression is inlined on the tpage field (+0x16) of POLY_FT3/FT4 in 0x80043BD0/0x80043C7C. Emulated 20000 cases vs formula: 0 mismatches.; verifier: (s16)((tp&~0x1F) | ((((tp>>4)&1)+((s16)dy>>8))&1)<<4 | (((tp&0xF)+((s16)dx>>6))&0xF)); 30000 cases incl. full-s32 args: 0 mismatches. Bits 0-3 = x/64, bit 4 = y/256 per LIBGPU.H getTPage (croc-ref lib",KEEP,,
0x80043FCC,gpu_OffsetClut,gpu_OffsetClut,glabel,,17,src/main/32D04.c:912,computation-restatement,CORROBORATED,"computation-restatement: asm/funcs/func_80043FCC.s (17 insns, leaf, no memory): returns (s16)((c & 0x8000) | (((c>>6 & 0x1FF) + cy) & 0x1FF)<<6 | (((c & 0x3F) + (cx>>4)) & 0x3F)). x/16 in bits 0-5, y in bits 6-14 = LIBGPU.H getClut layout (libgpu.h:234). Same expression inlined on the clut field (+0xE) of POLY_FT3/FT4/GT3/GT4 in 0x80043BD0..0x80043DE0. Emulated 20000 cases: 0 mismatches.; verifier: (s16)((c&0x8000) | ((((c>>6)&0x1FF)+cy)&0x1FF)<<6 | (((c&0x3F)+((s16)cx>>4))&0x3F)); 30000 cases: 0 mismatches. Field layout = LIBGPU.H getClut ((y<<6)|((x>>4)&0x3f)).",KEEP,,
0x80044010,prim_buffer_open_slot,func_80044010,named_syms.txt/symbol_addrs.txt alias only,prim_buffer_open_slot_80044010,34,,naming-analyzer(proposals_resolved),INFERRED,docs/naming/proposals_resolved.csv: confidence=none method=NO-PROPOSAL-NOW-NAMED; ,KEEP,,
0x80044098,func_80044098,func_80044098,glabel,,26,src/main/32D04.c:945,splat-auto,AUTO,splat-generated placeholder; makes no semantic claim,KEEP,,
0x80044100,prim_buffer_relocate_slot,func_80044100,named_syms.txt/symbol_addrs.txt alias only,prim_buffer_relocate_slot_80044100,28,,naming-analyzer(proposals_resolved),INFERRED,docs/naming/proposals_resolved.csv: confidence=none method=NO-PROPOSAL-NOW-NAMED; ,KEEP,,
0x80044170,func_80044170,func_80044170,glabel,,71,src/main/32D04.c:990,splat-auto,AUTO,splat-generated placeholder; makes no semantic claim,KEEP,,
0x8004428C,func_8004428C,func_8004428C,glabel,,59,src/main/32D04.c:1036,splat-auto,AUTO,splat-generated placeholder; makes no semantic claim,KEEP,,
0x80044378,func_80044378,func_80044378,glabel,,72,src/main/32D04.c:1088,splat-auto,AUTO,splat-generated placeholder; makes no semantic claim,KEEP,,
0x80044498,clear_array_8010367E,func_80044498,named_syms.txt/symbol_addrs.txt alias only,clear_array_8010367E_80044498,9,,naming-analyzer(proposals_resolved),INFERRED,docs/naming/proposals_resolved.csv: confidence=none method=NO-PROPOSAL-NOW-NAMED; ,KEEP,,
0x800444BC,func_800444BC,func_800444BC,glabel,,9,src/main/32D04.c:1160,splat-auto,AUTO,splat-generated placeholder; makes no semantic claim,KEEP,,
0x800444E0,func_800444E0,func_800444E0,glabel,,9,src/main/32D04.c:1162,splat-auto,AUTO,splat-generated placeholder; makes no semantic claim,KEEP,,
0x80044504,func_80044504,func_80044504,glabel,,83,src/main/32D04.c:1168,splat-auto,AUTO,splat-generated placeholder; makes no semantic claim,KEEP,,
0x80044650,init_fade_panel_wrapper,func_80044650,named_syms.txt/symbol_addrs.txt alias only,init_fade_panel_wrapper_80044650,8,,naming-analyzer(proposals_resolved),INFERRED,docs/naming/proposals_resolved.csv: confidence=none method=NO-PROPOSAL-NOW-NAMED; ,KEEP,,
0x80044670,func_80044670,func_80044670,glabel,,51,src/main/32D04.c:1200,splat-auto,AUTO,splat-generated placeholder; makes no semantic claim,KEEP,,
0x8004473C,game_helper,func_8004473C,named_syms.txt/symbol_addrs.txt alias only,game_helper_8004473C,49,,naming-analyzer(proposals_resolved),INFERRED,docs/naming/proposals_resolved.csv: confidence=none method=NO-PROPOSAL-NOW-NAMED; string_adjacent_info=?,KEEP,,
0x80044800,func_80044800,func_80044800,glabel,,204,src/main/35000.c:11,splat-auto,AUTO,splat-generated placeholder; makes no semantic claim,KEEP,,
0x80044B30,func_80044B30,func_80044B30,glabel,,80,src/main/35000.c:110,splat-auto,AUTO,splat-generated placeholder; makes no semantic claim,KEEP,,
0x80044C70,func_80044C70,func_80044C70,glabel,,23,src/main/35000.c:155,splat-auto,AUTO,splat-generated placeholder; makes no semantic claim,KEEP,,
0x80044CCC,func_80044CCC,func_80044CCC,glabel,,70,src/main/35000.c:161,splat-auto,AUTO,splat-generated placeholder; makes no semantic claim,KEEP,,
0x80044DE4,hirahira_flap_wing_calc,func_80044DE4,named_syms.txt/symbol_addrs.txt alias only,hirahira_flap_wing_calc_80044DE4,32,,naming-analyzer(proposals_resolved),INFERRED,docs/naming/proposals_resolved.csv: confidence=medium method=APPLIED-DIFFERENTLY; sole_caller_path=hirahira_w_ctrl_helper_80044DE4,KEEP,,
0x80044E64,const_return_0x25,func_80044E64,named_syms.txt/symbol_addrs.txt alias only,const_return_0x25_80044E64,2,,computation-restatement,CORROBORATED,"computation-restatement: asm/funcs/func_80044E64.s: `jr ra; addiu v0, zero, 0x25` (2 insns). Emulated 2000 random/edge argument sets: v0 == 0x25, no memory write, 0 mismatches. [emulation: tmp/naming_sweep2/misc/verify_out.txt; scripts verify*.py; emu.py = the 2026-09-24 verifier interpreter (decodes RAW EXE words, branch+load delay slots, callees emulated) + a minimal GTE: reg moves, lwc2/swc2, SQR, MVMVA, LZCS/LZCR per psx-spx]; verifier: [misc] jr ra; addiu v0,zero,0x25. emulation: own interpreter tmp/naming_sweep2/misc/verify/r3k.py (raw EXE words, branch+load delay slots, GTE subset per psx-spx), runs in v_emu.py -> v_emu_out.txt: 2",KEEP,,
0x80044E6C,const_return_0x26,func_80044E6C,named_syms.txt/symbol_addrs.txt alias only,const_return_0x26_80044E6C,2,,computation-restatement,CORROBORATED,"computation-restatement: asm/funcs/func_80044E6C.s: `jr ra; addiu v0, zero, 0x26` (2 insns). Emulated 2000 random/edge argument sets: v0 == 0x26, no memory write, 0 mismatches. [emulation: tmp/naming_sweep2/misc/verify_out.txt; scripts verify*.py; emu.py = the 2026-09-24 verifier interpreter (decodes RAW EXE words, branch+load delay slots, callees emulated) + a minimal GTE: reg moves, lwc2/swc2, SQR, MVMVA, LZCS/LZCR per psx-spx]; verifier: [misc] jr ra; addiu v0,zero,0x26. emulation: own interpreter tmp/naming_sweep2/misc/verify/r3k.py (raw EXE words, branch+load delay slots, GTE subset per psx-spx), runs in v_emu.py -> v_emu_out.txt: 2",KEEP,,
0x80044E74,func_80044E74,func_80044E74,glabel,,25,src/main/35000.c:211,splat-auto,AUTO,splat-generated placeholder; makes no semantic claim,KEEP,,
0x80044ED8,func_80044ED8,func_80044ED8,glabel,,22,src/main/35000.c:218,splat-auto,AUTO,splat-generated placeholder; makes no semantic claim,KEEP,,
0x80044F30,func_80044F30,func_80044F30,glabel,,8,src/main/35000.c:229,splat-auto,AUTO,splat-generated placeholder; makes no semantic claim,KEEP,,
0x80044F50,func_80044F50,func_80044F50,glabel,,12,src/main/35000.c:231,splat-auto,AUTO,splat-generated placeholder; makes no semantic claim,KEEP,,
0x80044F80,func_80044F80,func_80044F80,glabel,,8,src/main/35000.c:239,splat-auto,AUTO,splat-generated placeholder; makes no semantic claim,KEEP,,
0x80044FA0,func_80044FA0,func_80044FA0,glabel,,56,src/main/35000.c:244,splat-auto,AUTO,splat-generated placeholder; makes no semantic claim,KEEP,,
0x80045080,func_80045080,func_80045080,glabel,,15,src/main/35000.c:278,splat-auto,AUTO,splat-generated placeholder; makes no semantic claim,KEEP,,
0x800450BC,seq_Start,seq_Start,glabel,,14,src/main/35000.c:294,unattributed,INFERRED,"named outside every recorded evidence path (Kengo / PsyQ / renamer map / naming-analyzer CSVs); provenance UNKNOWN — cannot be defended, treat as review-required; introduced by commit 4c7390cc3 readability: rename 29 func_ functions to semantic names; body at src/main/35000.c:294",KEEP,,
0x800450F4,func_800450F4,func_800450F4,glabel,,37,src/main/35000.c:302,splat-auto,AUTO,splat-generated placeholder; makes no semantic claim,KEEP,,
0x80045188,seq_Reset,seq_Reset,glabel,,3,src/main/35000.c:332,unattributed,INFERRED,"named outside every recorded evidence path (Kengo / PsyQ / renamer map / naming-analyzer CSVs); provenance UNKNOWN — cannot be defended, treat as review-required; introduced by commit 4c7390cc3 readability: rename 29 func_ functions to semantic names; body at src/main/35000.c:332",KEEP,,
0x80045194,seq_GetState,seq_GetState,glabel,,3,src/main/35000.c:334,unattributed,INFERRED,"named outside every recorded evidence path (Kengo / PsyQ / renamer map / naming-analyzer CSVs); provenance UNKNOWN — cannot be defended, treat as review-required; introduced by commit 4c7390cc3 readability: rename 29 func_ functions to semantic names; body at src/main/35000.c:334",KEEP,,
0x800451A0,func_800451A0,func_800451A0,glabel,,12,src/main/35000.c:336,splat-auto,AUTO,splat-generated placeholder; makes no semantic claim,KEEP,,
0x800451D0,func_800451D0,func_800451D0,glabel,,24,src/main/35000.c:338,splat-auto,AUTO,splat-generated placeholder; makes no semantic claim,KEEP,,
0x80045230,func_80045230,func_80045230,glabel,,25,src/main/35000.c:350,splat-auto,AUTO,splat-generated placeholder; makes no semantic claim,KEEP,,
0x80045294,func_80045294,func_80045294,glabel,,83,src/main/35000.c:366,splat-auto,AUTO,splat-generated placeholder; makes no semantic claim,KEEP,,
0x800453E0,channel_helper,func_800453E0,named_syms.txt/symbol_addrs.txt alias only,channel_helper_800453E0,76,,naming-analyzer(proposals_resolved),INFERRED,docs/naming/proposals_resolved.csv: confidence=none method=NO-PROPOSAL-NOW-NAMED; string_adjacent_info=?,KEEP,,
0x80045510,func_80045510,func_80045510,glabel,,39,src/main/35000.c:419,splat-auto,AUTO,splat-generated placeholder; makes no semantic claim,KEEP,,
0x800455AC,func_800455AC,func_800455AC,glabel,,21,src/main/35000.c:435,splat-auto,AUTO,splat-generated placeholder; makes no semantic claim,KEEP,,
0x80045600,func_80045600,func_80045600,glabel,,37,src/main/35000.c:451,splat-auto,AUTO,splat-generated placeholder; makes no semantic claim,KEEP,,
0x80045694,func_80045694,func_80045694,glabel,,23,src/main/35000.c:487,splat-auto,AUTO,splat-generated placeholder; makes no semantic claim,KEEP,,
0x800456F0,player_helper,func_800456F0,named_syms.txt/symbol_addrs.txt alias only,player_helper_800456F0,23,,naming-analyzer(proposals_resolved),INFERRED,docs/naming/proposals_resolved.csv: confidence=none method=NO-PROPOSAL-NOW-NAMED; string_adjacent_info=?,KEEP,,
0x8004574C,func_8004574C,func_8004574C,glabel,,21,src/main/35000.c:509,splat-auto,AUTO,splat-generated placeholder; makes no semantic claim,KEEP,,
0x800457A0,audio_helper,func_800457A0,named_syms.txt/symbol_addrs.txt alias only,audio_helper_800457A0,13,,naming-analyzer(proposals_resolved),INFERRED,docs/naming/proposals_resolved.csv: confidence=none method=NO-PROPOSAL-NOW-NAMED; ,KEEP,,
0x800457D4,empty_stub,func_800457D4,named_syms.txt/symbol_addrs.txt alias only,empty_stub_800457D4,2,,computation-restatement,CORROBORATED,"computation-restatement: asm/funcs/func_800457D4.s: `jr ra; nop` (2 insns). Emulated 2000 arg sets: no memory write, a0-a3 untouched, 0 mismatches. [emulation: tmp/naming_sweep2/misc/verify_out.txt; scripts verify*.py; emu.py = the 2026-09-24 verifier interpreter (decodes RAW EXE words, branch+load delay slots, callees emulated) + a minimal GTE: reg moves, lwc2/swc2, SQR, MVMVA, LZCS/LZCR per psx-spx]; verifier: [misc] jr ra; nop. emulation: own interpreter tmp/naming_sweep2/misc/verify/r3k.py (raw EXE words, branch+load delay slots, GTE subset per psx-spx), runs in v_emu.py -> v_emu_out.txt: 2000 arg sets, v",KEEP,,
0x800457DC,load_D_800A33A4,func_800457DC,named_syms.txt/symbol_addrs.txt alias only,load_D_800A33A4_800457DC,3,,naming-analyzer(proposals_resolved),INFERRED,docs/naming/proposals_resolved.csv: confidence=medium method=APPLIED-DIFFERENTLY; kengo_pattern=efc_ougi_Init_800457DC,KEEP,,
0x800457E8,func_800457E8,func_800457E8,glabel,,5,src/main/35000.c:532,splat-auto,AUTO,splat-generated placeholder; makes no semantic claim,KEEP,,
0x800457FC,load_D_800A33A0,func_800457FC,named_syms.txt/symbol_addrs.txt alias only,load_D_800A33A0_800457FC,3,,naming-analyzer(proposals_resolved),INFERRED,docs/naming/proposals_resolved.csv: confidence=medium method=APPLIED-DIFFERENTLY; kengo_pattern=efc_ougi_Init_800457FC; string_adjacent_info=?,KEEP,,
0x80045808,const_return_0x45000,func_80045808,named_syms.txt/symbol_addrs.txt alias only,const_return_0x45000_80045808,3,,computation-restatement,CORROBORATED,"computation-restatement: asm/funcs/func_80045808.s: `lui v0,4; jr ra; ori v0,v0,0x5000` = return 0x45000. Emulated 2000 arg sets: v0 == 0x45000, no memory write, 0 mismatches. [emulation: tmp/naming_sweep2/misc/verify_out.txt; scripts verify*.py; emu.py = the 2026-09-24 verifier interpreter (decodes RAW EXE words, branch+load delay slots, callees emulated) + a minimal GTE: reg moves, lwc2/swc2, SQR, MVMVA, LZCS/LZCR per psx-spx]; verifier: [misc] lui v0,4; jr ra; ori v0,v0,0x5000 = 0x45000. emulation: own interpreter tmp/naming_sweep2/misc/verify/r3k.py (raw EXE words, branch+load delay slots, GTE subset per psx-spx), runs in v_emu.py -",KEEP,,
0x80045814,get_ptr_D_800A9D10,func_80045814,named_syms.txt/symbol_addrs.txt alias only,get_ptr_D_800A9D10_80045814,4,,naming-analyzer(proposals_resolved),INFERRED,docs/naming/proposals_resolved.csv: confidence=medium method=APPLIED-DIFFERENTLY; kengo_pattern=replay_camera_check_stage_80045814; string_adjacent_info=?,KEEP,,
0x80045824,func_80045824,func_80045824,glabel,,21,src/main/35000.c:540,splat-auto,AUTO,splat-generated placeholder; makes no semantic claim,KEEP,,
0x80045878,player_helper,func_80045878,named_syms.txt/symbol_addrs.txt alias only,player_helper_80045878,108,,naming-analyzer(proposals_resolved),INFERRED,docs/naming/proposals_resolved.csv: confidence=none method=NO-PROPOSAL-NOW-NAMED; ,KEEP,,
0x80045A28,func_80045A28,func_80045A28,glabel,,10,src/main/35000.c:597,splat-auto,AUTO,splat-generated placeholder; makes no semantic claim,KEEP,,
0x80045A50,func_80045A50,func_80045A50,glabel,,21,src/main/35000.c:604,splat-auto,AUTO,splat-generated placeholder; makes no semantic claim,KEEP,,
0x80045AA4,func_80045AA4,func_80045AA4,glabel,,49,src/main/35000.c:618,splat-auto,AUTO,splat-generated placeholder; makes no semantic claim,KEEP,,
0x80045B68,func_80045B68,func_80045B68,glabel,,302,src/main/35000.c:645,splat-auto,AUTO,splat-generated placeholder; makes no semantic claim,KEEP,,
0x80046020,func_80046020,func_80046020,glabel,,10,src/main/35000.c:782,splat-auto,AUTO,splat-generated placeholder; makes no semantic claim,KEEP,,
0x80046048,audio_chain_fade_load,func_80046048,named_syms.txt/symbol_addrs.txt alias only,audio_chain_fade_load_80046048,39,,naming-analyzer(proposals_resolved),INFERRED,docs/naming/proposals_resolved.csv: confidence=none method=NO-PROPOSAL-NOW-NAMED; ,KEEP,,
0x800460E4,md_game_ExecMode,func_800460E4,named_syms.txt/symbol_addrs.txt alias only,md_game_ExecMode_800460E4,248,,naming-analyzer(proposals_resolved),INFERRED,docs/naming/proposals_resolved.csv: confidence=none method=NO-PROPOSAL-NOW-NAMED; ,KEEP,,
0x800464C4,md_game_FlushDeferred,func_800464C4,named_syms.txt/symbol_addrs.txt alias only,md_game_FlushDeferred_800464C4,54,,naming-analyzer(proposals_resolved),INFERRED,docs/naming/proposals_resolved.csv: confidence=none method=NO-PROPOSAL-NOW-NAMED; ,KEEP,,
0x8004659C,mode_helper,func_8004659C,named_syms.txt/symbol_addrs.txt alias only,mode_helper_8004659C,60,,naming-analyzer(proposals_resolved),INFERRED,docs/naming/proposals_resolved.csv: confidence=none method=NO-PROPOSAL-NOW-NAMED; ,KEEP,,
0x8004668C,func_8004668C,func_8004668C,glabel,,13,src/main/368E4.c:246,splat-auto,AUTO,splat-generated placeholder; makes no semantic claim,KEEP,,
0x800466C0,func_800466C0,func_800466C0,glabel,,48,src/main/368E4.c:255,splat-auto,AUTO,splat-generated placeholder; makes no semantic claim,KEEP,,
0x80046780,func_80046780,func_80046780,glabel,,3,src/main/368E4.c:310,splat-auto,AUTO,splat-generated placeholder; makes no semantic claim,KEEP,,
0x8004678C,func_8004678C,func_8004678C,glabel,,3,src/main/368E4.c:312,splat-auto,AUTO,splat-generated placeholder; makes no semantic claim,KEEP,,
0x80046798,get_stage_id,func_80046798,named_syms.txt/symbol_addrs.txt alias only,get_stage_id_80046798,4,,naming-analyzer(proposals_resolved),INFERRED,docs/naming/proposals_resolved.csv: confidence=none method=NO-PROPOSAL-NOW-NAMED; ,KEEP,,
0x800467A8,stage_GetVariant,func_800467A8,src/*.c definition + named_syms alias,stage_GetVariant_800467A8,4,src/main/368E4.c:316,naming-analyzer(proposals_resolved),INFERRED,docs/naming/proposals_resolved.csv: confidence=none method=NO-PROPOSAL-NOW-NAMED; ; body at src/main/368E4.c:316,KEEP,,
0x800467B8,func_800467B8,func_800467B8,glabel,,62,src/main/368E4.c:318,splat-auto,AUTO,splat-generated placeholder; makes no semantic claim,KEEP,,
0x800468B0,func_800468B0,func_800468B0,glabel,,11,src/main/368E4.c:351,splat-auto,AUTO,splat-generated placeholder; makes no semantic claim,KEEP,,
0x800468DC,func_800468DC,func_800468DC,glabel,,14,src/main/368E4.c:356,splat-auto,AUTO,splat-generated placeholder; makes no semantic claim,KEEP,,
0x80046914,func_80046914,func_80046914,glabel,,8,src/main/368E4.c:361,splat-auto,AUTO,splat-generated placeholder; makes no semantic claim,KEEP,,
0x80046934,func_80046934,func_80046934,glabel [LINK-MAP DESYNC: src defines 'snd_AllocSe'],snd_AllocSe,8,,splat-auto,AUTO,splat-generated placeholder; makes no semantic claim,KEEP,,
0x80046954,empty_stub,func_80046954,named_syms.txt/symbol_addrs.txt alias only [LINK-MAP DESYNC: src defines 'snd_SeNullCallback'],empty_stub_80046954;snd_SeNullCallback,2,,naming-analyzer(proposals_resolved),INFERRED,docs/naming/proposals_resolved.csv: confidence=none method=NO-PROPOSAL-NOW-NAMED; ,KEEP,,
0x8004695C,func_8004695C,func_8004695C,glabel,,17,src/main/368E4.c:367,splat-auto,AUTO,splat-generated placeholder; makes no semantic claim,KEEP,,
0x800469A0,func_800469A0,func_800469A0,glabel,,9,src/main/368E4.c:373,splat-auto,AUTO,splat-generated placeholder; makes no semantic claim,KEEP,,
0x800469C4,func_800469C4,func_800469C4,glabel,,39,src/main/368E4.c:377,splat-auto,AUTO,splat-generated placeholder; makes no semantic claim,KEEP,,
0x80046A60,func_80046A60,func_80046A60,glabel,,8,src/main/368E4.c:394,splat-auto,AUTO,splat-generated placeholder; makes no semantic claim,KEEP,,
0x80046A80,func_80046A80,func_80046A80,glabel,,8,src/main/368E4.c:396,splat-auto,AUTO,splat-generated placeholder; makes no semantic claim,KEEP,,
0x80046AA0,snd_StopAll,func_80046AA0,src/*.c definition + named_syms alias,snd_StopAll_80046AA0,18,src/main/368E4.c:398,naming-analyzer(proposals_resolved),INFERRED,docs/naming/proposals_resolved.csv: confidence=none method=NO-PROPOSAL-NOW-NAMED; ; body at src/main/368E4.c:398,KEEP,,
0x80046AE8,rcnt_StartCnt1,rcnt_StartCnt1,glabel,rcnt_StartCnt1,14,src/main/368E4.c:407,apiscan-restatement,CORROBORATED,"apiscan-restatement: asm/funcs/func_80046AE8.s:4-11 (src/sound.c:229): SetRCnt(0xF2000001, -1, 0x2000); StartRCnt(0xF2000001) [SetRCnt/StartRCnt VERIFIED]. tmp/psy-q-decomp-reference/include/KERNEL.H:19 DescRC = 0xf2000000, :43 RCntCNT1 = (DescRC|0x01), :48 RCntMdNOINTR = 0x2000.; verifier: Body (asm + src/sound.c:229): SetRCnt(0xF2000001,-1,0x2000); StartRCnt(0xF2000001) [VERIFIED]. KERNEL.H:19,43,48: RCntCNT1=DescRC|1, RCntMdNOINTR=0x2000. Nothing sound-related -> old name contradicted",KEEP,,
0x80046B20,rcnt_GetCnt1,rcnt_GetCnt1,glabel,,9,src/main/368E4.c:412,apiscan-restatement,CORROBORATED,"apiscan-restatement: asm/funcs/func_80046B20.s:4-9 (src/sound.c:234): GetRCnt(0xF2000001) [VERIFIED]; v0 is returned untouched (the C spells it void). tmp/psy-q-decomp-reference/include/KERNEL.H:43 RCntCNT1.; verifier: Body: GetRCnt(0xF2000001) [VERIFIED], v0 left as the return (C spells void). No in-tree caller (grep asm/src). Old name contradicted. No collision.",KEEP,,
0x80046B44,game_Init,func_80046B44,src/*.c definition + named_syms alias,game_Init_80046B44,44,src/main/368E4.c:414,naming-analyzer(proposals_resolved),INFERRED,docs/naming/proposals_resolved.csv: confidence=none method=NO-PROPOSAL-NOW-NAMED; ; body at src/main/368E4.c:414,KEEP,,
0x80046BF4,func_80046BF4,func_80046BF4,glabel,,109,src/main/368E4.c:447,splat-auto,AUTO,splat-generated placeholder; makes no semantic claim,KEEP,,
0x80046DA8,func_80046DA8,func_80046DA8,glabel,,15,src/main/368E4.c:502,splat-auto,AUTO,splat-generated placeholder; makes no semantic claim,KEEP,,
0x80046DE4,game_GetDummyFlag,func_80046DE4,src/*.c definition + named_syms alias,game_GetDummyFlag_80046DE4,2,src/main/368E4.c:510,naming-analyzer(proposals_resolved),INFERRED,docs/naming/proposals_resolved.csv: confidence=none method=NO-PROPOSAL-NOW-NAMED; ; body at src/main/368E4.c:510,KEEP,,
0x80046DEC,game_GetPlayerData,func_80046DEC,src/*.c definition + named_syms alias,game_GetPlayerData_80046DEC,11,src/main/368E4.c:512,naming-analyzer(proposals_resolved),INFERRED,docs/naming/proposals_resolved.csv: confidence=none method=NO-PROPOSAL-NOW-NAMED; ; body at src/main/368E4.c:512,KEEP,,
0x80046E18,game_GetPlayerBase,func_80046E18,src/*.c definition + named_syms alias,game_GetPlayerBase_80046E18,11,src/main/368E4.c:520,naming-analyzer(proposals_resolved),INFERRED,docs/naming/proposals_resolved.csv: confidence=none method=NO-PROPOSAL-NOW-NAMED; ; body at src/main/368E4.c:520,KEEP,,
0x80046E44,func_80046E44,func_80046E44,glabel,,4,src/main/368E4.c:528,splat-auto,AUTO,splat-generated placeholder; makes no semantic claim,KEEP,,
0x80046E54,func_80046E54,func_80046E54,glabel,,10,src/main/368E4.c:530,splat-auto,AUTO,splat-generated placeholder; makes no semantic claim,KEEP,,
0x80046E7C,func_80046E7C,func_80046E7C,glabel,,4,src/main/368E4.c:538,splat-auto,AUTO,splat-generated placeholder; makes no semantic claim,KEEP,,
0x80046E8C,func_80046E8C,func_80046E8C,glabel,,5,src/main/368E4.c:540,splat-auto,AUTO,splat-generated placeholder; makes no semantic claim,KEEP,,
0x80046EA0,func_80046EA0,func_80046EA0,glabel,,15,src/main/368E4.c:542,splat-auto,AUTO,splat-generated placeholder; makes no semantic claim,KEEP,,
0x80046EDC,game_StageCleanup,func_80046EDC,src/*.c definition + named_syms alias,game_StageCleanup_80046EDC,14,src/main/368E4.c:550,naming-analyzer(proposals_resolved),INFERRED,docs/naming/proposals_resolved.csv: confidence=none method=NO-PROPOSAL-NOW-NAMED; ; body at src/main/368E4.c:550,KEEP,,
0x80046F14,stage_GetDataPtr,func_80046F14,src/*.c definition + named_syms alias,stage_GetDataPtr_80046F14,4,src/main/368E4.c:556,naming-analyzer(proposals_resolved),INFERRED,docs/naming/proposals_resolved.csv: confidence=none method=NO-PROPOSAL-NOW-NAMED; ; body at src/main/368E4.c:556,KEEP,,
0x80046F24,func_80046F24,func_80046F24,glabel,,58,src/main/368E4.c:558,splat-auto,AUTO,splat-generated placeholder; makes no semantic claim,KEEP,,
0x8004700C,func_8004700C,func_8004700C,glabel,,41,src/main/368E4.c:576,splat-auto,AUTO,splat-generated placeholder; makes no semantic claim,KEEP,,
0x800470B0,func_800470B0,func_800470B0,glabel,,88,src/main/368E4.c:583,splat-auto,AUTO,splat-generated placeholder; makes no semantic claim,KEEP,,
0x80047210,func_80047210,func_80047210,glabel,,40,src/main/368E4.c:607,splat-auto,AUTO,splat-generated placeholder; makes no semantic claim,KEEP,,
0x800472B0,camera_GetBoneData,func_800472B0,src/*.c definition + named_syms alias,camera_GetBoneData_800472B0,4,src/main/368E4.c:614,naming-analyzer(proposals_resolved),INFERRED,docs/naming/proposals_resolved.csv: confidence=none method=NO-PROPOSAL-NOW-NAMED; ; body at src/main/368E4.c:614,KEEP,,
0x800472C0,camera_InitRotation,func_800472C0,src/*.c definition + named_syms alias,camera_InitRotation_800472C0,49,src/main/368E4.c:616,naming-analyzer(proposals_resolved),INFERRED,docs/naming/proposals_resolved.csv: confidence=none method=NO-PROPOSAL-NOW-NAMED; ; body at src/main/368E4.c:616,KEEP,,
0x80047384,camera_CalcAngles,camera_CalcAngles,glabel,camera_CalcAngles_80047384,58,src/main/368E4.c:634,naming-analyzer(proposals_resolved),INFERRED,docs/naming/proposals_resolved.csv: confidence=none method=NO-PROPOSAL-NOW-NAMED; ; body at src/main/368E4.c:634,KEEP,,
0x8004746C,game_EffInit,func_8004746C,src/*.c definition + named_syms alias,game_EffInit_8004746C,8,src/main/368E4.c:654,naming-analyzer(proposals_resolved),INFERRED,docs/naming/proposals_resolved.csv: confidence=none method=NO-PROPOSAL-NOW-NAMED; ; body at src/main/368E4.c:654,KEEP,,
0x8004748C,func_8004748C,func_8004748C,glabel,,8,src/main/368E4.c:656,splat-auto,AUTO,splat-generated placeholder; makes no semantic claim,KEEP,,
0x800474AC,game_AnimInit,func_800474AC,src/*.c definition + named_syms alias,game_AnimInit_800474AC,9,src/main/368E4.c:658,naming-analyzer(proposals_resolved),INFERRED,docs/naming/proposals_resolved.csv: confidence=none method=NO-PROPOSAL-NOW-NAMED; ; body at src/main/368E4.c:658,KEEP,,
0x800474D0,func_800474D0,func_800474D0,glabel,,8,src/main/368E4.c:660,splat-auto,AUTO,splat-generated placeholder; makes no semantic claim,KEEP,,
0x800474F0,game_EffInit2,func_800474F0,src/*.c definition + named_syms alias,game_EffInit2_800474F0,8,src/main/368E4.c:662,naming-analyzer(proposals_resolved),INFERRED,docs/naming/proposals_resolved.csv: confidence=none method=NO-PROPOSAL-NOW-NAMED; ; body at src/main/368E4.c:662,KEEP,,
0x80047510,func_80047510,func_80047510,glabel,,8,src/main/368E4.c:664,splat-auto,AUTO,splat-generated placeholder; makes no semantic claim,KEEP,,
0x80047530,func_80047530,func_80047530,glabel,,8,src/main/368E4.c:666,splat-auto,AUTO,splat-generated placeholder; makes no semantic claim,KEEP,,
0x80047550,func_80047550,func_80047550,glabel,,8,src/main/368E4.c:668,splat-auto,AUTO,splat-generated placeholder; makes no semantic claim,KEEP,,
0x80047570,camera_InitBone2,func_80047570,src/*.c definition + named_syms alias,camera_InitBone2_80047570,13,src/main/368E4.c:670,naming-analyzer(proposals_resolved),INFERRED,docs/naming/proposals_resolved.csv: confidence=none method=NO-PROPOSAL-NOW-NAMED; ; body at src/main/368E4.c:670,KEEP,,
0x800475A4,func_800475A4,func_800475A4,glabel,,101,src/main/368E4.c:675,splat-auto,AUTO,splat-generated placeholder; makes no semantic claim,KEEP,,
0x80047738,game_AnimStart,func_80047738,src/*.c definition + named_syms alias,game_AnimStart_80047738,9,src/main/368E4.c:724,naming-analyzer(proposals_resolved),INFERRED,docs/naming/proposals_resolved.csv: confidence=none method=NO-PROPOSAL-NOW-NAMED; ; body at src/main/368E4.c:724,KEEP,,
0x8004775C,func_8004775C,func_8004775C,glabel,,8,src/main/368E4.c:726,splat-auto,AUTO,splat-generated placeholder; makes no semantic claim,KEEP,,
0x8004777C,game_EffStart,func_8004777C,src/*.c definition + named_syms alias,game_EffStart_8004777C,8,src/main/368E4.c:728,naming-analyzer(proposals_resolved),INFERRED,docs/naming/proposals_resolved.csv: confidence=none method=NO-PROPOSAL-NOW-NAMED; ; body at src/main/368E4.c:728,KEEP,,
0x8004779C,func_8004779C,func_8004779C,glabel,,8,src/main/368E4.c:730,splat-auto,AUTO,splat-generated placeholder; makes no semantic claim,KEEP,,
0x800477BC,game_Stub1,func_800477BC,src/*.c definition + named_syms alias,game_Stub1_800477BC,2,src/main/368E4.c:732,naming-analyzer(proposals_resolved),INFERRED,docs/naming/proposals_resolved.csv: confidence=none method=NO-PROPOSAL-NOW-NAMED; ; body at src/main/368E4.c:732,KEEP,,
0x800477C4,game_Stub2,func_800477C4,src/*.c definition + named_syms alias,game_Stub2_800477C4,2,src/main/368E4.c:734,naming-analyzer(proposals_resolved),INFERRED,docs/naming/proposals_resolved.csv: confidence=none method=NO-PROPOSAL-NOW-NAMED; ; body at src/main/368E4.c:734,KEEP,,
0x800477CC,game_Stub3,func_800477CC,src/*.c definition + named_syms alias,game_Stub3_800477CC,2,src/main/368E4.c:736,naming-analyzer(proposals_resolved),INFERRED,docs/naming/proposals_resolved.csv: confidence=none method=NO-PROPOSAL-NOW-NAMED; ; body at src/main/368E4.c:736,KEEP,,
0x800477D4,game_Stub4,func_800477D4,src/*.c definition + named_syms alias,game_Stub4_800477D4,2,src/main/368E4.c:738,naming-analyzer(proposals_resolved),INFERRED,docs/naming/proposals_resolved.csv: confidence=none method=NO-PROPOSAL-NOW-NAMED; ; body at src/main/368E4.c:738,KEEP,,
0x800477DC,func_800477DC,func_800477DC,glabel,,3,src/main/368E4.c:740,splat-auto,AUTO,splat-generated placeholder; makes no semantic claim,KEEP,,
0x800477E8,func_800477E8,func_800477E8,glabel,,170,src/main/368E4.c:745,splat-auto,AUTO,splat-generated placeholder; makes no semantic claim,KEEP,,
0x80047A90,func_80047A90,func_80047A90,glabel,,84,src/main/368E4.c:892,splat-auto,AUTO,splat-generated placeholder; makes no semantic claim,KEEP,,
0x80047BE0,calc_helper,func_80047BE0,named_syms.txt/symbol_addrs.txt alias only,calc_helper_80047BE0,109,,naming-analyzer(proposals_resolved),INFERRED,docs/naming/proposals_resolved.csv: confidence=none method=NO-PROPOSAL-NOW-NAMED; ,KEEP,,
0x80047D94,func_80047D94,func_80047D94,glabel,,50,src/main/368E4.c:1039,splat-auto,AUTO,splat-generated placeholder; makes no semantic claim,KEEP,,
0x80047E5C,func_80047E5C,func_80047E5C,glabel,,27,src/main/368E4.c:1056,splat-auto,AUTO,splat-generated placeholder; makes no semantic claim,KEEP,,
0x80047EC8,func_80047EC8,func_80047EC8,glabel,,2,src/main/368E4.c:1071,splat-auto,AUTO,splat-generated placeholder; makes no semantic claim,KEEP,,
0x80047ED0,func_80047ED0,func_80047ED0,glabel,,6,src/main/368E4.c:1076,splat-auto,AUTO,splat-generated placeholder; makes no semantic claim,KEEP,,
0x80047EE8,func_80047EE8,func_80047EE8,glabel,,53,src/main/368E4.c:1078,splat-auto,AUTO,splat-generated placeholder; makes no semantic claim,KEEP,,
0x80047FBC,func_80047FBC,func_80047FBC,glabel,,65,src/main/368E4.c:1128,splat-auto,AUTO,splat-generated placeholder; makes no semantic claim,KEEP,,
0x800480C0,func_800480C0,func_800480C0,glabel,,74,src/main/368E4.c:1174,splat-auto,AUTO,splat-generated placeholder; makes no semantic claim,KEEP,,
0x800481E8,func_800481E8,func_800481E8,glabel,,56,src/main/368E4.c:1224,splat-auto,AUTO,splat-generated placeholder; makes no semantic claim,KEEP,,
0x800482C8,func_800482C8,func_800482C8,glabel,,69,src/main/368E4.c:1279,splat-auto,AUTO,splat-generated placeholder; makes no semantic claim,KEEP,,
0x800483DC,func_800483DC,func_800483DC,glabel,,49,src/main/368E4.c:1322,splat-auto,AUTO,splat-generated placeholder; makes no semantic claim,KEEP,,
0x800484A0,gpu_decode_load_image,func_800484A0,named_syms.txt/symbol_addrs.txt alias only,gpu_decode_load_image_800484A0,36,,naming-analyzer(proposals_resolved),INFERRED,"docs/naming/proposals_resolved.csv: confidence=none method=NO-PROPOSAL-NOW-NAMED; ; NOTE: name wears a PsyQ-style family prefix but its recorded origin is the naming analyzer, NOT an SDK signature match — the prefix asserts more than the evidence",KEEP,,
0x80048530,func_80048530,func_80048530,glabel,,47,src/main/368E4.c:1386,splat-auto,AUTO,splat-generated placeholder; makes no semantic claim,KEEP,,
0x800485EC,gpu_SetTexAttr,func_800485EC,named_syms.txt/symbol_addrs.txt alias only,gpu_SetTexAttr_800485EC,68,,naming-analyzer(residual_named),INFERRED,"docs/naming/residual_named.csv: confidence=medium method=callee; calls gpu_CalcTPage + gpu_CalcClut (computes both texpage and CLUT ids); NOTE: name wears a PsyQ-style family prefix but its recorded origin is the naming analyzer, NOT an SDK signature match — the prefix asserts more than the evidence",KEEP,,
0x800486FC,gnd_helper,func_800486FC,named_syms.txt/symbol_addrs.txt alias only,gnd_helper_800486FC,18,,naming-analyzer(proposals_resolved),INFERRED,docs/naming/proposals_resolved.csv: confidence=none method=NO-PROPOSAL-NOW-NAMED; ,KEEP,,
0x80048744,set_color_mode,func_80048744,named_syms.txt/symbol_addrs.txt alias only,set_color_mode_80048744,10,,naming-analyzer(proposals_resolved),INFERRED,docs/naming/proposals_resolved.csv: confidence=none method=NO-PROPOSAL-NOW-NAMED; ,KEEP,,
0x8004876C,math_GrayscaleRgb555,math_GrayscaleRgb555,glabel,,44,src/main/368E4.c:1487,computation-restatement,CORROBORATED,"computation-restatement: asm/funcs/func_8004876C.s (44 insns, leaf, touches only arg memory; a0=src, a1=n, a2=dst): for i<a1: c=src[i] (u16); R=c&0x1F, G=(c>>5)&0x1F, B=(c>>10)&0x1F; y=((1351*R + 2048*G + 696*B)>>12)&0x1F; dst[i]=(c&0x8000)|y<<10|y<<5|y. Emulated with tmp/naming_sweep2/gfx/verify_gfx.py (a copy of tmp/naming_sweep/compute/mips.py; asm words == EXE bytes, 44/44). 3000 random calls (n 0..300, whole-memory diff incl. src untouched and nothing written past dst[n-1]): 0 mismatches. One call over all 65,536 colours: 0 mismatches. Result: it desaturates PS1 15-bit colours to gray and keeps the STP bit.; verifier: [gfx] Independent harness (tmp/naming_sweep2/gfx/verify/emu.py, my own interpreter over EXE words; branch+load delay modelled) vs my reference derived from the asm (193R*7=1351R; ((c<<16)>>10)&0xF800 ",KEEP,,
0x8004881C,math_Grayscale3,math_Grayscale3,glabel,,18,src/main/368E4.c:1520,computation-restatement,CORROBORATED,"computation-restatement: asm/funcs/func_8004881C.s (18 insns, leaf, no memory access): return (s32)(1351*a0 + 2048*a1 + 696*a2) >> 12 (32-bit wrap, arithmetic shift). own run of tmp/naming_sweep3/medium_revisit/work/vemu.py (copy of tmp/naming_sweep2/gte/verify/vemu.py: raw EXE words, branch+load delay slots, add/sub traps, GTE per psx-spx), tmp/naming_sweep3/medium_revisit/work/gray.py -> gray.out: 30000 random 0..255 triples + 20000 full-u32 triples + 216 corner triples, 0 mismatches, no memory write. Same weights as CORROBORATED math_GrayscaleRgb555 (0x8004876C). All 4 call sites (EXE jal scan: 0x8004177C in func_8; verifier: [medium_revisit] Asm read: v0=1351*a0 (3a*64+a=193a, *7), a1<<11, 696*a2 (((3c*4-c)*8-c)*8); sum; sra 12. own harness tmp/naming_sweep3/medium_revisit/verify/v_compute.py (vemu.py = copy of the prior ",KEEP,,
0x80048864,func_80048864,func_80048864,glabel,,134,src/main/368E4.c:1527,splat-auto,AUTO,splat-generated placeholder; makes no semantic claim,KEEP,,
0x80048A7C,satan_fire_disp_wrapper,func_80048A7C,named_syms.txt/symbol_addrs.txt alias only,satan_fire_disp_wrapper_80048A7C,21,,naming-analyzer(proposals_resolved),INFERRED,docs/naming/proposals_resolved.csv: confidence=medium method=APPLIED-DIFFERENTLY; sole_caller_path=saTan4FireDisp_helper_80048A7C,KEEP,,
0x80048AD0,func_80048AD0,func_80048AD0,glabel,,47,src/main/368E4.c:1593,splat-auto,AUTO,splat-generated placeholder; makes no semantic claim,KEEP,,
0x80048B8C,func_80048B8C,func_80048B8C,glabel,,6,src/main/368E4.c:1631,splat-auto,AUTO,splat-generated placeholder; makes no semantic claim,KEEP,,
0x80048BA4,func_80048BA4,func_80048BA4,glabel,,237,src/main/368E4.c:1637,splat-auto,AUTO,splat-generated placeholder; makes no semantic claim,KEEP,,
0x80048F58,game_helper,func_80048F58,named_syms.txt/symbol_addrs.txt alias only,game_helper_80048F58,41,,naming-analyzer(proposals_resolved),INFERRED,docs/naming/proposals_resolved.csv: confidence=none method=NO-PROPOSAL-NOW-NAMED; ,KEEP,,
0x80048FFC,game_helper,func_80048FFC,named_syms.txt/symbol_addrs.txt alias only,game_helper_80048FFC,232,,naming-analyzer(proposals_resolved),INFERRED,docs/naming/proposals_resolved.csv: confidence=none method=NO-PROPOSAL-NOW-NAMED; ,KEEP,,
0x8004939C,func_8004939C,func_8004939C,glabel,,18,src/main/368E4.c:1812,splat-auto,AUTO,splat-generated placeholder; makes no semantic claim,KEEP,,
0x800493E4,mario_test_set_fade_trigger,func_800493E4,named_syms.txt/symbol_addrs.txt alias only,mario_test_set_fade_trigger_800493E4,60,,naming-analyzer(proposals_resolved),INFERRED,docs/naming/proposals_resolved.csv: confidence=none method=NO-PROPOSAL-NOW-NAMED; ,KEEP,,
0x800494D4,mario_test_record_fade_value,func_800494D4,named_syms.txt/symbol_addrs.txt alias only,mario_test_record_fade_value_800494D4,30,,naming-analyzer(proposals_resolved),INFERRED,docs/naming/proposals_resolved.csv: confidence=none method=NO-PROPOSAL-NOW-NAMED; ,KEEP,,
0x8004954C,efc_helper,func_8004954C,named_syms.txt/symbol_addrs.txt alias only,efc_helper_8004954C,14,,naming-analyzer(proposals_resolved),INFERRED,docs/naming/proposals_resolved.csv: confidence=none method=NO-PROPOSAL-NOW-NAMED; ,KEEP,,
0x80049584,efc_rob_type_dispatch,func_80049584,named_syms.txt/symbol_addrs.txt alias only,efc_rob_type_dispatch_80049584,99,,naming-analyzer(proposals_resolved),INFERRED,docs/naming/proposals_resolved.csv: confidence=none method=NO-PROPOSAL-NOW-NAMED; ,KEEP,,
0x80049710,stub,func_80049710,named_syms.txt/symbol_addrs.txt alias only,stub_80049710,2,,computation-restatement,CORROBORATED,"computation-restatement: asm/funcs/func_80049710.s: exactly 2 insns 'jr $ra; nop' - EXE words 03E00008 00000000 at file offset vaddr-0x80010000+0x800 (read from disc/SLUS_006.63). No computation, no side effect for any input.; verifier: [sys_snd_io] EXE words 03E00008 00000000; 2000 random states, 0 mismatches (emu_words.py). 0 references (dead). Identifier stub_80049710.",KEEP,,
0x80049718,efc_anim_vehicle_setup,func_80049718,named_syms.txt/symbol_addrs.txt alias only,efc_anim_vehicle_setup_80049718,197,,naming-analyzer(proposals_resolved),INFERRED,docs/naming/proposals_resolved.csv: confidence=none method=NO-PROPOSAL-NOW-NAMED; ,KEEP,,
0x80049A2C,mode_helper,func_80049A2C,named_syms.txt/symbol_addrs.txt alias only,mode_helper_80049A2C,126,,naming-analyzer(proposals_resolved),INFERRED,docs/naming/proposals_resolved.csv: confidence=none method=NO-PROPOSAL-NOW-NAMED; ,KEEP,,
0x80049C24,func_80049C24,func_80049C24,glabel,,126,src/main/368E4.c:2177,splat-auto,AUTO,splat-generated placeholder; makes no semantic claim,KEEP,,
0x80049E1C,snd_helper,func_80049E1C,named_syms.txt/symbol_addrs.txt alias only,snd_helper_80049E1C,12,,naming-analyzer(proposals_resolved),INFERRED,docs/naming/proposals_resolved.csv: confidence=none method=NO-PROPOSAL-NOW-NAMED; ,KEEP,,
0x80049E4C,game_helper,func_80049E4C,named_syms.txt/symbol_addrs.txt alias only,game_helper_80049E4C,64,,naming-analyzer(proposals_resolved),INFERRED,docs/naming/proposals_resolved.csv: confidence=none method=NO-PROPOSAL-NOW-NAMED; ,KEEP,,
0x80049F4C,game_helper,func_80049F4C,named_syms.txt/symbol_addrs.txt alias only,game_helper_80049F4C,84,,naming-analyzer(proposals_resolved),INFERRED,docs/naming/proposals_resolved.csv: confidence=none method=NO-PROPOSAL-NOW-NAMED; ,KEEP,,
0x8004A09C,func_8004A09C,func_8004A09C,glabel,,88,src/main/368E4.c:2345,splat-auto,AUTO,splat-generated placeholder; makes no semantic claim,KEEP,,
0x8004A1FC,calc_dirvec_from_angles,func_8004A1FC,named_syms.txt/symbol_addrs.txt alias only,calc_dirvec_from_angles_8004A1FC,83,,naming-analyzer(proposals_resolved),INFERRED,docs/naming/proposals_resolved.csv: confidence=none method=NO-PROPOSAL-NOW-NAMED; ,KEEP,,
0x8004A348,math_RotMatrixZYX,math_RotMatrixZYX,glabel,,102,src/main/3AB48.c:28(INCLUDE_ASM),computation-restatement,CORROBORATED,"computation-restatement: asm/funcs/func_8004A348.s (102 insns, hand asm, leaf; memory read = SVECTOR angles a0+0/2/4 (&0xFFF) and the proven full-circle sine table Judge@0x800973FC [sin=T[a], cos=T[a+0x400] via byte index +0x800 &0x1FFE]; writes = s16 m[3][3] at a1 (bytes 0..0x11 only) + its own stack frame). GTE used only as a multiplier: GPF/GPL sf=1 (0x4B98003D x2, 0x4BA8003E). Emulator: tmp/naming_sweep2/gte/gteemu.py executes the RAW instruction words read from disc/SLUS_006.63 (branch- and load-delay slots modelled, incl. mfc2/cfc2 delay; add/sub/addi overflow traps raise) with a GTE model per psx-spx (MVMVA/GPF; verifier: [gte] Emulated 20000 SVECTOR angle triples (3000 from edges 0,1,3FF,400,401,7FF,800,BFF,C00,FFF,1000,8000,FFFF; rest full 16-bit): permutation test over all 6 products with Sony's RotMatrixX/Y/Z sign ",KEEP,,
0x8004A4E0,exec_loc_mat_list,func_8004A4E0,named_syms.txt/symbol_addrs.txt alias only,exec_loc_mat_list_8004A4E0,163,,naming-analyzer(proposals_resolved),INFERRED,docs/naming/proposals_resolved.csv: confidence=low method=APPLIED-DIFFERENTLY; gte_op=gte_helper_8004A4E0,KEEP,,
0x8004A76C,gte_rtpt_batch,func_8004A76C,named_syms.txt/symbol_addrs.txt alias only,gte_rtpt_batch_8004A76C,39,,computation-restatement,CORROBORATED,"computation-restatement: asm/funcs/func_8004A76C.s (39 insns, hand asm, source pointer in non-ABI $s0): per group lwc2 $0-$5 from $s0 (3 SVECTORs, stride 0x18) -> RTPT (word 0x4A280030, the word in VERIFIED RotTransPers3@0x8007F24C) -> swc2 SXY0-2 to a1 (stride 0xC) and mfc2 SZ1-3 -> sh to a2 (stride 6); a0 = group count. RTPT modelled per psx-spx (MAC/IR, SZ FIFO, UNR division, OFX/OFY, DQA/DQB; model sanity: RT=I, TR=(0,0,1000), H=1000 projects (200,-30,1000) to (100,-15), SZ 2000). own run of tmp/naming_sweep3/medium_revisit/work/vemu.py (copy of tmp/naming_sweep2/gte/verify/vemu.py: raw EXE words, branch+load dela; verifier: [medium_revisit] Asm read: a0-- ; per group lwc2 $0-$5 from $s0 (3 SVECTORs, $s0 += 0x18), RTPT word 0x4A280030 (the word in VERIFIED RotTransPers3@0x8007F24C), swc2 SXY0-2 -> a1 (+0xC), mfc2 SZ1-3 ->",KEEP,,
0x8004A808,gte_rtpt,func_8004A808,named_syms.txt/symbol_addrs.txt alias only,gte_rtpt_8004A808,76,,naming-analyzer(proposals_resolved),INFERRED,"docs/naming/proposals_resolved.csv: confidence=low method=APPLIED-DIFFERENTLY; gte_op=gte_rtpt_wrapper_8004A808; NOTE: name wears a PsyQ-style family prefix but its recorded origin is the naming analyzer, NOT an SDK signature match — the prefix asserts more than the evidence",KEEP,,
0x8004A938,stub,func_8004A938,named_syms.txt/symbol_addrs.txt alias only,stub_8004A938,2,,computation-restatement,CORROBORATED,"computation-restatement: asm/funcs/func_8004A938.s: exactly 2 insns 'jr $ra; nop' - EXE words 03E00008 00000000 at file offset vaddr-0x80010000+0x800 (read from disc/SLUS_006.63). No computation, no side effect for any input.; verifier: [sys_snd_io] EXE words 03E00008 00000000; 2000 random states, 0 mismatches. 1 jal caller @0x8004A708. Identifier stub_8004A938.",KEEP,,
0x8004A940,func_8004A940,func_8004A940,glabel,,1162,src/main/3AB48.c:35(INCLUDE_ASM),splat-auto,AUTO,splat-generated placeholder; makes no semantic claim,KEEP,,
0x8004BB68,gte_rtpt,func_8004BB68,named_syms.txt/symbol_addrs.txt alias only,gte_rtpt_8004BB68,86,,naming-analyzer(proposals_resolved),INFERRED,"docs/naming/proposals_resolved.csv: confidence=low method=APPLIED-DIFFERENTLY; gte_op=gte_rtpt_wrapper_8004BB68; NOTE: name wears a PsyQ-style family prefix but its recorded origin is the naming analyzer, NOT an SDK signature match — the prefix asserts more than the evidence",KEEP,,
0x8004BCC0,func_8004BCC0,func_8004BCC0,glabel,,333,src/main/3AB48.c:37(INCLUDE_ASM),splat-auto,AUTO,splat-generated placeholder; makes no semantic claim,KEEP,,
0x8004C1F4,func_8004C1F4,func_8004C1F4,glabel,,101,src/main/3AB48.c:38(INCLUDE_ASM),splat-auto,AUTO,splat-generated placeholder; makes no semantic claim,KEEP,,
0x8004C388,math_MidpointS16x3U8x2,math_MidpointS16x3U8x2,glabel,,31,src/main/3AB48.c:39(INCLUDE_ASM),computation-restatement,CORROBORATED,"computation-restatement: Own interpreter on EXE words 0x8004C388..0x8004C3FC (tmp/naming3/verify/emu_c388.py: load-delay, trapping add, strict unprovided reads, delay-slot sh): 288,155 cases = 1,083 s16 edge-pair grid + 131,072 exhaustive u8 lane pairs (b6 and b7) + 150,000 random + 6,000 in-place (a2==a0, a2==a1): 0 mismatches vs out.s16[i]=(a.s16[i]+b.s16[i])>>1 (i<3), out.u8[6/7]=(a+b)>>1; 0 writes outside a2[0..8); 0 traps. Mutation check (truncating /2) -> 81,218 mismatches, so the harness discriminates. 9 jal sites (BB68 x3, C1F4 x6), no pointer word.; verifier: naming3 default-refute verifier ACCEPT (docs/naming/sweep-2026-10-03/verify-verdicts.tsv)",KEEP,,
0x8004C404,gte_rtpt,func_8004C404,named_syms.txt/symbol_addrs.txt alias only,gte_rtpt_8004C404,356,,naming-analyzer(proposals_resolved),INFERRED,"docs/naming/proposals_resolved.csv: confidence=low method=APPLIED-DIFFERENTLY; gte_op=gte_rtpt_wrapper_8004C404; NOTE: name wears a PsyQ-style family prefix but its recorded origin is the naming analyzer, NOT an SDK signature match — the prefix asserts more than the evidence",KEEP,,
0x8004C994,gte_nclip,func_8004C994,named_syms.txt/symbol_addrs.txt alias only,gte_nclip_8004C994,126,,naming-analyzer(proposals_resolved),INFERRED,"docs/naming/proposals_resolved.csv: confidence=low method=APPLIED-DIFFERENTLY; gte_op=gte_nclip_wrapper_8004C994; NOTE: name wears a PsyQ-style family prefix but its recorded origin is the naming analyzer, NOT an SDK signature match — the prefix asserts more than the evidence",KEEP,,
0x8004CB8C,gte_nclip,func_8004CB8C,named_syms.txt/symbol_addrs.txt alias only,gte_nclip_8004CB8C,137,,naming-analyzer(proposals_resolved),INFERRED,"docs/naming/proposals_resolved.csv: confidence=low method=APPLIED-DIFFERENTLY; gte_op=gte_nclip_wrapper_8004CB8C; NOTE: name wears a PsyQ-style family prefix but its recorded origin is the naming analyzer, NOT an SDK signature match — the prefix asserts more than the evidence",KEEP,,
0x8004CDB0,gte_nclip,func_8004CDB0,named_syms.txt/symbol_addrs.txt alias only,gte_nclip_8004CDB0,140,,naming-analyzer(proposals_resolved),INFERRED,"docs/naming/proposals_resolved.csv: confidence=low method=APPLIED-DIFFERENTLY; gte_op=gte_nclip_wrapper_8004CDB0; NOTE: name wears a PsyQ-style family prefix but its recorded origin is the naming analyzer, NOT an SDK signature match — the prefix asserts more than the evidence",KEEP,,
0x8004CFE0,gte_nclip,func_8004CFE0,named_syms.txt/symbol_addrs.txt alias only,gte_nclip_8004CFE0,153,,naming-analyzer(proposals_resolved),INFERRED,"docs/naming/proposals_resolved.csv: confidence=low method=APPLIED-DIFFERENTLY; gte_op=gte_nclip_wrapper_8004CFE0; NOTE: name wears a PsyQ-style family prefix but its recorded origin is the naming analyzer, NOT an SDK signature match — the prefix asserts more than the evidence",KEEP,,
0x8004D244,gte_nclip,func_8004D244,named_syms.txt/symbol_addrs.txt alias only,gte_nclip_8004D244,120,,naming-analyzer(proposals_resolved),INFERRED,"docs/naming/proposals_resolved.csv: confidence=low method=APPLIED-DIFFERENTLY; gte_op=gte_nclip_wrapper_8004D244; NOTE: name wears a PsyQ-style family prefix but its recorded origin is the naming analyzer, NOT an SDK signature match — the prefix asserts more than the evidence",KEEP,,
0x8004D424,gte_nclip,func_8004D424,named_syms.txt/symbol_addrs.txt alias only,gte_nclip_8004D424,132,,naming-analyzer(proposals_resolved),INFERRED,"docs/naming/proposals_resolved.csv: confidence=low method=APPLIED-DIFFERENTLY; gte_op=gte_nclip_wrapper_8004D424; NOTE: name wears a PsyQ-style family prefix but its recorded origin is the naming analyzer, NOT an SDK signature match — the prefix asserts more than the evidence",KEEP,,
0x8004D634,gte_nclip,func_8004D634,named_syms.txt/symbol_addrs.txt alias only,gte_nclip_8004D634,129,,naming-analyzer(proposals_resolved),INFERRED,"docs/naming/proposals_resolved.csv: confidence=low method=APPLIED-DIFFERENTLY; gte_op=gte_nclip_wrapper_8004D634; NOTE: name wears a PsyQ-style family prefix but its recorded origin is the naming analyzer, NOT an SDK signature match — the prefix asserts more than the evidence",KEEP,,
0x8004D838,gte_nclip,func_8004D838,named_syms.txt/symbol_addrs.txt alias only,gte_nclip_8004D838,143,,naming-analyzer(proposals_resolved),INFERRED,"docs/naming/proposals_resolved.csv: confidence=low method=APPLIED-DIFFERENTLY; gte_op=gte_nclip_wrapper_8004D838; NOTE: name wears a PsyQ-style family prefix but its recorded origin is the naming analyzer, NOT an SDK signature match — the prefix asserts more than the evidence",KEEP,,
0x8004DA74,gte_rtpt,func_8004DA74,named_syms.txt/symbol_addrs.txt alias only,gte_rtpt_8004DA74,208,,naming-analyzer(proposals_resolved),INFERRED,"docs/naming/proposals_resolved.csv: confidence=low method=APPLIED-DIFFERENTLY; gte_op=gte_rtpt_wrapper_8004DA74; NOTE: name wears a PsyQ-style family prefix but its recorded origin is the naming analyzer, NOT an SDK signature match — the prefix asserts more than the evidence",KEEP,,
0x8004DDB4,gte_mvmva,func_8004DDB4,named_syms.txt/symbol_addrs.txt alias only,gte_mvmva_8004DDB4,492,,naming-analyzer(proposals_resolved),INFERRED,"docs/naming/proposals_resolved.csv: confidence=low method=APPLIED-DIFFERENTLY; gte_op=gte_mvmva_wrapper_8004DDB4; NOTE: name wears a PsyQ-style family prefix but its recorded origin is the naming analyzer, NOT an SDK signature match — the prefix asserts more than the evidence",KEEP,,
0x8004E564,stub,func_8004E564,named_syms.txt/symbol_addrs.txt alias only,stub_8004E564,2,,computation-restatement,CORROBORATED,"computation-restatement: asm/funcs/func_8004E564.s: exactly 2 insns 'jr $ra; nop' - EXE words 03E00008 00000000 at file offset vaddr-0x80010000+0x800 (read from disc/SLUS_006.63). No computation, no side effect for any input.; verifier: [sys_snd_io] EXE words 03E00008 00000000; 2000 random states, 0 mismatches. 0 references (dead). Identifier stub_8004E564.",KEEP,,
0x8004E56C,stub,func_8004E56C,named_syms.txt/symbol_addrs.txt alias only,stub_8004E56C,2,,computation-restatement,CORROBORATED,"computation-restatement: asm/funcs/func_8004E56C.s: exactly 2 insns 'jr $ra; nop' - EXE words 03E00008 00000000 at file offset vaddr-0x80010000+0x800 (read from disc/SLUS_006.63). No computation, no side effect for any input.; verifier: [sys_snd_io] EXE words 03E00008 00000000; 2000 random states, 0 mismatches. 0 references (dead). Identifier stub_8004E56C.",KEEP,,
0x8004E574,gte_gpl,func_8004E574,named_syms.txt/symbol_addrs.txt alias only,gte_gpl_8004E574,156,,naming-analyzer(proposals_resolved),INFERRED,"docs/naming/proposals_resolved.csv: confidence=low method=APPLIED-DIFFERENTLY; gte_op=gte_nclip_wrapper_8004E574; NOTE: name wears a PsyQ-style family prefix but its recorded origin is the naming analyzer, NOT an SDK signature match — the prefix asserts more than the evidence",KEEP,,
0x8004E7E4,gte_gpl,func_8004E7E4,named_syms.txt/symbol_addrs.txt alias only,gte_gpl_8004E7E4,185,,naming-analyzer(proposals_resolved),INFERRED,"docs/naming/proposals_resolved.csv: confidence=low method=APPLIED-DIFFERENTLY; gte_op=gte_nclip_wrapper_8004E7E4; NOTE: name wears a PsyQ-style family prefix but its recorded origin is the naming analyzer, NOT an SDK signature match — the prefix asserts more than the evidence",KEEP,,
0x8004EAC8,gte_nclip,func_8004EAC8,named_syms.txt/symbol_addrs.txt alias only,gte_nclip_8004EAC8,128,,naming-analyzer(proposals_resolved),INFERRED,"docs/naming/proposals_resolved.csv: confidence=low method=APPLIED-DIFFERENTLY; gte_op=gte_nclip_wrapper_8004EAC8; NOTE: name wears a PsyQ-style family prefix but its recorded origin is the naming analyzer, NOT an SDK signature match — the prefix asserts more than the evidence",KEEP,,
0x8004ECC8,gte_nclip,func_8004ECC8,named_syms.txt/symbol_addrs.txt alias only,gte_nclip_8004ECC8,146,,naming-analyzer(proposals_resolved),INFERRED,"docs/naming/proposals_resolved.csv: confidence=low method=APPLIED-DIFFERENTLY; gte_op=gte_nclip_wrapper_8004ECC8; NOTE: name wears a PsyQ-style family prefix but its recorded origin is the naming analyzer, NOT an SDK signature match — the prefix asserts more than the evidence",KEEP,,
0x8004EF10,gte_nclip,func_8004EF10,named_syms.txt/symbol_addrs.txt alias only,gte_nclip_8004EF10,123,,naming-analyzer(proposals_resolved),INFERRED,"docs/naming/proposals_resolved.csv: confidence=low method=APPLIED-DIFFERENTLY; gte_op=gte_nclip_wrapper_8004EF10; NOTE: name wears a PsyQ-style family prefix but its recorded origin is the naming analyzer, NOT an SDK signature match — the prefix asserts more than the evidence",KEEP,,
0x8004F0FC,gte_nclip,func_8004F0FC,named_syms.txt/symbol_addrs.txt alias only,gte_nclip_8004F0FC,134,,naming-analyzer(proposals_resolved),INFERRED,"docs/naming/proposals_resolved.csv: confidence=low method=APPLIED-DIFFERENTLY; gte_op=gte_nclip_wrapper_8004F0FC; NOTE: name wears a PsyQ-style family prefix but its recorded origin is the naming analyzer, NOT an SDK signature match — the prefix asserts more than the evidence",KEEP,,
0x8004F314,gte_nclip,func_8004F314,named_syms.txt/symbol_addrs.txt alias only,gte_nclip_8004F314,138,,naming-analyzer(proposals_resolved),INFERRED,"docs/naming/proposals_resolved.csv: confidence=low method=APPLIED-DIFFERENTLY; gte_op=gte_nclip_wrapper_8004F314; NOTE: name wears a PsyQ-style family prefix but its recorded origin is the naming analyzer, NOT an SDK signature match — the prefix asserts more than the evidence",KEEP,,
0x8004F53C,gte_nclip,func_8004F53C,named_syms.txt/symbol_addrs.txt alias only,gte_nclip_8004F53C,151,,naming-analyzer(proposals_resolved),INFERRED,"docs/naming/proposals_resolved.csv: confidence=low method=APPLIED-DIFFERENTLY; gte_op=gte_nclip_wrapper_8004F53C; NOTE: name wears a PsyQ-style family prefix but its recorded origin is the naming analyzer, NOT an SDK signature match — the prefix asserts more than the evidence",KEEP,,
0x8004F798,gte_nclip,func_8004F798,named_syms.txt/symbol_addrs.txt alias only,gte_nclip_8004F798,118,,naming-analyzer(proposals_resolved),INFERRED,"docs/naming/proposals_resolved.csv: confidence=low method=APPLIED-DIFFERENTLY; gte_op=gte_nclip_wrapper_8004F798; NOTE: name wears a PsyQ-style family prefix but its recorded origin is the naming analyzer, NOT an SDK signature match — the prefix asserts more than the evidence",KEEP,,
0x8004F970,gte_nclip,func_8004F970,named_syms.txt/symbol_addrs.txt alias only,gte_nclip_8004F970,129,,naming-analyzer(proposals_resolved),INFERRED,"docs/naming/proposals_resolved.csv: confidence=low method=APPLIED-DIFFERENTLY; gte_op=gte_nclip_wrapper_8004F970; NOTE: name wears a PsyQ-style family prefix but its recorded origin is the naming analyzer, NOT an SDK signature match — the prefix asserts more than the evidence",KEEP,,
0x8004FB74,gte_nclip,func_8004FB74,named_syms.txt/symbol_addrs.txt alias only,gte_nclip_8004FB74,115,,naming-analyzer(proposals_resolved),INFERRED,"docs/naming/proposals_resolved.csv: confidence=low method=APPLIED-DIFFERENTLY; gte_op=gte_nclip_wrapper_8004FB74; NOTE: name wears a PsyQ-style family prefix but its recorded origin is the naming analyzer, NOT an SDK signature match — the prefix asserts more than the evidence",KEEP,,
0x8004FD40,gte_nclip,func_8004FD40,named_syms.txt/symbol_addrs.txt alias only,gte_nclip_8004FD40,128,,naming-analyzer(proposals_resolved),INFERRED,"docs/naming/proposals_resolved.csv: confidence=low method=APPLIED-DIFFERENTLY; gte_op=gte_nclip_wrapper_8004FD40; NOTE: name wears a PsyQ-style family prefix but its recorded origin is the naming analyzer, NOT an SDK signature match — the prefix asserts more than the evidence",KEEP,,
0x8004FF40,gte_nclip,func_8004FF40,named_syms.txt/symbol_addrs.txt alias only,gte_nclip_8004FF40,120,,naming-analyzer(proposals_resolved),INFERRED,"docs/naming/proposals_resolved.csv: confidence=low method=APPLIED-DIFFERENTLY; gte_op=gte_nclip_wrapper_8004FF40; NOTE: name wears a PsyQ-style family prefix but its recorded origin is the naming analyzer, NOT an SDK signature match — the prefix asserts more than the evidence",KEEP,,
0x80050120,gte_nclip,func_80050120,named_syms.txt/symbol_addrs.txt alias only,gte_nclip_80050120,133,,naming-analyzer(proposals_resolved),INFERRED,"docs/naming/proposals_resolved.csv: confidence=low method=APPLIED-DIFFERENTLY; gte_op=gte_nclip_wrapper_80050120; NOTE: name wears a PsyQ-style family prefix but its recorded origin is the naming analyzer, NOT an SDK signature match — the prefix asserts more than the evidence",KEEP,,
0x80050334,gte_nclip,func_80050334,named_syms.txt/symbol_addrs.txt alias only,gte_nclip_80050334,129,,naming-analyzer(proposals_resolved),INFERRED,"docs/naming/proposals_resolved.csv: confidence=low method=APPLIED-DIFFERENTLY; gte_op=gte_nclip_wrapper_80050334; NOTE: name wears a PsyQ-style family prefix but its recorded origin is the naming analyzer, NOT an SDK signature match — the prefix asserts more than the evidence",KEEP,,
0x80050538,gte_nclip,func_80050538,named_syms.txt/symbol_addrs.txt alias only,gte_nclip_80050538,143,,naming-analyzer(proposals_resolved),INFERRED,"docs/naming/proposals_resolved.csv: confidence=low method=APPLIED-DIFFERENTLY; gte_op=gte_nclip_wrapper_80050538; NOTE: name wears a PsyQ-style family prefix but its recorded origin is the naming analyzer, NOT an SDK signature match — the prefix asserts more than the evidence",KEEP,,
0x80050774,gte_nclip,func_80050774,named_syms.txt/symbol_addrs.txt alias only,gte_nclip_80050774,101,,naming-analyzer(proposals_resolved),INFERRED,"docs/naming/proposals_resolved.csv: confidence=low method=APPLIED-DIFFERENTLY; gte_op=gte_nclip_wrapper_80050774; NOTE: name wears a PsyQ-style family prefix but its recorded origin is the naming analyzer, NOT an SDK signature match — the prefix asserts more than the evidence",KEEP,,
0x80050908,gte_nclip,func_80050908,named_syms.txt/symbol_addrs.txt alias only,gte_nclip_80050908,108,,naming-analyzer(proposals_resolved),INFERRED,"docs/naming/proposals_resolved.csv: confidence=low method=APPLIED-DIFFERENTLY; gte_op=gte_nclip_wrapper_80050908; NOTE: name wears a PsyQ-style family prefix but its recorded origin is the naming analyzer, NOT an SDK signature match — the prefix asserts more than the evidence",KEEP,,
0x80050AB8,gte_nclip,func_80050AB8,named_syms.txt/symbol_addrs.txt alias only,gte_nclip_80050AB8,108,,naming-analyzer(proposals_resolved),INFERRED,"docs/naming/proposals_resolved.csv: confidence=low method=APPLIED-DIFFERENTLY; gte_op=gte_nclip_wrapper_80050AB8; NOTE: name wears a PsyQ-style family prefix but its recorded origin is the naming analyzer, NOT an SDK signature match — the prefix asserts more than the evidence",KEEP,,
0x80050C68,gte_nclip,func_80050C68,named_syms.txt/symbol_addrs.txt alias only,gte_nclip_80050C68,126,,naming-analyzer(proposals_resolved),INFERRED,"docs/naming/proposals_resolved.csv: confidence=low method=APPLIED-DIFFERENTLY; gte_op=gte_nclip_wrapper_80050C68; NOTE: name wears a PsyQ-style family prefix but its recorded origin is the naming analyzer, NOT an SDK signature match — the prefix asserts more than the evidence",KEEP,,
0x80050E60,gte_nclip,func_80050E60,named_syms.txt/symbol_addrs.txt alias only,gte_nclip_80050E60,108,,naming-analyzer(proposals_resolved),INFERRED,"docs/naming/proposals_resolved.csv: confidence=low method=APPLIED-DIFFERENTLY; gte_op=gte_nclip_wrapper_80050E60; NOTE: name wears a PsyQ-style family prefix but its recorded origin is the naming analyzer, NOT an SDK signature match — the prefix asserts more than the evidence",KEEP,,
0x80051010,gte_nclip,func_80051010,named_syms.txt/symbol_addrs.txt alias only,gte_nclip_80051010,126,,naming-analyzer(proposals_resolved),INFERRED,"docs/naming/proposals_resolved.csv: confidence=low method=APPLIED-DIFFERENTLY; gte_op=gte_nclip_wrapper_80051010; NOTE: name wears a PsyQ-style family prefix but its recorded origin is the naming analyzer, NOT an SDK signature match — the prefix asserts more than the evidence",KEEP,,
0x80051208,gte_nclip,func_80051208,named_syms.txt/symbol_addrs.txt alias only,gte_nclip_80051208,106,,naming-analyzer(proposals_resolved),INFERRED,"docs/naming/proposals_resolved.csv: confidence=low method=APPLIED-DIFFERENTLY; gte_op=gte_nclip_wrapper_80051208; NOTE: name wears a PsyQ-style family prefix but its recorded origin is the naming analyzer, NOT an SDK signature match — the prefix asserts more than the evidence",KEEP,,
0x800513B0,gte_nclip,func_800513B0,named_syms.txt/symbol_addrs.txt alias only,gte_nclip_800513B0,127,,naming-analyzer(proposals_resolved),INFERRED,"docs/naming/proposals_resolved.csv: confidence=low method=APPLIED-DIFFERENTLY; gte_op=gte_nclip_wrapper_800513B0; NOTE: name wears a PsyQ-style family prefix but its recorded origin is the naming analyzer, NOT an SDK signature match — the prefix asserts more than the evidence",KEEP,,
0x800515AC,gte_nclip,func_800515AC,named_syms.txt/symbol_addrs.txt alias only,gte_nclip_800515AC,106,,naming-analyzer(proposals_resolved),INFERRED,"docs/naming/proposals_resolved.csv: confidence=low method=APPLIED-DIFFERENTLY; gte_op=gte_nclip_wrapper_800515AC; NOTE: name wears a PsyQ-style family prefix but its recorded origin is the naming analyzer, NOT an SDK signature match — the prefix asserts more than the evidence",KEEP,,
0x80051754,gte_nclip,func_80051754,named_syms.txt/symbol_addrs.txt alias only,gte_nclip_80051754,124,,naming-analyzer(proposals_resolved),INFERRED,"docs/naming/proposals_resolved.csv: confidence=low method=APPLIED-DIFFERENTLY; gte_op=gte_nclip_wrapper_80051754; NOTE: name wears a PsyQ-style family prefix but its recorded origin is the naming analyzer, NOT an SDK signature match — the prefix asserts more than the evidence",KEEP,,
0x80051944,gte_nclip,func_80051944,named_syms.txt/symbol_addrs.txt alias only,gte_nclip_80051944,112,,naming-analyzer(proposals_resolved),INFERRED,"docs/naming/proposals_resolved.csv: confidence=low method=APPLIED-DIFFERENTLY; gte_op=gte_nclip_wrapper_80051944; NOTE: name wears a PsyQ-style family prefix but its recorded origin is the naming analyzer, NOT an SDK signature match — the prefix asserts more than the evidence",KEEP,,
0x80051B04,gte_nclip,func_80051B04,named_syms.txt/symbol_addrs.txt alias only,gte_nclip_80051B04,129,,naming-analyzer(proposals_resolved),INFERRED,"docs/naming/proposals_resolved.csv: confidence=low method=APPLIED-DIFFERENTLY; gte_op=gte_nclip_wrapper_80051B04; NOTE: name wears a PsyQ-style family prefix but its recorded origin is the naming analyzer, NOT an SDK signature match — the prefix asserts more than the evidence",KEEP,,
0x80051D08,gte_nclip,func_80051D08,named_syms.txt/symbol_addrs.txt alias only,gte_nclip_80051D08,115,,naming-analyzer(proposals_resolved),INFERRED,"docs/naming/proposals_resolved.csv: confidence=low method=APPLIED-DIFFERENTLY; gte_op=gte_nclip_wrapper_80051D08; NOTE: name wears a PsyQ-style family prefix but its recorded origin is the naming analyzer, NOT an SDK signature match — the prefix asserts more than the evidence",KEEP,,
0x80051ED4,gte_nclip,func_80051ED4,named_syms.txt/symbol_addrs.txt alias only,gte_nclip_80051ED4,121,,naming-analyzer(proposals_resolved),INFERRED,"docs/naming/proposals_resolved.csv: confidence=low method=APPLIED-DIFFERENTLY; gte_op=gte_nclip_wrapper_80051ED4; NOTE: name wears a PsyQ-style family prefix but its recorded origin is the naming analyzer, NOT an SDK signature match — the prefix asserts more than the evidence",KEEP,,
0x800520B8,func_800520B8,func_800520B8,glabel,,202,src/main/3AB48.c:86(INCLUDE_ASM),splat-auto,AUTO,splat-generated placeholder; makes no semantic claim,KEEP,,
0x800523E0,hirahira_w_ctrl_helper,func_800523E0,named_syms.txt/symbol_addrs.txt alias only,hirahira_w_ctrl_helper_800523E0,126,,naming-analyzer(proposals_resolved),INFERRED,docs/naming/proposals_resolved.csv: confidence=medium method=APPLIED-AS-PROPOSED; gte_op=gte_helper_800523E0; sole_caller_path=hirahira_w_ctrl_helper_800523E0,KEEP,,
0x800525D8,gte_sqr,func_800525D8,named_syms.txt/symbol_addrs.txt alias only,gte_sqr_800525D8,50,,naming-analyzer(proposals_resolved),INFERRED,"docs/naming/proposals_resolved.csv: confidence=low method=APPLIED-DIFFERENTLY; gte_op=gte_sqr_wrapper_800525D8; NOTE: name wears a PsyQ-style family prefix but its recorded origin is the naming analyzer, NOT an SDK signature match — the prefix asserts more than the evidence",KEEP,,
0x800526A0,math_SquareRoot0,math_SquareRoot0,glabel,,32,src/main/3AB48.c:92(INCLUDE_ASM),computation-restatement,CORROBORATED,"computation-restatement: asm/funcs/func_800526A0.s (30 insns, hand-written: 3x trapping add/sub/addi, 3 jr ra): mtc2 a0->LZCS; a0==0 -> 0; e = LZCR & 0x1E; e>=24 (x<256): return (s16)D_80015620[x] >>(logical) 9; else idx = x >> (24-e) (64..255): return (D_80015620[idx] << ((31-e)>>1)) >>(logical) 12. EMULATION (tmp/naming_sweep2/followups/sqrt/t_sqrt.py + emu_gte.py = copy of tmp/naming_sweep/compute/verify/emu.py decoding RAW EXE words, delay slots modelled, + minimal GTE model LZCS/LZCR per psx-spx, + overflow traps): N=129,143 inputs (0..69999 exhaustive, 2^k+-2, k^2+-1 for k<=46340 step 7, 40k random in [1,2^31-1]; verifier: [followups] CONFIRM WITH NAME CORRECTION. Own harness (verify/vemu.py: independent R3000A interpreter on raw EXE words, delay slots, add/addi/sub traps, GTE LZCS/LZCR) + verify/v_sqrt.py. Table: D_800",KEEP,,
0x80052720,math_Length3D,math_Length3D,glabel,,13,src/main/3AB48.c:96(INCLUDE_ASM),computation-restatement,CORROBORATED,"computation-restatement: asm/funcs/func_80052720.s (13 insns, hand-written): mtc2 a0,a1,a2 -> GTE IR1..IR3 (16-bit signed registers); 2 nops; `sqr 0` (0x4AA00428: SQR, sf=0 -> MACi = IRi*IRi); mfc2 MAC1..MAC3 -> t0..t2; a0 = t0+t1+t2 via 2 trapping `add`; `j func_800526A0` (tail call, frameless). EMULATION (same t_sqrt.py, GTE SQR model per psx-spx): 30,013 int16 triples (13 edge + 20k full-range + 10k in [-3000,3000]): result == func_800526A0(x*x+y*y+z*z) on every non-trapping case, 0 mismatches; 702 cases raise the add-overflow exception, ALL with x*x+y*y+z*z >= 2^31, none below; 2000 cases with junk in arg bits 16-; verifier: [followups] Own emulation (v_sqrt.py): mtc2 a0-a2 -> IR1-3 (s16), SQR sf=0 (raw word 0x4AA00428) -> MAC1-3 = IRi^2, a0 = MAC1+MAC2+MAC3 via 2 trapping add, j 0x800526A0. 30,009 int16 triples (edges in",KEEP,,
0x80052754,gte_SumSquares3,gte_SumSquares3,glabel,,13,src/main/3AB48.c:99(INCLUDE_ASM),computation-restatement,CORROBORATED,"computation-restatement: asm/funcs/func_80052754.s (13 insns, whole-body asm, inline_asm_canonical.txt:280): mtc2 a0,a1,a2 -> $9,$10,$11 (IR1-3); raw word 0x4AA00428 = SQR sf=0 (MAC_i = IR_i^2); mfc2 $25-$27 (MAC1-3); return MAC1+MAC2+MAC3 (addu). Emulated from raw EXE words: 30000 random+edge s16 triples -> v0 == (a0^2+a1^2+a2^2) mod 2^32, 0 mismatches; 5000 full-s32 triples -> equals the sum of squares of the LOW 16 BITS (IR regs are 16-bit), 0 mismatches. [emulation: tmp/naming_sweep2/misc/verify_out.txt; scripts verify*.py; emu.py = the 2026-09-24 verifier interpreter (decodes RAW EXE words, branch+load delay slot; verifier: [misc] mtc2 a0,a1,a2 -> IR1-3; SQR word 0x4AA00428 (sf=0, lm=1); mfc2 MAC1-3; v0=MAC1+MAC2+MAC3 (addu). emulation: own interpreter tmp/naming_sweep2/misc/verify/r3k.py (raw EXE words, branch+load dela",KEEP,,
0x80052788,math_LerpSVector,math_LerpSVector,glabel,,29,src/main/3AB48.c:100(INCLUDE_ASM),computation-restatement,CORROBORATED,"computation-restatement: asm/funcs/func_80052788.s (29 insns, hand asm, leaf): IR0=0x1000-a2, IR1-3=s16 a0[0..2], GPF sf=1 (0x4B98003D); IR0=a2, IR1-3=s16 a1[0..2], GPL sf=1 (0x4BA8003E); mfc2 IR1-3 -> sh a3[0..2]. Emulator: tmp/naming_sweep2/gte/gteemu.py executes the RAW instruction words read from disc/SLUS_006.63 (branch- and load-delay slots modelled, incl. mfc2/cfc2 delay; add/sub/addi overflow traps raise) with a GTE model per psx-spx (MVMVA/GPF/GPL/SQR, IR sign-extended reads, LZCS/LZCR, IR saturation by lm). 20000 cases (s16 vectors incl. -0x8000/0x7FFF edges, t in 0..0x1000 incl. 0,1,0x800,0xFFF,0x1000): out; verifier: [gte] Signature (a0 = SVECTOR *a, a1 = SVECTOR *b, a2 = t, a3 = SVECTOR *out): out_i = ((a_i*(4096-t))>>12<<12 + b_i*t)>>12. 20000 cases (s16 edges -8000/-7FFF/7FFF..., t in 0..4096 incl. 0,1,7FF,800,",KEEP,,
0x800527FC,math_LerpMatrix3x3,math_LerpMatrix3x3,glabel,,77,src/main/3AB48.c:101(INCLUDE_ASM),computation-restatement,CORROBORATED,"computation-restatement: asm/funcs/func_800527FC.s (77 insns, hand asm, leaf): three GPF/GPL sf=1 pairs (0x4B98003D/0x4BA8003E x3), IR0=0x1000-a2 then a2, over the 9 consecutive s16 at a0+0..0x10 and a1+0..0x10 -> sh a3+0..0x10. Emulator: tmp/naming_sweep2/gte/gteemu.py executes the RAW instruction words read from disc/SLUS_006.63 (branch- and load-delay slots modelled, incl. mfc2/cfc2 delay; add/sub/addi overflow traps raise) with a GTE model per psx-spx (MVMVA/GPF/GPL/SQR, IR sign-extended reads, LZCS/LZCR, IR saturation by lm). 20000 cases (s16 edges, t 0..0x1000): out[i] == ((x[i]*(4096-t))>>12<<12 + y[i]*t)>>12 f; verifier: [gte] Same per-element lerp over the 9 s16 at +0..0x11 of a0/a1 -> a3 (MATRIX.m only; t[] at +0x14 neither read nor written). 20000 cases (s16 edges, t 0..4096 incl. edges): 0 mismatches vs closed for",KEEP,,
0x80052930,gte_MulMatrix0ClearTrans,gte_MulMatrix0ClearTrans,glabel,,60,src/main/3AB48.c:107(INCLUDE_ASM),computation-restatement,CORROBORATED,"computation-restatement: asm/funcs/func_80052930.s (60 insns, whole-body asm, inline_asm_canonical.txt:354): RT = *a0 (5 lw -> ctc2 $0-$4), TR = 0 (ctc2 $zero $5-$7); for each column j of MATRIX* a1: V0 = (m1[0][j], m1[1][j], m1[2][j]) (mtc2 $0/$1), raw MVMVA word 0x4A480012 (sf=1 mx=RT v=V0 cv=TR lm=0), mfc2 IR1-3 -> sh a2 m[0][j], m[1][j], m[2][j]. Same product as VERIFIED MulMatrix0 @0x8007E4DC (MVMVA 0x4A486012, cv=none): both emulated from raw EXE words on 5000 random matrix pairs (full s16 range, i.e. incl. IR saturation): a2->m[3][3] identical, 0 mismatches; after the call GTE RT == *a0 and TR == 0; a0/a1 unmod; verifier: [misc] Read: RT:=*a0 (5 lw/ctc2), TR:=0 (ctc2 $zero $5-$7), a1's 5 words all loaded before any store (a1==a2 aliasing safe - src/text1b.c:697 calls it in place), per column j: V0=(m1[0][j],m1[1][j],m1",KEEP,,
0x80052A20,gte_SetMatrixRotTransIR,gte_SetMatrixRotTransIR,glabel,,26,src/main/3AB48.c:108(INCLUDE_ASM),computation-restatement,CORROBORATED,"computation-restatement: asm/funcs/func_80052A20.s (26 insns, hand asm, inline_asm_canonical.txt:351): 8 lw from MATRIX* a0 -> ctc2 $0-$7 (= SetRotMatrix $0-$4 + SetTransMatrix $5-$7 of the same MATRIX, cf. VERIFIED SetRotMatrix@0x8007EEEC); lwc2 $0/$1 from SVECTOR* a1 (gte_ldv0); word 0x4A480012 = MVMVA sf=1 mx=RT v=V0 cv=TR lm=0 (= PsyQ gte_rt); swc2 $9/$10/$11 (IR1-3, gte_stlvl) to s32[3] a2.; verifier: All facts verified: lw 8 words of MATRIX* a0 -> ctc2 $0-$4 (cop2r32-36 RT) + $5-$7 (cop2r37-39 TRX/Y/Z) = SetRotMatrix+SetTransMatrix; lwc2 $0/$1 = V0 from SVECTOR* a1; raw word 0x4A480012 decodes sf=",KEEP,,
0x80052A88,gte_SetMatrixRotTransIRVec,gte_SetMatrixRotTransIRVec,glabel,,30,src/main/3AB48.c:109(INCLUDE_ASM),computation-restatement,CORROBORATED,"computation-restatement: asm/funcs/func_80052A88.s (30 insns, hand asm, leaf): 8 lw of MATRIX* a0 -> ctc2 $0-$7 (RT+TR); V0 = (lhu a1+0 | lh a1+4 <<16) and lwc2 VZ0 <- a1+8 (low halves of a VECTOR s32[3]); MVMVA word 0x4A480012 (sf=1 RT*V0+TR lm=0); swc2 IR1-3 -> s32 a2[0..2]. own run of tmp/naming_sweep3/medium_revisit/work/vemu.py (copy of tmp/naming_sweep2/gte/verify/vemu.py: raw EXE words, branch+load delay slots, add/sub traps, GTE per psx-spx), tmp/naming_sweep3/medium_revisit/work/rtir.py -> rtir.out: 20000 random MATRIX/TR/VECTOR/prior-GTE states: a2 == sat16((TR<<12 + RT*(s16)v) >> 12), write set exactly a2[0; verifier: [medium_revisit] Asm read: 8 lw MATRIX a0 -> ctc2 $0-$7 (RT+TR); V0 = lhu a1+0 | lh a1+4<<16, lwc2 VZ0 <- a1+8 (low halves of s32[3]); word 0x4A480012 = MVMVA sf=1 RT*V0+TR lm=0; swc2 IR1-3 -> a2[0..2",KEEP,,
0x80052B00,gte_SetRotTransMatrix,gte_SetRotTransMatrix,glabel,,17,src/main/3AB48.c:110(INCLUDE_ASM),computation-restatement,CORROBORATED,"computation-restatement: asm/funcs/func_80052B00.s (17 insns, hand asm, leaf, no memory writes): lw a0+0x0..0x1C (8 words) -> ctc2 $0..$7 (cop2 ctrl 0-4 = RT11..RT33 rotation, 5-7 = TRX/TRY/TRZ translation). Raw words = VERIFIED SetRotMatrix@0x8007EEEC (8C880000..8C880010 / 48C80000..48CC2000: lw 0..0x10 -> ctc2 $0-$4) followed by VERIFIED SetTransMatrix@0x8007EF4C (lw 0x14..0x1C -> ctc2 $5-$7), merged into one load block. Emulator: tmp/naming_sweep2/gte/gteemu.py executes the RAW instruction words read from disc/SLUS_006.63 (branch- and load-delay slots modelled, incl. mfc2/cfc2 delay; add/sub/addi overflow traps rai; verifier: [gte] Raw words re-read: lw 8C880000..8C8F001C (a0+0..0x1C) then ctc2 48C80000..48CF3800 ($0..$7, last in the jr delay slot). The 5 lw + 5 ctc2 are word-identical to VERIFIED SetRotMatrix@8007EEEC; th",KEEP,,
0x80052B44,gte_SetRotMatrixClearTrans,gte_SetRotMatrixClearTrans,glabel,,14,src/main/3AB48.c:114(INCLUDE_ASM),computation-restatement,CORROBORATED,"computation-restatement: asm/funcs/func_80052B44.s (14 insns, whole-body asm, inline_asm_canonical.txt:345): raw words 0x80052B44..6C = 8C880000 8C890004 8C8A0008 8C8B000C 8C8C0010 48C80000 48C90800 48CA1000 48CB1800 48CC2000 - word-identical to the first 10 words of VERIFIED SetRotMatrix @0x8007EEEC (lw 5 words of *a0 -> ctc2 $0-$4 = RT) - then 48C02800 48C03000 and 48C03800 (jr delay slot) = ctc2 $zero -> $5,$6,$7 (TRX/TRY/TRZ, psx-spx cop2r37-39). v0 never written; no RAM write. Emulated 5000 random matrices + random prior GTE control state vs SetRotMatrix-then-TR=0: 0 mismatches over all 32 control regs. [emulatio; verifier: [misc] Words 0x80052B44..6C == SetRotMatrix@0x8007EEEC [VERIFIED] words 0..9 (5 lw *a0 -> ctc2 $0-$4 = RT), then ctc2 $zero,$5/$6/$7 (TRX/TRY/TRZ, last in jr delay slot). emulation: own interpreter tm",KEEP,,
0x80052B7C,gte_mvmva,func_80052B7C,named_syms.txt/symbol_addrs.txt alias only,gte_mvmva_80052B7C,26,,naming-analyzer(proposals_resolved),INFERRED,"docs/naming/proposals_resolved.csv: confidence=low method=APPLIED-DIFFERENTLY; gte_op=gte_mvmva_wrapper_80052B7C; NOTE: name wears a PsyQ-style family prefix but its recorded origin is the naming analyzer, NOT an SDK signature match — the prefix asserts more than the evidence",KEEP,,
0x80052BE4,gte_ReadFarColor,gte_ReadFarColor,glabel,,0,src/main/3AB48.c:118(INCLUDE_ASM),computation-restatement,CORROBORATED,"computation-restatement: asm/funcs/func_80052BE4.s (11 insns, whole-body asm, authorized inline_asm_canonical.txt:344): cfc2 cop2 control 21/22/23 (RFC/GFC/BFC) -> srl 4 -> sb a0[0..2]. Exact inverse of VERIFIED SetFarColor @0x8007EFBC (asm/funcs/SetFarColor.s: sll 4 -> ctc2 $21/$22/$23).; verifier: Raw EXE words 4848A800/4849B000/484AB800 = cfc2 t0,$21 / t1,$22 / t2,$23; psx-spx: cop2r53-55 (ctrl 21-23) = RFC/GFC/BFC, 32-bit R/W. srl 4, sb a0[0..2]. Exact inverse of VERIFIED SetFarColor@8007EFBC",KEEP,,
0x80052C10,func_80052C10,func_80052C10,glabel,,6,src/main/3AB48.c:119(INCLUDE_ASM),splat-auto,AUTO,splat-generated placeholder; makes no semantic claim,KEEP,,
0x80052C28,func_80052C28,func_80052C28,glabel,,9,src/main/3AB48.c:120(INCLUDE_ASM),splat-auto,AUTO,splat-generated placeholder; makes no semantic claim,KEEP,,
0x80052C4C,gte_mvmva,func_80052C4C,named_syms.txt/symbol_addrs.txt alias only,gte_mvmva_80052C4C,34,,naming-analyzer(proposals_resolved),INFERRED,"docs/naming/proposals_resolved.csv: confidence=low method=APPLIED-DIFFERENTLY; gte_op=gte_mvmva_wrapper_80052C4C; NOTE: name wears a PsyQ-style family prefix but its recorded origin is the naming analyzer, NOT an SDK signature match — the prefix asserts more than the evidence",KEEP,,
0x80052CD4,gte_ReadIR1IR2Sra2,gte_ReadIR1IR2Sra2,glabel,,0,src/main/3AB48.c:122(INCLUDE_ASM),computation-restatement,CORROBORATED,"computation-restatement: asm/funcs/func_80052CD4.s (hand asm, whole-body canonical inline_asm_canonical.txt:279; census insns=0). EXE words at 0x80052CD4: 48084800 mfc2 t0,$9(IR1); 48095000 mfc2 t1,$10(IR2); 00084083 sra t0,t0,2; 00094883 sra t1,t1,2; AC880000 sw t0,0(a0); ACA90000 sw t1,0(a1); 03E00008 jr ra; 00000000. Each sra is 2 insns after its mfc2, so no load-delay hazard. Effect: *(s32*)a0 = IR1 >> 2, *(s32*)a1 = IR2 >> 2 (arithmetic on the sign-extended 16-bit IR value; = floor(IR/4), not C /4). emulator tmp/naming_sweep3/compute/emu/vemu.py = unmodified copy of the 2026-09-25 verifier interpreter tmp/naming_; verifier: [compute] Own interpreter tmp/naming_sweep3/compute/verify/cpu.py + tmp/naming_sweep3/compute/verify/v_52cd4.py -> v_52cd4.out. EXE words @0x80052CD4: 48084800 (mfc2 t0,d9=IR1) 48095000 (mfc2 t1,d10=I",KEEP,,
0x80052D00,func_80052D00,func_80052D00,glabel,,385,src/main/3AB48.c:132,splat-auto,AUTO,splat-generated placeholder; makes no semantic claim,KEEP,,
0x80053304,init_move_to_target,func_80053304,named_syms.txt/symbol_addrs.txt alias only,init_move_to_target_80053304,82,,naming-analyzer(proposals_resolved),INFERRED,docs/naming/proposals_resolved.csv: confidence=none method=NO-PROPOSAL-NOW-NAMED; string_adjacent_info=?,KEEP,,
0x8005344C,myrobgeneidraw2_helper,func_8005344C,named_syms.txt/symbol_addrs.txt alias only,myrobgeneidraw2_helper_8005344C,78,,naming-analyzer(proposals_resolved),INFERRED,docs/naming/proposals_resolved.csv: confidence=none method=NO-PROPOSAL-NOW-NAMED; ,KEEP,,
0x80053584,func_80053584,func_80053584,glabel,,36,src/main/3AB48.c:308,splat-auto,AUTO,splat-generated placeholder; makes no semantic claim,KEEP,,
0x80053614,func_80053614,func_80053614,glabel,,32,src/main/3AB48.c:316,splat-auto,AUTO,splat-generated placeholder; makes no semantic claim,KEEP,,
0x80053694,camera_helper,func_80053694,named_syms.txt/symbol_addrs.txt alias only,camera_helper_80053694,48,,naming-analyzer(proposals_resolved),INFERRED,docs/naming/proposals_resolved.csv: confidence=none method=NO-PROPOSAL-NOW-NAMED; ,KEEP,,
0x80053754,move_to_target_step,func_80053754,named_syms.txt/symbol_addrs.txt alias only,move_to_target_step_80053754,466,,naming-analyzer(proposals_resolved),INFERRED,docs/naming/proposals_resolved.csv: confidence=none method=NO-PROPOSAL-NOW-NAMED; ,KEEP,,
0x80053E9C,move_to_target_step,func_80053E9C,named_syms.txt/symbol_addrs.txt alias only,move_to_target_step_80053E9C,349,,naming-analyzer(proposals_resolved),INFERRED,docs/naming/proposals_resolved.csv: confidence=none method=NO-PROPOSAL-NOW-NAMED; ,KEEP,,
0x80054410,set_D_800A33F0,func_80054410,named_syms.txt/symbol_addrs.txt alias only,set_D_800A33F0_80054410,3,,naming-analyzer(proposals_resolved),INFERRED,docs/naming/proposals_resolved.csv: confidence=medium method=APPLIED-DIFFERENTLY; kengo_pattern=efc_ougi_Init_80054410; address_neighborhood=g_local_80054410,KEEP,,
0x8005441C,func_8005441C,func_8005441C,glabel,,6,src/main/3AB48.c:651,splat-auto,AUTO,splat-generated placeholder; makes no semantic claim,KEEP,,
0x80054434,func_80054434,func_80054434,glabel,,3,src/main/3AB48.c:653,splat-auto,AUTO,splat-generated placeholder; makes no semantic claim,KEEP,,
0x80054440,gte_nct_wrapper,func_80054440,named_syms.txt/symbol_addrs.txt alias only,gte_nct_wrapper_80054440,109,,naming-analyzer(proposals_resolved),INFERRED,"docs/naming/proposals_resolved.csv: confidence=medium method=APPLIED-AS-PROPOSED; gte_op=gte_nct_wrapper_80054440; address_neighborhood=g_local_80054440; NOTE: name wears a PsyQ-style family prefix but its recorded origin is the naming analyzer, NOT an SDK signature match — the prefix asserts more than the evidence",KEEP,,
0x800545F4,func_800545F4,func_800545F4,glabel,,4,src/main/3AB48.c:656(INCLUDE_ASM),splat-auto,AUTO,splat-generated placeholder; makes no semantic claim,KEEP,,
0x80054604,game_StageSetup,func_80054604,named_syms.txt/symbol_addrs.txt alias only,game_StageSetup_80054604,160,,naming-analyzer(proposals_resolved),INFERRED,docs/naming/proposals_resolved.csv: confidence=low method=APPLIED-DIFFERENTLY; address_neighborhood=g_local_80054604; string_adjacent_info=?,KEEP,,
0x80054884,func_80054884,func_80054884,glabel,,22,src/main/3AB48.c:735,splat-auto,AUTO,splat-generated placeholder; makes no semantic claim,KEEP,,
0x800548DC,func_800548DC,func_800548DC,glabel,,12,src/main/3AB48.c:740,splat-auto,AUTO,splat-generated placeholder; makes no semantic claim,KEEP,,
0x8005490C,game_StageMain,func_8005490C,named_syms.txt/symbol_addrs.txt alias only,game_StageMain_8005490C,407,,naming-analyzer(proposals_resolved),INFERRED,docs/naming/proposals_resolved.csv: confidence=none method=NO-PROPOSAL-NOW-NAMED; ,KEEP,,
0x80054F68,md_game_frame_setup,func_80054F68,named_syms.txt/symbol_addrs.txt alias only,md_game_frame_setup_80054F68,29,,naming-analyzer(proposals_resolved),INFERRED,docs/naming/proposals_resolved.csv: confidence=none method=NO-PROPOSAL-NOW-NAMED; ,KEEP,,
0x80054FDC,func_80054FDC,func_80054FDC,glabel,,40,src/main/3AB48.c:915,splat-auto,AUTO,splat-generated placeholder; makes no semantic claim,KEEP,,
0x8005507C,get_ptr_D_800EFB0C,func_8005507C,named_syms.txt/symbol_addrs.txt alias only,get_ptr_D_800EFB0C_8005507C,4,,naming-analyzer(proposals_resolved),INFERRED,docs/naming/proposals_resolved.csv: confidence=medium method=APPLIED-DIFFERENTLY; kengo_pattern=replay_camera_check_stage_8005507C,KEEP,,
0x8005508C,get_ptr_D_80101E1C,func_8005508C,named_syms.txt/symbol_addrs.txt alias only,get_ptr_D_80101E1C_8005508C,4,,naming-analyzer(proposals_resolved),INFERRED,docs/naming/proposals_resolved.csv: confidence=medium method=APPLIED-DIFFERENTLY; kengo_pattern=replay_camera_check_stage_8005508C,KEEP,,
0x8005509C,func_8005509C,func_8005509C,glabel,,19,src/main/3AB48.c:937,splat-auto,AUTO,splat-generated placeholder; makes no semantic claim,KEEP,,
0x800550E8,cpu_attenuate_character_damage,func_800550E8,named_syms.txt/symbol_addrs.txt alias only,cpu_attenuate_character_damage_800550E8,20,,naming-analyzer(proposals_resolved),INFERRED,docs/naming/proposals_resolved.csv: confidence=medium method=APPLIED-DIFFERENTLY; sole_caller_path=cpu_get_move_pattern_table_number_helper_800550E8,KEEP,,
0x80055138,func_80055138,func_80055138,glabel,,516,src/main/3AB48.c:956,splat-auto,AUTO,splat-generated placeholder; makes no semantic claim,KEEP,,
0x80055948,calc_helper,func_80055948,named_syms.txt/symbol_addrs.txt alias only,calc_helper_80055948,127,,naming-analyzer(proposals_resolved),INFERRED,docs/naming/proposals_resolved.csv: confidence=none method=NO-PROPOSAL-NOW-NAMED; ,KEEP,,
0x80055B44,set_field0x3B4,func_80055B44,named_syms.txt/symbol_addrs.txt alias only,set_field0x3B4_80055B44,7,,naming-analyzer(proposals_resolved),INFERRED,docs/naming/proposals_resolved.csv: confidence=none method=NO-PROPOSAL-NOW-NAMED; ,KEEP,,
0x80055B60,func_80055B60,func_80055B60,glabel,,1110,src/main/3AB48.c:1277,splat-auto,AUTO,splat-generated placeholder; makes no semantic claim,KEEP,,
0x80056CB8,calc_helper,func_80056CB8,named_syms.txt/symbol_addrs.txt alias only,calc_helper_80056CB8,204,,naming-analyzer(proposals_resolved),INFERRED,docs/naming/proposals_resolved.csv: confidence=none method=NO-PROPOSAL-NOW-NAMED; ,KEEP,,
0x80056FE8,func_80056FE8,func_80056FE8,glabel,,43,src/main/3AB48.c:1730,splat-auto,AUTO,splat-generated placeholder; makes no semantic claim,KEEP,,
0x80057094,ai_compute_target_direction,func_80057094,named_syms.txt/symbol_addrs.txt alias only,ai_compute_target_direction_80057094,75,,naming-analyzer(proposals_resolved),INFERRED,docs/naming/proposals_resolved.csv: confidence=none method=NO-PROPOSAL-NOW-NAMED; ,KEEP,,
0x800571C0,func_800571C0,func_800571C0,glabel,,287,src/main/3AB48.c:1796,splat-auto,AUTO,splat-generated placeholder; makes no semantic claim,KEEP,,
0x8005763C,calc_line_seg_intersect,func_8005763C,named_syms.txt/symbol_addrs.txt alias only,calc_line_seg_intersect_8005763C,292,,naming-analyzer(residual_named),CORROBORATED,"docs/naming/residual_named.csv: manual reverse-engineering, confidence=high — 2D line-seg intersection: all coords sra>>3 (1/8 fixed-pt), dx/dy deltas of 2 segs, mult/div cross-products w/ div0(break7)+overflow(break6) guards, cascade of slti<-0x32 (+/-50) bounds reject, writes ix/iy via ptr args $t8/$t9, returns 1/0",KEEP,,
0x80057ACC,coli_find_nearest_edge_hit,func_80057ACC,named_syms.txt/symbol_addrs.txt alias only,coli_find_nearest_edge_hit_80057ACC,127,,naming-analyzer(residual_named),INFERRED,"docs/naming/residual_named.csv: confidence=medium method=manual_re; loops polygons($s6: count+vert-array, 8B entries)->edges; intersects each edge vs actor move-seg via func_8005763C; tracks nearest hit by sqdist (sentinel 0x186A0), records winning poly/edge idx at $s2[0x360/0x361]; returns min dist",KEEP,,
0x80057CC8,func_80057CC8,func_80057CC8,glabel,,111,src/main/3AB48.c:2044,splat-auto,AUTO,splat-generated placeholder; makes no semantic claim,KEEP,,
0x80057E84,coli_check_collision,func_80057E84,named_syms.txt/symbol_addrs.txt alias only,coli_check_collision_80057E84,447,,naming-analyzer(proposals_resolved),INFERRED,docs/naming/proposals_resolved.csv: confidence=none method=NO-PROPOSAL-NOW-NAMED; ,KEEP,,
0x80058580,calc_helper,func_80058580,named_syms.txt/symbol_addrs.txt alias only,calc_helper_80058580,2991,,naming-analyzer(proposals_resolved),INFERRED,docs/naming/proposals_resolved.csv: confidence=none method=NO-PROPOSAL-NOW-NAMED; ,KEEP,,
0x8005B43C,snd_Init,snd_Init,glabel,,52,src/main/3AB48.c:3426,apiscan-restatement,CORROBORATED,"apiscan-restatement: zero 16-entry tables D_800EFB38/D_800EFC38; SsInit(); func_800858D0(0); SsUtReverbOff(); SsUtSetReverbType(0); SsUtSetReverbDepth(0,0); SsSetReservedVoice(0); SsSetTickMode(1); init 24x8-byte table at D_800EFB78 (vol 0x7F); SsStart(); clears D_800A3408/D_800A3400. Alias obj_helper is meaningless.; verifier: verifier: SsInit ... SsSetTickMode(SS_TICK60) ... SsStart",KEEP,,
0x8005B50C,snd_Quit,snd_Quit,glabel,,32,src/main/3AB48.c:3460,apiscan-restatement,CORROBORATED,"apiscan-restatement: func_800858D0(0); SsUtReverbOff(); SsUtSetReverbType(0); SsUtSetReverbDepth(0,0); SsEnd(); SsQuit(); zero the same two 16-entry tables snd_Init zeroes; clears D_800A3408. Exact inverse of snd_Init.; verifier: verifier: reverb off, SsEnd, SsQuit, zero same tables",KEEP,,
0x8005B58C,func_8005B58C,func_8005B58C,glabel,,8,src/main/3AB48.c:3483,splat-auto,AUTO,splat-generated placeholder; makes no semantic claim,KEEP,,
0x8005B5AC,func_8005B5AC,func_8005B5AC,glabel,,38,src/main/3AB48.c:3485,splat-auto,AUTO,splat-generated placeholder; makes no semantic claim,KEEP,,
0x8005B644,func_8005B644,func_8005B644,glabel,,26,src/main/3AB48.c:3497,splat-auto,AUTO,splat-generated placeholder; makes no semantic claim,KEEP,,
0x8005B6AC,func_8005B6AC,func_8005B6AC,glabel,,20,src/main/3AB48.c:3506,splat-auto,AUTO,splat-generated placeholder; makes no semantic claim,KEEP,,
0x8005B6FC,snd_CloseVab1,snd_CloseVab1,glabel,,12,src/main/3AB48.c:3516,typed-restatement,CORROBORATED,"typed-restatement: T1 matched C src/text1b_tu1b.c:3701-3705: SsVabClose(1) [VERIFIED]; g_vab_rec_ptr[1] = 0; g_vab_vb_sbaddr[1] = 0 (the _plus_0x4 spellings). T2 3 statements, one direct jal. T3 g_vab_rec_ptr / g_vab_vb_sbaddr CONFIRM (sweep-2026-09-24 data_manifest.csv:50-51,64,70: per-VAB-id tables set on open). T4 Close restates the VERIFIED call; the two stores clear VAB id 1's open-state entries, the bookkeeping snd_VabFakeOpen [CORROBORATED] reads. Literal id in the name; no bank role claimed.; verifier: Q103 re-verification (default refute, T1-T6) 2026-10-03",KEEP,,
0x8005B72C,func_8005B72C,func_8005B72C,glabel,,38,src/main/3AB48.c:3524,splat-auto,AUTO,splat-generated placeholder; makes no semantic claim,KEEP,,
0x8005B7C4,snd_LoadCommonVab,snd_LoadCommonVab,glabel,,41,src/main/3AB48.c:3567,in-binary-string,VERIFIED,"in-binary-string: asm/funcs/func_8005B7C4.s: func_800858D0(0); printf(""common_vab start:%08x\n"" @0x800158B4 (bytes read from EXE), a0) [printf VERIFIED]; idx = func_80036EA8(2,1) = D_8008F12C[2]+1; replay_camera_Init(idx, a0) [= cdrom_StartRead row]; game_FrameLoop() [loops until the CD state is idle]; len = D_8008EC38[idx*2] (byte-length column); D_800A3408 = 0, D_800A340C = D_800A3404 = 0x1010; func_8005C2A8(a0, 0, a0 + len), which does SsVabClose, snd_VabOpen [CORROBORATED: SsVabOpenHeadSticky + SsVabTransBody], SsVabTransCompleted, SsUtGetVBaddrInSB [VERIFIED].; verifier: Re-derived (order differs slightly from the miner's text): func_800858D0(0); printf(""common_vab start:%08x\n"" @0x800158B4, bytes read from EXE, a0); game_FrameLoop() [waits until the cdrom state is 0]",KEEP,,
0x8005B868,func_8005B868,func_8005B868,glabel,,20,src/main/3AB48.c:3587,splat-auto,AUTO,splat-generated placeholder; makes no semantic claim,KEEP,,
0x8005B8B8,func_8005B8B8,func_8005B8B8,glabel,,53,src/main/3AB48.c:3597,splat-auto,AUTO,splat-generated placeholder; makes no semantic claim,KEEP,,
0x8005B98C,snd_VabFakeOpen8And4,snd_VabFakeOpen8And4,glabel,snd_VabFakeOpen8And4,14,src/main/3AB48.c:3621,typed-restatement,CORROBORATED,"typed-restatement: T1 matched C src/text1b_tu1b.c:3836-3839: snd_VabFakeOpen(a0, 8); snd_VabFakeOpen(a0, 4) [CORROBORATED]. T2 2 statements. T4 both calls restated in call order. Registry note 'MISNAMED: not motion-pre-calc' (named_syms.txt) agrees.; verifier: Q103 re-verification (default refute, T1-T6) 2026-10-03",KEEP,,
0x8005B9C4,func_8005B9C4,func_8005B9C4,glabel,,14,src/main/3AB48.c:3626,splat-auto,AUTO,splat-generated placeholder; makes no semantic claim,KEEP,,
0x8005B9FC,func_8005B9FC,func_8005B9FC,glabel,,28,src/main/3AB48.c:3633,splat-auto,AUTO,splat-generated placeholder; makes no semantic claim,KEEP,,
0x8005BA6C,snd_VabFakeOpen9,snd_VabFakeOpen9,glabel,,8,src/main/3AB48.c:3645,typed-restatement,CORROBORATED,"typed-restatement: T1 matched C src/text1b_tu1b.c:3864-3866: snd_VabFakeOpen(a0, 9) [CORROBORATED apiscan-restatement]. T2 1 statement. T3 no global touched. T4 callee + literal id restated (precedent rcnt_StartCnt1Wrapper).; verifier: Q103 re-verification (default refute, T1-T6) 2026-10-03",KEEP,,
0x8005BA8C,func_8005BA8C,func_8005BA8C,glabel,,169,src/main/3AB48.c:3659,splat-auto,AUTO,splat-generated placeholder; makes no semantic claim,KEEP,,
0x8005BD30,func_8005BD30,func_8005BD30,glabel,,48,src/main/3AB48.c:3715,splat-auto,AUTO,splat-generated placeholder; makes no semantic claim,KEEP,,
0x8005BDF0,snd_CloseListedVabs,snd_CloseListedVabs,glabel,,37,src/main/3AB48.c:3732,typed-restatement,CORROBORATED,"typed-restatement: T1 matched C src/text1b_tu1b.c:3961-3972: for each of the 3 ids in D_8009AD18 (g_vab_id_list row): SsVabClose(id) [VERIFIED]; g_vab_rec_ptr[id] = 0; g_vab_vb_sbaddr[id] = 0. T2 loop of 4 statements, direct jal only. T3 g_vab_* CONFIRM + g_vab_id_list (typed-restatement data row, u8[3] {7,3,6}, read-only, every read used as a VAB id). T4 list-driven twin of snd_CloseVab1.; verifier: Q103 re-verification (default refute, T1-T6) 2026-10-03",KEEP,,
0x8005BE84,func_8005BE84,func_8005BE84,glabel,,46,src/main/3AB48.c:3743,splat-auto,AUTO,splat-generated placeholder; makes no semantic claim,KEEP,,
0x8005BF3C,func_8005BF3C,func_8005BF3C,glabel,,15,src/main/3AB48.c:3768,splat-auto,AUTO,splat-generated placeholder; makes no semantic claim,KEEP,,
0x8005BF78,snd_MoveVabBody,snd_MoveVabBody,glabel,,63,src/main/3AB48.c:3777,apiscan-restatement,CORROBORATED,"apiscan-restatement: asm/funcs/func_8005BF78.s (63 insns): func_800858D0(0) [AUTO libsnd key-off loop, not named]; SsVabClose((s16)a1) [VERIFIED]; SpuSetTransferStartAddr(a3) [VERIFIED]; SpuRead(a0, g_vab_rec_ptr[a1]->0xC) [VERIFIED]; SpuIsTransferCompleted(1) [VERIFIED]; SpuSetTransferStartAddr(a2); SpuWrite(a0, same size) [VERIFIED]; SpuIsTransferCompleted(1); SsVabFakeHead(g_vab_rec_ptr[a1]->4, a1, a2) [VERIFIED; LIBSND.H SsVabFakeHead(addr, vabid, sbaddr)]; SsVabFakeBody(a1) [VERIFIED]; g_vab_vb_sbaddr[a1] = a2 (data-api-restatement 2026-09-24 CONFIRM: per-vabid SPU body address); return a2 + size. = copy VAB ; verifier: [misc] Re-read asm (words == EXE): func_800858D0(0) [AUTO - libsnd voice reset/key-off loop, not restated]; SsVabClose((s16)a1); SpuSetTransferStartAddr(a3); SpuRead(a0, g_vab_rec_ptr[a1]->0xC); SpuIs",KEEP,,
0x8005C074,func_8005C074,func_8005C074,glabel,,141,src/main/3AB48.c:3797,splat-auto,AUTO,splat-generated placeholder; makes no semantic claim,KEEP,,
0x8005C2A8,func_8005C2A8,func_8005C2A8,glabel,,134,src/main/3AB48.c:3855,splat-auto,AUTO,splat-generated placeholder; makes no semantic claim,KEEP,,
0x8005C4C0,snd_VabFakeOpen,snd_VabFakeOpen,glabel,,58,src/main/3AB48.c:3900,apiscan-restatement,CORROBORATED,"apiscan-restatement: func_800858D0(0); SsVabClose; SsVabFakeHead; SsVabFakeBody over the D_800EFB38/D_800EFC38 tables. The libsnd fake-VAB pair (SsVabFakeHead/SsVabFakeBody).; verifier: verifier: relocates table entry, SsVabClose, SsVabFakeHead, SsVabFakeBody; relocation extra but not contradicted",KEEP,,
0x8005C5A8,snd_VabOpen,snd_VabOpen,glabel,,27,src/main/3AB48.c:3934,apiscan-restatement,CORROBORATED,"apiscan-restatement: SsVabClose(id); SsVabOpenHeadSticky(rec->head [0x4], id, D_800A3404); rec->head->[0x8]=id; SsVabTransBody(rec->body [0x8], id); returns (s16)result. The three libsnd VAB-open calls in sequence.; verifier: verifier: SsVabClose, SsVabOpenHeadSticky(head,id,D_800A3404), SsVabTransBody(body,id)",KEEP,,
0x8005C614,func_8005C614,func_8005C614,glabel,,15,src/main/3AB48.c:3941,splat-auto,AUTO,splat-generated placeholder; makes no semantic claim,KEEP,,
0x8005C650,mode_helper,func_8005C650,named_syms.txt/symbol_addrs.txt alias only,mode_helper_8005C650,32,,naming-analyzer(proposals_resolved),INFERRED,docs/naming/proposals_resolved.csv: confidence=none method=NO-PROPOSAL-NOW-NAMED; ,KEEP,,
0x8005C6D0,func_8005C6D0,func_8005C6D0,glabel,,118,src/main/3AB48.c:3969,splat-auto,AUTO,splat-generated placeholder; makes no semantic claim,KEEP,,
0x8005C8A8,cpu_render_stage_geometry,func_8005C8A8,named_syms.txt/symbol_addrs.txt alias only,cpu_render_stage_geometry_8005C8A8,753,,naming-analyzer(proposals_resolved),INFERRED,docs/naming/proposals_resolved.csv: confidence=none method=NO-PROPOSAL-NOW-NAMED; ,KEEP,,
0x8005D46C,gnd_draw_texpage_2poly,func_8005D46C,named_syms.txt/symbol_addrs.txt alias only,gnd_draw_texpage_2poly_8005D46C,58,,naming-analyzer(proposals_resolved),INFERRED,docs/naming/proposals_resolved.csv: confidence=medium method=APPLIED-DIFFERENTLY; sole_caller_path=gnd_disp_loop_ctrl_helper_8005D46C,KEEP,,
0x8005D554,func_8005D554,func_8005D554,glabel,,176,src/main/3AB48.c:4348,splat-auto,AUTO,splat-generated placeholder; makes no semantic claim,KEEP,,
0x8005D814,draw_anim_obj,func_8005D814,named_syms.txt/symbol_addrs.txt alias only,draw_anim_obj_8005D814,545,,naming-analyzer(proposals_resolved),INFERRED,docs/naming/proposals_resolved.csv: confidence=none method=NO-PROPOSAL-NOW-NAMED; ,KEEP,,
0x8005E098,func_8005E098,func_8005E098,glabel,,289,src/main/3AB48.c:4630,splat-auto,AUTO,splat-generated placeholder; makes no semantic claim,KEEP,,
0x8005E51C,func_8005E51C,func_8005E51C,glabel,,12,src/main/3AB48.c:4744,splat-auto,AUTO,splat-generated placeholder; makes no semantic claim,KEEP,,
0x8005E54C,gnd_render_affine_texpage,func_8005E54C,named_syms.txt/symbol_addrs.txt alias only,gnd_render_affine_texpage_8005E54C,799,,naming-analyzer(proposals_resolved),INFERRED,docs/naming/proposals_resolved.csv: confidence=none method=NO-PROPOSAL-NOW-NAMED; ,KEEP,,
0x8005F1C8,func_8005F1C8,func_8005F1C8,glabel,,564,src/main/3AB48.c:5070,splat-auto,AUTO,splat-generated placeholder; makes no semantic claim,KEEP,,
0x8005FA98,func_8005FA98,func_8005FA98,glabel,,76,src/main/3AB48.c:5252,splat-auto,AUTO,splat-generated placeholder; makes no semantic claim,KEEP,,
0x8005FBC8,cpu_load_replay_images_and_init,func_8005FBC8,named_syms.txt/symbol_addrs.txt alias only,cpu_load_replay_images_and_init_8005FBC8,53,,naming-analyzer(proposals_resolved),INFERRED,docs/naming/proposals_resolved.csv: confidence=medium method=APPLIED-DIFFERENTLY; sole_caller_path=cpu_side_move_dir_2_helper_8005FBC8,KEEP,,
0x8005FC9C,draw_anim_obj,func_8005FC9C,named_syms.txt/symbol_addrs.txt alias only,draw_anim_obj_8005FC9C,267,,naming-analyzer(proposals_resolved),INFERRED,docs/naming/proposals_resolved.csv: confidence=none method=NO-PROPOSAL-NOW-NAMED; ,KEEP,,
0x800600C8,mode_helper,func_800600C8,named_syms.txt/symbol_addrs.txt alias only,mode_helper_800600C8,121,,naming-analyzer(proposals_resolved),INFERRED,docs/naming/proposals_resolved.csv: confidence=none method=NO-PROPOSAL-NOW-NAMED; string_adjacent_info=?,KEEP,,
0x800602AC,gpu_helper,func_800602AC,named_syms.txt/symbol_addrs.txt alias only,gpu_helper_800602AC,90,,naming-analyzer(proposals_resolved),INFERRED,"docs/naming/proposals_resolved.csv: confidence=none method=NO-PROPOSAL-NOW-NAMED; ; NOTE: name wears a PsyQ-style family prefix but its recorded origin is the naming analyzer, NOT an SDK signature match — the prefix asserts more than the evidence",KEEP,,
0x80060414,gnd_draw_single_texpage,func_80060414,named_syms.txt/symbol_addrs.txt alias only,gnd_draw_single_texpage_80060414,76,,naming-analyzer(proposals_resolved),INFERRED,docs/naming/proposals_resolved.csv: confidence=medium method=APPLIED-DIFFERENTLY; sole_caller_path=gnd_disp_loop_ctrl_helper_80060414,KEEP,,
0x80060544,mode_helper,func_80060544,named_syms.txt/symbol_addrs.txt alias only,mode_helper_80060544,133,,naming-analyzer(proposals_resolved),INFERRED,docs/naming/proposals_resolved.csv: confidence=none method=NO-PROPOSAL-NOW-NAMED; ,KEEP,,
0x80060758,text_render_cursor_reset,func_80060758,named_syms.txt/symbol_addrs.txt alias only,replay_camera_check_stage_80060758;text_render_cursor_reset_80060758,4,,naming-analyzer(proposals_resolved),INFERRED,"docs/naming/proposals_resolved.csv: confidence=high method=APPLIED-AS-PROPOSED; kengo_pattern=replay_camera_check_stage_80060758; sole_caller_path=SetCurrentCursor_helper_80060758; CONTEXT: a different alias at this address is flagged MISNAMED — the displayed name may be that flag's correction: named_syms.txt:31 [on sibling alias 'replay_camera_check_stage_80060758'] /* MISNAMED: 2-halfword clear of g_text_render_cursor_a/b — Kengo name-unique size collision, not a stage check */",KEEP,,
0x80060768,hud_emit_warning_tiles,func_80060768,named_syms.txt/symbol_addrs.txt alias only,hud_emit_warning_tiles_80060768,192,,naming-analyzer(proposals_resolved),INFERRED,docs/naming/proposals_resolved.csv: confidence=none method=NO-PROPOSAL-NOW-NAMED; ,KEEP,,
0x80060A68,anim_helper,func_80060A68,named_syms.txt/symbol_addrs.txt alias only,anim_helper_80060A68,66,,naming-analyzer(proposals_resolved),INFERRED,docs/naming/proposals_resolved.csv: confidence=none method=NO-PROPOSAL-NOW-NAMED; ,KEEP,,
0x80060B70,eff_helper,func_80060B70,named_syms.txt/symbol_addrs.txt alias only,eff_helper_80060B70,60,,naming-analyzer(proposals_resolved),INFERRED,docs/naming/proposals_resolved.csv: confidence=none method=NO-PROPOSAL-NOW-NAMED; ,KEEP,,
0x80060C60,func_80060C60,func_80060C60,glabel,,22,src/main/51268.c:145,splat-auto,AUTO,splat-generated placeholder; makes no semantic claim,KEEP,,
0x80060CB8,gpu_helper,func_80060CB8,named_syms.txt/symbol_addrs.txt alias only,gpu_helper_80060CB8,83,,naming-analyzer(proposals_resolved),INFERRED,"docs/naming/proposals_resolved.csv: confidence=none method=NO-PROPOSAL-NOW-NAMED; ; NOTE: name wears a PsyQ-style family prefix but its recorded origin is the naming analyzer, NOT an SDK signature match — the prefix asserts more than the evidence",KEEP,,
0x80060E04,func_80060E04,func_80060E04,glabel,,13,src/main/51268.c:210,splat-auto,AUTO,splat-generated placeholder; makes no semantic claim,KEEP,,
0x80060E38,eff_helper,func_80060E38,named_syms.txt/symbol_addrs.txt alias only,eff_helper_80060E38,139,,naming-analyzer(proposals_resolved),INFERRED,docs/naming/proposals_resolved.csv: confidence=none method=NO-PROPOSAL-NOW-NAMED; ,KEEP,,
0x80061064,eff_FrameUpdate,func_80061064,named_syms.txt/symbol_addrs.txt alias only,eff_FrameUpdate,69,,naming-analyzer(proposals_resolved),INFERRED,docs/naming/proposals_resolved.csv: confidence=low method=APPLIED-DIFFERENTLY; string_adjacent=prim_overflow_func_80061064,KEEP,,
0x80061178,game_Cleanup,game_Cleanup,glabel,,11,src/main/51268.c:292,unattributed,INFERRED,"named outside every recorded evidence path (Kengo / PsyQ / renamer map / naming-analyzer CSVs); provenance UNKNOWN — cannot be defended, treat as review-required; introduced by commit 4c7390cc3 readability: rename 29 func_ functions to semantic names; body at src/main/51268.c:292",KEEP,,
0x800611A4,motion_helper,func_800611A4,named_syms.txt/symbol_addrs.txt alias only,motion_helper_800611A4,43,,naming-analyzer(proposals_resolved),INFERRED,docs/naming/proposals_resolved.csv: confidence=none method=NO-PROPOSAL-NOW-NAMED; ,KEEP,,
0x80061250,anim_emit_210009_with_setup,func_80061250,named_syms.txt/symbol_addrs.txt alias only,anim_emit_210009_with_setup_80061250,59,,naming-analyzer(proposals_resolved),INFERRED,docs/naming/proposals_resolved.csv: confidence=none method=NO-PROPOSAL-NOW-NAMED; ,KEEP,,
0x8006133C,motion_helper,func_8006133C,named_syms.txt/symbol_addrs.txt alias only,motion_helper_8006133C,35,,naming-analyzer(proposals_resolved),INFERRED,docs/naming/proposals_resolved.csv: confidence=none method=NO-PROPOSAL-NOW-NAMED; ,KEEP,,
0x800613C8,motion_helper,func_800613C8,named_syms.txt/symbol_addrs.txt alias only,motion_helper_800613C8,35,,naming-analyzer(proposals_resolved),INFERRED,docs/naming/proposals_resolved.csv: confidence=none method=NO-PROPOSAL-NOW-NAMED; ,KEEP,,
0x80061454,anim_emit_29000B,func_80061454,named_syms.txt/symbol_addrs.txt alias only,anim_emit_29000B_80061454,35,,naming-analyzer(proposals_resolved),INFERRED,docs/naming/proposals_resolved.csv: confidence=none method=NO-PROPOSAL-NOW-NAMED; ,KEEP,,
0x800614E0,motion_helper,func_800614E0,named_syms.txt/symbol_addrs.txt alias only,motion_helper_800614E0,35,,naming-analyzer(proposals_resolved),INFERRED,docs/naming/proposals_resolved.csv: confidence=none method=NO-PROPOSAL-NOW-NAMED; ,KEEP,,
0x8006156C,motion_helper,func_8006156C,named_syms.txt/symbol_addrs.txt alias only,motion_helper_8006156C,59,,naming-analyzer(proposals_resolved),INFERRED,docs/naming/proposals_resolved.csv: confidence=none method=NO-PROPOSAL-NOW-NAMED; ,KEEP,,
0x80061658,anim_emit_21000CD,func_80061658,named_syms.txt/symbol_addrs.txt alias only,anim_emit_21000CD_80061658,46,,naming-analyzer(proposals_resolved),INFERRED,docs/naming/proposals_resolved.csv: confidence=none method=NO-PROPOSAL-NOW-NAMED; ,KEEP,,
0x80061710,motion_helper,func_80061710,named_syms.txt/symbol_addrs.txt alias only,motion_helper_80061710,46,,naming-analyzer(proposals_resolved),INFERRED,docs/naming/proposals_resolved.csv: confidence=none method=NO-PROPOSAL-NOW-NAMED; ,KEEP,,
0x800617C8,motion_helper,func_800617C8,named_syms.txt/symbol_addrs.txt alias only,motion_helper_800617C8,59,,naming-analyzer(proposals_resolved),INFERRED,docs/naming/proposals_resolved.csv: confidence=none method=NO-PROPOSAL-NOW-NAMED; ,KEEP,,
0x800618B4,mode_helper,func_800618B4,named_syms.txt/symbol_addrs.txt alias only,mode_helper_800618B4,60,,naming-analyzer(proposals_resolved),INFERRED,docs/naming/proposals_resolved.csv: confidence=none method=NO-PROPOSAL-NOW-NAMED; ,KEEP,,
0x800619A4,motion_helper,func_800619A4,named_syms.txt/symbol_addrs.txt alias only,motion_helper_800619A4,19,,naming-analyzer(proposals_resolved),INFERRED,docs/naming/proposals_resolved.csv: confidence=none method=NO-PROPOSAL-NOW-NAMED; ,KEEP,,
0x800619F0,motion_helper,func_800619F0,named_syms.txt/symbol_addrs.txt alias only,motion_helper_800619F0,19,,naming-analyzer(proposals_resolved),INFERRED,docs/naming/proposals_resolved.csv: confidence=none method=NO-PROPOSAL-NOW-NAMED; ,KEEP,,
0x80061A3C,func_80061A3C,func_80061A3C,glabel,,36,src/main/51268.c:592,splat-auto,AUTO,splat-generated placeholder; makes no semantic claim,KEEP,,
0x80061ACC,motion_helper,func_80061ACC,named_syms.txt/symbol_addrs.txt alias only,motion_helper_80061ACC,77,,naming-analyzer(proposals_resolved),INFERRED,docs/naming/proposals_resolved.csv: confidence=none method=NO-PROPOSAL-NOW-NAMED; ,KEEP,,
0x80061C00,motion_helper,func_80061C00,named_syms.txt/symbol_addrs.txt alias only,motion_helper_80061C00,93,,naming-analyzer(proposals_resolved),INFERRED,docs/naming/proposals_resolved.csv: confidence=none method=NO-PROPOSAL-NOW-NAMED; ,KEEP,,
0x80061D74,motion_helper,func_80061D74,named_syms.txt/symbol_addrs.txt alias only,motion_helper_80061D74,83,,naming-analyzer(proposals_resolved),INFERRED,docs/naming/proposals_resolved.csv: confidence=none method=NO-PROPOSAL-NOW-NAMED; ,KEEP,,
0x80061EC0,motion_helper,func_80061EC0,named_syms.txt/symbol_addrs.txt alias only,motion_helper_80061EC0,59,,naming-analyzer(proposals_resolved),INFERRED,docs/naming/proposals_resolved.csv: confidence=none method=NO-PROPOSAL-NOW-NAMED; ,KEEP,,
0x80061FAC,disphira_helper,func_80061FAC,named_syms.txt/symbol_addrs.txt alias only,disphira_helper_80061FAC,29,,naming-analyzer(proposals_resolved),INFERRED,docs/naming/proposals_resolved.csv: confidence=none method=NO-PROPOSAL-NOW-NAMED; ,KEEP,,
0x80062020,func_80062020,func_80062020,glabel,,38,src/main/51268.c:800,splat-auto,AUTO,splat-generated placeholder; makes no semantic claim,KEEP,,
0x800620B8,DispHira_helper,func_800620B8,named_syms.txt/symbol_addrs.txt alias only,DispHira_helper_800620B8,501,,naming-analyzer(proposals_resolved),INFERRED,docs/naming/proposals_resolved.csv: confidence=medium method=APPLIED-AS-PROPOSED; sole_caller_path=DispHira_helper_800620B8,KEEP,,
0x8006288C,func_8006288C,func_8006288C,glabel,,52,src/main/51268.c:1002,splat-auto,AUTO,splat-generated placeholder; makes no semantic claim,KEEP,,
0x8006295C,gpu_render,func_8006295C,named_syms.txt/symbol_addrs.txt alias only,gpu_render_8006295C,420,,naming-analyzer(proposals_resolved),INFERRED,"docs/naming/proposals_resolved.csv: confidence=none method=NO-PROPOSAL-NOW-NAMED; ; NOTE: name wears a PsyQ-style family prefix but its recorded origin is the naming analyzer, NOT an SDK signature match — the prefix asserts more than the evidence",KEEP,,
0x80062FEC,func_80062FEC,func_80062FEC,glabel,,38,src/main/51268.c:1177,splat-auto,AUTO,splat-generated placeholder; makes no semantic claim,KEEP,,
0x80063084,func_80063084,func_80063084,glabel,,667,src/main/51268.c:1205,splat-auto,AUTO,splat-generated placeholder; makes no semantic claim,KEEP,,
0x80063AF0,func_80063AF0,func_80063AF0,glabel,,17,src/main/51268.c:1398,splat-auto,AUTO,splat-generated placeholder; makes no semantic claim,KEEP,,
0x80063B34,func_80063B34,func_80063B34,glabel,,17,src/main/51268.c:1406,splat-auto,AUTO,splat-generated placeholder; makes no semantic claim,KEEP,,
0x80063B78,func_80063B78,func_80063B78,glabel,,11,src/main/51268.c:1417,splat-auto,AUTO,splat-generated placeholder; makes no semantic claim,KEEP,,
0x80063BA4,func_80063BA4,func_80063BA4,glabel,,11,src/main/51268.c:1422,splat-auto,AUTO,splat-generated placeholder; makes no semantic claim,KEEP,,
0x80063BD0,func_80063BD0,func_80063BD0,glabel,,144,src/main/51268.c:1436,splat-auto,AUTO,splat-generated placeholder; makes no semantic claim,KEEP,,
0x80063E10,gte_mvmva,func_80063E10,named_syms.txt/symbol_addrs.txt alias only,gte_mvmva_80063E10,443,,naming-analyzer(proposals_resolved),INFERRED,"docs/naming/proposals_resolved.csv: confidence=low method=APPLIED-DIFFERENTLY; gte_op=gte_mvmva_wrapper_80063E10; string_adjacent_info=?; NOTE: name wears a PsyQ-style family prefix but its recorded origin is the naming analyzer, NOT an SDK signature match — the prefix asserts more than the evidence",KEEP,,
0x800644FC,motutil_GetWalkDir_all,func_800644FC,named_syms.txt/symbol_addrs.txt alias only,motutil_GetWalkDir_all_800644FC,45,,naming-analyzer(proposals_resolved),INFERRED,docs/naming/proposals_resolved.csv: confidence=none method=NO-PROPOSAL-NOW-NAMED; ,KEEP,,
0x800645B0,func_800645B0,func_800645B0,glabel,,78,src/main/51268.c:1784,splat-auto,AUTO,splat-generated placeholder; makes no semantic claim,KEEP,,
0x800646E8,gpu_render,func_800646E8,named_syms.txt/symbol_addrs.txt alias only,gpu_render_800646E8,490,,naming-analyzer(proposals_resolved),INFERRED,"docs/naming/proposals_resolved.csv: confidence=low method=APPLIED-DIFFERENTLY; gte_op=gte_helper_800646E8; NOTE: name wears a PsyQ-style family prefix but its recorded origin is the naming analyzer, NOT an SDK signature match — the prefix asserts more than the evidence",KEEP,,
0x80064E90,func_80064E90,func_80064E90,glabel,,18,src/main/51268.c:1959,splat-auto,AUTO,splat-generated placeholder; makes no semantic claim,KEEP,,
0x80064ED8,motion_ex_Init_id1,func_80064ED8,named_syms.txt/symbol_addrs.txt alias only,motion_ex_Init_id1,18,,naming-analyzer(proposals_resolved),INFERRED,docs/naming/proposals_resolved.csv: confidence=low method=APPLIED-DIFFERENTLY; address_neighborhood=motion_local_80064ED8,KEEP,,
0x80064F20,motion_ex_Init_id2,func_80064F20,named_syms.txt/symbol_addrs.txt alias only,motion_ex_Init_id2,18,,naming-analyzer(proposals_resolved),INFERRED,docs/naming/proposals_resolved.csv: confidence=low method=APPLIED-DIFFERENTLY; address_neighborhood=motion_local_80064F20,KEEP,,
0x80064F68,motion_ex_Init_id3,func_80064F68,named_syms.txt/symbol_addrs.txt alias only,motion_ex_Init_id3,19,,naming-analyzer(proposals_resolved),INFERRED,docs/naming/proposals_resolved.csv: confidence=low method=APPLIED-DIFFERENTLY; address_neighborhood=motion_local_80064F68,KEEP,,
0x80064FB4,motion_ex_Init_id4,func_80064FB4,named_syms.txt/symbol_addrs.txt alias only,motion_ex_Init_id4,19,,naming-analyzer(proposals_resolved),INFERRED,docs/naming/proposals_resolved.csv: confidence=low method=APPLIED-DIFFERENTLY; address_neighborhood=motion_local_80064FB4,KEEP,,
0x80065000,motion_ex_Init_id5,func_80065000,named_syms.txt/symbol_addrs.txt alias only,motion_ex_Init_id5;motion_ex_init_state_80065000,23,,naming-analyzer(proposals_resolved),INFERRED,docs/naming/proposals_resolved.csv: confidence=low method=APPLIED-DIFFERENTLY; address_neighborhood=motion_local_80065000,KEEP,,
0x8006505C,func_8006505C,func_8006505C,glabel,,18,src/main/51268.c:2060,splat-auto,AUTO,splat-generated placeholder; makes no semantic claim,KEEP,,
0x800650A4,func_800650A4,func_800650A4,glabel,,18,src/main/51268.c:2074,splat-auto,AUTO,splat-generated placeholder; makes no semantic claim,KEEP,,
0x800650EC,func_800650EC,func_800650EC,glabel,,18,src/main/51268.c:2088,splat-auto,AUTO,splat-generated placeholder; makes no semantic claim,KEEP,,
0x80065134,motion_ex_init_state_b,func_80065134,named_syms.txt/symbol_addrs.txt alias only,motion_ex_init_state_b_80065134,18,,naming-analyzer(proposals_resolved),INFERRED,docs/naming/proposals_resolved.csv: confidence=low method=APPLIED-DIFFERENTLY; address_neighborhood=motion_local_80065134,KEEP,,
0x8006517C,func_8006517C,func_8006517C,glabel,,29,src/main/51268.c:2116,splat-auto,AUTO,splat-generated placeholder; makes no semantic claim,KEEP,,
0x800651F0,func_800651F0,func_800651F0,glabel,,29,src/main/51268.c:2137,splat-auto,AUTO,splat-generated placeholder; makes no semantic claim,KEEP,,
0x80065264,motion_ex_init_state_c,func_80065264,named_syms.txt/symbol_addrs.txt alias only,motion_ex_init_state_c_80065264,18,,naming-analyzer(proposals_resolved),INFERRED,docs/naming/proposals_resolved.csv: confidence=none method=NO-PROPOSAL-NOW-NAMED; ,KEEP,,
0x800652AC,func_800652AC,func_800652AC,glabel,,18,src/main/51268.c:2172,splat-auto,AUTO,splat-generated placeholder; makes no semantic claim,KEEP,,
0x800652F4,motion_ExMotionDrive0,func_800652F4,named_syms.txt/symbol_addrs.txt alias only,motion_ExMotionDrive0_800652F4,20,,naming-analyzer(proposals_resolved),INFERRED,docs/naming/proposals_resolved.csv: confidence=none method=NO-PROPOSAL-NOW-NAMED; ,KEEP,,
0x80065344,motion_ex_play_id1,func_80065344,named_syms.txt/symbol_addrs.txt alias only,motion_ex_play_id1_80065344,20,,naming-analyzer(proposals_resolved),INFERRED,docs/naming/proposals_resolved.csv: confidence=none method=NO-PROPOSAL-NOW-NAMED; ,KEEP,,
0x80065394,motion_ex_play_id2,func_80065394,named_syms.txt/symbol_addrs.txt alias only,motion_ex_play_id2_80065394,20,,naming-analyzer(proposals_resolved),INFERRED,docs/naming/proposals_resolved.csv: confidence=none method=NO-PROPOSAL-NOW-NAMED; ,KEEP,,
0x800653E4,motion_ExMotionDrive3,func_800653E4,named_syms.txt/symbol_addrs.txt alias only,motion_ExMotionDrive3_800653E4,20,,naming-analyzer(proposals_resolved),INFERRED,docs/naming/proposals_resolved.csv: confidence=none method=NO-PROPOSAL-NOW-NAMED; ,KEEP,,
0x80065434,motion_ex_play_id4,func_80065434,named_syms.txt/symbol_addrs.txt alias only,motion_ex_play_id4_80065434,20,,naming-analyzer(proposals_resolved),INFERRED,docs/naming/proposals_resolved.csv: confidence=none method=NO-PROPOSAL-NOW-NAMED; ,KEEP,,
0x80065484,motion_ex_play_id5_dynamic,func_80065484,named_syms.txt/symbol_addrs.txt alias only,motion_ex_play_id5_dynamic_80065484,47,,naming-analyzer(proposals_resolved),INFERRED,docs/naming/proposals_resolved.csv: confidence=none method=NO-PROPOSAL-NOW-NAMED; ,KEEP,,
0x80065540,motion_ex_play_id6,func_80065540,named_syms.txt/symbol_addrs.txt alias only,motion_ex_play_id6_80065540,20,,naming-analyzer(proposals_resolved),INFERRED,docs/naming/proposals_resolved.csv: confidence=none method=NO-PROPOSAL-NOW-NAMED; ,KEEP,,
0x80065590,motion_ex_play_id7,func_80065590,named_syms.txt/symbol_addrs.txt alias only,motion_ex_play_id7_80065590,20,,naming-analyzer(proposals_resolved),INFERRED,docs/naming/proposals_resolved.csv: confidence=none method=NO-PROPOSAL-NOW-NAMED; ,KEEP,,
0x800655E0,motion_ExMotionDriveA,func_800655E0,named_syms.txt/symbol_addrs.txt alias only,motion_ExMotionDriveA_800655E0,20,,naming-analyzer(proposals_resolved),INFERRED,docs/naming/proposals_resolved.csv: confidence=none method=NO-PROPOSAL-NOW-NAMED; ,KEEP,,
0x80065630,motion_ex_play_idB,func_80065630,named_syms.txt/symbol_addrs.txt alias only,motion_ex_play_idB_80065630,20,,naming-analyzer(proposals_resolved),INFERRED,docs/naming/proposals_resolved.csv: confidence=none method=NO-PROPOSAL-NOW-NAMED; ,KEEP,,
0x80065680,motion_ex_play_idCE,func_80065680,named_syms.txt/symbol_addrs.txt alias only,motion_ex_play_idCE_80065680,27,,naming-analyzer(proposals_resolved),INFERRED,docs/naming/proposals_resolved.csv: confidence=none method=NO-PROPOSAL-NOW-NAMED; ,KEEP,,
0x800656EC,motion_ExMotionDriveDF,func_800656EC,named_syms.txt/symbol_addrs.txt alias only,motion_ExMotionDriveDF_800656EC,29,,naming-analyzer(proposals_resolved),INFERRED,docs/naming/proposals_resolved.csv: confidence=none method=NO-PROPOSAL-NOW-NAMED; ,KEEP,,
0x80065760,motion_ex_play_id10,func_80065760,named_syms.txt/symbol_addrs.txt alias only,motion_ex_play_id10_80065760,20,,naming-analyzer(proposals_resolved),INFERRED,docs/naming/proposals_resolved.csv: confidence=none method=NO-PROPOSAL-NOW-NAMED; ,KEEP,,
0x800657B0,motion_ExMotionDrive11,func_800657B0,named_syms.txt/symbol_addrs.txt alias only,motion_ExMotionDrive11_800657B0,20,,naming-analyzer(proposals_resolved),INFERRED,docs/naming/proposals_resolved.csv: confidence=none method=NO-PROPOSAL-NOW-NAMED; ,KEEP,,
0x80065800,func_80065800,func_80065800,glabel,,1456,src/main/51268.c:2384,splat-auto,AUTO,splat-generated placeholder; makes no semantic claim,KEEP,,
0x80066EC0,efc_spawn,func_80066EC0,named_syms.txt/symbol_addrs.txt alias only,efc_spawn_80066EC0,13,,naming-analyzer(proposals_resolved),INFERRED,docs/naming/proposals_resolved.csv: confidence=none method=NO-PROPOSAL-NOW-NAMED; ,KEEP,,
0x80066EF4,efc_spawn,func_80066EF4,named_syms.txt/symbol_addrs.txt alias only,efc_spawn_80066EF4,13,,naming-analyzer(proposals_resolved),INFERRED,docs/naming/proposals_resolved.csv: confidence=none method=NO-PROPOSAL-NOW-NAMED; ,KEEP,,
0x80066F28,efc_spawn,func_80066F28,named_syms.txt/symbol_addrs.txt alias only,efc_spawn_80066F28,13,,naming-analyzer(proposals_resolved),INFERRED,docs/naming/proposals_resolved.csv: confidence=none method=NO-PROPOSAL-NOW-NAMED; ,KEEP,,
0x80066F5C,efc_spawn,func_80066F5C,named_syms.txt/symbol_addrs.txt alias only,efc_spawn_80066F5C,13,,naming-analyzer(proposals_resolved),INFERRED,docs/naming/proposals_resolved.csv: confidence=none method=NO-PROPOSAL-NOW-NAMED; ,KEEP,,
0x80066F90,efc_spawn,func_80066F90,named_syms.txt/symbol_addrs.txt alias only,efc_spawn_80066F90,13,,naming-analyzer(proposals_resolved),INFERRED,docs/naming/proposals_resolved.csv: confidence=none method=NO-PROPOSAL-NOW-NAMED; ,KEEP,,
0x80066FC4,efc_spawn,func_80066FC4,named_syms.txt/symbol_addrs.txt alias only,efc_spawn_80066FC4,13,,naming-analyzer(proposals_resolved),INFERRED,docs/naming/proposals_resolved.csv: confidence=none method=NO-PROPOSAL-NOW-NAMED; ,KEEP,,
0x80066FF8,efc_spawn,func_80066FF8,named_syms.txt/symbol_addrs.txt alias only,efc_spawn_80066FF8,13,,naming-analyzer(proposals_resolved),INFERRED,docs/naming/proposals_resolved.csv: confidence=none method=NO-PROPOSAL-NOW-NAMED; ,KEEP,,
0x8006702C,efc_spawn,func_8006702C,named_syms.txt/symbol_addrs.txt alias only,efc_spawn_8006702C,13,,naming-analyzer(proposals_resolved),INFERRED,docs/naming/proposals_resolved.csv: confidence=none method=NO-PROPOSAL-NOW-NAMED; ,KEEP,,
0x80067060,efc_spawn,func_80067060,named_syms.txt/symbol_addrs.txt alias only,efc_spawn_80067060,13,,naming-analyzer(proposals_resolved),INFERRED,docs/naming/proposals_resolved.csv: confidence=none method=NO-PROPOSAL-NOW-NAMED; ,KEEP,,
0x80067094,efc_spawn,func_80067094,named_syms.txt/symbol_addrs.txt alias only,efc_spawn_80067094,13,,naming-analyzer(proposals_resolved),INFERRED,docs/naming/proposals_resolved.csv: confidence=none method=NO-PROPOSAL-NOW-NAMED; ,KEEP,,
0x800670C8,efc_spawn,func_800670C8,named_syms.txt/symbol_addrs.txt alias only,efc_spawn_800670C8,13,,naming-analyzer(proposals_resolved),INFERRED,docs/naming/proposals_resolved.csv: confidence=none method=NO-PROPOSAL-NOW-NAMED; ,KEEP,,
0x800670FC,efc_spawn,func_800670FC,named_syms.txt/symbol_addrs.txt alias only,efc_spawn_800670FC,13,,naming-analyzer(proposals_resolved),INFERRED,docs/naming/proposals_resolved.csv: confidence=none method=NO-PROPOSAL-NOW-NAMED; ,KEEP,,
0x80067130,efc_spawn,func_80067130,named_syms.txt/symbol_addrs.txt alias only,efc_spawn_80067130,13,,naming-analyzer(proposals_resolved),INFERRED,docs/naming/proposals_resolved.csv: confidence=none method=NO-PROPOSAL-NOW-NAMED; ,KEEP,,
0x80067164,efc_spawn,func_80067164,named_syms.txt/symbol_addrs.txt alias only,efc_spawn_80067164,13,,naming-analyzer(proposals_resolved),INFERRED,docs/naming/proposals_resolved.csv: confidence=none method=NO-PROPOSAL-NOW-NAMED; ,KEEP,,
0x80067198,efc_spawn,func_80067198,named_syms.txt/symbol_addrs.txt alias only,efc_spawn_80067198,13,,naming-analyzer(proposals_resolved),INFERRED,docs/naming/proposals_resolved.csv: confidence=none method=NO-PROPOSAL-NOW-NAMED; ,KEEP,,
0x800671CC,efc_spawn,func_800671CC,named_syms.txt/symbol_addrs.txt alias only,efc_spawn_800671CC,13,,naming-analyzer(proposals_resolved),INFERRED,docs/naming/proposals_resolved.csv: confidence=none method=NO-PROPOSAL-NOW-NAMED; ,KEEP,,
0x80067200,func_80067200,func_80067200,glabel,,306,src/main/51268.c:2947,splat-auto,AUTO,splat-generated placeholder; makes no semantic claim,KEEP,,
0x800676C8,efc_helper,func_800676C8,named_syms.txt/symbol_addrs.txt alias only,efc_helper_800676C8,15,,naming-analyzer(proposals_resolved),INFERRED,docs/naming/proposals_resolved.csv: confidence=none method=NO-PROPOSAL-NOW-NAMED; ,KEEP,,
0x80067704,efc_helper,func_80067704,named_syms.txt/symbol_addrs.txt alias only,efc_helper_80067704,15,,naming-analyzer(proposals_resolved),INFERRED,docs/naming/proposals_resolved.csv: confidence=none method=NO-PROPOSAL-NOW-NAMED; ,KEEP,,
0x80067740,efc_helper,func_80067740,named_syms.txt/symbol_addrs.txt alias only,efc_helper_80067740,15,,naming-analyzer(proposals_resolved),INFERRED,docs/naming/proposals_resolved.csv: confidence=none method=NO-PROPOSAL-NOW-NAMED; ,KEEP,,
0x8006777C,efc_helper,func_8006777C,named_syms.txt/symbol_addrs.txt alias only,efc_helper_8006777C,15,,naming-analyzer(proposals_resolved),INFERRED,docs/naming/proposals_resolved.csv: confidence=none method=NO-PROPOSAL-NOW-NAMED; ,KEEP,,
0x800677B8,efc_helper,func_800677B8,named_syms.txt/symbol_addrs.txt alias only,efc_helper_800677B8,15,,naming-analyzer(proposals_resolved),INFERRED,docs/naming/proposals_resolved.csv: confidence=none method=NO-PROPOSAL-NOW-NAMED; ,KEEP,,
0x800677F4,efc_helper,func_800677F4,named_syms.txt/symbol_addrs.txt alias only,efc_helper_800677F4,15,,naming-analyzer(proposals_resolved),INFERRED,docs/naming/proposals_resolved.csv: confidence=none method=NO-PROPOSAL-NOW-NAMED; ,KEEP,,
0x80067830,efc_helper,func_80067830,named_syms.txt/symbol_addrs.txt alias only,efc_helper_80067830,15,,naming-analyzer(proposals_resolved),INFERRED,docs/naming/proposals_resolved.csv: confidence=none method=NO-PROPOSAL-NOW-NAMED; ,KEEP,,
0x8006786C,efc_helper,func_8006786C,named_syms.txt/symbol_addrs.txt alias only,efc_helper_8006786C,15,,naming-analyzer(proposals_resolved),INFERRED,docs/naming/proposals_resolved.csv: confidence=none method=NO-PROPOSAL-NOW-NAMED; ,KEEP,,
0x800678A8,efc_init_phase1_setup_buffer,func_800678A8,named_syms.txt/symbol_addrs.txt alias only,efc_init_phase1_setup_buffer_800678A8,283,,naming-analyzer(proposals_resolved),INFERRED,docs/naming/proposals_resolved.csv: confidence=low method=APPLIED-DIFFERENTLY; gte_op=gte_helper_800678A8,KEEP,,
0x80067D14,efc_init_phase2_randomize,func_80067D14,named_syms.txt/symbol_addrs.txt alias only,efc_init_phase2_randomize_80067D14,1053,,naming-analyzer(proposals_resolved),INFERRED,docs/naming/proposals_resolved.csv: confidence=low method=APPLIED-DIFFERENTLY; gte_op=gte_mvmva_wrapper_80067D14,KEEP,,
0x80068D88,func_80068D88,func_80068D88,glabel,,81,src/main/51268.c:3535,splat-auto,AUTO,splat-generated placeholder; makes no semantic claim,KEEP,,
0x80068ECC,mode_helper,func_80068ECC,named_syms.txt/symbol_addrs.txt alias only,mode_helper_80068ECC,41,,naming-analyzer(proposals_resolved),INFERRED,docs/naming/proposals_resolved.csv: confidence=none method=NO-PROPOSAL-NOW-NAMED; string_adjacent_info=?,KEEP,,
0x80068F70,gpu_helper,func_80068F70,named_syms.txt/symbol_addrs.txt alias only,gpu_helper_80068F70,108,,naming-analyzer(proposals_resolved),INFERRED,"docs/naming/proposals_resolved.csv: confidence=none method=NO-PROPOSAL-NOW-NAMED; string_adjacent_info=?; NOTE: name wears a PsyQ-style family prefix but its recorded origin is the naming analyzer, NOT an SDK signature match — the prefix asserts more than the evidence",KEEP,,
0x80069120,sync_flag_check_advance,func_80069120,named_syms.txt/symbol_addrs.txt alias only,sync_flag_check_advance_80069120,31,,naming-analyzer(proposals_resolved),INFERRED,docs/naming/proposals_resolved.csv: confidence=none method=NO-PROPOSAL-NOW-NAMED; string_adjacent_info=?,KEEP,,
0x8006919C,func_8006919C,func_8006919C,glabel,,28,src/main/51268.c:3725,splat-auto,AUTO,splat-generated placeholder; makes no semantic claim,KEEP,,
0x8006920C,efc_ptr_array_offset_apply,func_8006920C,named_syms.txt/symbol_addrs.txt alias only,efc_ptr_array_offset_apply_8006920C,17,,naming-analyzer(proposals_resolved),INFERRED,docs/naming/proposals_resolved.csv: confidence=medium method=APPLIED-DIFFERENTLY; call_graph_cluster=efc_helper_8006920C,KEEP,,
0x80069250,func_80069250,func_80069250,glabel,,28,src/main/51268.c:3751,splat-auto,AUTO,splat-generated placeholder; makes no semantic claim,KEEP,,
0x800692C0,func_800692C0,func_800692C0,glabel,,67,src/main/51268.c:3765,splat-auto,AUTO,splat-generated placeholder; makes no semantic claim,KEEP,,
0x800693CC,func_800693CC,func_800693CC,glabel,,307,src/main/51268.c:3837,splat-auto,AUTO,splat-generated placeholder; makes no semantic claim,KEEP,,
0x80069898,gpu_draw_layered_box,func_80069898,named_syms.txt/symbol_addrs.txt alias only,gpu_draw_layered_box_80069898,102,,naming-analyzer(proposals_resolved),INFERRED,"docs/naming/proposals_resolved.csv: confidence=none method=NO-PROPOSAL-NOW-NAMED; ; NOTE: name wears a PsyQ-style family prefix but its recorded origin is the naming analyzer, NOT an SDK signature match — the prefix asserts more than the evidence",KEEP,,
0x80069A30,saTan2_gauge_set_disp_param,func_80069A30,named_syms.txt/symbol_addrs.txt alias only,saTan2_gauge_set_disp_param_80069A30,23,,naming-analyzer(proposals_resolved),INFERRED,docs/naming/proposals_resolved.csv: confidence=none method=NO-PROPOSAL-NOW-NAMED; ,KEEP,,
0x80069A8C,saTan2_gauge_set_disp_param,func_80069A8C,named_syms.txt/symbol_addrs.txt alias only,saTan2_gauge_set_disp_param_80069A8C,22,,naming-analyzer(proposals_resolved),INFERRED,docs/naming/proposals_resolved.csv: confidence=none method=NO-PROPOSAL-NOW-NAMED; ,KEEP,,
0x80069AE4,draw_anim_obj,func_80069AE4,named_syms.txt/symbol_addrs.txt alias only,draw_anim_obj_80069AE4,205,,naming-analyzer(proposals_resolved),INFERRED,docs/naming/proposals_resolved.csv: confidence=none method=NO-PROPOSAL-NOW-NAMED; ,KEEP,,
0x80069E18,draw_bg_and_sprites,func_80069E18,named_syms.txt/symbol_addrs.txt alias only,draw_bg_and_sprites_80069E18,90,,naming-analyzer(proposals_resolved),INFERRED,docs/naming/proposals_resolved.csv: confidence=none method=NO-PROPOSAL-NOW-NAMED; ,KEEP,,
0x80069F80,draw_anim_obj,func_80069F80,named_syms.txt/symbol_addrs.txt alias only,draw_anim_obj_80069F80,136,,naming-analyzer(proposals_resolved),INFERRED,docs/naming/proposals_resolved.csv: confidence=none method=NO-PROPOSAL-NOW-NAMED; string_adjacent_info=?,KEEP,,
0x8006A1A0,draw_anim_obj,func_8006A1A0,named_syms.txt/symbol_addrs.txt alias only,draw_anim_obj_8006A1A0,139,,naming-analyzer(proposals_resolved),INFERRED,docs/naming/proposals_resolved.csv: confidence=none method=NO-PROPOSAL-NOW-NAMED; string_adjacent_info=?,KEEP,,
0x8006A3CC,draw_anim_sprite,func_8006A3CC,named_syms.txt/symbol_addrs.txt alias only,draw_anim_sprite_8006A3CC,50,,naming-analyzer(proposals_resolved),INFERRED,docs/naming/proposals_resolved.csv: confidence=none method=NO-PROPOSAL-NOW-NAMED; ,KEEP,,
0x8006A494,draw_anim_sprite_scaled,func_8006A494,named_syms.txt/symbol_addrs.txt alias only,draw_anim_sprite_scaled_8006A494,52,,naming-analyzer(proposals_resolved),INFERRED,docs/naming/proposals_resolved.csv: confidence=none method=NO-PROPOSAL-NOW-NAMED; ,KEEP,,
0x8006A564,func_8006A564,func_8006A564,glabel,,199,src/main/51268.c:4412,splat-auto,AUTO,splat-generated placeholder; makes no semantic claim,KEEP,,
0x8006A880,satan_helper,func_8006A880,named_syms.txt/symbol_addrs.txt alias only,satan_helper_8006A880,552,,naming-analyzer(proposals_resolved),INFERRED,docs/naming/proposals_resolved.csv: confidence=none method=NO-PROPOSAL-NOW-NAMED; string_adjacent_info=?,KEEP,,
0x8006B120,draw_anim_obj,func_8006B120,named_syms.txt/symbol_addrs.txt alias only,draw_anim_obj_8006B120,278,,naming-analyzer(proposals_resolved),INFERRED,docs/naming/proposals_resolved.csv: confidence=none method=NO-PROPOSAL-NOW-NAMED; string_adjacent_info=?,KEEP,,
0x8006B578,func_8006B578,func_8006B578,glabel,,200,src/main/51268.c:4922,splat-auto,AUTO,splat-generated placeholder; makes no semantic claim,KEEP,,
0x8006B898,func_8006B898,func_8006B898,glabel,,37,src/main/51268.c:5028,splat-auto,AUTO,splat-generated placeholder; makes no semantic claim,KEEP,,
0x8006B92C,func_8006B92C,func_8006B92C,glabel,,143,src/main/51268.c:5041,splat-auto,AUTO,splat-generated placeholder; makes no semantic claim,KEEP,,
0x8006BB68,draw_anim_sprites_seq,func_8006BB68,named_syms.txt/symbol_addrs.txt alias only,draw_anim_sprites_seq_8006BB68,112,,naming-analyzer(proposals_resolved),INFERRED,docs/naming/proposals_resolved.csv: confidence=none method=NO-PROPOSAL-NOW-NAMED; ,KEEP,,
0x8006BD28,motion_helper,func_8006BD28,named_syms.txt/symbol_addrs.txt alias only,motion_helper_8006BD28,103,,naming-analyzer(proposals_resolved),INFERRED,docs/naming/proposals_resolved.csv: confidence=none method=NO-PROPOSAL-NOW-NAMED; ,KEEP,,
0x8006BEC4,motion_draw_tilemap,func_8006BEC4,named_syms.txt/symbol_addrs.txt alias only,motion_draw_tilemap_8006BEC4,169,,naming-analyzer(proposals_resolved),INFERRED,docs/naming/proposals_resolved.csv: confidence=none method=NO-PROPOSAL-NOW-NAMED; ,KEEP,,
0x8006C168,satan_helper,func_8006C168,named_syms.txt/symbol_addrs.txt alias only,satan_helper_8006C168,37,,naming-analyzer(proposals_resolved),INFERRED,docs/naming/proposals_resolved.csv: confidence=none method=NO-PROPOSAL-NOW-NAMED; ,KEEP,,
0x8006C1FC,func_8006C1FC,func_8006C1FC,glabel,,8,src/main/51268.c:5293,splat-auto,AUTO,splat-generated placeholder; makes no semantic claim,KEEP,,
0x8006C21C,func_8006C21C,func_8006C21C,glabel,,622,src/main/51268.c:5300,splat-auto,AUTO,splat-generated placeholder; makes no semantic claim,KEEP,,
0x8006CBD4,func_8006CBD4,func_8006CBD4,glabel,,61,src/main/51268.c:5545,splat-auto,AUTO,splat-generated placeholder; makes no semantic claim,KEEP,,
0x8006CCC8,func_8006CCC8,func_8006CCC8,glabel,,189,src/main/51268.c:5571,splat-auto,AUTO,splat-generated placeholder; makes no semantic claim,KEEP,,
0x8006CFBC,draw_anim_obj,func_8006CFBC,named_syms.txt/symbol_addrs.txt alias only,draw_anim_obj_8006CFBC,218,,naming-analyzer(proposals_resolved),INFERRED,docs/naming/proposals_resolved.csv: confidence=none method=NO-PROPOSAL-NOW-NAMED; string_adjacent_info=?,KEEP,,
0x8006D324,func_8006D324,func_8006D324,glabel,,5,src/main/51268.c:5751,splat-auto,AUTO,splat-generated placeholder; makes no semantic claim,KEEP,,
0x8006D338,saTan4GaugeDraw,func_8006D338,named_syms.txt/symbol_addrs.txt alias only,saTan4GaugeDraw_8006D338,41,,naming-analyzer(proposals_resolved),INFERRED,docs/naming/proposals_resolved.csv: confidence=none method=NO-PROPOSAL-NOW-NAMED; ,KEEP,,
0x8006D3DC,draw_anim_obj,func_8006D3DC,named_syms.txt/symbol_addrs.txt alias only,draw_anim_obj_8006D3DC,126,,naming-analyzer(proposals_resolved),INFERRED,docs/naming/proposals_resolved.csv: confidence=none method=NO-PROPOSAL-NOW-NAMED; ,KEEP,,
0x8006D5D4,func_8006D5D4,func_8006D5D4,glabel,,94,src/main/51268.c:5823,splat-auto,AUTO,splat-generated placeholder; makes no semantic claim,KEEP,,
0x8006D74C,satan_helper,func_8006D74C,named_syms.txt/symbol_addrs.txt alias only,satan_helper_8006D74C,44,,naming-analyzer(proposals_resolved),INFERRED,docs/naming/proposals_resolved.csv: confidence=none method=NO-PROPOSAL-NOW-NAMED; ,KEEP,,
0x8006D7FC,replay_camera_helper,func_8006D7FC,named_syms.txt/symbol_addrs.txt alias only,replay_camera_helper_8006D7FC,3,,naming-analyzer(proposals_resolved),INFERRED,docs/naming/proposals_resolved.csv: confidence=none method=NO-PROPOSAL-NOW-NAMED; ,KEEP,,
0x8006D808,hud_helper,func_8006D808,named_syms.txt/symbol_addrs.txt alias only,hud_helper_8006D808,355,,naming-analyzer(proposals_resolved),INFERRED,docs/naming/proposals_resolved.csv: confidence=none method=NO-PROPOSAL-NOW-NAMED; string_adjacent_info=?,KEEP,,
0x8006DD94,draw_anim_obj,func_8006DD94,named_syms.txt/symbol_addrs.txt alias only,draw_anim_obj_8006DD94,117,,naming-analyzer(proposals_resolved),INFERRED,docs/naming/proposals_resolved.csv: confidence=none method=NO-PROPOSAL-NOW-NAMED; ,KEEP,,
0x8006DF68,func_8006DF68,func_8006DF68,glabel,,64,src/main/51268.c:6047,splat-auto,AUTO,splat-generated placeholder; makes no semantic claim,KEEP,,
0x8006E068,satan_helper,func_8006E068,named_syms.txt/symbol_addrs.txt alias only,satan_helper_8006E068,41,,naming-analyzer(proposals_resolved),INFERRED,docs/naming/proposals_resolved.csv: confidence=none method=NO-PROPOSAL-NOW-NAMED; ,KEEP,,
0x8006E10C,gpu_helper,func_8006E10C,named_syms.txt/symbol_addrs.txt alias only,gpu_helper_8006E10C,103,,naming-analyzer(proposals_resolved),INFERRED,"docs/naming/proposals_resolved.csv: confidence=none method=NO-PROPOSAL-NOW-NAMED; string_adjacent_info=?; NOTE: name wears a PsyQ-style family prefix but its recorded origin is the naming analyzer, NOT an SDK signature match — the prefix asserts more than the evidence",KEEP,,
0x8006E2A8,gpu_helper,func_8006E2A8,named_syms.txt/symbol_addrs.txt alias only,gpu_helper_8006E2A8,58,,naming-analyzer(proposals_resolved),INFERRED,"docs/naming/proposals_resolved.csv: confidence=none method=NO-PROPOSAL-NOW-NAMED; ; NOTE: name wears a PsyQ-style family prefix but its recorded origin is the naming analyzer, NOT an SDK signature match — the prefix asserts more than the evidence",KEEP,,
0x8006E390,func_8006E390,func_8006E390,glabel,,44,src/main/51268.c:6156,splat-auto,AUTO,splat-generated placeholder; makes no semantic claim,KEEP,,
0x8006E440,func_8006E440,func_8006E440,glabel,,16,src/main/51268.c:6173,splat-auto,AUTO,splat-generated placeholder; makes no semantic claim,KEEP,,
0x8006E480,func_8006E480,func_8006E480,glabel,,7,src/main/51268.c:6183,splat-auto,AUTO,splat-generated placeholder; makes no semantic claim,KEEP,,
0x8006E49C,camera_init_matrix_table,func_8006E49C,named_syms.txt/symbol_addrs.txt alias only,camera_init_matrix_table_8006E49C,38,,naming-analyzer(proposals_resolved),INFERRED,docs/naming/proposals_resolved.csv: confidence=none method=NO-PROPOSAL-NOW-NAMED; ,KEEP,,
0x8006E534,gpu_helper,func_8006E534,named_syms.txt/symbol_addrs.txt alias only,gpu_helper_8006E534,222,,naming-analyzer(proposals_resolved),INFERRED,"docs/naming/proposals_resolved.csv: confidence=none method=NO-PROPOSAL-NOW-NAMED; ; NOTE: name wears a PsyQ-style family prefix but its recorded origin is the naming analyzer, NOT an SDK signature match — the prefix asserts more than the evidence",KEEP,,
0x8006E8AC,get_global,func_8006E8AC,named_syms.txt/symbol_addrs.txt alias only,get_global_8006E8AC,8,,naming-analyzer(proposals_resolved),INFERRED,docs/naming/proposals_resolved.csv: confidence=none method=NO-PROPOSAL-NOW-NAMED; ,KEEP,,
0x8006E8CC,gpu_helper,func_8006E8CC,named_syms.txt/symbol_addrs.txt alias only,gpu_helper_8006E8CC,33,,naming-analyzer(proposals_resolved),INFERRED,"docs/naming/proposals_resolved.csv: confidence=none method=NO-PROPOSAL-NOW-NAMED; ; NOTE: name wears a PsyQ-style family prefix but its recorded origin is the naming analyzer, NOT an SDK signature match — the prefix asserts more than the evidence",KEEP,,
0x8006E950,replay_setup_display,func_8006E950,named_syms.txt/symbol_addrs.txt alias only,replay_setup_display_8006E950,54,,naming-analyzer(proposals_resolved),INFERRED,docs/naming/proposals_resolved.csv: confidence=none method=NO-PROPOSAL-NOW-NAMED; ,KEEP,,
0x8006EA28,func_8006EA28,func_8006EA28,glabel,,41,src/main/5ED34.c:198,splat-auto,AUTO,splat-generated placeholder; makes no semantic claim,KEEP,,
0x8006EACC,func_8006EACC,func_8006EACC,glabel,,80,src/main/5ED34.c:216,splat-auto,AUTO,splat-generated placeholder; makes no semantic claim,KEEP,,
0x8006EC0C,func_8006EC0C,func_8006EC0C,glabel,,58,src/main/5ED34.c:249,splat-auto,AUTO,splat-generated placeholder; makes no semantic claim,KEEP,,
0x8006ECF4,gpu_helper,func_8006ECF4,named_syms.txt/symbol_addrs.txt alias only,gpu_helper_8006ECF4,209,,naming-analyzer(proposals_resolved),INFERRED,"docs/naming/proposals_resolved.csv: confidence=none method=NO-PROPOSAL-NOW-NAMED; ; NOTE: name wears a PsyQ-style family prefix but its recorded origin is the naming analyzer, NOT an SDK signature match — the prefix asserts more than the evidence",KEEP,,
0x8006F038,gpu_draw_fullscreen_overlay,func_8006F038,named_syms.txt/symbol_addrs.txt alias only,gpu_draw_fullscreen_overlay_8006F038,50,,naming-analyzer(proposals_resolved),INFERRED,"docs/naming/proposals_resolved.csv: confidence=none method=NO-PROPOSAL-NOW-NAMED; ; NOTE: name wears a PsyQ-style family prefix but its recorded origin is the naming analyzer, NOT an SDK signature match — the prefix asserts more than the evidence",KEEP,,
0x8006F100,func_8006F100,func_8006F100,glabel,,266,src/main/5ED34.c:434,splat-auto,AUTO,splat-generated placeholder; makes no semantic claim,KEEP,,
0x8006F528,gpu_render,func_8006F528,named_syms.txt/symbol_addrs.txt alias only,gpu_render_8006F528,277,,naming-analyzer(proposals_resolved),INFERRED,"docs/naming/proposals_resolved.csv: confidence=none method=NO-PROPOSAL-NOW-NAMED; ; NOTE: name wears a PsyQ-style family prefix but its recorded origin is the naming analyzer, NOT an SDK signature match — the prefix asserts more than the evidence",KEEP,,
0x8006F97C,satan_helper,func_8006F97C,named_syms.txt/symbol_addrs.txt alias only,satan_helper_8006F97C,515,,naming-analyzer(proposals_resolved),INFERRED,docs/naming/proposals_resolved.csv: confidence=none method=NO-PROPOSAL-NOW-NAMED; ,KEEP,,
0x80070188,func_80070188,func_80070188,glabel,,698,src/main/5ED34.c:859,splat-auto,AUTO,splat-generated placeholder; makes no semantic claim,KEEP,,
0x80070C70,satan_helper,func_80070C70,named_syms.txt/symbol_addrs.txt alias only,satan_helper_80070C70,194,,naming-analyzer(proposals_resolved),INFERRED,docs/naming/proposals_resolved.csv: confidence=none method=NO-PROPOSAL-NOW-NAMED; ,KEEP,,
0x80070F78,func_80070F78,func_80070F78,glabel,,810,src/main/5ED34.c:1136,splat-auto,AUTO,splat-generated placeholder; makes no semantic claim,KEEP,,
0x80071C20,get_global,func_80071C20,named_syms.txt/symbol_addrs.txt alias only,get_global_80071C20,11,,naming-analyzer(proposals_resolved),INFERRED,docs/naming/proposals_resolved.csv: confidence=none method=NO-PROPOSAL-NOW-NAMED; ,KEEP,,
0x80071C4C,func_80071C4C,func_80071C4C,glabel,,270,src/main/5ED34.c:1430,splat-auto,AUTO,splat-generated placeholder; makes no semantic claim,KEEP,,
0x80072084,func_80072084,func_80072084,glabel,,10,src/main/5ED34.c:1512,splat-auto,AUTO,splat-generated placeholder; makes no semantic claim,KEEP,,
0x800720AC,func_800720AC,func_800720AC,glabel,,10,src/main/5ED34.c:1516,splat-auto,AUTO,splat-generated placeholder; makes no semantic claim,KEEP,,
0x800720D4,func_800720D4,func_800720D4,glabel,,10,src/main/5ED34.c:1520,splat-auto,AUTO,splat-generated placeholder; makes no semantic claim,KEEP,,
0x800720FC,satan_helper,func_800720FC,named_syms.txt/symbol_addrs.txt alias only,satan_helper_800720FC,690,,naming-analyzer(proposals_resolved),INFERRED,docs/naming/proposals_resolved.csv: confidence=none method=NO-PROPOSAL-NOW-NAMED; ,KEEP,,
0x80072BC4,gpu_build_quad,func_80072BC4,named_syms.txt/symbol_addrs.txt alias only,gpu_build_quad_80072BC4,68,,naming-analyzer(proposals_resolved),INFERRED,"docs/naming/proposals_resolved.csv: confidence=none method=NO-PROPOSAL-NOW-NAMED; ; NOTE: name wears a PsyQ-style family prefix but its recorded origin is the naming analyzer, NOT an SDK signature match — the prefix asserts more than the evidence",KEEP,,
0x80072CD4,gpu_build_gradient_quad,func_80072CD4,named_syms.txt/symbol_addrs.txt alias only,gpu_build_gradient_quad_80072CD4,79,,naming-analyzer(proposals_resolved),INFERRED,"docs/naming/proposals_resolved.csv: confidence=none method=NO-PROPOSAL-NOW-NAMED; ; NOTE: name wears a PsyQ-style family prefix but its recorded origin is the naming analyzer, NOT an SDK signature match — the prefix asserts more than the evidence",KEEP,,
0x80072E10,func_80072E10,func_80072E10,glabel,,72,src/main/5ED34.c:1856,splat-auto,AUTO,splat-generated placeholder; makes no semantic claim,KEEP,,
0x80072F30,hud_helper,func_80072F30,named_syms.txt/symbol_addrs.txt alias only,hud_helper_80072F30,39,,naming-analyzer(proposals_resolved),INFERRED,docs/naming/proposals_resolved.csv: confidence=none method=NO-PROPOSAL-NOW-NAMED; ,KEEP,,
0x80072FCC,hud_helper,func_80072FCC,named_syms.txt/symbol_addrs.txt alias only,hud_helper_80072FCC,37,,naming-analyzer(proposals_resolved),INFERRED,docs/naming/proposals_resolved.csv: confidence=none method=NO-PROPOSAL-NOW-NAMED; ,KEEP,,
0x80073060,hud_layout_emit_tiles,func_80073060,named_syms.txt/symbol_addrs.txt alias only,hud_layout_emit_tiles_80073060,104,,naming-analyzer(proposals_resolved),INFERRED,docs/naming/proposals_resolved.csv: confidence=none method=NO-PROPOSAL-NOW-NAMED; ,KEEP,,
0x80073200,func_80073200,func_80073200,glabel,,203,src/main/5ED34.c:1981,splat-auto,AUTO,splat-generated placeholder; makes no semantic claim,KEEP,,
0x8007352C,satan_sprite_batch_render,func_8007352C,named_syms.txt/symbol_addrs.txt alias only,satan_sprite_batch_render_8007352C,127,,naming-analyzer(proposals_resolved),INFERRED,docs/naming/proposals_resolved.csv: confidence=medium method=APPLIED-DIFFERENTLY; call_graph_cluster=satan_helper_8007352C; string_adjacent_info=?,KEEP,,
0x80073728,gnd_helper,func_80073728,named_syms.txt/symbol_addrs.txt alias only,gnd_helper_80073728,340,,naming-analyzer(proposals_resolved),INFERRED,docs/naming/proposals_resolved.csv: confidence=none method=NO-PROPOSAL-NOW-NAMED; ,KEEP,,
0x80073C78,gpu_render,func_80073C78,named_syms.txt/symbol_addrs.txt alias only,gpu_render_80073C78,362,,naming-analyzer(proposals_resolved),INFERRED,"docs/naming/proposals_resolved.csv: confidence=none method=NO-PROPOSAL-NOW-NAMED; ; NOTE: name wears a PsyQ-style family prefix but its recorded origin is the naming analyzer, NOT an SDK signature match — the prefix asserts more than the evidence",KEEP,,
0x80074220,draw_anim_obj,func_80074220,named_syms.txt/symbol_addrs.txt alias only,draw_anim_obj_80074220,154,,naming-analyzer(proposals_resolved),INFERRED,docs/naming/proposals_resolved.csv: confidence=none method=NO-PROPOSAL-NOW-NAMED; ,KEEP,,
0x80074488,draw_anim_obj,func_80074488,named_syms.txt/symbol_addrs.txt alias only,draw_anim_obj_80074488,212,,naming-analyzer(proposals_resolved),INFERRED,docs/naming/proposals_resolved.csv: confidence=none method=NO-PROPOSAL-NOW-NAMED; ,KEEP,,
0x800747D8,func_800747D8,func_800747D8,glabel,,208,src/main/64FD8.c:35,splat-auto,AUTO,splat-generated placeholder; makes no semantic claim,KEEP,,
0x80074B18,gpu_render,func_80074B18,named_syms.txt/symbol_addrs.txt alias only,gpu_render_80074B18,133,,naming-analyzer(proposals_resolved),INFERRED,"docs/naming/proposals_resolved.csv: confidence=none method=NO-PROPOSAL-NOW-NAMED; ; NOTE: name wears a PsyQ-style family prefix but its recorded origin is the naming analyzer, NOT an SDK signature match — the prefix asserts more than the evidence",KEEP,,
0x80074D2C,draw_anim_sprite_pos,func_80074D2C,named_syms.txt/symbol_addrs.txt alias only,draw_anim_sprite_pos_80074D2C,55,,naming-analyzer(proposals_resolved),INFERRED,docs/naming/proposals_resolved.csv: confidence=none method=NO-PROPOSAL-NOW-NAMED; ,KEEP,,
0x80074E08,draw_anim_obj,func_80074E08,named_syms.txt/symbol_addrs.txt alias only,draw_anim_obj_80074E08,281,,naming-analyzer(proposals_resolved),INFERRED,docs/naming/proposals_resolved.csv: confidence=none method=NO-PROPOSAL-NOW-NAMED; ,KEEP,,
0x8007526C,func_8007526C,func_8007526C,glabel,,91,src/main/64FD8.c:331,splat-auto,AUTO,splat-generated placeholder; makes no semantic claim,KEEP,,
0x800753D8,func_800753D8,func_800753D8,glabel,,166,src/main/64FD8.c:390,splat-auto,AUTO,splat-generated placeholder; makes no semantic claim,KEEP,,
0x80075670,func_80075670,func_80075670,glabel,,112,src/main/64FD8.c:459,splat-auto,AUTO,splat-generated placeholder; makes no semantic claim,KEEP,,
0x80075830,func_80075830,func_80075830,glabel,,104,src/main/64FD8.c:501,splat-auto,AUTO,splat-generated placeholder; makes no semantic claim,KEEP,,
0x800759D0,draw_anim_obj,func_800759D0,named_syms.txt/symbol_addrs.txt alias only,draw_anim_obj_800759D0,364,,naming-analyzer(proposals_resolved),INFERRED,docs/naming/proposals_resolved.csv: confidence=none method=NO-PROPOSAL-NOW-NAMED; ,KEEP,,
0x80075F80,func_80075F80,func_80075F80,glabel,,251,src/main/64FD8.c:676,splat-auto,AUTO,splat-generated placeholder; makes no semantic claim,KEEP,,
0x8007636C,draw_anim_obj,func_8007636C,named_syms.txt/symbol_addrs.txt alias only,draw_anim_obj_8007636C,348,,naming-analyzer(proposals_resolved),INFERRED,docs/naming/proposals_resolved.csv: confidence=none method=NO-PROPOSAL-NOW-NAMED; ,KEEP,,
0x800768DC,func_800768DC,func_800768DC,glabel,,294,src/main/64FD8.c:902,splat-auto,AUTO,splat-generated placeholder; makes no semantic claim,KEEP,,
0x80076D74,gpu_render,func_80076D74,named_syms.txt/symbol_addrs.txt alias only,gpu_render_80076D74,161,,naming-analyzer(proposals_resolved),INFERRED,"docs/naming/proposals_resolved.csv: confidence=none method=NO-PROPOSAL-NOW-NAMED; ; NOTE: name wears a PsyQ-style family prefix but its recorded origin is the naming analyzer, NOT an SDK signature match — the prefix asserts more than the evidence",KEEP,,
0x80076FF8,func_80076FF8,func_80076FF8,glabel,,40,src/main/64FD8.c:1040,splat-auto,AUTO,splat-generated placeholder; makes no semantic claim,KEEP,,
0x80077098,setup_helper,func_80077098,named_syms.txt/symbol_addrs.txt alias only,setup_helper_80077098,8,,naming-analyzer(proposals_resolved),INFERRED,docs/naming/proposals_resolved.csv: confidence=none method=NO-PROPOSAL-NOW-NAMED; ,KEEP,,
0x800770B8,replay_camera_helper,func_800770B8,named_syms.txt/symbol_addrs.txt alias only,replay_camera_helper_800770B8,175,,naming-analyzer(proposals_resolved),INFERRED,docs/naming/proposals_resolved.csv: confidence=none method=NO-PROPOSAL-NOW-NAMED; ,KEEP,,
0x80077374,setup_helper,func_80077374,named_syms.txt/symbol_addrs.txt alias only,setup_helper_80077374,236,,naming-analyzer(proposals_resolved),INFERRED,docs/naming/proposals_resolved.csv: confidence=none method=NO-PROPOSAL-NOW-NAMED; ,KEEP,,
0x80077724,setup_double_buffer_swap,func_80077724,named_syms.txt/symbol_addrs.txt alias only,setup_double_buffer_swap_80077724,63,,naming-analyzer(proposals_resolved),INFERRED,docs/naming/proposals_resolved.csv: confidence=none method=NO-PROPOSAL-NOW-NAMED; ,KEEP,,
0x80077820,disp_init_for_mode,func_80077820,named_syms.txt/symbol_addrs.txt alias only,disp_init_for_mode_80077820,16,,naming-analyzer(proposals_resolved),INFERRED,docs/naming/proposals_resolved.csv: confidence=none method=NO-PROPOSAL-NOW-NAMED; ,KEEP,,
0x80077860,func_80077860,func_80077860,glabel,,13,src/main/64FD8.c:1255,splat-auto,AUTO,splat-generated placeholder; makes no semantic claim,KEEP,,
0x80077894,mode_helper,func_80077894,named_syms.txt/symbol_addrs.txt alias only,mode_helper_80077894,28,,naming-analyzer(proposals_resolved),INFERRED,docs/naming/proposals_resolved.csv: confidence=none method=NO-PROPOSAL-NOW-NAMED; ,KEEP,,
0x80077904,mode_helper,func_80077904,named_syms.txt/symbol_addrs.txt alias only,mode_helper_80077904,15,,naming-analyzer(proposals_resolved),INFERRED,docs/naming/proposals_resolved.csv: confidence=none method=NO-PROPOSAL-NOW-NAMED; ,KEEP,,
0x80077940,replay_camera_decode_player_bits,func_80077940,named_syms.txt/symbol_addrs.txt alias only,replay_camera_decode_player_bits_80077940,17,,naming-analyzer(proposals_resolved),INFERRED,docs/naming/proposals_resolved.csv: confidence=none method=NO-PROPOSAL-NOW-NAMED; ,KEEP,,
0x80077984,disp_apply_config_with_state,func_80077984,named_syms.txt/symbol_addrs.txt alias only,disp_apply_config_with_state_80077984,17,,naming-analyzer(proposals_resolved),INFERRED,docs/naming/proposals_resolved.csv: confidence=none method=NO-PROPOSAL-NOW-NAMED; ,KEEP,,
0x800779C8,mode_helper,func_800779C8,named_syms.txt/symbol_addrs.txt alias only,mode_helper_800779C8,15,,naming-analyzer(proposals_resolved),INFERRED,docs/naming/proposals_resolved.csv: confidence=none method=NO-PROPOSAL-NOW-NAMED; ,KEEP,,
0x80077A04,func_80077A04,func_80077A04,glabel,,9,src/main/64FD8.c:1305,splat-auto,AUTO,splat-generated placeholder; makes no semantic claim,KEEP,,
0x80077A28,replay_camera_init_framebuffer,func_80077A28,named_syms.txt/symbol_addrs.txt alias only,replay_camera_init_framebuffer_80077A28,14,,naming-analyzer(proposals_resolved),INFERRED,docs/naming/proposals_resolved.csv: confidence=medium method=APPLIED-DIFFERENTLY; sole_caller_path=replay_camera_rob_back_loose2_helper_80077A28,KEEP,,
0x80077A60,func_80077A60,func_80077A60,glabel,,8,src/main/64FD8.c:1316,splat-auto,AUTO,splat-generated placeholder; makes no semantic claim,KEEP,,
0x80077A80,replay_camera_apply_transform_and_flip,func_80077A80,named_syms.txt/symbol_addrs.txt alias only,replay_camera_apply_transform_and_flip_80077A80,16,,naming-analyzer(proposals_resolved),INFERRED,docs/naming/proposals_resolved.csv: confidence=medium method=APPLIED-DIFFERENTLY; sole_caller_path=replay_camera_rob_back_loose2_helper_80077A80,KEEP,,
0x80077AC0,func_80077AC0,func_80077AC0,glabel,,8,src/main/64FD8.c:1326,splat-auto,AUTO,splat-generated placeholder; makes no semantic claim,KEEP,,
0x80077AE0,func_80077AE0,func_80077AE0,glabel,,8,src/main/64FD8.c:1328,splat-auto,AUTO,splat-generated placeholder; makes no semantic claim,KEEP,,
0x80077B00,func_80077B00,func_80077B00,glabel,,8,src/main/64FD8.c:1330,splat-auto,AUTO,splat-generated placeholder; makes no semantic claim,KEEP,,
0x80077B20,func_80077B20,func_80077B20,glabel,,4,src/main/64FD8.c:1332,splat-auto,AUTO,splat-generated placeholder; makes no semantic claim,KEEP,,
0x80077B30,mode_helper,func_80077B30,named_syms.txt/symbol_addrs.txt alias only,mode_helper_80077B30,116,,naming-analyzer(proposals_resolved),INFERRED,docs/naming/proposals_resolved.csv: confidence=none method=NO-PROPOSAL-NOW-NAMED; ,KEEP,,
0x80077D00,func_80077D00,func_80077D00,glabel,,4,src/main/64FD8.c:1426,splat-auto,AUTO,splat-generated placeholder; makes no semantic claim,KEEP,,
0x80077D10,camera_ptr_array_apply_offset,func_80077D10,named_syms.txt/symbol_addrs.txt alias only,camera_ptr_array_apply_offset_80077D10,25,,naming-analyzer(proposals_resolved),INFERRED,docs/naming/proposals_resolved.csv: confidence=medium method=APPLIED-DIFFERENTLY; sole_caller_path=camera_get_rot_normal_rad_helper_80077D10,KEEP,,
0x80077D74,get_global,func_80077D74,named_syms.txt/symbol_addrs.txt alias only,get_global_80077D74,8,,naming-analyzer(proposals_resolved),INFERRED,docs/naming/proposals_resolved.csv: confidence=none method=NO-PROPOSAL-NOW-NAMED; ,KEEP,,
0x80077D94,gpu_helper,func_80077D94,named_syms.txt/symbol_addrs.txt alias only,gpu_helper_80077D94,468,,naming-analyzer(proposals_resolved),INFERRED,"docs/naming/proposals_resolved.csv: confidence=none method=NO-PROPOSAL-NOW-NAMED; ; NOTE: name wears a PsyQ-style family prefix but its recorded origin is the naming analyzer, NOT an SDK signature match — the prefix asserts more than the evidence",KEEP,,
0x800784E4,func_800784E4,func_800784E4,glabel,,30,src/main/64FD8.c:1614,splat-auto,AUTO,splat-generated placeholder; makes no semantic claim,KEEP,,
0x8007855C,mode_helper,func_8007855C,named_syms.txt/symbol_addrs.txt alias only,mode_helper_8007855C,51,,naming-analyzer(proposals_resolved),INFERRED,docs/naming/proposals_resolved.csv: confidence=none method=NO-PROPOSAL-NOW-NAMED; ,KEEP,,
0x80078628,disp_helper,func_80078628,named_syms.txt/symbol_addrs.txt alias only,disp_helper_80078628,3,,naming-analyzer(proposals_resolved),INFERRED,docs/naming/proposals_resolved.csv: confidence=none method=NO-PROPOSAL-NOW-NAMED; ,KEEP,,
0x80078634,get_global,func_80078634,named_syms.txt/symbol_addrs.txt alias only,get_global_80078634,8,,naming-analyzer(proposals_resolved),INFERRED,docs/naming/proposals_resolved.csv: confidence=none method=NO-PROPOSAL-NOW-NAMED; ,KEEP,,
0x80078654,draw_anim_obj,func_80078654,named_syms.txt/symbol_addrs.txt alias only,draw_anim_obj_80078654,116,,naming-analyzer(proposals_resolved),INFERRED,docs/naming/proposals_resolved.csv: confidence=none method=NO-PROPOSAL-NOW-NAMED; ,KEEP,,
0x80078824,disp_init_video_overlay,func_80078824,named_syms.txt/symbol_addrs.txt alias only,disp_init_video_overlay_80078824,35,,naming-analyzer(proposals_resolved),INFERRED,docs/naming/proposals_resolved.csv: confidence=low method=APPLIED-DIFFERENTLY; address_neighborhood=bios_local_80078824,KEEP,,
0x800788B0,mode_helper,func_800788B0,named_syms.txt/symbol_addrs.txt alias only,mode_helper_800788B0,38,,naming-analyzer(proposals_resolved),INFERRED,docs/naming/proposals_resolved.csv: confidence=low method=APPLIED-DIFFERENTLY; address_neighborhood=bios_local_800788B0,KEEP,,
0x80078948,Exec,Exec,glabel,,3,src/main/psxsdk/libapi/c67.c:8,libscan-verbatim,VERIFIED,"libscan-verbatim: LIBAPI/C67 XDEF Exec @ +0x0; the glabel asserts a DIFFERENT name; this rename retires a misname; BIOS jumptable cross-check: A0:0x43 DoExecute — the library wrapper exported as Exec trampolines to it; the two names agree on the function, not on the spelling, and the XDEF is what the link placed here",KEEP,,
0x80078958,_bu_init,_bu_init,glabel,,3,src/main/psxsdk/libapi/c112.c:8,libscan-verbatim,VERIFIED,libscan-verbatim: LIBAPI/C112 XDEF _bu_init @ +0x0; the glabel asserts a DIFFERENT name; this rename retires a misname; BIOS jumptable cross-check (CONFIRM): A0:0x70 -> _bu_init,KEEP,,
0x80078968,SetMem,SetMem,glabel,,3,src/main/psxsdk/libapi/c159.c:8,libscan-verbatim,VERIFIED,libscan-verbatim: LIBAPI/C159 XDEF SetMem @ +0x0; the glabel asserts a DIFFERENT name; this rename retires a misname; BIOS jumptable cross-check: A0:0x9F SetMemSize — the library wrapper exported as SetMem trampolines to it; same relationship as Exec/DoExecute and as DelDrv/RemoveDevice at 0x8008D060,KEEP,,
0x80078978,OpenEvent,OpenEvent,glabel,,3,src/main/psxsdk/libapi/a08.c:8,libscan-verbatim,VERIFIED,libscan-verbatim: LIBAPI/A08 XDEF OpenEvent @ +0x0; the glabel asserts a DIFFERENT name; this rename retires a misname; BIOS jumptable cross-check (CONFIRM): B0:0x08 -> OpenEvent,KEEP,,
0x80078988,CloseEvent,CloseEvent,glabel,,3,src/main/psxsdk/libapi/a09.c:8,libscan-verbatim,VERIFIED,libscan-verbatim: LIBAPI/A09 XDEF CloseEvent @ +0x0; the glabel asserts a DIFFERENT name; this rename retires a misname; BIOS jumptable cross-check (CONFIRM): B0:0x09 -> CloseEvent,KEEP,,
0x80078998,TestEvent,TestEvent,glabel,,3,src/main/psxsdk/libapi/a11.c:8,libscan-verbatim,VERIFIED,libscan-verbatim: LIBAPI/A11 XDEF TestEvent @ +0x0; the glabel asserts a DIFFERENT name; this rename retires a misname; BIOS jumptable cross-check (CONFIRM): B0:0x0B -> TestEvent,KEEP,,
0x800789A8,EnableEvent,EnableEvent,glabel,,3,src/main/psxsdk/libapi/a12.c:8,libscan-verbatim,VERIFIED,libscan-verbatim: LIBAPI/A12 XDEF EnableEvent @ +0x0; the glabel asserts a DIFFERENT name; this rename retires a misname; BIOS jumptable cross-check (CONFIRM): B0:0x0C -> EnableEvent,KEEP,,
0x800789B8,EnterCriticalSection,EnterCriticalSection,glabel,,4,src/main/psxsdk/libapi/a36.c:7(INCLUDE_ASM),libscan-verbatim,VERIFIED,libscan-verbatim: LIBAPI/A36 XDEF EnterCriticalSection @ +0x0; already carries this name — no action,KEEP,,
0x800789C8,ExitCriticalSection,ExitCriticalSection,glabel,,4,src/main/psxsdk/libapi/a37.c:7(INCLUDE_ASM),libscan-verbatim,VERIFIED,libscan-verbatim: LIBAPI/A37 XDEF ExitCriticalSection @ +0x0; already carries this name — no action,KEEP,,
0x800789D8,SetSp,SetSp,glabel,,4,src/main/psxsdk/libapi/a39.c:6(INCLUDE_ASM),libscan-verbatim,VERIFIED,libscan-verbatim: LIBAPI/A39 XDEF SetSp @ +0x0; the glabel is auto but a live alias asserts a DIFFERENT name; this rename fills the glabel and retires the alias; contradicting live alias(es): cpu_set_or_clear_move_flag_800789D8,KEEP,,
0x800789E8,open,open,glabel,,3,src/main/psxsdk/libapi/a50.c:8,libscan-verbatim,VERIFIED,libscan-verbatim: LIBAPI/A50 XDEF open @ +0x0; the glabel asserts a DIFFERENT name; this rename retires a misname; BIOS jumptable cross-check (CONFIRM): B0:0x32 -> FileOpen,KEEP,,
0x800789F8,read,read,glabel,,3,src/main/psxsdk/libapi/a52.c:8,libscan-verbatim,VERIFIED,libscan-verbatim: LIBAPI/A52 XDEF read @ +0x0; the glabel asserts a DIFFERENT name; this rename retires a misname; BIOS jumptable cross-check (CONFIRM): B0:0x34 -> FileRead,KEEP,,
0x80078A08,write,write,glabel,,3,src/main/psxsdk/libapi/a53.c:8,libscan-verbatim,VERIFIED,libscan-verbatim: LIBAPI/A53 XDEF write @ +0x0; the glabel asserts a DIFFERENT name; this rename retires a misname; BIOS jumptable cross-check (CONFIRM): B0:0x35 -> FileWrite,KEEP,,
0x80078A18,close,close,glabel,,3,src/main/psxsdk/libapi/a54.c:8,libscan-verbatim,VERIFIED,libscan-verbatim: LIBAPI/A54 XDEF close @ +0x0; the glabel asserts a DIFFERENT name; this rename retires a misname; BIOS jumptable cross-check (CONFIRM): B0:0x36 -> FileClose,KEEP,,
0x80078A28,format,format,glabel,,3,src/main/psxsdk/libapi/a65.c:8,libscan-verbatim,VERIFIED,libscan-verbatim: LIBAPI/A65 XDEF format @ +0x0; the glabel asserts a DIFFERENT name; this rename retires a misname; BIOS jumptable cross-check (CONFIRM): B0:0x41 -> FormatDevice,KEEP,,
0x80078A38,firstfile,firstfile,glabel,,3,src/main/psxsdk/libapi/a66.c:8,libscan-verbatim,VERIFIED,libscan-verbatim: LIBAPI/A66 XDEF firstfile @ +0x0; the glabel asserts a DIFFERENT name; this rename retires a misname; BIOS jumptable cross-check (CONFIRM): B0:0x42 -> firstfile,KEEP,,
0x80078A48,nextfile,nextfile,glabel,,3,src/main/psxsdk/libapi/a67.c:8,libscan-verbatim,VERIFIED,libscan-verbatim: LIBAPI/A67 XDEF nextfile @ +0x0; the glabel asserts a DIFFERENT name; this rename retires a misname; BIOS jumptable cross-check (CONFIRM): B0:0x43 -> nextfile,KEEP,,
0x80078A58,ChangeClearPAD,ChangeClearPAD,glabel,,3,src/main/psxsdk/libapi/a91.c:8,libscan-verbatim,VERIFIED,libscan-verbatim: LIBAPI/A91 XDEF ChangeClearPAD @ +0x0; the glabel asserts a DIFFERENT name; this rename retires a misname; BIOS jumptable cross-check (CONFIRM): B0:0x5B -> ChangeClearPad,KEEP,,
0x80078A68,SetRCnt,SetRCnt,glabel,,39,src/main/psxsdk/libapi/counter.c:23,libscan-verbatim,VERIFIED,libscan-verbatim: LIBAPI/COUNTER XDEF SetRCnt @ +0x0; the glabel is auto but a live alias asserts a DIFFERENT name; this rename fills the glabel and retires the alias; contradicting live alias(es): irq_event_slot_configure,KEEP,,
0x80078B04,GetRCnt,GetRCnt,glabel,,14,src/main/psxsdk/libapi/counter.c:50,libscan-verbatim,VERIFIED,libscan-verbatim: LIBAPI/COUNTER XDEF GetRCnt @ +0x9C; the glabel is auto but a live alias asserts a DIFFERENT name; this rename fills the glabel and retires the alias; contradicting live alias(es): irq_event_slot_read,KEEP,,
0x80078B3C,StartRCnt,StartRCnt,glabel,,13,src/main/psxsdk/libapi/counter.c:58,libscan-verbatim,VERIFIED,libscan-verbatim: LIBAPI/COUNTER XDEF StartRCnt @ +0xD4; the glabel is auto but a live alias asserts a DIFFERENT name; this rename fills the glabel and retires the alias; contradicting live alias(es): irq_event_slot_enable,KEEP,,
0x80078B70,StopRCnt,StopRCnt,glabel,,14,src/main/psxsdk/libapi/counter.c:65,libscan-verbatim,VERIFIED,libscan-verbatim: LIBAPI/COUNTER XDEF StopRCnt @ +0x108; the glabel is auto but a live alias asserts a DIFFERENT name; this rename fills the glabel and retires the alias; contradicting live alias(es): irq_event_slot_disable,KEEP,,
0x80078BA8,ResetRCnt,ResetRCnt,glabel,,14,src/main/psxsdk/libapi/counter.c:72,libscan-verbatim,VERIFIED,libscan-verbatim: LIBAPI/COUNTER XDEF ResetRCnt @ +0x140; the glabel is auto but a live alias asserts a DIFFERENT name; this rename fills the glabel and retires the alias; contradicting live alias(es): irq_event_slot_clear,KEEP,,
0x80078BE0,SetInitPadFlag,SetInitPadFlag,glabel,,4,src/main/psxsdk/libapi/pad.c:15,libscan-verbatim,VERIFIED,libscan-verbatim: LIBAPI/PAD XDEF SetInitPadFlag @ +0x0; the glabel is auto but a live alias asserts a DIFFERENT name; this rename fills the glabel and retires the alias; contradicting live alias(es): set_global_80078BE0,KEEP,,
0x80078BF0,ReadInitPadFlag,ReadInitPadFlag,glabel,,4,src/main/psxsdk/libapi/pad.c:17,libscan-verbatim,VERIFIED,libscan-verbatim: LIBAPI/PAD XDEF ReadInitPadFlag @ +0x10; the glabel is auto but a live alias asserts a DIFFERENT name; this rename fills the glabel and retires the alias; contradicting live alias(es): get_global_80078BF0,KEEP,,
0x80078C00,PAD_init,PAD_init,glabel,,39,src/main/psxsdk/libapi/pad.c:25,libscan-verbatim,VERIFIED,libscan-verbatim: LIBAPI/PAD XDEF PAD_init @ +0x20; the glabel is auto but a live alias asserts a DIFFERENT name; this rename fills the glabel and retires the alias; contradicting live alias(es): bios_helper_80078C00,KEEP,,
0x80078C9C,InitPAD,InitPAD,glabel,,39,src/main/psxsdk/libapi/pad.c:39,libscan-verbatim,VERIFIED,libscan-verbatim: LIBAPI/PAD XDEF InitPAD @ +0xBC; the glabel is auto but a live alias asserts a DIFFERENT name; this rename fills the glabel and retires the alias; contradicting live alias(es): bios_helper_80078C9C,KEEP,,
0x80078D38,StartPAD,StartPAD,glabel,,12,src/main/psxsdk/libapi/pad.c:54,libscan-verbatim,VERIFIED,libscan-verbatim: LIBAPI/PAD XDEF StartPAD @ +0x158; the glabel is auto but a live alias asserts a DIFFERENT name; this rename fills the glabel and retires the alias; contradicting live alias(es): bios_helper_80078D38,KEEP,,
0x80078D68,StopPAD,StopPAD,glabel,,14,src/main/psxsdk/libapi/pad.c:64,libscan-verbatim,VERIFIED,libscan-verbatim: LIBAPI/PAD XDEF StopPAD @ +0x188; no naming claim existed at this address,KEEP,,
0x80078DA0,SetPatchPad,SetPatchPad,glabel,,32,src/main/psxsdk/libapi/pad.c:80,libscan-verbatim,VERIFIED,"libscan-verbatim: LIBAPI/PAD XDEF SetPatchPad @ +0x1C0; MODULE_LOCAL_STATIC; . OBJ local symbol SetPatchPad (module-local static, NOT an exported name); propose nothing",KEEP,,
0x80078E20,RemovePatchPad,RemovePatchPad,glabel,,14,src/main/psxsdk/libapi/pad.c:94,libscan-verbatim,VERIFIED,"libscan-verbatim: LIBAPI/PAD XDEF RemovePatchPad @ +0x240; MODULE_LOCAL_STATIC; . OBJ local symbol RemovePatchPad (module-local static, NOT an exported name); propose nothing",KEEP,,
0x80078E58,_Pad1,_Pad1,glabel,,26,src/main/psxsdk/libapi/pad.c:102,libscan-verbatim,VERIFIED,"libscan-verbatim: LIBAPI/PAD XDEF _Pad1 @ +0x278; MODULE_LOCAL_STATIC; . OBJ local symbol _Pad1 (module-local static, NOT an exported name); propose nothing",KEEP,,
0x80078EC0,_IsVSync,_IsVSync,glabel,,16,src/main/psxsdk/libapi/pad.c:119,libscan-verbatim,VERIFIED,"libscan-verbatim: LIBAPI/PAD XDEF _IsVSync @ +0x2E0; MODULE_LOCAL_STATIC; . OBJ local symbol _IsVSync (module-local static, NOT an exported name); propose nothing",KEEP,,
0x80078F00,InitPAD2,InitPAD2,glabel,,3,src/main/psxsdk/libapi/a18.c:8,libscan-verbatim,VERIFIED,libscan-verbatim: LIBAPI/A18 XDEF InitPAD2 @ +0x0; the glabel asserts a DIFFERENT name; this rename retires a misname; BIOS jumptable cross-check (CONFIRM): B0:0x12 -> InitPad,KEEP,,
0x80078F10,StartPAD2,StartPAD2,glabel,,3,src/main/psxsdk/libapi/a19.c:8,libscan-verbatim,VERIFIED,libscan-verbatim: LIBAPI/A19 XDEF StartPAD2 @ +0x0; the glabel asserts a DIFFERENT name; this rename retires a misname; BIOS jumptable cross-check (CONFIRM): B0:0x13 -> StartPad,KEEP,,
0x80078F20,StopPAD2,StopPAD2,glabel,,3,src/main/psxsdk/libapi/a20.c:8,libscan-verbatim,VERIFIED,libscan-verbatim: LIBAPI/A20 XDEF StopPAD2 @ +0x0; the glabel asserts a DIFFERENT name; this rename retires a misname; BIOS jumptable cross-check (CONFIRM): B0:0x14 -> StopPad,KEEP,,
0x80078F30,PAD_init2,PAD_init2,glabel,,3,src/main/psxsdk/libapi/a21.c:8,libscan-verbatim,VERIFIED,libscan-verbatim: LIBAPI/A21 XDEF PAD_init2 @ +0x0; the glabel asserts a DIFFERENT name; this rename retires a misname; BIOS jumptable cross-check (CONFIRM): B0:0x15 -> OutdatedPadInitAndStart,KEEP,,
0x80078F40,SysEnqIntRP,SysEnqIntRP,glabel,,3,src/main/psxsdk/libapi/l02.c:8,libscan-verbatim,VERIFIED,libscan-verbatim: LIBAPI/L02 XDEF SysEnqIntRP @ +0x0; the glabel asserts a DIFFERENT name; this rename retires a misname; BIOS jumptable cross-check (CONFIRM): C0:0x02 -> SysEnqIntRP,KEEP,,
0x80078F50,SysDeqIntRP,SysDeqIntRP,glabel,,3,src/main/psxsdk/libapi/l03.c:8,libscan-verbatim,VERIFIED,libscan-verbatim: LIBAPI/L03 XDEF SysDeqIntRP @ +0x0; the glabel asserts a DIFFERENT name; this rename retires a misname; BIOS jumptable cross-check (CONFIRM): C0:0x03 -> SysDeqIntRP,KEEP,,
0x80078F60,EnablePAD,EnablePAD,glabel,,5,src/main/psxsdk/libapi/patch.c:12(INCLUDE_ASM),libscan-verbatim,VERIFIED,libscan-verbatim: LIBAPI/PATCH XDEF EnablePAD @ +0x0; the glabel is auto but a live alias asserts a DIFFERENT name; this rename fills the glabel and retires the alias; contradicting live alias(es): get_global_80078F60,KEEP,,
0x80078F74,DisablePAD,DisablePAD,glabel,,5,src/main/psxsdk/libapi/patch.c:13(INCLUDE_ASM),libscan-verbatim,VERIFIED,libscan-verbatim: LIBAPI/PATCH XDEF DisablePAD @ +0x14; the glabel is auto but a live alias asserts a DIFFERENT name; this rename fills the glabel and retires the alias; contradicting live alias(es): pad_state_dispatch_wrapper_80078F74,KEEP,,
0x80078F88,_patch_pad,_patch_pad,glabel,,26,src/main/psxsdk/libapi/patch.c:14(INCLUDE_ASM),libscan-verbatim,VERIFIED,libscan-verbatim: LIBAPI/PATCH XDEF _patch_pad @ +0x28; the glabel is auto but a live alias asserts a DIFFERENT name; this rename fills the glabel and retires the alias; contradicting live alias(es): bios_SetupJumpTbl_80078F88,KEEP,,
0x80078FF0,FlushCache,FlushCache,glabel,,4,src/main/psxsdk/libapi/c68.c:7(INCLUDE_ASM),libscan-verbatim,VERIFIED,libscan-verbatim: LIBAPI/C68 XDEF FlushCache @ +0x0; the glabel is auto but a live alias asserts a DIFFERENT name; this rename fills the glabel and retires the alias; contradicting live alias(es): copy_80078FF0; BIOS jumptable cross-check (RENAME): A0:0x44 -> FlushCache,KEEP,,
0x80079000,_SendPAD,_SendPAD,glabel,,10,src/main/psxsdk/libapi/sendpad.c:9(INCLUDE_ASM),libscan-verbatim,VERIFIED,"libscan-verbatim: docs/naming/libscan/libsyms.json[0x80079000] = {name:_SendPAD, kind:xdef, lib:LIBAPI, mod:SENDPAD, mod_start:0x80079000, mod_end:0x800790C0}; docs/naming/libscan/matches.json: LIBAPI/SENDPAD status=verbatim, 48 words, single placement vaddrs=[0x80079000]. Offset +0 = module start. The XDEF sat mid-function inside FlushCache (boundary_fixes.md, anomalies.txt) until the owner ruling Q108 split; it now sits at an asm/funcs function start (asm/funcs/_SendPAD.s first insn at 0x80079000). The module's other XDEF _send_pad @+0x28 is VERIFIED.; verifier: Q108 split (hand-off work item D) 2026-10-03; same rule as the sweep 2026-09-25 libscan-verbatim UPGRADE rows",KEEP,,
0x80079028,_send_pad,_send_pad,glabel,,31,src/main/psxsdk/libapi/sendpad.c:10(INCLUDE_ASM),libscan-verbatim,VERIFIED,libscan-verbatim: LIBAPI/SENDPAD XDEF _send_pad @ +0x28; the glabel is auto but a live alias asserts a DIFFERENT name; this rename fills the glabel and retires the alias; contradicting live alias(es): bios_PatchTable_80079028,KEEP,,
0x800790A4,stub,func_800790A4,named_syms.txt/symbol_addrs.txt alias only,stub_800790A4,7,,naming-analyzer(proposals_resolved),INFERRED,docs/naming/proposals_resolved.csv: confidence=low method=APPLIED-DIFFERENTLY; address_neighborhood=bios_local_800790A4,KEEP,,
0x800790C0,_remove_ChgclrPAD,_remove_ChgclrPAD,glabel,,24,src/main/psxsdk/libapi/chclrpad.c:7(INCLUDE_ASM),libscan-verbatim,VERIFIED,libscan-verbatim: LIBAPI/CHCLRPAD XDEF _remove_ChgclrPAD @ +0x0; the glabel is auto but a live alias asserts a DIFFERENT name; this rename fills the glabel and retires the alias; contradicting live alias(es): bios_ClearTable_800790C0,KEEP,,
0x80079120,memcpy,memcpy,glabel,,13,src/main/psxsdk/libc2/memcpy.c:6,libscan-verbatim,VERIFIED,libscan-verbatim: LIBC2/MEMCPY XDEF memcpy @ +0x0; the glabel asserts a DIFFERENT name; this rename retires a misname,KEEP,,
0x80079154,rand,rand,glabel,,12,src/main/psxsdk/libc2/rand.c:8,libscan-verbatim,VERIFIED,libscan-verbatim: LIBC2/RAND XDEF rand @ +0x0; the glabel is auto but a live alias asserts a DIFFERENT name; this rename fills the glabel and retires the alias; contradicting live alias(es): bb2_rand,KEEP,,
0x80079184,srand,srand,glabel,,4,src/main/psxsdk/libc2/rand.c:13,libscan-verbatim,VERIFIED,libscan-verbatim: LIBC2/RAND XDEF srand @ +0x30; the glabel is auto but a live alias asserts a DIFFERENT name; this rename fills the glabel and retires the alias; contradicting live alias(es): bb2_srand_80079184,KEEP,,
0x80079194,strcpy,strcpy,glabel,,17,src/main/psxsdk/libc2/strcpy.c:6,libscan-verbatim,VERIFIED,libscan-verbatim: LIBC2/STRCPY XDEF strcpy @ +0x0; no naming claim existed at this address,KEEP,,
0x800791D8,strlen,strlen,glabel,,12,src/main/psxsdk/libc2/strlen.c:6,libscan-verbatim,VERIFIED,libscan-verbatim: LIBC2/STRLEN XDEF strlen @ +0x0; the glabel is auto but a live alias asserts a DIFFERENT name; this rename fills the glabel and retires the alias; contradicting live alias(es): dispsleepmenutex_helper_800791D8,KEEP,,
0x80079208,printf,printf,glabel,,15,src/main/psxsdk/libc2/printf.c:7,libscan-verbatim,VERIFIED,libscan-verbatim: LIBC2/PRINTF XDEF printf @ +0x0; the glabel asserts a DIFFERENT name; this rename retires a misname,KEEP,,
0x80079244,prnt,prnt,glabel,,418,src/main/psxsdk/libc2/prnt.c:43,libscan-verbatim,VERIFIED,libscan-verbatim: LIBC2/PRNT XDEF prnt @ +0x0; the glabel is auto but a live alias asserts a DIFFERENT name; this rename fills the glabel and retires the alias; contradicting live alias(es): debug_printf_helper_80079244,KEEP,,
0x800798CC,toupper,toupper,glabel,,12,src/main/psxsdk/libc2/ctype.c:9,libscan-verbatim,VERIFIED,libscan-verbatim: LIBC2/CTYPE XDEF toupper @ +0x0; the glabel is auto but a live alias asserts a DIFFERENT name; this rename fills the glabel and retires the alias; contradicting live alias(es): bb2_toupper,KEEP,,
0x800798FC,tolower,tolower,glabel,,12,src/main/psxsdk/libc2/ctype.c:19,libscan-verbatim,VERIFIED,libscan-verbatim: LIBC2/CTYPE XDEF tolower @ +0x30; the glabel is auto but a live alias asserts a DIFFERENT name; this rename fills the glabel and retires the alias; contradicting live alias(es): bb2_tolower,KEEP,,
0x8007992C,memchr,memchr,glabel,,20,src/main/psxsdk/libc2/memchr.c:7,libscan-verbatim,VERIFIED,libscan-verbatim: LIBC2/MEMCHR XDEF memchr @ +0x0; the glabel is auto but a live alias asserts a DIFFERENT name; this rename fills the glabel and retires the alias; contradicting live alias(es): bb2_memchr,KEEP,,
0x8007997C,putchar,putchar,glabel,,45,src/main/psxsdk/libc2/putchar.c:14,libscan-verbatim,VERIFIED,libscan-verbatim: LIBC2/PUTCHAR XDEF putchar @ +0x0; the glabel is auto but a live alias asserts a DIFFERENT name; this rename fills the glabel and retires the alias; contradicting live alias(es): bb2_putchar_stdout,KEEP,,
0x80079A30,sprintf,sprintf,glabel,,535,src/main/psxsdk/libc2/sprintf.c:39,libscan-verbatim,VERIFIED,libscan-verbatim: LIBC/SPRINTF XDEF sprintf @ +0x0; the glabel is auto but a live alias asserts a DIFFERENT name; this rename fills the glabel and retires the alias; contradicting live alias(es): dispsleepmenutex_helper_80079A30,KEEP,,
0x8007A28C,memmove,memmove,glabel,,27,src/main/psxsdk/libc2/memmove.c:9,libscan-verbatim,VERIFIED,libscan-verbatim: LIBC/MEMMOVE XDEF memmove @ +0x0; no naming claim existed at this address,KEEP,,
0x8007A2F8,_card_info,_card_info,glabel,,4,src/main/psxsdk/libcard/c171.c:8,libscan-verbatim,VERIFIED,libscan-verbatim: LIBCARD/C171 XDEF _card_info @ +0x0; the glabel asserts a DIFFERENT name; this rename retires a misname; BIOS jumptable cross-check (FILL): A0:0xAB -> _card_info,KEEP,,
0x8007A308,_card_load,_card_load,glabel,,4,src/main/psxsdk/libcard/c172.c:8,libscan-verbatim,VERIFIED,libscan-verbatim: LIBCARD/C172 XDEF _card_load @ +0x0; the glabel asserts a DIFFERENT name; this rename retires a misname; BIOS jumptable cross-check (FILL): A0:0xAC -> _card_async_load_directory,KEEP,,
0x8007A318,_card_clear,_card_clear,glabel,,14,src/main/psxsdk/libcard/card.c:6,libscan-verbatim,VERIFIED,libscan-verbatim: LIBCARD/CARD XDEF _card_clear @ +0x0; the glabel is auto but a live alias asserts a DIFFERENT name; this rename fills the glabel and retires the alias; contradicting live alias(es): bios_helper_8007A318,KEEP,,
0x8007A350,_card_write,_card_write,glabel,,4,src/main/psxsdk/libcard/a78.c:8,libscan-verbatim,VERIFIED,libscan-verbatim: LIBCARD/A78 XDEF _card_write @ +0x0; the glabel asserts a DIFFERENT name; this rename retires a misname; BIOS jumptable cross-check (CONFIRM): B0:0x4E -> _card_write,KEEP,,
0x8007A360,_new_card,_new_card,glabel,,4,src/main/psxsdk/libcard/a80.c:8,libscan-verbatim,VERIFIED,libscan-verbatim: LIBCARD/A80 XDEF _new_card @ +0x0; the glabel asserts a DIFFERENT name; this rename retires a misname; BIOS jumptable cross-check (CONFIRM): B0:0x50 -> _new_card,KEEP,,
0x8007A370,InitCARD,InitCARD,glabel,,22,src/main/psxsdk/libcard/init.c:12,libscan-verbatim,VERIFIED,libscan-verbatim: LIBCARD/INIT XDEF InitCARD @ +0x0; the glabel is auto but a live alias asserts a DIFFERENT name; this rename fills the glabel and retires the alias; contradicting live alias(es): pad_press_control_init_8007A370,KEEP,,
0x8007A3C8,StartCARD,StartCARD,glabel,,14,src/main/psxsdk/libcard/init.c:22,libscan-verbatim,VERIFIED,libscan-verbatim: LIBCARD/INIT XDEF StartCARD @ +0x58; the glabel is auto but a live alias asserts a DIFFERENT name; this rename fills the glabel and retires the alias; contradicting live alias(es): pad_press_control_start_8007A3C8,KEEP,,
0x8007A400,StopCARD,StopCARD,glabel,,10,src/main/psxsdk/libcard/init.c:29,libscan-verbatim,VERIFIED,libscan-verbatim: LIBCARD/INIT XDEF StopCARD @ +0x90; no naming claim existed at this address,KEEP,,
0x8007A428,InitCARD2,InitCARD2,glabel,,4,src/main/psxsdk/libcard/a74.c:8,libscan-verbatim,VERIFIED,libscan-verbatim: LIBCARD/A74 XDEF InitCARD2 @ +0x0; the glabel asserts a DIFFERENT name; this rename retires a misname; BIOS jumptable cross-check (CONFIRM): B0:0x4A -> InitCard,KEEP,,
0x8007A438,StartCARD2,StartCARD2,glabel,,4,src/main/psxsdk/libcard/a75.c:8,libscan-verbatim,VERIFIED,libscan-verbatim: LIBCARD/A75 XDEF StartCARD2 @ +0x0; the glabel asserts a DIFFERENT name; this rename retires a misname; BIOS jumptable cross-check (CONFIRM): B0:0x4B -> StartCard,KEEP,,
0x8007A448,StopCARD2,StopCARD2,glabel,,4,src/main/psxsdk/libcard/a76.c:8,libscan-verbatim,VERIFIED,libscan-verbatim: LIBCARD/A76 XDEF StopCARD2 @ +0x0; the glabel asserts a DIFFERENT name; this rename retires a misname; BIOS jumptable cross-check (CONFIRM): B0:0x4C -> StopCard,KEEP,,
0x8007A458,_ExitCard,_ExitCard,glabel,,26,src/main/psxsdk/libcard/end.c:7(INCLUDE_ASM),libscan-verbatim,VERIFIED,libscan-verbatim: LIBCARD/END XDEF _ExitCard @ +0x0; the glabel is auto but a live alias asserts a DIFFERENT name; this rename fills the glabel and retires the alias; contradicting live alias(es): bios_PatchTable_8007A458,KEEP,,
0x8007A4D8,LoadTPage,LoadTPage,glabel,,59,src/main/psxsdk/libgpu/ext.c:7,libscan-verbatim,VERIFIED,libscan-verbatim: LIBGPU/EXT XDEF LoadTPage @ +0x0; the glabel is auto but a live alias asserts a DIFFERENT name; this rename fills the glabel and retires the alias; contradicting live alias(es): gpu_LoadTexture_8007A4D8,KEEP,,
0x8007A5C4,LoadClut,LoadClut,glabel,,26,src/main/psxsdk/libgpu/ext.c:27,libscan-verbatim,VERIFIED,libscan-verbatim: LIBGPU/EXT XDEF LoadClut @ +0xEC; no naming claim existed at this address,KEEP,,
0x8007A62C,LoadClut2,LoadClut2,glabel,,26,src/main/psxsdk/libgpu/ext.c:37,libscan-verbatim,VERIFIED,libscan-verbatim: LIBGPU/EXT XDEF LoadClut2 @ +0x154; no naming claim existed at this address,KEEP,,
0x8007A694,SetDefDrawEnv,SetDefDrawEnv,glabel,SetDefDrawEnv,46,src/main/psxsdk/libgpu/ext.c:47,libscan-verbatim,VERIFIED,libscan-verbatim: LIBGPU/EXT XDEF SetDefDrawEnv @ +0x1BC; the glabel is auto but a live alias asserts a DIFFERENT name; this rename fills the glabel and retires the alias; contradicting live alias(es): gpu_InitDrawEnv_8007A694;gpu_InitDrawEnv,KEEP,,
0x8007A74C,SetDefDispEnv,SetDefDispEnv,glabel,SetDefDispEnv,15,src/main/psxsdk/libgpu/ext.c:74,libscan-verbatim,VERIFIED,libscan-verbatim: LIBGPU/EXT XDEF SetDefDispEnv @ +0x274; the glabel is auto but a live alias asserts a DIFFERENT name; this rename fills the glabel and retires the alias; contradicting live alias(es): gpu_InitDispEnv_8007A74C;gpu_InitDispEnv,KEEP,,
0x8007A788,GetTPage,GetTPage,glabel,GetTPage,15,src/main/psxsdk/libgpu/prim.c:31,libscan-verbatim,VERIFIED,libscan-verbatim: LIBGPU/PRIM XDEF GetTPage @ +0x0; the glabel is auto but a live alias asserts a DIFFERENT name; this rename fills the glabel and retires the alias; contradicting live alias(es): gpu_CalcTPage_8007A788;gpu_CalcTPage,KEEP,,
0x8007A7C4,GetClut,GetClut,glabel,GetClut,6,src/main/psxsdk/libgpu/prim.c:36,libscan-verbatim,VERIFIED,libscan-verbatim: LIBGPU/PRIM XDEF GetClut @ +0x3C; the glabel is auto but a live alias asserts a DIFFERENT name; this rename fills the glabel and retires the alias; contradicting live alias(es): gpu_CalcClut_8007A7C4;gpu_CalcClut,KEEP,,
0x8007A7DC,DumpTPage,DumpTPage,glabel,,24,src/main/psxsdk/libgpu/prim.c:38,libscan-verbatim,VERIFIED,libscan-verbatim: LIBGPU/PRIM XDEF DumpTPage @ +0x54; the glabel is auto but a live alias asserts a DIFFERENT name; this rename fills the glabel and retires the alias; contradicting live alias(es): gpu_DebugTPage_8007A7DC,KEEP,,
0x8007A83C,DumpClut,DumpClut,glabel,,16,src/main/psxsdk/libgpu/prim.c:44,libscan-verbatim,VERIFIED,libscan-verbatim: LIBGPU/PRIM XDEF DumpClut @ +0xB4; the glabel is auto but a live alias asserts a DIFFERENT name; this rename fills the glabel and retires the alias; contradicting live alias(es): gpu_DebugClut_8007A83C,KEEP,,
0x8007A87C,NextPrim,NextPrim,glabel,,7,src/main/psxsdk/libgpu/prim.c:48,libscan-verbatim,VERIFIED,libscan-verbatim: LIBGPU/PRIM XDEF NextPrim @ +0xF4; no naming claim existed at this address,KEEP,,
0x8007A898,IsEndPrim,IsEndPrim,glabel,,7,src/main/psxsdk/libgpu/prim.c:50,libscan-verbatim,VERIFIED,libscan-verbatim: LIBGPU/PRIM XDEF IsEndPrim @ +0x110; no naming claim existed at this address,KEEP,,
0x8007A8B4,AddPrim,AddPrim,glabel,AddPrim,15,src/main/psxsdk/libgpu/prim.c:52,libscan-verbatim,VERIFIED,libscan-verbatim: LIBGPU/PRIM XDEF AddPrim @ +0x12C; the glabel is auto but a live alias asserts a DIFFERENT name; this rename fills the glabel and retires the alias; contradicting live alias(es): ot_Link_8007A8B4;ot_Link,KEEP,,
0x8007A8F0,AddPrims,AddPrims,glabel,,15,src/main/psxsdk/libgpu/prim.c:60,libscan-verbatim,VERIFIED,libscan-verbatim: LIBGPU/PRIM XDEF AddPrims @ +0x168; the glabel is auto but a live alias asserts a DIFFERENT name; this rename fills the glabel and retires the alias; contradicting live alias(es): ot_Insert_8007A8F0,KEEP,,
0x8007A92C,CatPrim,CatPrim,glabel,,9,src/main/psxsdk/libgpu/prim.c:65,libscan-verbatim,VERIFIED,libscan-verbatim: LIBGPU/PRIM XDEF CatPrim @ +0x1A4; the glabel is auto but a live alias asserts a DIFFERENT name; this rename fills the glabel and retires the alias; contradicting live alias(es): ot_SetAddr_8007A92C,KEEP,,
0x8007A950,TermPrim,TermPrim,glabel,,6,src/main/psxsdk/libgpu/prim.c:69,libscan-verbatim,VERIFIED,libscan-verbatim: LIBGPU/PRIM XDEF TermPrim @ +0x1C8; the glabel is auto but a live alias asserts a DIFFERENT name; this rename fills the glabel and retires the alias; contradicting live alias(es): ot_SetEnd_8007A950,KEEP,,
0x8007A968,SetSemiTrans,SetSemiTrans,glabel,SetSemiTrans,10,src/main/psxsdk/libgpu/prim.c:71,libscan-verbatim,VERIFIED,libscan-verbatim: LIBGPU/PRIM XDEF SetSemiTrans @ +0x1E0; the glabel is auto but a live alias asserts a DIFFERENT name; this rename fills the glabel and retires the alias; contradicting live alias(es): gpu_SetSemiTransp_8007A968;gpu_SetSemiTransp,KEEP,,
0x8007A990,SetShadeTex,SetShadeTex,glabel,,10,src/main/psxsdk/libgpu/prim.c:73,libscan-verbatim,VERIFIED,libscan-verbatim: LIBGPU/PRIM XDEF SetShadeTex @ +0x208; the glabel is auto but a live alias asserts a DIFFERENT name; this rename fills the glabel and retires the alias; contradicting live alias(es): gpu_SetRawTexture_8007A990,KEEP,,
0x8007A9B8,SetPolyF3,SetPolyF3,glabel,,5,src/main/psxsdk/libgpu/prim.c:75,libscan-verbatim,VERIFIED,libscan-verbatim: LIBGPU/PRIM XDEF SetPolyF3 @ +0x230; the glabel is auto but a live alias asserts a DIFFERENT name; this rename fills the glabel and retires the alias; contradicting live alias(es): initPolyF3_8007A9B8,KEEP,,
0x8007A9CC,SetPolyFT3,SetPolyFT3,glabel,,5,src/main/psxsdk/libgpu/prim.c:77,libscan-verbatim,VERIFIED,libscan-verbatim: LIBGPU/PRIM XDEF SetPolyFT3 @ +0x244; the glabel is auto but a live alias asserts a DIFFERENT name; this rename fills the glabel and retires the alias; contradicting live alias(es): initPolyFT3_8007A9CC,KEEP,,
0x8007A9E0,SetPolyG3,SetPolyG3,glabel,,5,src/main/psxsdk/libgpu/prim.c:79,libscan-verbatim,VERIFIED,libscan-verbatim: LIBGPU/PRIM XDEF SetPolyG3 @ +0x258; the glabel is auto but a live alias asserts a DIFFERENT name; this rename fills the glabel and retires the alias; contradicting live alias(es): initPolyG3_8007A9E0,KEEP,,
0x8007A9F4,SetPolyGT3,SetPolyGT3,glabel,,5,src/main/psxsdk/libgpu/prim.c:81,libscan-verbatim,VERIFIED,libscan-verbatim: LIBGPU/PRIM XDEF SetPolyGT3 @ +0x26C; the glabel is auto but a live alias asserts a DIFFERENT name; this rename fills the glabel and retires the alias; contradicting live alias(es): initPolyGT3_8007A9F4,KEEP,,
0x8007AA08,SetPolyF4,SetPolyF4,glabel,,5,src/main/psxsdk/libgpu/prim.c:83,libscan-verbatim,VERIFIED,libscan-verbatim: LIBGPU/PRIM XDEF SetPolyF4 @ +0x280; the glabel is auto but a live alias asserts a DIFFERENT name; this rename fills the glabel and retires the alias; contradicting live alias(es): initPolyF4_8007AA08,KEEP,,
0x8007AA1C,SetPolyFT4,SetPolyFT4,glabel,,5,src/main/psxsdk/libgpu/prim.c:85,libscan-verbatim,VERIFIED,libscan-verbatim: LIBGPU/PRIM XDEF SetPolyFT4 @ +0x294; the glabel is auto but a live alias asserts a DIFFERENT name; this rename fills the glabel and retires the alias; contradicting live alias(es): initPolyFT4_8007AA1C,KEEP,,
0x8007AA30,SetPolyG4,SetPolyG4,glabel,SetPolyG4,5,src/main/psxsdk/libgpu/prim.c:87,libscan-verbatim,VERIFIED,libscan-verbatim: LIBGPU/PRIM XDEF SetPolyG4 @ +0x2A8; the glabel is auto but a live alias asserts a DIFFERENT name; this rename fills the glabel and retires the alias; contradicting live alias(es): initPolyG4_8007AA30;initPolyG4,KEEP,,
0x8007AA44,SetPolyGT4,SetPolyGT4,glabel,,5,src/main/psxsdk/libgpu/prim.c:89,libscan-verbatim,VERIFIED,libscan-verbatim: LIBGPU/PRIM XDEF SetPolyGT4 @ +0x2BC; the glabel is auto but a live alias asserts a DIFFERENT name; this rename fills the glabel and retires the alias; contradicting live alias(es): initPolyGT4_8007AA44,KEEP,,
0x8007AA58,SetSprt8,SetSprt8,glabel,,5,src/main/psxsdk/libgpu/prim.c:91,libscan-verbatim,VERIFIED,libscan-verbatim: LIBGPU/PRIM XDEF SetSprt8 @ +0x2D0; the glabel is auto but a live alias asserts a DIFFERENT name; this rename fills the glabel and retires the alias; contradicting live alias(es): initSprt8_8007AA58,KEEP,,
0x8007AA6C,SetSprt16,SetSprt16,glabel,,5,src/main/psxsdk/libgpu/prim.c:93,libscan-verbatim,VERIFIED,libscan-verbatim: LIBGPU/PRIM XDEF SetSprt16 @ +0x2E4; the glabel is auto but a live alias asserts a DIFFERENT name; this rename fills the glabel and retires the alias; contradicting live alias(es): initSprt16_8007AA6C,KEEP,,
0x8007AA80,SetSprt,SetSprt,glabel,,5,src/main/psxsdk/libgpu/prim.c:95,libscan-verbatim,VERIFIED,libscan-verbatim: LIBGPU/PRIM XDEF SetSprt @ +0x2F8; the glabel is auto but a live alias asserts a DIFFERENT name; this rename fills the glabel and retires the alias; contradicting live alias(es): initSprt_8007AA80,KEEP,,
0x8007AA94,SetTile1,SetTile1,glabel,,5,src/main/psxsdk/libgpu/prim.c:97,libscan-verbatim,VERIFIED,libscan-verbatim: LIBGPU/PRIM XDEF SetTile1 @ +0x30C; the glabel is auto but a live alias asserts a DIFFERENT name; this rename fills the glabel and retires the alias; contradicting live alias(es): initTile1_8007AA94,KEEP,,
0x8007AAA8,SetTile8,SetTile8,glabel,,5,src/main/psxsdk/libgpu/prim.c:99,libscan-verbatim,VERIFIED,libscan-verbatim: LIBGPU/PRIM XDEF SetTile8 @ +0x320; the glabel is auto but a live alias asserts a DIFFERENT name; this rename fills the glabel and retires the alias; contradicting live alias(es): initTile8_8007AAA8,KEEP,,
0x8007AABC,SetTile16,SetTile16,glabel,,5,src/main/psxsdk/libgpu/prim.c:101,libscan-verbatim,VERIFIED,libscan-verbatim: LIBGPU/PRIM XDEF SetTile16 @ +0x334; the glabel is auto but a live alias asserts a DIFFERENT name; this rename fills the glabel and retires the alias; contradicting live alias(es): initTile16_8007AABC,KEEP,,
0x8007AAD0,SetTile,SetTile,glabel,SetTile,5,src/main/psxsdk/libgpu/prim.c:103,libscan-verbatim,VERIFIED,libscan-verbatim: LIBGPU/PRIM XDEF SetTile @ +0x348; the glabel is auto but a live alias asserts a DIFFERENT name; this rename fills the glabel and retires the alias; contradicting live alias(es): initTile_8007AAD0;initTile,KEEP,,
0x8007AAE4,SetLineF2,SetLineF2,glabel,,5,src/main/psxsdk/libgpu/prim.c:105,libscan-verbatim,VERIFIED,libscan-verbatim: LIBGPU/PRIM XDEF SetLineF2 @ +0x35C; the glabel is auto but a live alias asserts a DIFFERENT name; this rename fills the glabel and retires the alias; contradicting live alias(es): initLineF2_8007AAE4,KEEP,,
0x8007AAF8,SetLineG2,SetLineG2,glabel,,5,src/main/psxsdk/libgpu/prim.c:107,libscan-verbatim,VERIFIED,libscan-verbatim: LIBGPU/PRIM XDEF SetLineG2 @ +0x370; the glabel is auto but a live alias asserts a DIFFERENT name; this rename fills the glabel and retires the alias; contradicting live alias(es): initLineG2_8007AAF8,KEEP,,
0x8007AB0C,SetLineF3,SetLineF3,glabel,,8,src/main/psxsdk/libgpu/prim.c:109,libscan-verbatim,VERIFIED,libscan-verbatim: LIBGPU/PRIM XDEF SetLineF3 @ +0x384; the glabel is auto but a live alias asserts a DIFFERENT name; this rename fills the glabel and retires the alias; contradicting live alias(es): initPolyF3_dither_8007AB0C,KEEP,,
0x8007AB2C,SetLineG3,SetLineG3,glabel,,8,src/main/psxsdk/libgpu/prim.c:111,libscan-verbatim,VERIFIED,libscan-verbatim: LIBGPU/PRIM XDEF SetLineG3 @ +0x3A4; the glabel is auto but a live alias asserts a DIFFERENT name; this rename fills the glabel and retires the alias; contradicting live alias(es): initPolyG3_dither_8007AB2C,KEEP,,
0x8007AB4C,SetLineF4,SetLineF4,glabel,,8,src/main/psxsdk/libgpu/prim.c:113,libscan-verbatim,VERIFIED,libscan-verbatim: LIBGPU/PRIM XDEF SetLineF4 @ +0x3C4; the glabel is auto but a live alias asserts a DIFFERENT name; this rename fills the glabel and retires the alias; contradicting live alias(es): initPolyF4_dither_8007AB4C,KEEP,,
0x8007AB6C,SetLineG4,SetLineG4,glabel,,8,src/main/psxsdk/libgpu/prim.c:115,libscan-verbatim,VERIFIED,libscan-verbatim: LIBGPU/PRIM XDEF SetLineG4 @ +0x3E4; the glabel is auto but a live alias asserts a DIFFERENT name; this rename fills the glabel and retires the alias; contradicting live alias(es): initPolyG4_dither_8007AB6C,KEEP,,
0x8007AB8C,SetDrawTPage,SetDrawTPage,glabel,,11,src/main/psxsdk/libgpu/prim.c:117,libscan-verbatim,VERIFIED,libscan-verbatim: LIBGPU/PRIM XDEF SetDrawTPage @ +0x404; the glabel is auto but a live alias asserts a DIFFERENT name; this rename fills the glabel and retires the alias; contradicting live alias(es): initDrawMode_8007AB8C,KEEP,,
0x8007ABB8,SetDrawMove,SetDrawMove,glabel,SetDrawMove,24,src/main/psxsdk/libgpu/prim.c:137,libscan-verbatim,VERIFIED,libscan-verbatim: LIBGPU/PRIM XDEF SetDrawMove @ +0x430; the glabel is auto but a live alias asserts a DIFFERENT name; this rename fills the glabel and retires the alias; contradicting live alias(es): initLoadImage_8007ABB8;initLoadImage,KEEP,,
0x8007AC18,SetDrawLoad,SetDrawLoad,glabel,,27,src/main/psxsdk/libgpu/prim.c:159,libscan-verbatim,VERIFIED,libscan-verbatim: LIBGPU/PRIM XDEF SetDrawLoad @ +0x490; the glabel is auto but a live alias asserts a DIFFERENT name; this rename fills the glabel and retires the alias; contradicting live alias(es): initStoreImage_8007AC18,KEEP,,
0x8007AC84,MargePrim,MargePrim,glabel,,14,src/main/psxsdk/libgpu/prim.c:178,libscan-verbatim,VERIFIED,libscan-verbatim: LIBGPU/PRIM XDEF MargePrim @ +0x4FC; the glabel is auto but a live alias asserts a DIFFERENT name; this rename fills the glabel and retires the alias; contradicting live alias(es): gpu_CatPacket_8007AC84,KEEP,,
0x8007ACBC,DumpDrawEnv,DumpDrawEnv,glabel,,69,src/main/psxsdk/libgpu/prim.c:189,libscan-verbatim,VERIFIED,libscan-verbatim: LIBGPU/PRIM XDEF DumpDrawEnv @ +0x534; the glabel is auto but a live alias asserts a DIFFERENT name; this rename fills the glabel and retires the alias; contradicting live alias(es): gpu_DebugDispEnv_8007ACBC,KEEP,,
0x8007ADD0,DumpDispEnv,DumpDispEnv,glabel,,43,src/main/psxsdk/libgpu/prim.c:200,libscan-verbatim,VERIFIED,libscan-verbatim: LIBGPU/PRIM XDEF DumpDispEnv @ +0x648; the glabel is auto but a live alias asserts a DIFFERENT name; this rename fills the glabel and retires the alias; contradicting live alias(es): gpu_DebugDrawEnv_8007ADD0,KEEP,,
0x8007AE7C,ResetGraph,ResetGraph,glabel,,97,src/main/psxsdk/libgpu/sys.c:156,libscan-verbatim,VERIFIED,libscan-verbatim: LIBGPU/SYS XDEF ResetGraph @ +0x0; the glabel is auto but a live alias asserts a DIFFERENT name; this rename fills the glabel and retires the alias; contradicting live alias(es): gpu_SetMode_8007AE7C; cross-check: the in-binary self-identifying string agrees,KEEP,,
0x8007B000,SetGraphReverse,SetGraphReverse,glabel,,69,src/main/psxsdk/libgpu/sys.c:182,libscan-verbatim,VERIFIED,libscan-verbatim: LIBGPU/SYS XDEF SetGraphReverse @ +0x184; the glabel is auto but a live alias asserts a DIFFERENT name; this rename fills the glabel and retires the alias; contradicting live alias(es): gpu_SetDither_8007B000; cross-check: the in-binary self-identifying string agrees,KEEP,,
0x8007B114,SetGraphDebug,SetGraphDebug,glabel,SetGraphDebug,25,src/main/psxsdk/libgpu/sys.c:196,libscan-verbatim,VERIFIED,libscan-verbatim: LIBGPU/SYS XDEF SetGraphDebug @ +0x298; the glabel is auto but a live alias asserts a DIFFERENT name; this rename fills the glabel and retires the alias; contradicting live alias(es): gpu_SetDebugLevel_8007B114;gpu_SetDebugLevel; cross-check: the in-binary self-identifying string agrees,KEEP,,
0x8007B178,SetGraphQueue,SetGraphQueue,glabel,,43,src/main/psxsdk/libgpu/sys.c:206,libscan-verbatim,VERIFIED,libscan-verbatim: LIBGPU/SYS XDEF SetGraphQueue @ +0x2FC; the glabel is auto but a live alias asserts a DIFFERENT name; this rename fills the glabel and retires the alias; contradicting live alias(es): gpu_SetInterlace_8007B178,KEEP,,
0x8007B224,GetGraphType,GetGraphType,glabel,,4,src/main/psxsdk/libgpu/sys.c:219,libscan-verbatim,VERIFIED,libscan-verbatim: LIBGPU/SYS XDEF GetGraphType @ +0x3A8; the glabel is auto but a live alias asserts a DIFFERENT name; this rename fills the glabel and retires the alias; contradicting live alias(es): gpu_GetType_8007B224,KEEP,,
0x8007B234,GetGraphDebug,GetGraphDebug,glabel,,4,src/main/psxsdk/libgpu/sys.c:221,libscan-verbatim,VERIFIED,libscan-verbatim: LIBGPU/SYS XDEF GetGraphDebug @ +0x3B8; the glabel is auto but a live alias asserts a DIFFERENT name; this rename fills the glabel and retires the alias; contradicting live alias(es): gpu_GetDebugLevel_8007B234,KEEP,,
0x8007B244,DrawSyncCallback,DrawSyncCallback,glabel,,23,src/main/psxsdk/libgpu/sys.c:223,libscan-verbatim,VERIFIED,libscan-verbatim: LIBGPU/SYS XDEF DrawSyncCallback @ +0x3C8; the glabel is auto but a live alias asserts a DIFFERENT name; this rename fills the glabel and retires the alias; contradicting live alias(es): gpu_DrawSyncCallback; cross-check: the in-binary self-identifying string agrees,KEEP,,
0x8007B2A0,SetDispMask,SetDispMask,glabel,,39,src/main/psxsdk/libgpu/sys.c:233,libscan-verbatim,VERIFIED,libscan-verbatim: LIBGPU/SYS XDEF SetDispMask @ +0x424; the glabel asserts a DIFFERENT name; this rename retires a misname; cross-check: the in-binary self-identifying string agrees,KEEP,,
0x8007B33C,DrawSync,DrawSync,glabel,,27,src/main/psxsdk/libgpu/sys.c:243,libscan-verbatim,VERIFIED,libscan-verbatim: LIBGPU/SYS XDEF DrawSync @ +0x4C0; the glabel asserts a DIFFERENT name; this rename retires a misname; cross-check: the in-binary self-identifying string agrees,KEEP,,
0x8007B3A8,checkRECT,checkRECT,glabel,,74,src/main/psxsdk/libgpu/sys.c:250,libscan-verbatim,VERIFIED,"libscan-verbatim: LIBGPU/SYS XDEF checkRECT @ +0x52C; MODULE_LOCAL_STATIC; . OBJ local symbol checkRECT (module-local static, NOT an exported name); propose nothing",KEEP,,
0x8007B4D0,ClearImage,ClearImage,glabel,,37,src/main/psxsdk/libgpu/sys.c:290,libscan-verbatim,VERIFIED,libscan-verbatim: LIBGPU/SYS XDEF ClearImage @ +0x654; the glabel is auto but a live alias asserts a DIFFERENT name; this rename fills the glabel and retires the alias; contradicting live alias(es): gpu_draw_color_prim_8007B4D0; cross-check: the in-binary self-identifying string agrees,KEEP,,
0x8007B564,ClearImage2,ClearImage2,glabel,,39,src/main/psxsdk/libgpu/sys.c:297,libscan-verbatim,VERIFIED,libscan-verbatim: LIBGPU/SYS XDEF ClearImage2 @ +0x6E8; the glabel is auto but a live alias asserts a DIFFERENT name; this rename fills the glabel and retires the alias; contradicting live alias(es): gpu_draw_color_prim_stp_8007B564,KEEP,,
0x8007B600,LoadImage,LoadImage,glabel,,25,src/main/psxsdk/libgpu/sys.c:304,libscan-verbatim,VERIFIED,libscan-verbatim: LIBGPU/SYS XDEF LoadImage @ +0x784; the glabel asserts a DIFFERENT name; this rename retires a misname; cross-check: the in-binary self-identifying string agrees,KEEP,,
0x8007B664,StoreImage,StoreImage,glabel,,25,src/main/psxsdk/libgpu/sys.c:309,libscan-verbatim,VERIFIED,libscan-verbatim: LIBGPU/SYS XDEF StoreImage @ +0x7E8; the glabel asserts a DIFFERENT name; this rename retires a misname; cross-check: the in-binary self-identifying string agrees,KEEP,,
0x8007B6C8,MoveImage,MoveImage,glabel,,49,src/main/psxsdk/libgpu/sys.c:316,libscan-verbatim,VERIFIED,libscan-verbatim: LIBGPU/SYS XDEF MoveImage @ +0x84C; the glabel is auto but a live alias asserts a DIFFERENT name; this rename fills the glabel and retires the alias; contradicting live alias(es): gpu_MoveImage; cross-check: the in-binary self-identifying string agrees,KEEP,,
0x8007B78C,ClearOTag,ClearOTag,glabel,,46,src/main/psxsdk/libgpu/sys.c:333,libscan-verbatim,VERIFIED,libscan-verbatim: LIBGPU/SYS XDEF ClearOTag @ +0x910; the glabel asserts a DIFFERENT name; this rename retires a misname; cross-check: the in-binary self-identifying string agrees,KEEP,,
0x8007B844,ClearOTagR,ClearOTagR,glabel,,38,src/main/psxsdk/libgpu/sys.c:346,libscan-verbatim,VERIFIED,libscan-verbatim: LIBGPU/SYS XDEF ClearOTagR @ +0x9C8; no naming claim existed at this address; cross-check: the in-binary self-identifying string agrees,KEEP,,
0x8007B8DC,DrawPrim,DrawPrim,glabel,,24,src/main/psxsdk/libgpu/sys.c:355,libscan-verbatim,VERIFIED,libscan-verbatim: LIBGPU/SYS XDEF DrawPrim @ +0xA60; the glabel asserts a DIFFERENT name; this rename retires a misname,KEEP,,
0x8007B93C,DrawOTag,DrawOTag,glabel,,29,src/main/psxsdk/libgpu/sys.c:361,libscan-verbatim,VERIFIED,libscan-verbatim: LIBGPU/SYS XDEF DrawOTag @ +0xAC0; the glabel asserts a DIFFERENT name; this rename retires a misname; cross-check: the in-binary self-identifying string agrees,KEEP,,
0x8007B9B0,PutDrawEnv,PutDrawEnv,glabel,,65,src/main/psxsdk/libgpu/sys.c:368,libscan-verbatim,VERIFIED,libscan-verbatim: LIBGPU/SYS XDEF PutDrawEnv @ +0xB34; the glabel is auto but a live alias asserts a DIFFERENT name; this rename fills the glabel and retires the alias; contradicting live alias(es): gpu_copy_draw_packet_8007B9B0; cross-check: the in-binary self-identifying string agrees,KEEP,,
0x8007BAB4,DrawOTagEnv,DrawOTagEnv,glabel,,71,src/main/psxsdk/libgpu/sys.c:379,libscan-verbatim,VERIFIED,libscan-verbatim: LIBGPU/SYS XDEF DrawOTagEnv @ +0xC38; the glabel is auto but a live alias asserts a DIFFERENT name; this rename fills the glabel and retires the alias; contradicting live alias(es): gpu_DrawOTagEnv; cross-check: the in-binary self-identifying string agrees,KEEP,,
0x8007BBD0,GetDrawEnv,GetDrawEnv,glabel,,14,src/main/psxsdk/libgpu/sys.c:389,libscan-verbatim,VERIFIED,libscan-verbatim: LIBGPU/SYS XDEF GetDrawEnv @ +0xD54; the glabel asserts a DIFFERENT name; this rename retires a misname,KEEP,,
0x8007BC08,PutDispEnv,PutDispEnv,glabel,,298,src/main/psxsdk/libgpu/sys.c:396,libscan-verbatim,VERIFIED,libscan-verbatim: LIBGPU/SYS XDEF PutDispEnv @ +0xD8C; the glabel is auto but a live alias asserts a DIFFERENT name; this rename fills the glabel and retires the alias; contradicting live alias(es): cpu_copy_display_buffer_and_sync_8007BC08; cross-check: the in-binary self-identifying string agrees,KEEP,,
0x8007C0B0,GetDispEnv,GetDispEnv,glabel,,14,src/main/psxsdk/libgpu/sys.c:488,libscan-verbatim,VERIFIED,libscan-verbatim: LIBGPU/SYS XDEF GetDispEnv @ +0x1234; the glabel is auto but a live alias asserts a DIFFERENT name; this rename fills the glabel and retires the alias; contradicting live alias(es): gpu_GetDispEnv_8007C0B0,KEEP,,
0x8007C0E8,GetODE,GetODE,glabel,,12,src/main/psxsdk/libgpu/sys.c:493,libscan-verbatim,VERIFIED,libscan-verbatim: LIBGPU/SYS XDEF GetODE @ +0x126C; the glabel is auto but a live alias asserts a DIFFERENT name; this rename fills the glabel and retires the alias; contradicting live alias(es): gpu_IsDrawing_8007C0E8,KEEP,,
0x8007C118,SetTexWindow,SetTexWindow,glabel,,15,src/main/psxsdk/libgpu/sys.c:495,libscan-verbatim,VERIFIED,libscan-verbatim: LIBGPU/SYS XDEF SetTexWindow @ +0x129C; the glabel is auto but a live alias asserts a DIFFERENT name; this rename fills the glabel and retires the alias; contradicting live alias(es): initClearImage_8007C118,KEEP,,
0x8007C154,SetDrawArea,SetDrawArea,glabel,,33,src/main/psxsdk/libgpu/sys.c:501,libscan-verbatim,VERIFIED,libscan-verbatim: LIBGPU/SYS XDEF SetDrawArea @ +0x12D8; the glabel is auto but a live alias asserts a DIFFERENT name; this rename fills the glabel and retires the alias; contradicting live alias(es): initDrawArea_8007C154,KEEP,,
0x8007C1D8,SetDrawOffset,SetDrawOffset,glabel,,17,src/main/psxsdk/libgpu/sys.c:509,libscan-verbatim,VERIFIED,libscan-verbatim: LIBGPU/SYS XDEF SetDrawOffset @ +0x135C; the glabel is auto but a live alias asserts a DIFFERENT name; this rename fills the glabel and retires the alias; contradicting live alias(es): initDrawOffset_8007C1D8,KEEP,,
0x8007C21C,SetPriority,SetPriority,glabel,,11,src/main/psxsdk/libgpu/sys.c:515,libscan-verbatim,VERIFIED,libscan-verbatim: LIBGPU/SYS XDEF SetPriority @ +0x13A0; the glabel is auto but a live alias asserts a DIFFERENT name; this rename fills the glabel and retires the alias; contradicting live alias(es): initMaskBit_8007C21C,KEEP,,
0x8007C248,SetDrawMode,SetDrawMode,glabel,SetDrawMode,22,src/main/psxsdk/libgpu/sys.c:529,libscan-verbatim,VERIFIED,libscan-verbatim: LIBGPU/SYS XDEF SetDrawMode @ +0x13CC; the glabel is auto but a live alias asserts a DIFFERENT name; this rename fills the glabel and retires the alias; contradicting live alias(es): initTexPage_8007C248;initTexPage,KEEP,,
0x8007C2A0,SetDrawEnv,SetDrawEnv,glabel,,134,src/main/psxsdk/libgpu/sys.c:535,libscan-verbatim,VERIFIED,libscan-verbatim: LIBGPU/SYS XDEF SetDrawEnv @ +0x1424; no naming claim existed at this address,KEEP,,
0x8007C4B8,SetDrawEnv2,SetDrawEnv2,glabel,,164,src/main/psxsdk/libgpu/sys.c:595,libscan-verbatim,VERIFIED,"libscan-verbatim: LIBGPU/SYS XDEF SetDrawEnv2 @ +0x163C; MODULE_LOCAL_STATIC; . OBJ local symbol SetDrawEnv2 (module-local static, NOT an exported name); propose nothing",KEEP,,
0x8007C748,get_mode,get_mode,glabel,,22,src/main/psxsdk/libgpu/sys.c:661,libscan-verbatim,VERIFIED,"libscan-verbatim: LIBGPU/SYS XDEF get_mode @ +0x18CC; MODULE_LOCAL_STATIC; . OBJ local symbol get_mode (module-local static, NOT an exported name); propose nothing",KEEP,,
0x8007C7A0,get_cs,get_cs,glabel,,51,src/main/psxsdk/libgpu/sys.c:690,libscan-verbatim,VERIFIED,"libscan-verbatim: LIBGPU/SYS XDEF get_cs @ +0x1924; MODULE_LOCAL_STATIC; . OBJ local symbol get_cs (module-local static, NOT an exported name); propose nothing",KEEP,,
0x8007C86C,get_ce,get_ce,glabel,,51,src/main/psxsdk/libgpu/sys.c:701,libscan-verbatim,VERIFIED,"libscan-verbatim: LIBGPU/SYS XDEF get_ce @ +0x19F0; MODULE_LOCAL_STATIC; . OBJ local symbol get_ce (module-local static, NOT an exported name); propose nothing",KEEP,,
0x8007C938,get_ofs,get_ofs,glabel,,17,src/main/psxsdk/libgpu/sys.c:711,libscan-verbatim,VERIFIED,"libscan-verbatim: LIBGPU/SYS XDEF get_ofs @ +0x1ABC; MODULE_LOCAL_STATIC; . OBJ local symbol get_ofs (module-local static, NOT an exported name); propose nothing",KEEP,,
0x8007C97C,get_tw,get_tw,glabel,,33,src/main/psxsdk/libgpu/sys.c:729,libscan-verbatim,VERIFIED,"libscan-verbatim: LIBGPU/SYS XDEF get_tw @ +0x1B00; MODULE_LOCAL_STATIC; . OBJ local symbol get_tw (module-local static, NOT an exported name); propose nothing",KEEP,,
0x8007CA00,get_dx,get_dx,glabel,,44,src/main/psxsdk/libgpu/sys.c:754,libscan-verbatim,VERIFIED,"libscan-verbatim: LIBGPU/SYS XDEF get_dx @ +0x1B84; MODULE_LOCAL_STATIC; . OBJ local symbol get_dx (module-local static, NOT an exported name); propose nothing",KEEP,,
0x8007CAB0,_status,_status,glabel,,6,src/main/psxsdk/libgpu/sys.c:789,libscan-verbatim,VERIFIED,"libscan-verbatim: LIBGPU/SYS XDEF _status @ +0x1C34; MODULE_LOCAL_STATIC; . OBJ local symbol _status (module-local static, NOT an exported name); propose nothing",KEEP,,
0x8007CAC8,_otc,_otc,glabel,,58,src/main/psxsdk/libgpu/sys.c:798,libscan-verbatim,VERIFIED,"libscan-verbatim: LIBGPU/SYS XDEF _otc @ +0x1C4C; MODULE_LOCAL_STATIC; . OBJ local symbol _otc (module-local static, NOT an exported name); propose nothing",KEEP,,
0x8007CBB0,_clr,_clr,glabel,,151,src/main/psxsdk/libgpu/sys.c:821,libscan-verbatim,VERIFIED,"libscan-verbatim: LIBGPU/SYS XDEF _clr @ +0x1D34; MODULE_LOCAL_STATIC; OWNER RULING 2026-08-18 (c): rec-7 reversed for adversarially re-verified statics (tmp->docs naming_verify 2026-08-18: exhaustive unique placement + exact-offset OBJ local symbol, body read. OBJ local",KEEP,,
0x8007CE0C,_dws,_dws,glabel,,143,src/main/psxsdk/libgpu/sys.c:867,libscan-verbatim,VERIFIED,"libscan-verbatim: LIBGPU/SYS XDEF _dws @ +0x1F90; MODULE_LOCAL_STATIC; OWNER RULING 2026-08-18 (c): rec-7 reversed for adversarially re-verified statics (tmp->docs naming_verify 2026-08-18: exhaustive unique placement + exact-offset OBJ local symbol, body read. OBJ local",KEEP,,
0x8007D048,_drs,_drs,glabel,,161,src/main/psxsdk/libgpu/sys.c:915,libscan-verbatim,VERIFIED,"libscan-verbatim: LIBGPU/SYS XDEF _drs @ +0x21CC; MODULE_LOCAL_STATIC; OWNER RULING 2026-08-18 (c): rec-7 reversed for adversarially re-verified statics (tmp->docs naming_verify 2026-08-18: exhaustive unique placement + exact-offset OBJ local symbol, body read. OBJ local",KEEP,,
0x8007D2CC,_ctl,_ctl,glabel,,10,src/main/psxsdk/libgpu/sys.c:965,libscan-verbatim,VERIFIED,"libscan-verbatim: LIBGPU/SYS XDEF _ctl @ +0x2450; MODULE_LOCAL_STATIC; . OBJ local symbol _ctl (module-local static, NOT an exported name); propose nothing",KEEP,,
0x8007D2F4,_getctl,_getctl,glabel,,5,src/main/psxsdk/libgpu/sys.c:970,libscan-verbatim,VERIFIED,"libscan-verbatim: LIBGPU/SYS XDEF _getctl @ +0x2478; MODULE_LOCAL_STATIC; . OBJ local symbol _getctl (module-local static, NOT an exported name); propose nothing",KEEP,,
0x8007D308,_cwb,_cwb,glabel,,20,src/main/psxsdk/libgpu/sys.c:972,libscan-verbatim,VERIFIED,"libscan-verbatim: LIBGPU/SYS XDEF _cwb @ +0x248C; MODULE_LOCAL_STATIC; . OBJ local symbol _cwb (module-local static, NOT an exported name); propose nothing",KEEP,,
0x8007D358,_cwc,_cwc,glabel,,19,src/main/psxsdk/libgpu/sys.c:981,libscan-verbatim,VERIFIED,"libscan-verbatim: LIBGPU/SYS XDEF _cwc @ +0x24DC; MODULE_LOCAL_STATIC; . OBJ local symbol _cwc (module-local static, NOT an exported name); propose nothing",KEEP,,
0x8007D3A4,_param,_param,glabel,,12,src/main/psxsdk/libgpu/sys.c:988,libscan-verbatim,VERIFIED,"libscan-verbatim: LIBGPU/SYS XDEF _param @ +0x2528; MODULE_LOCAL_STATIC; . OBJ local symbol _param (module-local static, NOT an exported name); propose nothing",KEEP,,
0x8007D3D4,_addque,_addque,glabel,,9,src/main/psxsdk/libgpu/sys.c:993,libscan-verbatim,VERIFIED,"libscan-verbatim: LIBGPU/SYS XDEF _addque @ +0x2558; MODULE_LOCAL_STATIC; . OBJ local symbol _addque (module-local static, NOT an exported name); propose nothing",KEEP,,
0x8007D3F8,_addque2,_addque2,glabel,,184,src/main/psxsdk/libgpu/sys.c:1008,libscan-verbatim,VERIFIED,"libscan-verbatim: LIBGPU/SYS XDEF _addque2 @ +0x257C; MODULE_LOCAL_STATIC; . OBJ local symbol _addque2 (module-local static, NOT an exported name); propose nothing",KEEP,,
0x8007D6D8,_exeque,_exeque,glabel,,187,src/main/psxsdk/libgpu/sys.c:1051,libscan-verbatim,VERIFIED,"libscan-verbatim: LIBGPU/SYS XDEF _exeque @ +0x285C; MODULE_LOCAL_STATIC; . OBJ local symbol _exeque (module-local static, NOT an exported name); propose nothing",KEEP,,
0x8007D9C4,_reset,_reset,glabel,,87,src/main/psxsdk/libgpu/sys.c:1096,libscan-verbatim,VERIFIED,"libscan-verbatim: LIBGPU/SYS XDEF _reset @ +0x2B48; MODULE_LOCAL_STATIC; . OBJ local symbol _reset (module-local static, NOT an exported name); propose nothing",KEEP,,
0x8007DB20,_sync,_sync,glabel,,82,src/main/psxsdk/libgpu/sys.c:1124,libscan-verbatim,VERIFIED,"libscan-verbatim: LIBGPU/SYS XDEF _sync @ +0x2CA4; MODULE_LOCAL_STATIC; . OBJ local symbol _sync (module-local static, NOT an exported name); propose nothing",KEEP,,
0x8007DC68,set_alarm,set_alarm,glabel,set_alarm,13,src/main/psxsdk/libcd/bios.c:221,libscan-verbatim,VERIFIED,"libscan-verbatim: LIBGPU/SYS XDEF set_alarm @ +0x2DEC; MODULE_LOCAL_STATIC; . OBJ local symbol set_alarm (module-local static, NOT an exported name); propose nothing",KEEP,,
0x8007DC9C,get_alarm,get_alarm,glabel,,91,src/main/psxsdk/libcd/bios.c:228,libscan-verbatim,VERIFIED,"libscan-verbatim: LIBGPU/SYS XDEF get_alarm @ +0x2E20; MODULE_LOCAL_STATIC; . OBJ local symbol get_alarm (module-local static, NOT an exported name); propose nothing",KEEP,,
0x8007DE08,_version,_version,glabel,,55,src/main/psxsdk/libgpu/sys.c:1184,libscan-verbatim,VERIFIED,"libscan-verbatim: LIBGPU/SYS XDEF _version @ +0x2F8C; MODULE_LOCAL_STATIC; . OBJ local symbol _version (module-local static, NOT an exported name); propose nothing",KEEP,,
0x8007DEE4,memset,memset,glabel,,11,src/main/psxsdk/libgpu/sys.c:1205,libscan-verbatim,VERIFIED,"libscan-verbatim: LIBGPU/SYS XDEF memset @ +0x3068; MODULE_LOCAL_STATIC; OWNER RULING 2026-08-18 (c): rec-7 reversed for adversarially re-verified statics (tmp->docs naming_verify 2026-08-18: exhaustive unique placement + exact-offset OBJ local symbol, body read. OBJ local",KEEP,,
0x8007DF10,GPU_cw,GPU_cw,glabel,,3,src/main/psxsdk/libapi/c73.c:8,libscan-verbatim,VERIFIED,libscan-verbatim: LIBAPI/C73 XDEF GPU_cw @ +0x0; the glabel asserts a DIFFERENT name; this rename retires a misname; BIOS jumptable cross-check (CONFIRM): A0:0x49 -> GPU_cw,KEEP,,
0x8007DF20,rsin,rsin,glabel,rsin,15,src/main/psxsdk/libgte/geo_00.c:8,libscan-verbatim,VERIFIED,libscan-verbatim: LIBGTE/GEO_00 XDEF rsin @ +0x0; the glabel is auto but a live alias asserts a DIFFERENT name; this rename fills the glabel and retires the alias; contradicting live alias(es): math_Sin_8007DF20;math_Sin,KEEP,,
0x8007DF5C,sin_1,sin_1,glabel,sin_1,36,src/main/psxsdk/libgte/geo_00.c:20,libscan-verbatim,VERIFIED,libscan-verbatim: LIBGTE/GEO_00 XDEF sin_1 @ +0x3C; the glabel is auto but a live alias asserts a DIFFERENT name; this rename fills the glabel and retires the alias; contradicting live alias(es): math_SinLookup_8007DF5C;math_SinLookup,KEEP,,
0x8007DFEC,rcos,rcos,glabel,rcos,40,src/main/psxsdk/libgte/geo_01.c:12,libscan-verbatim,VERIFIED,libscan-verbatim: LIBGTE/GEO_01 XDEF rcos @ +0x0; the glabel is auto but a live alias asserts a DIFFERENT name; this rename fills the glabel and retires the alias; contradicting live alias(es): math_Cos_8007DFEC;math_Cos,KEEP,,
0x8007E08C,D_8007E08C,D_8007E08C,glabel,,2,,splat-auto,AUTO,splat-generated placeholder; makes no semantic claim,KEEP,,
0x8007E094,InitGeom,InitGeom,glabel,,34,src/main/psxsdk/libgte/msc00.c:7(INCLUDE_ASM),libscan-verbatim,VERIFIED,libscan-verbatim: LIBGTE/MSC00 XDEF InitGeom @ +0x8; the glabel is auto but a live alias asserts a DIFFERENT name; this rename fills the glabel and retires the alias; contradicting live alias(es): gte_set_projection_params_8007E094,KEEP,,
0x8007E11C,SquareRoot0,SquareRoot0,glabel,,36,src/main/psxsdk/libgte/msc01.c:5(INCLUDE_ASM),libscan-verbatim,VERIFIED,libscan-verbatim: LIBGTE/MSC01 XDEF SquareRoot0 @ +0x0; the glabel is auto but a live alias asserts a DIFFERENT name; this rename fills the glabel and retires the alias; contradicting live alias(es): math_Sqrt_8007E11C,KEEP,,
0x8007E1AC,LoadAverage12,LoadAverage12,glabel,,20,src/main/psxsdk/libgte/msc06.c:8(INCLUDE_ASM),libscan-verbatim,VERIFIED,libscan-verbatim: LIBGTE/MSC06 XDEF LoadAverage12 @ +0x0; the glabel is auto but a live alias asserts a DIFFERENT name; this rename fills the glabel and retires the alias; contradicting live alias(es): gte_gpf_8007E1AC,KEEP,,
0x8007E1FC,LoadAverage0,LoadAverage0,glabel,,20,src/main/psxsdk/libgte/msc06.c:10(INCLUDE_ASM),libscan-verbatim,VERIFIED,libscan-verbatim: LIBGTE/MSC06 XDEF LoadAverage0 @ +0x50; the glabel is auto but a live alias asserts a DIFFERENT name; this rename fills the glabel and retires the alias; contradicting live alias(es): gte_gpf_8007E1FC,KEEP,,
0x8007E24C,LoadAverageShort12,LoadAverageShort12,glabel,,34,src/main/psxsdk/libgte/msc06.c:12(INCLUDE_ASM),libscan-verbatim,VERIFIED,libscan-verbatim: LIBGTE/MSC06 XDEF LoadAverageShort12 @ +0xA0; the glabel is auto but a live alias asserts a DIFFERENT name; this rename fills the glabel and retires the alias; contradicting live alias(es): gte_gpf_8007E24C,KEEP,,
0x8007E2D4,LoadAverageShort0,LoadAverageShort0,glabel,,34,src/main/psxsdk/libgte/msc06.c:14(INCLUDE_ASM),libscan-verbatim,VERIFIED,libscan-verbatim: LIBGTE/MSC06 XDEF LoadAverageShort0 @ +0x128; the glabel is auto but a live alias asserts a DIFFERENT name; this rename fills the glabel and retires the alias; contradicting live alias(es): gte_gpf_8007E2D4,KEEP,,
0x8007E35C,LoadAverageByte,LoadAverageByte,glabel,,24,src/main/psxsdk/libgte/msc06.c:16(INCLUDE_ASM),libscan-verbatim,VERIFIED,libscan-verbatim: LIBGTE/MSC06 XDEF LoadAverageByte @ +0x1B0; the glabel is auto but a live alias asserts a DIFFERENT name; this rename fills the glabel and retires the alias; contradicting live alias(es): gte_gpf_8007E35C,KEEP,,
0x8007E3BC,LoadAverageCol,LoadAverageCol,glabel,,32,src/main/psxsdk/libgte/msc06.c:18(INCLUDE_ASM),libscan-verbatim,VERIFIED,libscan-verbatim: LIBGTE/MSC06 XDEF LoadAverageCol @ +0x210; the glabel is auto but a live alias asserts a DIFFERENT name; this rename fills the glabel and retires the alias; contradicting live alias(es): gte_gpf_8007E3BC,KEEP,,
0x8007E43C,SquareRoot12,SquareRoot12,glabel,,40,src/main/psxsdk/libgte/msc09.c:5(INCLUDE_ASM),libscan-verbatim,VERIFIED,libscan-verbatim: LIBGTE/MSC09 XDEF SquareRoot12 @ +0x0; the glabel is auto but a live alias asserts a DIFFERENT name; this rename fills the glabel and retires the alias; contradicting live alias(es): math_helper_8007E43C,KEEP,,
0x8007E4DC,MulMatrix0,MulMatrix0,glabel,,68,src/main/psxsdk/libgte/mtx_000.c:7(INCLUDE_ASM),libscan-verbatim,VERIFIED,libscan-verbatim: LIBGTE/MTX_000 XDEF MulMatrix0 @ +0x0; the glabel is auto but a live alias asserts a DIFFERENT name; this rename fills the glabel and retires the alias; contradicting live alias(es): tanren_helper_8007E4DC,KEEP,,
0x8007E5EC,CompMatrix,CompMatrix,glabel,,88,src/main/psxsdk/libgte/mtx_003.c:5(INCLUDE_ASM),libscan-verbatim,VERIFIED,libscan-verbatim: LIBGTE/MTX_003 XDEF CompMatrix @ +0x0; the glabel is auto but a live alias asserts a DIFFERENT name; this rename fills the glabel and retires the alias; contradicting live alias(es): gte_mvmva_8007E5EC,KEEP,,
0x8007E74C,ApplyMatrixLV,ApplyMatrixLV,glabel,,88,src/main/psxsdk/libgte/mtx_004.c:8(INCLUDE_ASM),libscan-verbatim,VERIFIED,libscan-verbatim: LIBGTE/MTX_004 XDEF ApplyMatrixLV @ +0x0; the glabel is auto but a live alias asserts a DIFFERENT name; this rename fills the glabel and retires the alias; contradicting live alias(es): replay_camera_helper_8007E74C,KEEP,,
0x8007E8AC,ApplyRotMatrix,ApplyRotMatrix,glabel,,12,src/main/psxsdk/libgte/mtx_005.c:8(INCLUDE_ASM),libscan-verbatim,VERIFIED,libscan-verbatim: LIBGTE/MTX_005 XDEF ApplyRotMatrix @ +0x0; the glabel is auto but a live alias asserts a DIFFERENT name; this rename fills the glabel and retires the alias; contradicting live alias(es): motion_matrix_multiply_light_8007E8AC,KEEP,,
0x8007E8DC,ScaleMatrixL,ScaleMatrixL,glabel,,76,src/main/psxsdk/libgte/mtx_00a.c:8(INCLUDE_ASM),libscan-verbatim,VERIFIED,libscan-verbatim: LIBGTE/MTX_00A XDEF ScaleMatrixL @ +0x0; the glabel is auto but a live alias asserts a DIFFERENT name; this rename fills the glabel and retires the alias; contradicting live alias(es): matrix_scale_3x3_rows_8007E8DC,KEEP,,
0x8007EA0C,ApplyRotMatrixLV,ApplyRotMatrixLV,glabel,,80,src/main/psxsdk/libgte/mtx_01.c:7(INCLUDE_ASM),libscan-verbatim,VERIFIED,libscan-verbatim: LIBGTE/MTX_01 XDEF ApplyRotMatrixLV @ +0x0; the glabel is auto but a live alias asserts a DIFFERENT name; this rename fills the glabel and retires the alias; contradicting live alias(es): motion_matrix_multiply_signed_8007EA0C,KEEP,,
0x8007EB4C,MulMatrix,MulMatrix,glabel,,68,src/main/psxsdk/libgte/mtx_03.c:7(INCLUDE_ASM),libscan-verbatim,VERIFIED,libscan-verbatim: LIBGTE/MTX_03 XDEF MulMatrix @ +0x0; the glabel is auto but a live alias asserts a DIFFERENT name; this rename fills the glabel and retires the alias; contradicting live alias(es): gte_mvmva_8007EB4C,KEEP,,
0x8007EC5C,MulMatrix2,MulMatrix2,glabel,,68,src/main/psxsdk/libgte/mtx_04.c:7(INCLUDE_ASM),libscan-verbatim,VERIFIED,libscan-verbatim: LIBGTE/MTX_04 XDEF MulMatrix2 @ +0x0; no naming claim existed at this address,KEEP,,
0x8007ED6C,ApplyMatrix,ApplyMatrix,glabel,,20,src/main/psxsdk/libgte/mtx_05.c:7(INCLUDE_ASM),libscan-verbatim,VERIFIED,libscan-verbatim: LIBGTE/MTX_05 XDEF ApplyMatrix @ +0x0; the glabel is auto but a live alias asserts a DIFFERENT name; this rename fills the glabel and retires the alias; contradicting live alias(es): tanren_helper_8007ED6C,KEEP,,
0x8007EDBC,ScaleMatrix,ScaleMatrix,glabel,,76,src/main/psxsdk/libgte/mtx_08.c:10(INCLUDE_ASM),libscan-verbatim,VERIFIED,libscan-verbatim: LIBGTE/MTX_08 XDEF ScaleMatrix @ +0x0; the glabel is auto but a live alias asserts a DIFFERENT name; this rename fills the glabel and retires the alias; contradicting live alias(es): matrix_scale_3x3_cols_8007EDBC,KEEP,,
0x8007EEEC,SetRotMatrix,SetRotMatrix,glabel,SetRotMatrix,12,src/main/psxsdk/libgte/mtx_09.c:5(INCLUDE_ASM),libscan-verbatim,VERIFIED,libscan-verbatim: LIBGTE/MTX_09 XDEF SetRotMatrix @ +0x0; the glabel is auto but a live alias asserts a DIFFERENT name; this rename fills the glabel and retires the alias; contradicting live alias(es): gte_SetRotMatrix_8007EEEC;gte_SetRotMatrix,KEEP,,
0x8007EF1C,SetColorMatrix,SetColorMatrix,glabel,,12,src/main/psxsdk/libgte/mtx_11.c:5(INCLUDE_ASM),libscan-verbatim,VERIFIED,libscan-verbatim: LIBGTE/MTX_11 XDEF SetColorMatrix @ +0x0; the glabel is auto but a live alias asserts a DIFFERENT name; this rename fills the glabel and retires the alias; contradicting live alias(es): gte_SetColorMatrix_8007EF1C,KEEP,,
0x8007EF4C,SetTransMatrix,SetTransMatrix,glabel,SetTransMatrix,8,src/main/psxsdk/libgte/mtx_12.c:5(INCLUDE_ASM),libscan-verbatim,VERIFIED,libscan-verbatim: LIBGTE/MTX_12 XDEF SetTransMatrix @ +0x0; the glabel is auto but a live alias asserts a DIFFERENT name; this rename fills the glabel and retires the alias; contradicting live alias(es): gte_SetTransVector_8007EF4C;gte_SetTransVector,KEEP,,
0x8007EF6C,ReadSZfifo3,ReadSZfifo3,glabel,ReadSZfifo3,8,src/main/psxsdk/libgte/reg04.c:5(INCLUDE_ASM),libscan-verbatim,VERIFIED,libscan-verbatim: LIBGTE/REG04 XDEF ReadSZfifo3 @ +0x0; the glabel is auto but a live alias asserts a DIFFERENT name; this rename fills the glabel and retires the alias; contradicting live alias(es): gte_GetScreenXY_8007EF6C;gte_GetScreenXY,KEEP,,
0x8007EF8C,ReadGeomScreen,ReadGeomScreen,glabel,,4,src/main/psxsdk/libgte/reg09.c:7(INCLUDE_ASM),libscan-verbatim,VERIFIED,libscan-verbatim: LIBGTE/REG09 XDEF ReadGeomScreen @ +0x0; the glabel is auto but a live alias asserts a DIFFERENT name; this rename fills the glabel and retires the alias; contradicting live alias(es): gte_GetH_8007EF8C,KEEP,,
0x8007EF9C,SetBackColor,SetBackColor,glabel,,8,src/main/psxsdk/libgte/reg10.c:6,libscan-verbatim,VERIFIED,libscan-verbatim: LIBGTE/REG10 XDEF SetBackColor @ +0x0; the glabel is auto but a live alias asserts a DIFFERENT name; this rename fills the glabel and retires the alias; contradicting live alias(es): gte_SetBackColor_8007EF9C,KEEP,,
0x8007EFBC,SetFarColor,SetFarColor,glabel,SetFarColor,8,src/main/psxsdk/libgte/reg11.c:6,libscan-verbatim,VERIFIED,libscan-verbatim: LIBGTE/REG11 XDEF SetFarColor @ +0x0; the glabel is auto but a live alias asserts a DIFFERENT name; this rename fills the glabel and retires the alias; contradicting live alias(es): gte_SetFarColor_8007EFBC;gte_SetFarColor,KEEP,,
0x8007EFDC,SetGeomOffset,SetGeomOffset,glabel,SetGeomOffset,8,src/main/psxsdk/libgte/reg12.c:7(INCLUDE_ASM),libscan-verbatim,VERIFIED,libscan-verbatim: LIBGTE/REG12 XDEF SetGeomOffset @ +0x0; the glabel is auto but a live alias asserts a DIFFERENT name; this rename fills the glabel and retires the alias; contradicting live alias(es): gte_SetScreenOffset_8007EFDC;gte_SetScreenOffset,KEEP,,
0x8007EFFC,SetGeomScreen,SetGeomScreen,glabel,,4,src/main/psxsdk/libgte/reg13.c:6(INCLUDE_ASM),libscan-verbatim,VERIFIED,libscan-verbatim: LIBGTE/REG13 XDEF SetGeomScreen @ +0x0; no naming claim existed at this address,KEEP,,
0x8007F00C,LightColor,LightColor,glabel,,10,src/main/psxsdk/libgte/smp_00.c:7(INCLUDE_ASM),libscan-verbatim,VERIFIED,libscan-verbatim: LIBGTE/SMP_00 XDEF LightColor @ +0x0; the glabel is auto but a live alias asserts a DIFFERENT name; this rename fills the glabel and retires the alias; contradicting live alias(es): copy_8007F00C,KEEP,,
0x8007F034,DpqColorLight,DpqColorLight,glabel,,10,src/main/psxsdk/libgte/smp_00.c:8(INCLUDE_ASM),libscan-verbatim,VERIFIED,libscan-verbatim: LIBGTE/SMP_00 XDEF DpqColorLight @ +0x28; the glabel is auto but a live alias asserts a DIFFERENT name; this rename fills the glabel and retires the alias; contradicting live alias(es): copy_8007F034,KEEP,,
0x8007F05C,DpqColor3,DpqColor3,glabel,,15,src/main/psxsdk/libgte/smp_00.c:10(INCLUDE_ASM),libscan-verbatim,VERIFIED,libscan-verbatim: LIBGTE/SMP_00 XDEF DpqColor3 @ +0x50; the glabel is auto but a live alias asserts a DIFFERENT name; this rename fills the glabel and retires the alias; contradicting live alias(es): copy_8007F05C,KEEP,,
0x8007F098,Intpl,Intpl,glabel,,9,src/main/psxsdk/libgte/smp_00.c:11(INCLUDE_ASM),libscan-verbatim,VERIFIED,libscan-verbatim: LIBGTE/SMP_00 XDEF Intpl @ +0x8C; the glabel is auto but a live alias asserts a DIFFERENT name; this rename fills the glabel and retires the alias; contradicting live alias(es): copy_8007F098,KEEP,,
0x8007F0BC,Square12,Square12,glabel,,10,src/main/psxsdk/libgte/smp_00.c:15(INCLUDE_ASM),libscan-verbatim,VERIFIED,libscan-verbatim: LIBGTE/SMP_00 XDEF Square12 @ +0xB0; the glabel is auto but a live alias asserts a DIFFERENT name; this rename fills the glabel and retires the alias; contradicting live alias(es): copy_8007F0BC,KEEP,,
0x8007F0E4,Square0,Square0,glabel,,10,src/main/psxsdk/libgte/smp_00.c:16(INCLUDE_ASM),libscan-verbatim,VERIFIED,libscan-verbatim: LIBGTE/SMP_00 XDEF Square0 @ +0xD8; the glabel is auto but a live alias asserts a DIFFERENT name; this rename fills the glabel and retires the alias; contradicting live alias(es): copy_8007F0E4,KEEP,,
0x8007F10C,AverageZ3,AverageZ3,glabel,,8,src/main/psxsdk/libgte/smp_00.c:18(INCLUDE_ASM),libscan-verbatim,VERIFIED,libscan-verbatim: LIBGTE/SMP_00 XDEF AverageZ3 @ +0x100; the glabel is auto but a live alias asserts a DIFFERENT name; this rename fills the glabel and retires the alias; contradicting live alias(es): stub_8007F10C,KEEP,,
0x8007F12C,AverageZ4,AverageZ4,glabel,,9,src/main/psxsdk/libgte/smp_00.c:20(INCLUDE_ASM),libscan-verbatim,VERIFIED,libscan-verbatim: LIBGTE/SMP_00 XDEF AverageZ4 @ +0x120; the glabel is auto but a live alias asserts a DIFFERENT name; this rename fills the glabel and retires the alias; contradicting live alias(es): stub_8007F12C,KEEP,,
0x8007F150,OuterProduct12,OuterProduct12,glabel,,22,src/main/psxsdk/libgte/smp_00.c:22(INCLUDE_ASM),libscan-verbatim,VERIFIED,libscan-verbatim: LIBGTE/SMP_00 XDEF OuterProduct12 @ +0x144; the glabel is auto but a live alias asserts a DIFFERENT name; this rename fills the glabel and retires the alias; contradicting live alias(es): gte_outerprod_8007F150,KEEP,,
0x8007F1A8,OuterProduct0,OuterProduct0,glabel,,22,src/main/psxsdk/libgte/smp_00.c:24(INCLUDE_ASM),libscan-verbatim,VERIFIED,libscan-verbatim: LIBGTE/SMP_00 XDEF OuterProduct0 @ +0x19C; the glabel is auto but a live alias asserts a DIFFERENT name; this rename fills the glabel and retires the alias; contradicting live alias(es): gte_outerprod_8007F1A8,KEEP,,
0x8007F200,Lzc,Lzc,glabel,,7,src/main/psxsdk/libgte/smp_00.c:26(INCLUDE_ASM),libscan-verbatim,VERIFIED,libscan-verbatim: LIBGTE/SMP_00 XDEF Lzc @ +0x1F4; the glabel is auto but a live alias asserts a DIFFERENT name; this rename fills the glabel and retires the alias; contradicting live alias(es): stub_8007F200,KEEP,,
0x8007F21C,RotTransPers,RotTransPers,glabel,,12,src/main/psxsdk/libgte/smp_02.c:7(INCLUDE_ASM),libscan-verbatim,VERIFIED,libscan-verbatim: LIBGTE/SMP_02 XDEF RotTransPers @ +0x0; the glabel is auto but a live alias asserts a DIFFERENT name; this rename fills the glabel and retires the alias; contradicting live alias(es): copy_8007F21C,KEEP,,
0x8007F24C,RotTransPers3,RotTransPers3,glabel,,24,src/main/psxsdk/libgte/smp_03.c:7(INCLUDE_ASM),libscan-verbatim,VERIFIED,libscan-verbatim: LIBGTE/SMP_03 XDEF RotTransPers3 @ +0x0; the glabel is auto but a live alias asserts a DIFFERENT name; this rename fills the glabel and retires the alias; contradicting live alias(es): gte_rtpt_8007F24C,KEEP,,
0x8007F2AC,RotTrans,RotTrans,glabel,,12,src/main/psxsdk/libgte/smp_04.c:7(INCLUDE_ASM),libscan-verbatim,VERIFIED,libscan-verbatim: LIBGTE/SMP_04 XDEF RotTrans @ +0x0; the glabel is auto but a live alias asserts a DIFFERENT name; this rename fills the glabel and retires the alias; contradicting live alias(es): copy_8007F2AC,KEEP,,
0x8007F2DC,RotTransPers4,RotTransPers4,glabel,,0,src/main/psxsdk/libgte/cmb_00.c:7(INCLUDE_ASM),libscan-verbatim,VERIFIED,libscan-verbatim: LIBGTE/CMB_00 XDEF RotTransPers4 @ +0x0; no naming claim existed at this address,KEEP,,
0x8007F35C,RotMatrix,RotMatrix,glabel,,164,src/main/psxsdk/libgte/fgo_01.c:7(INCLUDE_ASM),libscan-verbatim,VERIFIED,libscan-verbatim: LIBGTE/FGO_01 XDEF RotMatrix @ +0x0; no naming claim existed at this address,KEEP,,
0x8007F5EC,RotMatrixZYX,RotMatrixZYX,glabel,,164,src/main/psxsdk/libgte/fgo_03.c:8(INCLUDE_ASM),libscan-verbatim,VERIFIED,libscan-verbatim: LIBGTE/FGO_03 XDEF RotMatrixZYX @ +0x0; no naming claim existed at this address,KEEP,,
0x8007F87C,RotMatrixX,RotMatrixX,glabel,,104,src/main/psxsdk/libgte/fgo_04.c:7(INCLUDE_ASM),libscan-verbatim,VERIFIED,libscan-verbatim: LIBGTE/FGO_04 XDEF RotMatrixX @ +0x0; the glabel is auto but a live alias asserts a DIFFERENT name; this rename fills the glabel and retires the alias; contradicting live alias(es): mtx_rotate_8007F87C,KEEP,,
0x8007FA1C,RotMatrixY,RotMatrixY,glabel,,104,src/main/psxsdk/libgte/fgo_05.c:7(INCLUDE_ASM),libscan-verbatim,VERIFIED,libscan-verbatim: LIBGTE/FGO_05 XDEF RotMatrixY @ +0x0; no naming claim existed at this address,KEEP,,
0x8007FBBC,RotMatrixZ,RotMatrixZ,glabel,,104,src/main/psxsdk/libgte/fgo_06.c:7(INCLUDE_ASM),libscan-verbatim,VERIFIED,libscan-verbatim: LIBGTE/FGO_06 XDEF RotMatrixZ @ +0x0; the glabel is auto but a live alias asserts a DIFFERENT name; this rename fills the glabel and retires the alias; contradicting live alias(es): md_game_helper_8007FBBC,KEEP,,
0x8007FD5C,ratan2,ratan2,glabel,,96,src/main/psxsdk/libgte/ratan.c:10,libscan-verbatim,VERIFIED,libscan-verbatim: LIBGTE/RATAN XDEF ratan2 @ +0x0; no naming claim existed at this address,KEEP,,
0x8007FEDC,_patch_gte,_patch_gte,glabel,,39,src/main/psxsdk/libgte/patchgte.c:12,libscan-verbatim,VERIFIED,libscan-verbatim: LIBGTE/PATCHGTE XDEF _patch_gte @ +0x0; the glabel is auto but a live alias asserts a DIFFERENT name; this rename fills the glabel and retires the alias; contradicting live alias(es): bios_InstallHandler_8007FEDC,KEEP,,
0x8007FF7C,CdInit,CdInit,glabel,,38,src/main/psxsdk/libcd/event.c:19,libscan-verbatim,VERIFIED,libscan-verbatim: LIBCD/EVENT XDEF CdInit @ +0x0; the glabel is auto but a live alias asserts a DIFFERENT name; this rename fills the glabel and retires the alias; contradicting live alias(es): cdrom_InitCallbacks_8007FF7C; cross-check: the in-binary self-identifying string agrees,KEEP,,
0x80080014,def_cbsync,def_cbsync,glabel,def_cbsync,10,src/main/psxsdk/libcd/event.c:34,libscan-verbatim,VERIFIED,"libscan-verbatim: LIBCD/EVENT XDEF def_cbsync @ +0x98; MODULE_LOCAL_STATIC; . OBJ local symbol def_cbsync (module-local static, NOT an exported name); propose nothing",KEEP,,
0x8008003C,def_cbready,def_cbready,glabel,def_cbready,10,src/main/psxsdk/libcd/event.c:36,libscan-verbatim,VERIFIED,"libscan-verbatim: LIBCD/EVENT XDEF def_cbready @ +0xC0; MODULE_LOCAL_STATIC; . OBJ local symbol def_cbready (module-local static, NOT an exported name); propose nothing",KEEP,,
0x80080064,def_cbread,def_cbread,glabel,def_cbread,10,src/main/psxsdk/libcd/event.c:38,libscan-verbatim,VERIFIED,"libscan-verbatim: LIBCD/EVENT XDEF def_cbread @ +0xE8; MODULE_LOCAL_STATIC; . OBJ local symbol def_cbread (module-local static, NOT an exported name); propose nothing",KEEP,,
0x8008008C,DeliverEvent,DeliverEvent,glabel,,4,src/main/psxsdk/libapi/a07.c:8,libscan-verbatim,VERIFIED,libscan-verbatim: LIBAPI/A07 XDEF DeliverEvent @ +0x0; the glabel asserts a DIFFERENT name; this rename retires a misname; BIOS jumptable cross-check (CONFIRM): B0:0x07 -> DeliverEvent,KEEP,,
0x8008009C,CdStatus,CdStatus,glabel,,4,src/main/psxsdk/libcd/sys.c:13,libscan-verbatim,VERIFIED,libscan-verbatim: LIBCD/SYS XDEF CdStatus @ +0x0; the glabel asserts a DIFFERENT name; this rename retires a misname; contradicting live alias(es): get_global_8008009C,KEEP,,
0x800800AC,CdMode,CdMode,glabel,,8,src/main/psxsdk/libcd/sys.c:15,libscan-verbatim,VERIFIED,libscan-verbatim: LIBCD/SYS XDEF CdMode @ +0x10; the glabel asserts a DIFFERENT name; this rename retires a misname; contradicting live alias(es): get_global_800800AC,KEEP,,
0x800800BC,CdLastCom,,build/bb2.map (decompiled in src/),,,src/main/psxsdk/libcd/sys.c:17,libscan-verbatim,VERIFIED,"libscan-verbatim: LIBCD/SYS XDEF CdLastCom @ +0x20; outside the asm/funcs universe — decompiled to pure C in src/, so this row is seeded from the libscan manifest rather than a glabel; CONTRADICTED",KEEP,,
0x800800CC,CdLastPos,CdLastPos,glabel,,4,src/main/psxsdk/libcd/sys.c:19,libscan-verbatim,VERIFIED,libscan-verbatim: LIBCD/SYS XDEF CdLastPos @ +0x30; the glabel is auto but a live alias asserts a DIFFERENT name; this rename fills the glabel and retires the alias; contradicting live alias(es): saEft00Add_helper_800800CC,KEEP,,
0x800800DC,CdReset,CdReset,glabel,CdReset,27,src/main/psxsdk/libcd/sys.c:21,libscan-verbatim,VERIFIED,libscan-verbatim: LIBCD/SYS XDEF CdReset @ +0x40; the glabel asserts a DIFFERENT name; this rename retires a misname,KEEP,,
0x80080148,CdFlush,CdFlush,glabel,,8,src/main/psxsdk/libcd/sys.c:37,libscan-verbatim,VERIFIED,libscan-verbatim: LIBCD/SYS XDEF CdFlush @ +0xAC; the glabel is auto but a live alias asserts a DIFFERENT name; this rename fills the glabel and retires the alias; contradicting live alias(es): special_camera_clear_cdrom_irq_80080148,KEEP,,
0x80080168,CdSetDebug,CdSetDebug,glabel,CdSetDebug,32,src/main/psxsdk/libcd/sys.c:39,libscan-verbatim,VERIFIED,libscan-verbatim: LIBCD/SYS XDEF CdSetDebug @ +0xCC; the glabel asserts a DIFFERENT name; this rename retires a misname,KEEP,,
0x80080180,CdComstr,,build/bb2.map (decompiled in src/),,,src/main/psxsdk/libcd/sys.c:45,libscan-verbatim,VERIFIED,"libscan-verbatim: LIBCD/SYS XDEF CdComstr @ +0xE4; outside the asm/funcs universe — decompiled to pure C in src/, so this row is seeded from the libscan manifest rather than a glabel; CONTRADICTED",KEEP,,
0x800801B4,CdIntstr,,build/bb2.map (decompiled in src/),,,src/main/psxsdk/libcd/sys.c:52,libscan-verbatim,VERIFIED,"libscan-verbatim: LIBCD/SYS XDEF CdIntstr @ +0x118; outside the asm/funcs universe — decompiled to pure C in src/, so this row is seeded from the libscan manifest rather than a glabel; CONTRADICTED",KEEP,,
0x800801E8,CdSync,CdSync,glabel,CdSync,8,src/main/psxsdk/libcd/sys.c:59,libscan-verbatim,VERIFIED,libscan-verbatim: LIBCD/SYS XDEF CdSync @ +0x14C; no naming claim existed at this address,KEEP,,
0x80080208,CdReady,CdReady,glabel,CdReady,8,src/main/psxsdk/libcd/sys.c:61,libscan-verbatim,VERIFIED,libscan-verbatim: LIBCD/SYS XDEF CdReady @ +0x16C; no naming claim existed at this address,KEEP,,
0x80080228,CdSyncCallback,CdSyncCallback,glabel,,6,src/main/psxsdk/libcd/sys.c:63,libscan-verbatim,VERIFIED,libscan-verbatim: LIBCD/SYS XDEF CdSyncCallback @ +0x18C; the glabel asserts a DIFFERENT name; this rename retires a misname; contradicting live alias(es): copy_80080228,KEEP,,
0x80080240,CdReadyCallback,CdReadyCallback,glabel,,6,src/main/psxsdk/libcd/sys.c:69,libscan-verbatim,VERIFIED,libscan-verbatim: LIBCD/SYS XDEF CdReadyCallback @ +0x1A4; the glabel asserts a DIFFERENT name; this rename retires a misname; contradicting live alias(es): copy_80080240,KEEP,,
0x80080258,CdControl,CdControl,glabel,,78,src/main/psxsdk/libcd/sys.c:77,libscan-verbatim,VERIFIED,libscan-verbatim: LIBCD/SYS XDEF CdControl @ +0x1BC; no naming claim existed at this address,KEEP,,
0x80080390,CdControlF,CdControlF,glabel,,75,src/main/psxsdk/libcd/sys.c:128,libscan-verbatim,VERIFIED,libscan-verbatim: LIBCD/SYS XDEF CdControlF @ +0x2F4; no naming claim existed at this address,KEEP,,
0x800804BC,CdControlB,CdControlB,glabel,,81,src/main/psxsdk/libcd/sys.c:178,libscan-verbatim,VERIFIED,libscan-verbatim: LIBCD/SYS XDEF CdControlB @ +0x420; no naming claim existed at this address,KEEP,,
0x80080600,CdMix,CdMix,glabel,,8,src/main/psxsdk/libcd/sys.c:226,libscan-verbatim,VERIFIED,libscan-verbatim: LIBCD/SYS XDEF CdMix @ +0x564; the glabel is auto but a live alias asserts a DIFFERENT name; this rename fills the glabel and retires the alias; contradicting live alias(es): cd_send_cmd_80080600,KEEP,,
0x80080620,CdGetSector,CdGetSector,glabel,,8,src/main/psxsdk/libcd/sys.c:231,libscan-verbatim,VERIFIED,libscan-verbatim: LIBCD/SYS XDEF CdGetSector @ +0x584; the glabel is auto but a live alias asserts a DIFFERENT name; this rename fills the glabel and retires the alias; contradicting live alias(es): cd_dma_idle_80080620,KEEP,,
0x80080640,CdGetSector2,CdGetSector2,glabel,CdGetSector2,8,src/main/psxsdk/libcd/sys.c:233,libscan-verbatim,VERIFIED,libscan-verbatim: LIBCD/SYS XDEF CdGetSector2 @ +0x5A4; no naming claim existed at this address,KEEP,,
0x80080660,CdDataCallback,CdDataCallback,glabel,,9,src/main/psxsdk/libcd/sys.c:236,libscan-verbatim,VERIFIED,libscan-verbatim: LIBCD/SYS XDEF CdDataCallback @ +0x5C4; no naming claim existed at this address,KEEP,,
0x80080684,CdDataSync,CdDataSync,glabel,CdDataSync,8,src/main/psxsdk/libcd/sys.c:238,libscan-verbatim,VERIFIED,libscan-verbatim: LIBCD/SYS XDEF CdDataSync @ +0x5E8; no naming claim existed at this address,KEEP,,
0x800806A4,CdIntToPos,CdIntToPos,glabel,CdIntToPos,65,src/main/psxsdk/libcd/sys.c:240,libscan-verbatim,VERIFIED,libscan-verbatim: LIBCD/SYS XDEF CdIntToPos @ +0x608; the glabel asserts a DIFFERENT name; this rename retires a misname,KEEP,,
0x800807A8,CdPosToInt,CdPosToInt,glabel,CdPosToInt,32,src/main/psxsdk/libcd/sys.c:250,libscan-verbatim,VERIFIED,libscan-verbatim: LIBCD/SYS XDEF CdPosToInt @ +0x70C; the glabel asserts a DIFFERENT name; this rename retires a misname,KEEP,,
0x80080828,getintr,getintr,glabel,,354,src/main/psxsdk/libcd/bios.c:82,libscan-verbatim,VERIFIED,"libscan-verbatim: LIBCD/BIOS XDEF getintr @ +0x0; MODULE_LOCAL_STATIC; . OBJ local symbol getintr (module-local static, NOT an exported name); propose nothing",KEEP,,
0x80080DB0,CD_sync,CD_sync,glabel,,160,src/main/psxsdk/libcd/bios.c:261,libscan-verbatim,VERIFIED,libscan-verbatim: LIBCD/BIOS XDEF CD_sync @ +0x588; no naming claim existed at this address,KEEP,,
0x80081030,CD_ready,CD_ready,glabel,,179,src/main/psxsdk/libcd/bios.c:285,libscan-verbatim,VERIFIED,libscan-verbatim: LIBCD/BIOS XDEF CD_ready @ +0x808; no naming claim existed at this address,KEEP,,
0x800812FC,CD_cw,CD_cw,glabel,,263,src/main/psxsdk/libcd/bios.c:323,libscan-verbatim,VERIFIED,libscan-verbatim: LIBCD/BIOS XDEF CD_cw @ +0xAD4; no naming claim existed at this address,KEEP,,
0x80081718,CD_vol,CD_vol,glabel,CD_vol,34,src/main/psxsdk/libcd/bios.c:380,libscan-verbatim,VERIFIED,libscan-verbatim: LIBCD/BIOS XDEF CD_vol @ +0xEF0; the glabel asserts a DIFFERENT name; this rename retires a misname,KEEP,,
0x800817A0,CD_flush,CD_flush,glabel,CD_flush,56,src/main/psxsdk/libcd/bios.c:393,libscan-verbatim,VERIFIED,libscan-verbatim: LIBCD/BIOS XDEF CD_flush @ +0xF78; the glabel asserts a DIFFERENT name; this rename retires a misname,KEEP,,
0x80081880,CD_initvol,CD_initvol,glabel,CD_initvol,61,src/main/psxsdk/libcd/bios.c:414,libscan-verbatim,VERIFIED,libscan-verbatim: LIBCD/BIOS XDEF CD_initvol @ +0x1058; the glabel asserts a DIFFERENT name; this rename retires a misname,KEEP,,
0x80081974,CD_initintr,CD_initintr,glabel,CD_initintr,20,src/main/psxsdk/libcd/bios.c:441,libscan-verbatim,VERIFIED,libscan-verbatim: LIBCD/BIOS XDEF CD_initintr @ +0x114C; the glabel asserts a DIFFERENT name; this rename retires a misname,KEEP,,
0x800819C4,CD_init,CD_init,glabel,CD_init,123,src/main/psxsdk/libcd/bios.c:452,libscan-verbatim,VERIFIED,libscan-verbatim: LIBCD/BIOS XDEF CD_init @ +0x119C; the glabel asserts a DIFFERENT name; this rename retires a misname; contradicting live alias(es): tsltm2loadimage_helper_800819C4,KEEP,,
0x80081BB0,CD_datasync,CD_datasync,glabel,,91,src/main/psxsdk/libcd/bios.c:508,libscan-verbatim,VERIFIED,libscan-verbatim: LIBCD/BIOS XDEF CD_datasync @ +0x1388; no naming claim existed at this address,KEEP,,
0x80081D1C,CD_getsector,CD_getsector,glabel,CD_getsector,64,src/main/psxsdk/libcd/bios.c:538,libscan-verbatim,VERIFIED,libscan-verbatim: LIBCD/BIOS XDEF CD_getsector @ +0x14F4; the glabel asserts a DIFFERENT name; this rename retires a misname,KEEP,,
0x80081E1C,CD_getsector2,CD_getsector2,glabel,CD_getsector2,121,src/main/psxsdk/libcd/bios.c:555,libscan-verbatim,VERIFIED,libscan-verbatim: LIBCD/BIOS XDEF CD_getsector2 @ +0x15F4; the glabel asserts a DIFFERENT name; this rename retires a misname,KEEP,,
0x80081F0C,CD_set_test_parmnum,,build/bb2.map (decompiled in src/),,,src/main/psxsdk/libcd/bios.c:578,libscan-verbatim,VERIFIED,"libscan-verbatim: LIBCD/BIOS XDEF CD_set_test_parmnum @ +0x16E4; outside the asm/funcs universe — decompiled to pure C in src/, so this row is seeded from the libscan manifest rather than a glabel; CONTRADICTED",KEEP,,
0x80082000,puts,puts,glabel,,263,src/main/psxsdk/libc2/puts.c:14,libscan-verbatim,VERIFIED,libscan-verbatim: LIBC2/PUTS XDEF puts @ +0x0; no naming claim existed at this address,KEEP,,
0x8008241C,cd_read_retry,cd_read_retry,glabel,,172,src/main/psxsdk/libcd/cdread.c:106,libscan-verbatim,VERIFIED,"libscan-verbatim: LIBCD/CDREAD XDEF cd_read_retry @ +0x3CC; MODULE_LOCAL_STATIC; . OBJ local symbol cd_read_retry (module-local static, NOT an exported name); propose nothing",KEEP,,
0x80082630,CdReadBreak,,build/bb2.map (decompiled in src/),,,src/main/psxsdk/libcd/cdread.c:153,libscan-verbatim,VERIFIED,"libscan-verbatim: LIBCD/CDREAD XDEF CdReadBreak @ +0x5E0; outside the asm/funcs universe — decompiled to pure C in src/, so this row is seeded from the libscan manifest rather than a glabel; CONTRADICTED",KEEP,,
0x800826CC,CdRead,CdRead,glabel,,65,src/main/psxsdk/libcd/cdread.c:166,libscan-verbatim,VERIFIED,libscan-verbatim: LIBCD/CDREAD XDEF CdRead @ +0x67C; the glabel is auto but a live alias asserts a DIFFERENT name; this rename fills the glabel and retires the alias; contradicting live alias(es): special_camera_helper_800826CC,KEEP,,
0x800827D0,CdReadSync,CdReadSync,glabel,,51,src/main/psxsdk/libcd/cdread.c:194,libscan-verbatim,VERIFIED,libscan-verbatim: LIBCD/CDREAD XDEF CdReadSync @ +0x780; no naming claim existed at this address,KEEP,,
0x8008289C,CdReadCallback,CdReadCallback,glabel,,6,src/main/psxsdk/libcd/cdread.c:214,libscan-verbatim,VERIFIED,libscan-verbatim: LIBCD/CDREAD XDEF CdReadCallback @ +0x84C; the glabel is auto but a live alias asserts a DIFFERENT name; this rename fills the glabel and retires the alias; contradicting live alias(es): sys_SetVsyncMode_8008289C,KEEP,,
0x800828B4,CdReadMode,CdReadMode,glabel,,6,src/main/psxsdk/libcd/cdread.c:220,libscan-verbatim,VERIFIED,libscan-verbatim: LIBCD/CDREAD XDEF CdReadMode @ +0x864; the glabel is auto but a live alias asserts a DIFFERENT name; this rename fills the glabel and retires the alias; contradicting live alias(es): sys_SetTimer_800828B4,KEEP,,
0x800828CC,VSync,VSync,glabel,,82,src/main/psxsdk/libetc/vsync.c:21,libscan-verbatim,VERIFIED,libscan-verbatim: LIBETC/VSYNC XDEF VSync @ +0x0; the glabel asserts a DIFFERENT name; this rename retires a misname,KEEP,,
0x80082A14,v_wait,v_wait,glabel,,39,src/main/psxsdk/libetc/vsync.c:74,libscan-verbatim,VERIFIED,"libscan-verbatim: LIBETC/VSYNC XDEF v_wait @ +0x148; MODULE_LOCAL_STATIC; . OBJ local symbol v_wait (module-local static, NOT an exported name); propose nothing",KEEP,,
0x80082AB0,ChangeClearRCnt,ChangeClearRCnt,glabel,,4,src/main/psxsdk/libapi/l10.c:8,libscan-verbatim,VERIFIED,libscan-verbatim: LIBAPI/L10 XDEF ChangeClearRCnt @ +0x0; the glabel asserts a DIFFERENT name; this rename retires a misname; BIOS jumptable cross-check (CONFIRM): C0:0x0A -> ChangeClearRCnt,KEEP,,
0x80082AC0,ResetCallback,ResetCallback,glabel,,12,src/main/psxsdk/libetc/intr.c:42,libscan-verbatim,VERIFIED,libscan-verbatim: LIBETC/INTR XDEF ResetCallback @ +0x0; the glabel is auto but a live alias asserts a DIFFERENT name; this rename fills the glabel and retires the alias; contradicting live alias(es): irq_DisableInterrupts_80082AC0,KEEP,,
0x80082AF0,InterruptCallback,InterruptCallback,glabel,InterruptCallback,12,src/main/psxsdk/libetc/intr.c:44,libscan-verbatim,VERIFIED,libscan-verbatim: LIBETC/INTR XDEF InterruptCallback @ +0x30; the glabel is auto but a live alias asserts a DIFFERENT name; this rename fills the glabel and retires the alias; contradicting live alias(es): irq_EnableInterrupts_80082AF0;irq_EnableInterrupts,KEEP,,
0x80082B20,DMACallback,DMACallback,glabel,DMACallback,12,src/main/psxsdk/libetc/intr.c:48,libscan-verbatim,VERIFIED,libscan-verbatim: LIBETC/INTR XDEF DMACallback @ +0x60; the glabel is auto but a live alias asserts a DIFFERENT name; this rename fills the glabel and retires the alias; contradicting live alias(es): irq_AcknowledgeVblank_80082B20;irq_AcknowledgeVblank,KEEP,,
0x80082B50,VSyncCallback,VSyncCallback,glabel,VSyncCallback,25,src/main/psxsdk/libetc/intr.c:52,libscan-verbatim,VERIFIED,libscan-verbatim: LIBETC/INTR XDEF VSyncCallback @ +0x90; the glabel is auto but a live alias asserts a DIFFERENT name; this rename fills the glabel and retires the alias; contradicting live alias(es): irq_SetAlarm_80082B50;irq_SetAlarm,KEEP,,
0x80082B84,VSyncCallbacks,,build/bb2.map (decompiled in src/),,,src/main/psxsdk/libetc/intr.c:54,libscan-verbatim,VERIFIED,"libscan-verbatim: LIBETC/INTR XDEF VSyncCallbacks @ +0xC4; outside the asm/funcs universe — decompiled to pure C in src/, so this row is seeded from the libscan manifest rather than a glabel; CONTRADICTED",KEEP,,
0x80082BB4,StopCallback,StopCallback,glabel,StopCallback,24,src/main/psxsdk/libetc/intr.c:56,libscan-verbatim,VERIFIED,libscan-verbatim: LIBETC/INTR XDEF StopCallback @ +0xF4; the glabel is auto but a live alias asserts a DIFFERENT name; this rename fills the glabel and retires the alias; contradicting live alias(es): irq_Reset_80082BB4;irq_Reset,KEEP,,
0x80082BE4,RestartCallback,,build/bb2.map (decompiled in src/),,,src/main/psxsdk/libetc/intr.c:58,libscan-verbatim,VERIFIED,"libscan-verbatim: LIBETC/INTR XDEF RestartCallback @ +0x124; outside the asm/funcs universe — decompiled to pure C in src/, so this row is seeded from the libscan manifest rather than a glabel; CONTRADICTED",KEEP,,
0x80082C14,CheckCallback,CheckCallback,glabel,CheckCallback,10,src/main/psxsdk/libetc/intr.c:60,libscan-verbatim,VERIFIED,libscan-verbatim: LIBETC/INTR XDEF CheckCallback @ +0x154; the glabel is auto but a live alias asserts a DIFFERENT name; this rename fills the glabel and retires the alias; contradicting live alias(es): sys_GetVblankCount_80082C14;sys_GetVblankCount,KEEP,,
0x80082C24,GetIntrMask,,build/bb2.map (decompiled in src/),,,src/main/psxsdk/libetc/intr.c:62,libscan-verbatim,VERIFIED,"libscan-verbatim: LIBETC/INTR XDEF GetIntrMask @ +0x164; outside the asm/funcs universe — decompiled to pure C in src/, so this row is seeded from the libscan manifest rather than a glabel; CONTRADICTED",KEEP,,
0x80082C3C,SetIntrMask,SetIntrMask,glabel,,62,src/main/psxsdk/libetc/intr.c:69,libscan-verbatim,VERIFIED,libscan-verbatim: LIBETC/INTR XDEF SetIntrMask @ +0x17C; no naming claim existed at this address,KEEP,,
0x80082C58,startIntr,,build/bb2.map (decompiled in src/),,,src/main/psxsdk/libetc/intr.c:76,libscan-verbatim,VERIFIED,"libscan-verbatim: LIBETC/INTR XDEF startIntr @ +0x198; outside the asm/funcs universe — decompiled to pure C in src/, so this row is seeded from the libscan manifest rather than a glabel; MODULE_LOCAL_STATIC",KEEP,,
0x80082D34,trapIntr,trapIntr,glabel,,295,src/main/psxsdk/libetc/intr.c:105,libscan-verbatim,VERIFIED,"libscan-verbatim: LIBETC/INTR XDEF trapIntr @ +0x274; MODULE_LOCAL_STATIC; . OBJ local symbol trapIntr (module-local static, NOT an exported name); propose nothing",KEEP,,
0x800831D8,_96_remove,_96_remove,glabel,,6,src/main/psxsdk/libapi/c114.c:14,libscan-verbatim,VERIFIED,libscan-verbatim: LIBAPI/C114 XDEF _96_remove @ +0x8; the glabel asserts a DIFFERENT name; this rename retires a misname; BIOS jumptable cross-check (CONFIRM): A0:0x72 -> CdRemove,KEEP,,
0x800831F0,ReturnFromException,ReturnFromException,glabel,,4,src/main/psxsdk/libapi/a23.c:8,libscan-verbatim,VERIFIED,libscan-verbatim: LIBAPI/A23 XDEF ReturnFromException @ +0x0; the glabel asserts a DIFFERENT name; this rename retires a misname; BIOS jumptable cross-check (CONFIRM): B0:0x17 -> ReturnFromException,KEEP,,
0x80083200,ResetEntryInt,ResetEntryInt,glabel,,4,src/main/psxsdk/libapi/a24.c:8,libscan-verbatim,VERIFIED,libscan-verbatim: LIBAPI/A24 XDEF ResetEntryInt @ +0x0; the glabel asserts a DIFFERENT name; this rename retires a misname; BIOS jumptable cross-check (CONFIRM): B0:0x18 -> SetDefaultExitFromException,KEEP,,
0x80083210,HookEntryInt,HookEntryInt,glabel,,4,src/main/psxsdk/libapi/a25.c:8,libscan-verbatim,VERIFIED,libscan-verbatim: LIBAPI/A25 XDEF HookEntryInt @ +0x0; the glabel asserts a DIFFERENT name; this rename retires a misname; BIOS jumptable cross-check (CONFIRM): B0:0x19 -> SetCustomExitFromException,KEEP,,
0x80083220,setjmp,setjmp,glabel,,32,src/main/psxsdk/libc2/setjmp.c:5(INCLUDE_ASM),libscan-verbatim,VERIFIED,libscan-verbatim: LIBC2/SETJMP XDEF setjmp @ +0x0; the glabel is auto but a live alias asserts a DIFFERENT name; this rename fills the glabel and retires the alias; contradicting live alias(es): motion_setjmp_longjmp_frames_80083220,KEEP,,
0x800832A0,startIntrVSync,startIntrVSync,glabel,,63,src/main/psxsdk/libetc/intr_vb.c:15,libscan-verbatim,VERIFIED,libscan-verbatim: LIBETC/INTR_VB XDEF startIntrVSync @ +0x0; no naming claim existed at this address,KEEP,,
0x8008339C,sys_MemClear,func_8008339C,src/*.c definition + named_syms alias,sys_MemClear_8008339C,11,src/main/psxsdk/libetc/intr_vb.c:46,computation-restatement,CORROBORATED,"computation-restatement: docs/naming/libscan/rename_manifest.csv:301 - libscan-verbatim, LIBETC module INTR_VB, OBJ module-local static 'memclr'; body asm/funcs/func_8008339C.s: for n=a1 words store 0 at a0, a0+=4 (800833A0-800833B8). Sony's own name for this routine is memclr; sys_MemClear restates it (Sony static cannot be used verbatim: three modules share 'memclr', rejected/lib_followups.md:16).; verifier: [sys_snd_io] libscan-verbatim confers only Sony's verbatim name; 'sys_MemClear' is not it, so I re-grounded the row as computation-restatement: raw EXE words (identical at 0x8008339C / 0x80083644 / 0x",KEEP,,
0x800833C8,startIntrDMA,startIntrDMA,glabel,,159,src/main/psxsdk/libetc/intr_dma.c:22,libscan-verbatim,VERIFIED,libscan-verbatim: LIBETC/INTR_DMA XDEF startIntrDMA @ +0x0; no naming claim existed at this address,KEEP,,
0x80083644,sys_MemClear2,func_80083644,src/*.c definition + named_syms alias,sys_MemClear2_80083644,11,src/main/psxsdk/libetc/intr_dma.c:68,computation-restatement,CORROBORATED,"computation-restatement: docs/naming/libscan/rename_manifest.csv:303 - libscan-verbatim, LIBETC module INTR_DMA, OBJ static 'memclr'; body identical to 0x8008339C (zero a1 words at a0). '2' is an ordinal only (rejected/lib_followups.md:17).; verifier: [sys_snd_io] Same raw words as 0x8008339C; 2070 cases, 0 mismatches, domain n>=0. '2' is an ordinal only, no claim. Only caller startIntrDMA [VERIFIED] (jal @0x800833D8). Same Sony-name collision reas",KEEP,,
0x80083670,SetVideoMode,,build/bb2.map (decompiled in src/),,,src/main/psxsdk/libetc/vmode.c:11,libscan-verbatim,VERIFIED,"libscan-verbatim: LIBETC/VMODE XDEF SetVideoMode @ +0x0; outside the asm/funcs universe — decompiled to pure C in src/, so this row is seeded from the libscan manifest rather than a glabel; CONTRADICTED",KEEP,,
0x80083688,GetVideoMode,GetVideoMode,glabel,,4,src/main/psxsdk/libetc/vmode.c:17,libscan-verbatim,VERIFIED,libscan-verbatim: LIBETC/VMODE XDEF GetVideoMode @ +0x18; the glabel is auto but a live alias asserts a DIFFERENT name; this rename fills the glabel and retires the alias; contradicting live alias(es): get_sys_video_mode_80083688,KEEP,,
0x80083698,PCopen,PCopen,glabel,,8,src/main/psxsdk/libsn/73E98.c:10(INCLUDE_ASM),libscan-verbatim,VERIFIED,"libscan-verbatim: LIBSN verbatim block (scan: tmp/naming_sweep3/libsn/near.py + tmp/naming_sweep2/followups/bss/scan_copy.py; relocs: resolve.py): OPEN@0x80083698(8w) CLOSE@0x800836B8(4w) LSEEK@0x800836C8(9w) SNMAIN@0x800836EC(96w) [LIBAPI/C57 InitHeap@0x8008386C] READ@0x8008387C(48w) SNREAD@0x8008393C(6w) [LIBSND SsEnd@0x80083954] - byte-contiguous, each single placement, 0 unmasked mismatches. LIBSN/OPEN XDEF PCopen at .text+0x0, module 8 words, 0 relocs, single placement 0x80083698.; verifier: [libsn] Own scan (verify/v_scan.py: every LIBSN.LIB .text module, HI16/LO16 imm16 + REL26 low-26 masked, slid over the whole EXE): OPEN 0x80083698, CLOSE 0x800836B8, LSEEK 0x800836C8, SNMAIN 0x800836E",KEEP,,
0x800836B8,PCclose,PCclose,glabel,,4,src/main/psxsdk/libsn/73E98.c:11(INCLUDE_ASM),libscan-verbatim,VERIFIED,"libscan-verbatim: LIBSN verbatim block (scan: tmp/naming_sweep3/libsn/near.py + tmp/naming_sweep2/followups/bss/scan_copy.py; relocs: resolve.py): OPEN@0x80083698(8w) CLOSE@0x800836B8(4w) LSEEK@0x800836C8(9w) SNMAIN@0x800836EC(96w) [LIBAPI/C57 InitHeap@0x8008386C] READ@0x8008387C(48w) SNREAD@0x8008393C(6w) [LIBSND SsEnd@0x80083954] - byte-contiguous, each single placement, 0 unmasked mismatches. LIBSN/CLOSE XDEF PCclose at .text+0x0, module 4 words, 0 relocs, single placement 0x800836B8.; verifier: [libsn] Own scan (verify/v_scan.py: every LIBSN.LIB .text module, HI16/LO16 imm16 + REL26 low-26 masked, slid over the whole EXE): OPEN 0x80083698, CLOSE 0x800836B8, LSEEK 0x800836C8, SNMAIN 0x800836E",KEEP,,
0x800836C8,PClseek,PClseek,glabel,,9,src/main/psxsdk/libsn/73E98.c:12(INCLUDE_ASM),libscan-verbatim,VERIFIED,"libscan-verbatim: LIBSN verbatim block (scan: tmp/naming_sweep3/libsn/near.py + tmp/naming_sweep2/followups/bss/scan_copy.py; relocs: resolve.py): OPEN@0x80083698(8w) CLOSE@0x800836B8(4w) LSEEK@0x800836C8(9w) SNMAIN@0x800836EC(96w) [LIBAPI/C57 InitHeap@0x8008386C] READ@0x8008387C(48w) SNREAD@0x8008393C(6w) [LIBSND SsEnd@0x80083954] - byte-contiguous, each single placement, 0 unmasked mismatches. LIBSN/LSEEK XDEF PClseek at .text+0x0, module 9 words, 0 relocs, single placement 0x800836C8.; verifier: [libsn] Own scan (verify/v_scan.py: every LIBSN.LIB .text module, HI16/LO16 imm16 + REL26 low-26 masked, slid over the whole EXE): OPEN 0x80083698, CLOSE 0x800836B8, LSEEK 0x800836C8, SNMAIN 0x800836E",KEEP,,
0x800836EC,__SN_ENTRY_POINT,__SN_ENTRY_POINT,glabel,,42,src/main/psxsdk/libsn/73E98.c:13(INCLUDE_ASM),libscan-verbatim,VERIFIED,"libscan-verbatim: LIBSN verbatim block (scan: tmp/naming_sweep3/libsn/near.py + tmp/naming_sweep2/followups/bss/scan_copy.py; relocs: resolve.py): OPEN@0x80083698(8w) CLOSE@0x800836B8(4w) LSEEK@0x800836C8(9w) SNMAIN@0x800836EC(96w) [LIBAPI/C57 InitHeap@0x8008386C] READ@0x8008387C(48w) SNREAD@0x8008393C(6w) [LIBSND SsEnd@0x80083954] - byte-contiguous, each single placement, 0 unmasked mismatches. SNMAIN XDEF __SN_ENTRY_POINT at .text+0x0 -> 0x800836EC (42 insns = the whole _start glabel, ends where __main starts). Per-XDEF sub-scan: 0/42 at 0x800836EC. Its REL26 relocs resolve to InitHeap (+0x88 -> jal 0x8008386; verifier: owner ruling 2026-09-25 (docs/naming/sweep-2026-09-25b/ruling-2026-09-25.md) item 1. Verifier (was PLAUSIBLE pending this ruling): Own scan (verify/v_scan.py: every LIBSN.LIB .text module, HI16/LO16 i",KEEP,,
0x80083794,__main,__main,glabel,,28,src/main/psxsdk/libsn/73E98.c:17(INCLUDE_ASM),libscan-verbatim,VERIFIED,"libscan-verbatim: LIBSN verbatim block (scan: tmp/naming_sweep3/libsn/near.py + tmp/naming_sweep2/followups/bss/scan_copy.py; relocs: resolve.py): OPEN@0x80083698(8w) CLOSE@0x800836B8(4w) LSEEK@0x800836C8(9w) SNMAIN@0x800836EC(96w) [LIBAPI/C57 InitHeap@0x8008386C] READ@0x8008387C(48w) SNREAD@0x8008393C(6w) [LIBSND SsEnd@0x80083954] - byte-contiguous, each single placement, 0 unmasked mismatches. SNMAIN XDEF __main at .text+0xA8 -> 0x80083794; per-XDEF sub-scan 0/28 exactly there.; verifier: [libsn] Own scan (verify/v_scan.py: every LIBSN.LIB .text module, HI16/LO16 imm16 + REL26 low-26 masked, slid over the whole EXE): OPEN 0x80083698, CLOSE 0x800836B8, LSEEK 0x800836C8, SNMAIN 0x800836E",KEEP,,
0x80083804,__do_global_dtors,__do_global_dtors,glabel,,26,src/main/psxsdk/libsn/73E98.c:18(INCLUDE_ASM),libscan-verbatim,VERIFIED,"libscan-verbatim: LIBSN verbatim block (scan: tmp/naming_sweep3/libsn/near.py + tmp/naming_sweep2/followups/bss/scan_copy.py; relocs: resolve.py): OPEN@0x80083698(8w) CLOSE@0x800836B8(4w) LSEEK@0x800836C8(9w) SNMAIN@0x800836EC(96w) [LIBAPI/C57 InitHeap@0x8008386C] READ@0x8008387C(48w) SNREAD@0x8008393C(6w) [LIBSND SsEnd@0x80083954] - byte-contiguous, each single placement, 0 unmasked mismatches. SNMAIN XDEF __do_global_dtors at .text+0x118 -> 0x80083804; per-XDEF sub-scan 0/26 exactly there. Body = if (.data+0 flag) walk secstart:.dtors (0x8008D070), count (end-start)/4 = 0, via jalr - Sony's dtor walker.; verifier: [libsn] Own scan (verify/v_scan.py: every LIBSN.LIB .text module, HI16/LO16 imm16 + REL26 low-26 masked, slid over the whole EXE): OPEN 0x80083698, CLOSE 0x800836B8, LSEEK 0x800836C8, SNMAIN 0x800836E",KEEP,,
0x8008386C,InitHeap,InitHeap,glabel,,4,src/main/psxsdk/libapi/c57.c:8,libscan-verbatim,VERIFIED,libscan-verbatim: LIBAPI/C57 XDEF InitHeap @ +0x0; the glabel asserts a DIFFERENT name; this rename retires a misname; BIOS jumptable cross-check (CONFIRM): A0:0x39 -> InitHeap,KEEP,,
0x8008387C,PCread,PCread,glabel,PCread,48,src/main/psxsdk/libsn/7407C.c:12,libscan-verbatim,VERIFIED,"libscan-verbatim: LIBSN verbatim block (scan: tmp/naming_sweep3/libsn/near.py + tmp/naming_sweep2/followups/bss/scan_copy.py; relocs: resolve.py): OPEN@0x80083698(8w) CLOSE@0x800836B8(4w) LSEEK@0x800836C8(9w) SNMAIN@0x800836EC(96w) [LIBAPI/C57 InitHeap@0x8008386C] READ@0x8008387C(48w) SNREAD@0x8008393C(6w) [LIBSND SsEnd@0x80083954] - byte-contiguous, each single placement, 0 unmasked mismatches. LIBSN/READ (XDEF PCread +0x0) and LIBSN/WRITE (XDEF PCwrite +0x0) are masked-identical 48-word modules - both place at 0x8008387C. Tie resolved by reloc-target consistency: the only external REL26 (+0x5C) is `_SN_read` ; verifier: [libsn] Own scan (verify/v_scan.py: every LIBSN.LIB .text module, HI16/LO16 imm16 + REL26 low-26 masked, slid over the whole EXE): OPEN 0x80083698, CLOSE 0x800836B8, LSEEK 0x800836C8, SNMAIN 0x800836E",KEEP,,
0x8008393C,_SN_read,_SN_read,glabel,_SN_read,6,src/main/psxsdk/libsn/7407C.c:39(INCLUDE_ASM),libscan-verbatim,VERIFIED,"libscan-verbatim: LIBSN verbatim block (scan: tmp/naming_sweep3/libsn/near.py + tmp/naming_sweep2/followups/bss/scan_copy.py; relocs: resolve.py): OPEN@0x80083698(8w) CLOSE@0x800836B8(4w) LSEEK@0x800836C8(9w) SNMAIN@0x800836EC(96w) [LIBAPI/C57 InitHeap@0x8008386C] READ@0x8008387C(48w) SNREAD@0x8008393C(6w) [LIBSND SsEnd@0x80083954] - byte-contiguous, each single placement, 0 unmasked mismatches. LIBSN/SNREAD XDEF _SN_read at .text+0x0; 6 words 0/6 at 0x8008393C, single placement; also pinned by READ's REL26 `_SN_read` (+0x5C) resolving to jal 0x8008393C (libscan-xref).; verifier: [libsn] Own scan (verify/v_scan.py: every LIBSN.LIB .text module, HI16/LO16 imm16 + REL26 low-26 masked, slid over the whole EXE): OPEN 0x80083698, CLOSE 0x800836B8, LSEEK 0x800836C8, SNMAIN 0x800836E",KEEP,,
0x80083954,SsEnd,SsEnd,glabel,,49,src/main/psxsdk/libsnd/ssend.c:13,libscan-verbatim,VERIFIED,libscan-verbatim: LIBSND/SSEND XDEF SsEnd @ +0x0; the glabel is auto but a live alias asserts a DIFFERENT name; this rename fills the glabel and retires the alias; contradicting live alias(es): irq_ProcessPending_80083954,KEEP,,
0x80083A18,SsInit,SsInit,glabel,SsInit,12,src/main/psxsdk/libsnd/ssinit_c.c:10,libscan-verbatim,VERIFIED,libscan-verbatim: LIBSND/SSINIT_C XDEF SsInit @ +0x0; RESOLVED_RELOC_TARGET; contradicting live alias(es): sys_Shutdown_80083A18;sys_Shutdown | tie resolved by reloc-target consistency (ambiguous_resolutions.md; reproduced mechanically by tools/libscan/manifest.py filter 2): S,KEEP,,
0x80083A48,_SsInit,_SsInit,glabel,,58,src/main/psxsdk/libsnd/ssinit.c:13,libscan-verbatim,VERIFIED,libscan-verbatim: LIBSND/SSINIT XDEF _SsInit @ +0x0; no naming claim existed at this address,KEEP,,
0x80083B30,SsQuit,SsQuit,glabel,,8,src/main/psxsdk/libsnd/ssquit.c:8,libscan-verbatim,VERIFIED,libscan-verbatim: LIBSND/SSQUIT XDEF SsQuit @ +0x0; RESOLVED_RELOC_TARGET; contradicting live alias(es): spu_Reset_80083B30 | 4-way tie resolved by reloc-target consistency (ambiguous_resolutions.md; reproduced mechanically): SSQUIT's REL26 callee SpuQuit lands on its placed,KEEP,,
0x80083B50,SsSetSerialAttr,SsSetSerialAttr,glabel,,37,src/main/psxsdk/libsnd/scssattr.c:7,libscan-verbatim,VERIFIED,libscan-verbatim: LIBSND/SSSATTR XDEF SsSetSerialAttr @ +0x0; the glabel is auto but a live alias asserts a DIFFERENT name; this rename fills the glabel and retires the alias; contradicting live alias(es): spu_SetVolume_80083B50,KEEP,,
0x80083BE4,SsSetMVol,SsSetMVol,glabel,,20,src/main/psxsdk/libsnd/scsmvol.c:6,libscan-verbatim,VERIFIED,libscan-verbatim: LIBSND/SSSMV XDEF SsSetMVol @ +0x0; no naming claim existed at this address,KEEP,,
0x80083C34,_SsStart,_SsStart,glabel,,154,src/main/psxsdk/libsnd/ssstart.c:14,libscan-verbatim,VERIFIED,"libscan-verbatim: LIBSND/SSSTART XDEF _SsStart @ +0x0; MODULE_LOCAL_STATIC; . OBJ local symbol _SsStart (module-local static, NOT an exported name); propose nothing",KEEP,,
0x80083E9C,SsStart,SsStart,glabel,,209,src/main/psxsdk/libsnd/ssstart.c:90,libscan-verbatim,VERIFIED,libscan-verbatim: LIBSND/SSSTART XDEF SsStart @ +0x268; no naming claim existed at this address,KEEP,,
0x800841E0,_SsSndCrescendo,_SsSndCrescendo,glabel,,200,src/main/psxsdk/libsnd/cres.c:8,libscan-xref,VERIFIED,"libscan-xref: Verbatim LIBSND/SSCALL@0x80083F6C (SsSeqCalledTbyT, mid-function XDEF per boundary_fixes.md) XREF `_SsSndCrescendo` -> EXE jal 0x800841E0 = function start. Hunt 2026-07-10 had CRES (4.1 196w) as PROBABLE by size at exactly this gap. Retires alias DispStuff_helper_800841E0.; verifier: verifier 2026-09-07: LIBSND/SSCALL 0/157 at 0x80083F6C (matches.json single verbatim placement; second-best 135), XREF `_SsSndCrescendo` at +0xF8; EXE 0x80084064 = `0C021078` = jal 0x800841E0 = functi",KEEP,,
0x80084500,_SsSndDecrescendo,_SsSndDecrescendo,glabel,,235,src/main/psxsdk/libsnd/decre.c:8,libscan-xref,VERIFIED,"libscan-xref: Same SSCALL module, XREF `_SsSndDecrescendo` -> EXE jal 0x80084500 = function start (DECRES 232w fits the gap to 0x800848AC). Retires alias DispStuff_helper_80084500.; verifier: verifier 2026-09-07: Same SSCALL module, XREF `_SsSndDecrescendo` at +0x120; EXE 0x8008408C = `0C021140` = jal 0x80084500 = function start; body uses ~0x20 flag (`addiu a0,-0x21`) = decres.c.",KEEP,,
0x800848AC,_SsSndPause,_SsSndPause,glabel,,39,src/main/psxsdk/libsnd/pause.c:6,libscan-verbatim,VERIFIED,libscan-verbatim: LIBSND/PAUSE XDEF _SsSndPause @ +0x0; no naming claim existed at this address,KEEP,,
0x80084948,_SsSndPlay,_SsSndPlay,glabel,,11,src/main/psxsdk/libsnd/play.c:6,libscan-verbatim,VERIFIED,libscan-verbatim: LIBSND/PLAY XDEF _SsSndPlay @ +0x0; RESOLVED_LAYOUT; contradicting live alias(es): saTan4GaugeInit_wrapper_80084948 | double placement resolved by module-span layout (ambiguous_resolutions.md): PLAY's callee _SsSeqPlay is MIDIREAD's offset-0 XDEF; with ,KEEP,,
0x80084974,_SsSeqPlay,_SsSeqPlay,glabel,,66,src/main/psxsdk/libsnd/midiread.c:12,libscan-verbatim,VERIFIED,"libscan-verbatim: LIBSND/MIDIREAD XDEF _SsSeqPlay @ +0x0; RELOC_CHAIN_ID; bonus ID from the placed PLAY module's reloc chain (ambiguous_resolutions.md): PLAY defines _SsSndPlay at offset 0 and its sole REL26 reloc names _SsSeqPlay, MIDIREAD's offset-0 XDEF; placed PLAY at 0",KEEP,,
0x80084A7C,_SsSeqGetEof,_SsSeqGetEof,glabel,,145,src/main/psxsdk/libsnd/midiread.c:37,libscan-near,CORROBORATED,"libscan-near: PsyQ 4.0 tmp/libscan/psyq40/LIB/LIBSND.LIB module MIDIREAD (.text 0x6F4): XDEF _SsSeqPlay +0x0, _SsSeqGetEof +0x108, _SsGetSeqData +0x34C (`python3 tools/libscan/psyq_lib.py tmp/libscan/psyq40/LIB/LIBSND.LIB MIDIREAD`). _SsSeqPlay = 0x80084974 (census VERIFIED; libscan RELOC_CHAIN_ID from verbatim PLAY, and its own 4.0 chunk is 0/66 there). Placing MIDIREAD at 0x80084974 (`tmp/naming_sweep3/lib/modcmp.py LIBSND MIDIREAD 0x80084974`): _SsSeqPlay chunk 0/66, _SsSeqGetEof chunk (+0x108..+0x34C, 145 words, HI16/LO16 imm + REL26 target fields masked) 0/145 at 0x80084A7C..0x80084CBC; _SsGetSeqData c; verifier: [lib] Scripts: tmp/naming_sweep3/lib/verify/{vobj,place,midiread,databytes_v,refscan,allbases,regscan}.py (own LNK parser; tools/libscan not imported). LIBSND.LIB MIDIREAD 4.0 .text 0x6F4, XDEFs _SsSe",KEEP,,
0x80084CC0,func_80084CC0,func_80084CC0,glabel,,233,src/main/psxsdk/libsnd/midiread.c:89,splat-auto,AUTO,splat-generated placeholder; makes no semantic claim,KEEP,,
0x80085064,_SsReadDeltaValue,_SsReadDeltaValue,glabel,,44,src/main/psxsdk/libsnd/miditime.c:6,libscan-verbatim,VERIFIED,libscan-verbatim: LIBSND/MIDITIME XDEF _SsReadDeltaValue @ +0x0; the glabel is auto but a live alias asserts a DIFFERENT name; this rename fills the glabel and retires the alias; contradicting live alias(es): seq_channel_byte_advance_80085064,KEEP,,
0x80085114,_SsSndNextSep,_SsSndNextSep,glabel,,63,src/main/psxsdk/libsnd/next.c:9,libscan-verbatim,VERIFIED,libscan-verbatim: LIBSND/NEXT XDEF _SsSndNextSep @ +0x0; the glabel is auto but a live alias asserts a DIFFERENT name; this rename fills the glabel and retires the alias; contradicting live alias(es): seq_channel_state_init_80085114,KEEP,,
0x80085210,_SsSndReplay,_SsSndReplay,glabel,,24,src/main/psxsdk/libsnd/replay.c:8,libscan-verbatim,VERIFIED,libscan-verbatim: LIBSND/REPLAY XDEF _SsSndReplay @ +0x0; no naming claim existed at this address,KEEP,,
0x80085270,_SsSndStop,_SsSndStop,glabel,,118,src/main/psxsdk/libsnd/stop.c:9,libscan-verbatim,VERIFIED,"libscan-verbatim: LIBSND/SSSTOP XDEF _SsSndStop @ +0x0; RELOC_CHAIN_ID; bonus ID from layout + SSSTOP's XDEF table (ambiguous_resolutions.md): SSSTOP occupies 0x80085270-0x80085448 (after placed REPLAY, before placed SSSV) with _SsSndStop at offset 0, SsSeqStop at +0x184 ",KEEP,,
0x800853F4,SsSeqStop,,build/bb2.map (decompiled in src/),,,src/main/psxsdk/libsnd/stop.c:53,libscan-verbatim,VERIFIED,"libscan-verbatim: LIBSND/SSSTOP XDEF SsSeqStop @ +0x184; outside the asm/funcs universe — decompiled to pure C in src/, so this row is seeded from the libscan manifest rather than a glabel; RELOC_CHAIN_ID",KEEP,,
0x8008541C,SsSepStop,,build/bb2.map (decompiled in src/),,,src/main/psxsdk/libsnd/stop.c:55,libscan-verbatim,VERIFIED,"libscan-verbatim: LIBSND/SSSTOP XDEF SsSepStop @ +0x1AC; outside the asm/funcs universe — decompiled to pure C in src/, so this row is seeded from the libscan manifest rather than a glabel; RESOLVED_LAYOUT",KEEP,,
0x80085448,SsSetSerialVol,SsSetSerialVol,glabel,,63,src/main/psxsdk/libsnd/scssvol.c:10,libscan-verbatim,VERIFIED,libscan-verbatim: LIBSND/SSSV XDEF SsSetSerialVol @ +0x0; no naming claim existed at this address,KEEP,,
0x80085544,SsSetTickMode,SsSetTickMode,glabel,,91,src/main/psxsdk/libsnd/sstick.c:7,libscan-verbatim,VERIFIED,libscan-verbatim: LIBSND/SSTICK XDEF SsSetTickMode @ +0x0; no naming claim existed at this address,KEEP,,
0x800856B0,_SsSndTempo,_SsSndTempo,glabel,,136,src/main/psxsdk/libsnd/tempo.c:9,libscan-verbatim,VERIFIED,libscan-verbatim: LIBSND/TEMPO XDEF _SsSndTempo @ +0x0; the glabel is auto but a live alias asserts a DIFFERENT name; this rename fills the glabel and retires the alias; contradicting live alias(es): DispStuff_helper_800856B0,KEEP,,
0x800858D0,func_800858D0,func_800858D0,glabel,,72,src/main/psxsdk/libsnd/760D0.c:11,splat-auto,AUTO,splat-generated placeholder; makes no semantic claim,KEEP,,
0x800859F0,SsUtGetVBaddrInSB,SsUtGetVBaddrInSB,glabel,,20,src/main/psxsdk/libsnd/ut_gvba.c:6,libscan-verbatim,VERIFIED,libscan-verbatim: LIBSND/UT_GVBA XDEF SsUtGetVBaddrInSB @ +0x0; no naming claim existed at this address,KEEP,,
0x80085A40,SsUtKeyOnV,SsUtKeyOnV,glabel,,229,src/main/psxsdk/libsnd/ut_keyv.c:11,libscan-near,CORROBORATED,"libscan-near: LIBSND/UT_KEYV (4.0J = 4.0U) 255/259 words at 0x80085A40, unique (second-best 235 mismatches); XDEF SsUtKeyOnV at +0 = function start. The 4 differing words are one paired edit at 0x80085CA4-0x80085CB4: sll 1->3, addu->subu x2, sll 2->1 = the _svm_voice record stride change 52->54 bytes (the identical edit appears between 4.0 VM_NOWOF and the EXE, and 4.1 VM_NOWOF already carries the EXE form); identity unchanged. Its own XREFs resolve to _SsVmVSetUp (verified) and note2pitch2 (verified) exactly. SsUtKeyOffV XDEF at +0x394 = 0x80085DD4 is a second entry point (boundary follow-up, not renamed).; verifier: verifier 2026-09-07: UT_KEYV 4.0J/4.0U 4/259 at 0x80085A40, second-best 235 at 0x8002F8EC; XDEF SsUtKeyOnV+0 = function start. The 4 diffs (0x80085CA4..CB4) recompute a voice index: lib `(3v)<<2+v)<<2",KEEP,,
0x80085DD4,SsUtKeyOffV,SsUtKeyOffV,glabel,SsUtKeyOffV,30,src/main/psxsdk/libsnd/ut_keyv.c:86,libscan-near,CORROBORATED,"libscan-near: docs/naming/libscan/near_audit_report.md:64-75: LIBSND/UT_KEYV 4.0J and 4.0U both place at 0x80085A40 with 4/259 differing words (the 4 are the _svm_voice stride edit at 0x80085CA4-CB4, before this entry) and XDEF SsUtKeyOffV at +0x394 -> 0x80085DD4; near_verifier_report_2026-09-07.md:69-70: the 4.0 UT_KEYV SsUtKeyOffV sub-function places 0/29 at exactly 0x80085DD4, preceded by jr ra; nop. The near-tier ruling (near-tier-ruling-2026-09-07.md:44) held it ONLY as a boundary follow-up; commit 3d368e2bc then split it (asm/funcs/SsUtKeyOffV.s starts 0x80085DD4, SsUtKeyOnV.s ends 0x80085DD0 with jr ; verifier: [followups] UPGRADE to CORROBORATED (libscan-near, same tier as module sibling SsUtKeyOnV) - NOT VERIFIED. near_audit_report.md:64-75: UT_KEYV 4.0J/4.0U 4/259 at 0x80085A40 (unique; 2nd-best 235), SsU",KEEP,,
0x80085E4C,SsUtSetReverbDepth,SsUtSetReverbDepth,glabel,,38,src/main/psxsdk/libsnd/ut_rdep.c:6,libscan-verbatim,VERIFIED,libscan-verbatim: LIBSND/UT_RDEP XDEF SsUtSetReverbDepth @ +0x0; the glabel is auto but a live alias asserts a DIFFERENT name; this rename fills the glabel and retires the alias; contradicting live alias(es): obj_SetControlData_80085E4C,KEEP,,
0x80085EE4,SsUtSetReverbType,SsUtSetReverbType,glabel,,45,src/main/psxsdk/libsnd/ut_rev.c:7,libscan-verbatim,VERIFIED,libscan-verbatim: LIBSND/UT_REV XDEF SsUtSetReverbType @ +0x0; the glabel is auto but a live alias asserts a DIFFERENT name; this rename fills the glabel and retires the alias; contradicting live alias(es): obj_SetReverbValue_80085EE4,KEEP,,
0x80085F88,SsUtGetReverbType,,build/bb2.map (decompiled in src/),,,src/main/psxsdk/libsnd/ut_rev.c:30,libscan-verbatim,VERIFIED,"libscan-verbatim: LIBSND/UT_REV XDEF SsUtGetReverbType @ +0xA4; outside the asm/funcs universe — decompiled to pure C in src/, so this row is seeded from the libscan manifest rather than a glabel; CONTRADICTED",KEEP,,
0x80085F98,SsUtReverbOff,SsUtReverbOff,glabel,,8,src/main/psxsdk/libsnd/ut_roff.c:6,libscan-verbatim,VERIFIED,libscan-verbatim: LIBSND/UT_ROFF XDEF SsUtReverbOff @ +0x0; RESOLVED_RELOC_TARGET; contradicting live alias(es): obj_ResetReverbMode_80085F98 | tie resolved by reloc-target consistency (ambiguous_resolutions.md; reproduced mechanically): UT_ROFF's REL26 callee SpuSetReverb lands on ,KEEP,,
0x80085FB8,SsUtReverbOn,SsUtReverbOn,glabel,,94,src/main/psxsdk/libsnd/ut_ron.c:6,libscan-verbatim,VERIFIED,libscan-verbatim: LIBSND/UT_RON XDEF SsUtReverbOn @ +0x0; RESOLVED_RELOC_TARGET; contradicting live alias(es): mario_helper_80085FB8 | tie resolved by reloc-target consistency (ambiguous_resolutions.md; reproduced mechanically): UT_RON's REL26 callee SpuSetReverb lands on its plac,KEEP,,
0x80085FD8,SsUtGetDetVVol,,src/**/*.c definition (no asm/funcs split file),,,src/main/psxsdk/libsnd/ut_vvol.c:8,libscan-near,CORROBORATED,"libscan-near: LIBSND/UT_VVOL 4.3 (16 words): 15/16 at 0x80085FD8, the only diff is the trailing pad word vs the next function's prologue; unique (second-best 9/16). XDEF at +0 = function start; XREF SpuGetVoiceVolume -> EXE jal 0x8008BD88 = SpuGetVoiceVolume (verified). C body (src/main/psxsdk/libsnd/ut_vvol.c:11): s32 SsUtGetDetVVol(s16 voice, s16 *voll, s16 *volr); if ((u16)voice < 24), calls SpuGetVoiceVolume(voice, voll, volr) and returns 0; otherwise returns -1.; outside the asm/funcs universe (no split file of its own), so this row is seeded from the verified manifest rather than a glabel; verifier: verifier 2026-09-07: Stronger than claimed: the SsUtGetDetVVol sub-function of UT_VVOL in 4.1, 4.2, 4.3, 4.4 places 0/14 at 0x80085FD8 (second-best 8); 4.3 UT_VVOL3 whole module 1/16 with the only dif",KEEP,,
0x80086014,SsUtSetDetVVol,SsUtSetDetVVol,glabel,,27,src/main/psxsdk/libsnd/ut_vvol.c:16,libscan-near,CORROBORATED,"libscan-near: LIBSND/UT_VVOL2 4.3 (28 words) 21/28 at 0x80086018 = function start + 4: BB2's build keeps a stack frame (addiu sp,-8 / +8) the 4.3 build dropped, and uses lui-at/lw-off addressing where 4.3 uses lui/addu/lw; every data ref agrees (_svm_sreg_buf 0x80102A78, _svm_sreg_dirty 0x800F65E0). C body (src/main.c:1028): if (idx<24) { sreg_buf[idx*8+1]=y; sreg_buf[idx*8]=x; dirty[idx]|=3; return 0 } — SsUtSetDetVVol's documented behaviour. Weakest near row: same-routine-different-build.; verifier: verifier 2026-09-07: Refuted the ""weakest row"" framing in the row's favour: the 4.0J/4.0U UT_VVOL `SsUtSetDetVVol` sub-function (26 words, XDEF +0x58) places **0/26 at exactly 0x80086014** (second-bes",KEEP,,
0x80086080,SsUtGetVVol,,src/**/*.c definition (no asm/funcs split file),,,src/main/psxsdk/libsnd/ut_vvol.c:26,libscan-near,CORROBORATED,"libscan-near: LIBSND/UT_VVOL3 4.3 (44 words): 42/44, diffs = `jr ra`/`addiu sp` epilogue swap; unique (second-best 38). XDEF at +0 = function start; XREF SpuGetVoiceVolume OK.; outside the asm/funcs universe (no split file of its own), so this row is seeded from the verified manifest rather than a glabel; verifier: verifier 2026-09-07: 4.3 UT_VVOL3 2/44 at 0x80086080 and 4.1 UT_VVOL:SsUtGetVVol sub-function 3/43 (second 37); diffs are the epilogue `jr ra`/`addiu sp,40` delay-slot order only. XDEF +0 = function s",KEEP,,
0x80086130,func_80086130,func_80086130,glabel,,35,src/main/psxsdk/libsnd/ut_vvol.c:38,splat-auto,AUTO,splat-generated placeholder; makes no semantic claim,KEEP,,
0x800861BC,_SsVmDoAllocate,_SsVmDoAllocate,glabel,,132,src/main/psxsdk/libsnd/vm_aloc2.c:16,libscan-near,CORROBORATED,"libscan-near: UT_KEYV (255/259 verbatim-near caller) XREF `_SsVmDoAllocate` -> EXE jal 0x800861BC = function start. Body vs 4.0 VM_ALOC2: 100/133 at -4 (a different build of the same routine); references _svm_voice/_svm_cur/_svm_sreg_buf/_svm_damper exactly like the module. Identity from the caller, not the body.; verifier: verifier 2026-09-07: Caller-pinned: UT_KEYV REL26 at +0x310 names `_SsVmDoAllocate` in ALL six builds (the callee name sequence is identical 4.0J..4.4), and the EXE jal there targets 0x800861BC = func",KEEP,,
0x800863CC,_SsVmDamperOff,_SsVmDamperOff,glabel,,4,src/main/psxsdk/libsnd/vm_doff.c:6,libscan-xref,VERIFIED,"libscan-xref: LIBSND/SSSTOP@0x80085270 (4.0 Jun-06 build, bit-verbatim, proven 2026-07-10) XREF `_SsVmDamperOff` -> EXE jal 0x800863CC = function start. Live C definition is named spu_ResetCounter (src) with alias set_global_800863CC; both retired.; verifier: verifier 2026-09-07: LIBSND/SSSTOP (4.0U) 0/118 at 0x80085270, unique (second 102); XREF `_SsVmDamperOff` at +0xC8; EXE 0x80085338 = `0C0218F3` = jal 0x800863CC = spu_ResetCounter start. C body is `D_",KEEP,,
0x800863DC,_SsVmFlush,_SsVmFlush,glabel,,271,src/main/psxsdk/libsnd/vm_f.c:19,libscan-xref,VERIFIED,libscan-xref: SSCALL XREF `_SsVmFlush` -> EXE jal 0x800863DC = function start (VM_F fits 0x800863DC..0x80086818).; verifier: verifier 2026-09-07: SSCALL XREF `_SsVmFlush` at +0x44; EXE 0x80083FB0 = `0C0218F7` = jal 0x800863DC = func_800863DC start. Body: `_svm_envx_ptr=(p+1)&0xF; _svm_envx_hist[p]=0; loop i<_SsVmMaxVoice ca,KEEP,,
0x80086818,_SsVmInit,_SsVmInit,glabel,,200,src/main/psxsdk/libsnd/vm_init.c:10,libscan-xref,VERIFIED,"libscan-xref: Verbatim LIBSND/SSINIT@0x80083A48 (SsInit) XREF `_SsVmInit` -> EXE jal 0x80086818 = function start; 4.0 VM_INIT best-aligns here (hunt).; verifier: verifier 2026-09-07: LIBSND/SSINIT 0/58 at 0x80083A48 (manifest FILL, second 49); XREF `_SsVmInit` at +0x80; EXE 0x80083AC8 = `0C021A06` = jal 0x80086818 = func_80086818 start. Body: `_spu_setInTransf",KEEP,,
0x80086B38,note2pitch,note2pitch,glabel,note2pitch,49,src/main/psxsdk/libsnd/vm_n2p.c:11,libscan-verbatim,VERIFIED,"libscan-verbatim: libscan-verbatim: docs/naming/libscan/libsyms.json[0x80086B38] = {name:note2pitch, kind:xdef, lib:LIBSND, mod:VM_N2P, mod_start:0x80086B38, mod_end:0x80086CF8}; docs/naming/libscan/matches.json: LIBSND/VM_N2P status=verbatim, 112 words, single placement vaddrs=[0x80086B38]. The XDEF sits at an asm/funcs function start since the boundary split (asm/funcs/note2pitch.s first insn at 0x80086B38). Offset +0 = module start; the module also carries XDEF note2pitch2 @0x80086BFC (already VERIFIED via rename_manifest.csv:333), which is where note2pitch.s (49 insns) ends. Census tiers it INFERRED/unattri; verifier: [followups] UPGRADE = census attribution/tier fix only, no rename. libsyms.json[0x80086B38] = note2pitch xdef LIBSND/VM_N2P mod 0x80086B38..0x80086CF8; matches.json VM_N2P verbatim, 112 words (18 mask",KEEP,,
0x80086BFC,note2pitch2,note2pitch2,glabel,,63,src/main/psxsdk/libsnd/vm_n2p.c:44,libscan-verbatim,VERIFIED,libscan-verbatim: LIBSND/VM_N2P XDEF note2pitch2 @ +0xC4; no naming claim existed at this address,KEEP,,
0x80086CF8,vmNoiseOn,vmNoiseOn,glabel,,311,src/main/psxsdk/libsnd/vm_no1.c:17,libscan-near,CORROBORATED,libscan-near: UT_KEYV XREF `vmNoiseOn` -> EXE jal 0x80086CF8 = function start (the hunt guessed _SsVmKeyOn here by link order; the caller's XREF says vmNoiseOn). Retires alias AllocBukiRmd_helper_80086CF8.; verifier: verifier 2026-09-07: UT_KEYV +0x32C XREF `vmNoiseOn` (all 6 builds) -> EXE jal 0x80086CF8 = function start; sole caller in the image is func_80085A40. Body calls SpuSetNoiseClock + SpuSetNoiseVoice an,KEEP,,
0x800871D4,_SsVmKeyOffNow,_SsVmKeyOffNow,glabel,,52,src/main/psxsdk/libsnd/vm_nowof.c:11,libscan-near,CORROBORATED,"libscan-near: LIBSND/VM_NOWOF 4.1: 50/52 words, the 2 diffs are `jr ra`/`sh v0` swapped (delay-slot scheduling, same semantics); 4.0: 48/52. Unique (second-best 33). XDEF at +0 = function start. Also pinned as callee: UT_KEYV (255/259) XREF `_SsVmKeyOffNow` -> EXE jal 0x800871D4. Supersedes the 2026-08-18 HELD-BY-POLICY row.; verifier: verifier 2026-09-07: VM_NOWOF 4.1/4.2 2/52 at 0x800871D4 (second 34); the 2 diffs are `jr ra`/`sh v0,0(at)` order (lib fills the delay slot with the store, EXE stores then `jr ra; nop`), same semantic",KEEP,,
0x800872A4,_SsVmKeyOnNow,_SsVmKeyOnNow,glabel,,307,src/main/psxsdk/libsnd/vm_nowon.c:14,libscan-near,CORROBORATED,"libscan-near: UT_KEYV XREF `_SsVmKeyOnNow` -> EXE jal 0x800872A4 = function start (VM_NOWON; hunt PROBABLE by link order). Retires alias AllocBukiRmd_helper_800872A4.; verifier: verifier 2026-09-07: UT_KEYV +0x348 XREF `_SsVmKeyOnNow` (all 6 builds) -> EXE jal 0x800872A4 = function start (sole caller func_80085A40; VM_NOWOF ends at 0x800872A0 with `nop`, so it is the next lin",KEEP,,
0x80087770,func_80087770,func_80087770,glabel,,335,src/main/psxsdk/libsnd/77F70.c:17,splat-auto,AUTO,splat-generated placeholder; makes no semantic claim,KEEP,,
0x80087CAC,_SsVmGetSeqVol,_SsVmGetSeqVol,glabel,,61,src/main/psxsdk/libsnd/77F70.c:97,libscan-near,CORROBORATED,"libscan-near: 4.0J LIBSND/VM_SEQ XDEF sub-function _SsVmGetSeqVol (24 words) places 0/24 at 0x80087CAC = function start, unique (second-best 16). Its callers per psyz are _SsSndCrescendo/_SsSndDecrescendo (0x800841E0/0x80084500 above), and the alias dispstuff_helper_80087CAC's own comment already recorded those two callers. Retires that alias.; verifier: found and re-derived by the verifier (round 1, 'extra candidate'); orchestrator re-placed independently: 40J/VM_SEQ _SsVmGetSeqVol 25 words (incl. trailing pad) 0/25 at 0x80087CAC, best=0x80087CAC, se",KEEP,,
0x80087D10,_SsVmGetSeqLVol,,src/**/*.c definition (no asm/funcs split file),,,src/main/psxsdk/libsnd/77F70.c:105,libscan-near,CORROBORATED,"libscan-near: LIBSND/VM_SEQ_2 4.3 (36 words) 30/36 at 0x80087D10; the 6 diffs are the same lui/addu/lw vs lui-at/lw-off addressing form for _ss_score (0x80106F28, both halves); unique (second-best 28). XDEFs _SsVmGetSeqLVol +0 and _SsVmGetSeqRVol +0x48 land on the two function starts. C body reads _ss_score[seq]->+0x58.; outside the asm/funcs universe (no split file of its own), so this row is seeded from the verified manifest rather than a glabel; verifier: verifier 2026-09-07: 4.0 VM_SEQ sub-function `_SsVmGetSeqLVol` (17w) 0/17 at 0x80087D10; `_SsVmGetSeqRVol` 0/17 at 0x80087D58; the L/R pair differ in exactly one word and the EXE has `lh v0,88(v1)` (0",KEEP,,
0x80087D58,_SsVmGetSeqRVol,,src/**/*.c definition (no asm/funcs split file),,,src/main/psxsdk/libsnd/77F70.c:111,libscan-near,CORROBORATED,"libscan-near: Second XDEF of the same VM_SEQ_2 placement (+0x48 = 0x80087D58 = function start); C body reads +0x5A (the R volume).; outside the asm/funcs universe (no split file of its own), so this row is seeded from the verified manifest rather than a glabel; verifier: verifier 2026-09-07: Same placements; EXE `lh v0,90(v1)` (0x5A = vol_r) at 0x80087D94; XDEF +0x48 = function start; C body reads +0x5A.",KEEP,,
0x80087DA0,_SsVmSeqKeyOff,_SsVmSeqKeyOff,glabel,,39,src/main/psxsdk/libsnd/77F70.c:117,libscan-xref,VERIFIED,"libscan-xref: LIBSND/PAUSE@0x800848AC (_SsSndPause, verbatim) and SSSTOP@0x80085270 both XREF `_SsVmSeqKeyOff` -> EXE jal 0x80087DA0 = function start. Live C name spu_NotifyChannel + alias find_id_in_table_80087DA0 retired.; verifier: verifier 2026-09-07: PAUSE 0/39 at 0x800848AC (XREF at +0x58, EXE 0x80084904) and SSSTOP (XREF at +0xC0, EXE 0x80085330) both = `0C021F68` = jal 0x80087DA0 = spu_NotifyChannel start. Extra: the 4.0 VM",KEEP,,
0x80087E3C,_SsVmVSetUp,_SsVmVSetUp,glabel,,49,src/main/psxsdk/libsnd/vm_vsu.c:6,libscan-verbatim,VERIFIED,libscan-verbatim: LIBSND/VM_VSU XDEF _SsVmVSetUp @ +0x0; no naming claim existed at this address,KEEP,,
0x80087F00,SsSetAutoKeyOffMode,SsSetAutoKeyOffMode,glabel,,9,src/main/psxsdk/libsnd/vs_auto.c:6,libscan-verbatim,VERIFIED,libscan-verbatim: LIBSND/VS_AUTO XDEF SsSetAutoKeyOffMode @ +0x0; the glabel is auto but a live alias asserts a DIFFERENT name; this rename fills the glabel and retires the alias; contradicting live alias(es): memcard_SetData_80087F00,KEEP,,
0x80087F10,SsSetMono,,build/bb2.map (decompiled in src/),,,src/main/psxsdk/libsnd/vs_mono.c:7,libscan-verbatim,VERIFIED,"libscan-verbatim: LIBSND/VS_MONO XDEF SsSetMono @ +0x0; outside the asm/funcs universe — decompiled to pure C in src/, so this row is seeded from the libscan manifest rather than a glabel; CONTRADICTED",KEEP,,
0x80087F24,SsSetStereo,SsSetStereo,glabel,,4,src/main/psxsdk/libsnd/vs_mono.c:9,libscan-verbatim,VERIFIED,libscan-verbatim: LIBSND/VS_MONO XDEF SsSetStereo @ +0x14; the glabel is auto but a live alias asserts a DIFFERENT name; this rename fills the glabel and retires the alias; contradicting live alias(es): memcard_ClearBusy_80087F24,KEEP,,
0x80087F34,SsSetReservedVoice,SsSetReservedVoice,glabel,SsSetReservedVoice,12,src/main/psxsdk/libsnd/vs_srv.c:6,libscan-verbatim,VERIFIED,libscan-verbatim: LIBSND/VS_SRV XDEF SsSetReservedVoice @ +0x0; the glabel is auto but a live alias asserts a DIFFERENT name; this rename fills the glabel and retires the alias; contradicting live alias(es): memcard_SetSlot_80087F34;memcard_SetSlot,KEEP,,
0x80087F64,SsVabClose,SsVabClose,glabel,,33,src/main/psxsdk/libsnd/vs_vab.c:6,libscan-verbatim,VERIFIED,libscan-verbatim: LIBSND/VS_VAB XDEF SsVabClose @ +0x0; the glabel is auto but a live alias asserts a DIFFERENT name; this rename fills the glabel and retires the alias; contradicting live alias(es): snd_ChannelDmaFlush,KEEP,,
0x80087FE8,SsVabFakeBody,SsVabFakeBody,glabel,,40,src/main/psxsdk/libsnd/vs_vfb.c:6,libscan-verbatim,VERIFIED,libscan-verbatim: LIBSND/VS_VFB XDEF SsVabFakeBody @ +0x0; no naming claim existed at this address,KEEP,,
0x80088058,SsVabOpenHead,,build/bb2.map (decompiled in src/),,,src/main/psxsdk/libsnd/vs_vh.c:7,libscan-verbatim,VERIFIED,"libscan-verbatim: LIBSND/VS_VH XDEF SsVabOpenHead @ +0x0; outside the asm/funcs universe — decompiled to pure C in src/, so this row is seeded from the libscan manifest rather than a glabel; FILL",KEEP,,
0x80088088,SsVabOpenHeadSticky,SsVabOpenHeadSticky,glabel,,12,src/main/psxsdk/libsnd/vs_vh.c:11,libscan-verbatim,VERIFIED,libscan-verbatim: LIBSND/VS_VH XDEF SsVabOpenHeadSticky @ +0x30; no naming claim existed at this address,KEEP,,
0x800880B8,SsVabFakeHead,SsVabFakeHead,glabel,,12,src/main/psxsdk/libsnd/vs_vh.c:15,libscan-verbatim,VERIFIED,libscan-verbatim: LIBSND/VS_VH XDEF SsVabFakeHead @ +0x60; no naming claim existed at this address,KEEP,,
0x800880E8,SsVabOpenHeadWithMode,SsVabOpenHeadWithMode,glabel,,247,src/main/psxsdk/libsnd/vs_vh.c:20,libscan-verbatim,VERIFIED,"libscan-verbatim: LIBSND/VS_VH XDEF SsVabOpenHeadWithMode @ +0x90; MODULE_LOCAL_STATIC; . OBJ local symbol SsVabOpenHeadWithMode (module-local static, NOT an exported name); propose nothing",KEEP,,
0x800884C4,SsVabTransBody,SsVabTransBody,glabel,,48,src/main/psxsdk/libsnd/vs_vtb.c:6,libscan-verbatim,VERIFIED,libscan-verbatim: LIBSND/VS_VTB XDEF SsVabTransBody @ +0x0; no naming claim existed at this address,KEEP,,
0x80088584,SsVabTransCompleted,SsVabTransCompleted,glabel,,10,src/main/psxsdk/libsnd/vs_vtc.c:6,libscan-verbatim,VERIFIED,libscan-verbatim: LIBSND/VS_VTC XDEF SsVabTransCompleted @ +0x0; no naming claim existed at this address,KEEP,,
0x800885AC,SpuInit,SpuInit,glabel,SpuInit,8,src/main/psxsdk/libspu/s_i.c:6,libscan-verbatim,VERIFIED,libscan-verbatim: LIBSPU/S_I XDEF SpuInit @ +0x0; RESOLVED_RELOC_TARGET; contradicting live alias(es): spu_Init_800885AC;spu_Init | tie resolved by reloc-target consistency (ambiguous_resolutions.md; reproduced mechanically): S_I's REL26 callee _SpuInit lands on its placed,KEEP,,
0x800885CC,_SpuInit,_SpuInit,glabel,,62,src/main/psxsdk/libspu/s_ini.c:11,libscan-verbatim,VERIFIED,libscan-verbatim: LIBSPU/S_INI XDEF _SpuInit @ +0x0; the glabel is auto but a live alias asserts a DIFFERENT name; this rename fills the glabel and retires the alias; contradicting live alias(es): spu_helper_800885CC,KEEP,,
0x800886C4,SpuStart,SpuStart,glabel,,31,src/main/psxsdk/libspu/s_ini.c:49,libscan-verbatim,VERIFIED,libscan-verbatim: LIBSPU/S_INI XDEF SpuStart @ +0xF8; the glabel is auto but a live alias asserts a DIFFERENT name; this rename fills the glabel and retires the alias; contradicting live alias(es): bios_helper_800886C4,KEEP,,
0x80088740,_spu_init,_spu_init,glabel,,165,src/main/psxsdk/libspu/spu.c:34,libscan-verbatim,VERIFIED,libscan-verbatim: LIBSPU/SPU XDEF _spu_init @ +0x0; the glabel is auto but a live alias asserts a DIFFERENT name; this rename fills the glabel and retires the alias; contradicting live alias(es): spu_FlushVoiceChannels,KEEP,,
0x800889D4,_spu_FwriteByIO,_spu_FwriteByIO,glabel,,115,src/main/psxsdk/libspu/spu.c:129,libscan-verbatim,VERIFIED,"libscan-verbatim: LIBSPU/SPU XDEF _spu_FwriteByIO @ +0x294; MODULE_LOCAL_STATIC; OWNER RULING 2026-08-18 (c): rec-7 reversed for adversarially re-verified statics (tmp->docs naming_verify 2026-08-18: exhaustive unique placement + exact-offset OBJ local symbol, body read. OBJ local",KEEP,,
0x80088BA0,_spu_FiDMA,_spu_FiDMA,glabel,_spu_FiDMA,48,src/main/psxsdk/libspu/spu.c:185,libscan-verbatim,VERIFIED,"libscan-verbatim: libscan-verbatim: docs/naming/libscan/libsyms.json[0x80088BA0] = {name:_spu_FiDMA, kind:xdef, lib:LIBSPU, mod:SPU, mod_start:0x80088740, mod_end:0x800892D4}; docs/naming/libscan/matches.json: LIBSPU/SPU status=verbatim, 741 words, single placement vaddrs=[0x80088740]. The XDEF sits at an asm/funcs function start since the boundary split (asm/funcs/_spu_FiDMA.s first insn at 0x80088BA0). Module offset +0x460. Census tiers it INFERRED/unattributed only because docs/naming/build_census.py reads docs/naming/libscan/rename_manifest.csv, and this XDEF was excluded from that manifest as a MID-FUNCTIO; verifier: [followups] UPGRADE only. libsyms.json[0x80088BA0] = _spu_FiDMA xdef LIBSPU/SPU mod 0x80088740..0x800892D4; matches.json SPU verbatim 741 words (226 masked), single placement 0x80088740; +0x460. psyz ",KEEP,,
0x80088C60,_spu_Fr_,_spu_Fr_,glabel,_spu_Fr_,43,src/main/psxsdk/libspu/spu.c:208,libscan-verbatim,VERIFIED,"libscan-verbatim: libscan-verbatim: docs/naming/libscan/libsyms.json[0x80088C60] = {name:_spu_Fr_, kind:xdef, lib:LIBSPU, mod:SPU, mod_start:0x80088740, mod_end:0x800892D4}; docs/naming/libscan/matches.json: LIBSPU/SPU status=verbatim, 741 words, single placement vaddrs=[0x80088740]. The XDEF sits at an asm/funcs function start since the boundary split (asm/funcs/_spu_Fr_.s first insn at 0x80088C60). Module offset +0x520. Census tiers it INFERRED/unattributed only because docs/naming/build_census.py reads docs/naming/libscan/rename_manifest.csv, and this XDEF was excluded from that manifest as a MID-FUNCTION XD; verifier: [followups] UPGRADE only. libsyms.json[0x80088C60] = _spu_Fr_ xdef LIBSPU/SPU; same verbatim 741-word placement at 0x80088740, +0x520. psyz: _spu_Fr_ - _spu_FiDMA = 0xC0 = 0x80088C60 - 0x80088BA0; _sp",KEEP,,
0x80088D0C,_spu_t,_spu_t,glabel,,164,src/main/psxsdk/libspu/spu.c:225,libscan-verbatim,VERIFIED,libscan-verbatim: LIBSPU/SPU XDEF _spu_t @ +0x5CC; no naming claim existed at this address,KEEP,,
0x80088F9C,_spu_Fw,_spu_Fw,glabel,,34,src/main/psxsdk/libspu/spu.c:312,libscan-verbatim,VERIFIED,libscan-verbatim: LIBSPU/SPU XDEF _spu_Fw @ +0x85C; the glabel is auto but a live alias asserts a DIFFERENT name; this rename fills the glabel and retires the alias; contradicting live alias(es): spu_helper_80088F9C,KEEP,,
0x80089024,_spu_Fr,_spu_Fr,glabel,,26,src/main/psxsdk/libspu/spu.c:323,libscan-verbatim,VERIFIED,libscan-verbatim: LIBSPU/SPU XDEF _spu_Fr @ +0x8E4; the glabel is auto but a live alias asserts a DIFFERENT name; this rename fills the glabel and retires the alias; contradicting live alias(es): spu_helper_80089024,KEEP,,
0x8008908C,_spu_FsetRXX,_spu_FsetRXX,glabel,,18,src/main/psxsdk/libspu/spu.c:330,libscan-verbatim,VERIFIED,libscan-verbatim: LIBSPU/SPU XDEF _spu_FsetRXX @ +0x94C; the glabel asserts a DIFFERENT name; this rename retires a misname,KEEP,,
0x800890D4,_spu_FsetRXXa,_spu_FsetRXXa,glabel,,80,src/main/psxsdk/libspu/spu.c:338,libscan-verbatim,VERIFIED,libscan-verbatim: LIBSPU/SPU XDEF _spu_FsetRXXa @ +0x994; no naming claim existed at this address,KEEP,,
0x80089178,_spu_FgetRXXa,,build/bb2.map (decompiled in src/),,,src/main/psxsdk/libspu/spu.c:360,libscan-verbatim,VERIFIED,"libscan-verbatim: LIBSPU/SPU XDEF _spu_FgetRXXa @ +0xA38; outside the asm/funcs universe — decompiled to pure C in src/, so this row is seeded from the libscan manifest rather than a glabel; FILL",KEEP,,
0x800891B4,_spu_FsetPCR,,build/bb2.map (decompiled in src/),,,src/main/psxsdk/libspu/spu.c:368,libscan-verbatim,VERIFIED,"libscan-verbatim: LIBSPU/SPU XDEF _spu_FsetPCR @ +0xA74; outside the asm/funcs universe — decompiled to pure C in src/, so this row is seeded from the libscan manifest rather than a glabel; FILL",KEEP,,
0x80089214,_spu_FsetDelayW,_spu_FsetDelayW,glabel,,11,src/main/psxsdk/libspu/spu.c:379,libscan-verbatim,VERIFIED,"libscan-verbatim: LIBSPU/SPU XDEF _spu_FsetDelayW @ +0xAD4; MODULE_LOCAL_STATIC; OWNER RULING 2026-08-18 (c): rec-7 reversed for adversarially re-verified statics (tmp->docs naming_verify 2026-08-18: exhaustive unique placement + exact-offset OBJ local symbol, body read. OBJ local",KEEP,,
0x80089240,_spu_FsetDelayR,_spu_FsetDelayR,glabel,,11,src/main/psxsdk/libspu/spu.c:383,libscan-verbatim,VERIFIED,"libscan-verbatim: LIBSPU/SPU XDEF _spu_FsetDelayR @ +0xB00; MODULE_LOCAL_STATIC; OWNER RULING 2026-08-18 (c): rec-7 reversed for adversarially re-verified statics (tmp->docs naming_verify 2026-08-18: exhaustive unique placement + exact-offset OBJ local symbol, body read. OBJ local",KEEP,,
0x8008926C,_spu_Fw1ts,_spu_Fw1ts,glabel,,26,src/main/psxsdk/libspu/spu.c:388,libscan-verbatim,VERIFIED,libscan-verbatim: LIBSPU/SPU XDEF _spu_Fw1ts @ +0xB2C; the glabel asserts a DIFFERENT name; this rename retires a misname,KEEP,,
0x800892D4,_SpuDataCallback,_SpuDataCallback,glabel,,9,src/main/psxsdk/libspu/s_dcb.c:10,libscan-verbatim,VERIFIED,libscan-verbatim: LIBSPU/S_DCB XDEF _SpuDataCallback @ +0x0; the glabel is auto but a live alias asserts a DIFFERENT name; this rename fills the glabel and retires the alias; contradicting live alias(es): irq_AcknowledgeVblank_wrapper_800892D4,KEEP,,
0x800892F8,SpuQuit,SpuQuit,glabel,,31,src/main/psxsdk/libspu/s_q.c:13,libscan-verbatim,VERIFIED,libscan-verbatim: LIBSPU/S_Q XDEF SpuQuit @ +0x0; the glabel is auto but a live alias asserts a DIFFERENT name; this rename fills the glabel and retires the alias; contradicting live alias(es): bios_helper_800892F8,KEEP,,
0x80089374,DisableEvent,DisableEvent,glabel,,3,src/main/psxsdk/libapi/a13.c:7,libscan-verbatim,VERIFIED,libscan-verbatim: LIBAPI/A13 XDEF DisableEvent @ +0x0; the glabel asserts a DIFFERENT name; this rename retires a misname; BIOS jumptable cross-check (CONFIRM): B0:0x0D -> DisableEvent,KEEP,,
0x80089384,SpuInitMalloc,SpuInitMalloc,glabel,,21,src/main/psxsdk/libspu/s_m_init.c:9,libscan-verbatim,VERIFIED,libscan-verbatim: LIBSPU/S_M_INIT XDEF SpuInitMalloc @ +0x0; the glabel asserts a DIFFERENT name; this rename retires a misname,KEEP,,
0x800893D8,SpuMalloc,SpuMalloc,glabel,,178,src/main/psxsdk/libspu/s_m_m.c:6,libscan-verbatim,VERIFIED,libscan-verbatim: LIBSPU/S_M_M XDEF SpuMalloc @ +0x0; no naming claim existed at this address,KEEP,,
0x800896A0,_spu_gcSPU,_spu_gcSPU,glabel,,194,src/main/psxsdk/libspu/s_m_int.c:10,libscan-verbatim,VERIFIED,libscan-verbatim: LIBSPU/S_M_INT XDEF _spu_gcSPU @ +0x0; no naming claim existed at this address,KEEP,,
0x800899A8,SpuFree,SpuFree,glabel,,31,src/main/psxsdk/libspu/s_m_f.c:8,libscan-verbatim,VERIFIED,libscan-verbatim: LIBSPU/S_M_F XDEF SpuFree @ +0x0; the glabel is auto but a live alias asserts a DIFFERENT name; this rename fills the glabel and retires the alias; contradicting live alias(es): snd_helper_800899A8,KEEP,,
0x80089A24,SpuSetNoiseVoice,SpuSetNoiseVoice,glabel,,9,src/main/psxsdk/libspu/s_snv.c:6,libscan-verbatim,VERIFIED,libscan-verbatim: LIBSPU/S_SNV XDEF SpuSetNoiseVoice @ +0x0; the glabel asserts a DIFFERENT name; this rename retires a misname; contradicting live alias(es): coli_HitPauseKatana_2_wrapper_80089A24,KEEP,,
0x80089A48,_SpuSetAnyVoice,_SpuSetAnyVoice,glabel,,178,src/main/psxsdk/libspu/s_sav.c:9,libscan-xref,VERIFIED,"libscan-xref: Verbatim LIBSPU/S_SNV@0x80089A24 (SpuSetNoiseVoice) and LIBSPU/S_SRV@0x8008A904 (SpuSetReverbVoice) both carry a REL26 XREF `_SpuSetAnyVoice`; the EXE jal at those relocations targets 0x80089A48 = this function's start. Body: 4.1 S_SAV matches 145/176 words from +0xC (drifted head), 4.0 S_SAV 66/130; unique placement.; verifier: verifier 2026-09-07: LIBSPU/S_SNV@0x80089A24 and S_SRV@0x8008A904 both 0/9 mismatch, unique, manifest CONTRADICTED/FILL; each has REL26 XREF `_SpuSetAnyVoice` at +0xC; EXE words 0x80089A30 and 0x8008A",KEEP,,
0x80089D10,SpuSetNoiseClock,SpuSetNoiseClock,glabel,,20,src/main/psxsdk/libspu/s_snc.c:6,libscan-verbatim,VERIFIED,libscan-verbatim: LIBSPU/S_SNC XDEF SpuSetNoiseClock @ +0x0; the glabel is auto but a live alias asserts a DIFFERENT name; this rename fills the glabel and retires the alias; contradicting live alias(es): allocbukirmd_helper_80089D10,KEEP,,
0x80089D60,SpuSetReverb,SpuSetReverb,glabel,,84,src/main/psxsdk/libspu/s_sr.c:8,libscan-verbatim,VERIFIED,libscan-verbatim: LIBSPU/S_SR XDEF SpuSetReverb @ +0x0; no naming claim existed at this address,KEEP,,
0x80089E30,_SpuIsInAllocateArea,_SpuIsInAllocateArea,glabel,,32,src/main/psxsdk/libspu/s_m_util.c:10,libscan-verbatim,VERIFIED,libscan-verbatim: LIBSPU/S_M_UTIL XDEF _SpuIsInAllocateArea @ +0x0; no naming claim existed at this address,KEEP,,
0x80089EB0,_SpuIsInAllocateArea_,_SpuIsInAllocateArea_,glabel,,35,src/main/psxsdk/libspu/s_m_util.c:33,libscan-verbatim,VERIFIED,libscan-verbatim: LIBSPU/S_M_UTIL XDEF _SpuIsInAllocateArea_ @ +0x80; no naming claim existed at this address,KEEP,,
0x80089F3C,SpuSetReverbModeParam,SpuSetReverbModeParam,glabel,,318,src/main/psxsdk/libspu/s_srmp.c:19,libscan-verbatim,VERIFIED,libscan-verbatim: LIBSPU/S_SRMP XDEF SpuSetReverbModeParam @ +0x0; the glabel is auto but a live alias asserts a DIFFERENT name; this rename fills the glabel and retires the alias; contradicting live alias(es): obj_helper_80089F3C,KEEP,,
0x8008A434,_spu_setReverbAttr,_spu_setReverbAttr,glabel,,308,src/main/psxsdk/libspu/s_sra.c:6,libscan-verbatim,VERIFIED,libscan-verbatim: LIBSPU/S_SRA XDEF _spu_setReverbAttr @ +0x0; no naming claim existed at this address,KEEP,,
0x8008A904,SpuSetReverbVoice,SpuSetReverbVoice,glabel,,9,src/main/psxsdk/libspu/s_srv.c:6,libscan-verbatim,VERIFIED,libscan-verbatim: LIBSPU/S_SRV XDEF SpuSetReverbVoice @ +0x0; no naming claim existed at this address,KEEP,,
0x8008A928,SpuClearReverbWorkArea,SpuClearReverbWorkArea,glabel,,103,src/main/psxsdk/libspu/s_crwa.c:10,libscan-verbatim,VERIFIED,libscan-verbatim: LIBSPU/S_CRWA XDEF SpuClearReverbWorkArea @ +0x0; no naming claim existed at this address,KEEP,,
0x8008AAC4,WaitEvent,WaitEvent,glabel,,3,src/main/psxsdk/libapi/a10.c:7,libscan-verbatim,VERIFIED,libscan-verbatim: LIBAPI/A10 XDEF WaitEvent @ +0x0; no naming claim existed at this address; BIOS jumptable cross-check (RENAME): B0:0x0A -> WaitEvent,KEEP,,
0x8008AAD4,SpuSetKey,SpuSetKey,glabel,,127,src/main/psxsdk/libspu/s_sk.c:10,libscan-verbatim,VERIFIED,libscan-verbatim: LIBSPU/S_SK XDEF SpuSetKey @ +0x0; the glabel is auto but a live alias asserts a DIFFERENT name; this rename fills the glabel and retires the alias; contradicting live alias(es): action_apply_hit_flags_8008AAD4,KEEP,,
0x8008ACD0,SpuGetKeyStatus,SpuGetKeyStatus,glabel,,37,src/main/psxsdk/libspu/s_gks.c:6,libscan-verbatim,VERIFIED,libscan-verbatim: LIBSPU/S_GKS XDEF SpuGetKeyStatus @ +0x0; no naming claim existed at this address,KEEP,,
0x8008AD64,SpuRead,SpuRead,glabel,,24,src/main/psxsdk/libspu/s_r.c:6,libscan-verbatim,VERIFIED,libscan-verbatim: LIBSPU/S_R XDEF SpuRead @ +0x0; RESOLVED_RELOC_TARGET; contradicting live alias(es): spu_TransferDirect_capped | tie resolved by reloc-target consistency (ambiguous_resolutions.md; reproduced mechanically): S_R's REL26 callee _spu_Fr lands on its placed a,KEEP,,
0x8008ADC4,SpuWrite,SpuWrite,glabel,,24,src/main/psxsdk/libspu/s_w.c:6,libscan-verbatim,VERIFIED,libscan-verbatim: LIBSPU/S_W XDEF SpuWrite @ +0x0; RESOLVED_RELOC_TARGET; contradicting live alias(es): spu_TransferData_capped | tie resolved by reloc-target consistency (ambiguous_resolutions.md; reproduced mechanically): S_W's REL26 callee _spu_Fw lands on its placed add,KEEP,,
0x8008AE24,SpuSetTransferStartAddr,SpuSetTransferStartAddr,glabel,,22,src/main/psxsdk/libspu/s_stsa.c:7,libscan-verbatim,VERIFIED,libscan-verbatim: LIBSPU/S_STSA XDEF SpuSetTransferStartAddr @ +0x0; no naming claim existed at this address,KEEP,,
0x8008AE7C,SpuSetTransferMode,SpuSetTransferMode,glabel,,13,src/main/psxsdk/libspu/s_stm.c:8,libscan-verbatim,VERIFIED,libscan-verbatim: LIBSPU/S_STM XDEF SpuSetTransferMode @ +0x0; the glabel is auto but a live alias asserts a DIFFERENT name; this rename fills the glabel and retires the alias; contradicting live alias(es): set_global_8008AE7C,KEEP,,
0x8008AEB0,SpuIsTransferCompleted,SpuIsTransferCompleted,glabel,,42,src/main/psxsdk/libspu/s_itc.c:8,libscan-verbatim,VERIFIED,libscan-verbatim: LIBSPU/S_ITC XDEF SpuIsTransferCompleted @ +0x0; no naming claim existed at this address,KEEP,,
0x8008AF58,_spu_setInTransfer,_spu_setInTransfer,glabel,,11,src/main/psxsdk/libspu/s_it.c:7,libscan-verbatim,VERIFIED,libscan-verbatim: LIBSPU/S_IT XDEF _spu_setInTransfer @ +0x0; no naming claim existed at this address,KEEP,,
0x8008AF84,_spu_getInTransfer,_spu_getInTransfer,glabel,,6,src/main/psxsdk/libspu/s_it.c:15,libscan-verbatim,VERIFIED,libscan-verbatim: LIBSPU/S_IT XDEF _spu_getInTransfer @ +0x2C; the glabel is auto but a live alias asserts a DIFFERENT name; this rename fills the glabel and retires the alias; contradicting live alias(es): satan_state_toggle_wrapper_8008AF84,KEEP,,
0x8008AF9C,SpuSetCommonAttr,SpuSetCommonAttr,glabel,,281,src/main/psxsdk/libspu/s_sca.c:10,libscan-verbatim,VERIFIED,libscan-verbatim: LIBSPU/S_SCA XDEF SpuSetCommonAttr @ +0x0; the glabel is auto but a live alias asserts a DIFFERENT name; this rename fills the glabel and retires the alias; contradicting live alias(es): spu_helper_8008AF9C,KEEP,,
0x8008B400,SpuGetAllKeysStatus,SpuGetAllKeysStatus,glabel,,34,src/main/psxsdk/libspu/sr_gaks.c:51,libscan-verbatim,VERIFIED,libscan-verbatim: LIBSPU/SR_GAKS XDEF SpuGetAllKeysStatus @ +0xD0; no naming claim existed at this address,KEEP,,
0x8008B488,func_8008B488,func_8008B488,glabel,,387,src/main/psxsdk/libspu/7BC88.c:13,splat-auto,AUTO,splat-generated placeholder; makes no semantic claim,KEEP,,
0x8008BA94,_spu_2pitch,_spu_2pitch,glabel,_spu_2pitch,36,src/main/psxsdk/libspu/s_n2p.c:10,libscan-verbatim,VERIFIED,"libscan-verbatim: libscan-verbatim: docs/naming/libscan/libsyms.json[0x8008BA94] = {name:_spu_2pitch, kind:xdef, lib:LIBSPU, mod:S_N2P, mod_start:0x8008BA94, mod_end:0x8008BD88}; docs/naming/libscan/matches.json: LIBSPU/S_N2P status=verbatim, 189 words, single placement vaddrs=[0x8008BA94]. The XDEF sits at an asm/funcs function start since the boundary split (asm/funcs/_spu_2pitch.s first insn at 0x8008BA94). Offset +0 = module start (only 2/189 words masked); same module's _spu_note2pitch @0x8008BB24 / _spu_pitch2note @0x8008BC60 are rename_manifest.csv:390-391. Census tiers it INFERRED/unattributed only beca; verifier: [followups] UPGRADE only. libsyms.json[0x8008BA94] = _spu_2pitch xdef LIBSPU/S_N2P mod 0x8008BA94..0x8008BD88; matches.json S_N2P verbatim 189 words (2 masked), single placement 0x8008BA94 = +0. psyz:",KEEP,,
0x8008BB24,_spu_note2pitch,_spu_note2pitch,glabel,,79,src/main/psxsdk/libspu/s_n2p.c:33,libscan-verbatim,VERIFIED,libscan-verbatim: LIBSPU/S_N2P XDEF _spu_note2pitch @ +0x90; the glabel is auto but a live alias asserts a DIFFERENT name; this rename fills the glabel and retires the alias; contradicting live alias(es): satan_angle_interpolation_8008BB24,KEEP,,
0x8008BC60,_spu_pitch2note,_spu_pitch2note,glabel,,74,src/main/psxsdk/libspu/s_n2p.c:68,libscan-verbatim,VERIFIED,libscan-verbatim: LIBSPU/S_N2P XDEF _spu_pitch2note @ +0x1CC; no naming claim existed at this address,KEEP,,
0x8008BD88,SpuGetVoiceVolume,SpuGetVoiceVolume,glabel,,24,src/main/psxsdk/libspu/s_gvv.c:21,libscan-verbatim,VERIFIED,libscan-verbatim: LIBSPU/S_GVV XDEF SpuGetVoiceVolume @ +0x0; no naming claim existed at this address,KEEP,,
0x8008BDE8,SpuGetVoiceEnvelope,SpuGetVoiceEnvelope,glabel,,7,src/main/psxsdk/libspu/s_gvex.c:6,libscan-verbatim,VERIFIED,libscan-verbatim: LIBSPU/S_GVEX XDEF SpuGetVoiceEnvelope @ +0x0; the glabel is auto but a live alias asserts a DIFFERENT name; this rename fills the glabel and retires the alias; contradicting live alias(es): action_read_spu_voice_8008BDE8,KEEP,,
0x8008BE04,AddCOMB,AddCOMB,glabel,,18,src/main/psxsdk/libcomb/comb.c:41,libscan-verbatim,VERIFIED,libscan-verbatim: LIBCOMB/COMB XDEF AddCOMB @ +0x0; the glabel is auto but a live alias asserts a DIFFERENT name; this rename fills the glabel and retires the alias; contradicting live alias(es): dev_AddDevice_8008BE04,KEEP,,
0x8008BE4C,DelCOMB,DelCOMB,glabel,,22,src/main/psxsdk/libcomb/comb.c:51,libscan-verbatim,VERIFIED,libscan-verbatim: LIBCOMB/COMB XDEF DelCOMB @ +0x48; no naming claim existed at this address,KEEP,,
0x8008BE9C,ChangeClearSIO,,build/bb2.map (decompiled in src/),,,src/main/psxsdk/libcomb/comb.c:62,libscan-verbatim,VERIFIED,"libscan-verbatim: LIBCOMB/COMB XDEF ChangeClearSIO @ +0x98; outside the asm/funcs universe — decompiled to pure C in src/, so this row is seeded from the libscan manifest rather than a glabel; FILL",KEEP,,
0x8008BEA4,SioAnsyncRead,SioAnsyncRead,glabel,,24,src/main/psxsdk/libcomb/comb.c:64,libscan-verbatim,VERIFIED,"libscan-verbatim: LIBCOMB/COMB XDEF SioAnsyncRead @ +0xA0; MODULE_LOCAL_STATIC; . OBJ local symbol SioAnsyncRead (module-local static, NOT an exported name); propose nothing",KEEP,,
0x8008BF04,SioSyncroRead,SioSyncroRead,glabel,,160,src/main/psxsdk/libcomb/comb.c:76,libscan-verbatim,VERIFIED,"libscan-verbatim: LIBCOMB/COMB XDEF SioSyncroRead @ +0x100; MODULE_LOCAL_STATIC; . OBJ local symbol SioSyncroRead (module-local static, NOT an exported name); propose nothing",KEEP,,
0x8008C184,SioAnsyncWrite,SioAnsyncWrite,glabel,,25,src/main/psxsdk/libcomb/comb.c:122,libscan-verbatim,VERIFIED,"libscan-verbatim: LIBCOMB/COMB XDEF SioAnsyncWrite @ +0x380; MODULE_LOCAL_STATIC; . OBJ local symbol SioAnsyncWrite (module-local static, NOT an exported name); propose nothing",KEEP,,
0x8008C1E8,SioSyncroWrite,SioSyncroWrite,glabel,,159,src/main/psxsdk/libcomb/comb.c:134,libscan-verbatim,VERIFIED,"libscan-verbatim: LIBCOMB/COMB XDEF SioSyncroWrite @ +0x3E4; MODULE_LOCAL_STATIC; . OBJ local symbol SioSyncroWrite (module-local static, NOT an exported name); propose nothing",KEEP,,
0x8008C464,_comb_control,_comb_control,glabel,,763,src/main/psxsdk/libcomb/comb.c:172,libscan-verbatim,VERIFIED,libscan-verbatim: LIBCOMB/COMB XDEF _comb_control @ +0x660; the glabel is auto but a live alias asserts a DIFFERENT name; this rename fills the glabel and retires the alias; contradicting live alias(es): bios_helper_8008C464,KEEP,,
0x8008D050,AddDrv,AddDrv,glabel,,3,src/main/psxsdk/libapi/a71.c:8,libscan-verbatim,VERIFIED,libscan-verbatim: LIBAPI/A71 XDEF AddDrv @ +0x0; the glabel asserts a DIFFERENT name; this rename retires a misname; BIOS jumptable cross-check (CONFIRM): B0:0x47 -> AddDevice,KEEP,,
0x8008D060,DelDrv,DelDrv,glabel,,48,src/main/psxsdk/libapi/a72.c:10,libscan-verbatim,VERIFIED,libscan-verbatim: LIBAPI/A72 XDEF DelDrv @ +0x0; no naming claim existed at this address; BIOS jumptable cross-check (RENAME): B0:0x48 -> RemoveDevice,KEEP,,
