state	function	address	op	operands	maskA	producerA	maskB	producerB	block	consumer	zero	B_verdict
C	ClearImage	8007B51C	or	$s0, $s0, $s1	0xff0000	sll 16(andi 0xFF@8007B50C)@8007B510	0xff00	sll 8(andi 0xFF@8007B514)@8007B518	BLOCK	(dslot)ARITH-or		not-discriminating (committed C: identical bytes under narrow and exprop)
C	ClearImage	8007B540	or	$a3, $s0, $s2	0xffff00	or(sll 16(andi 0xFF@8007B50C)@8007B510,sll 8(andi 0xFF@8007B514)@8007B518)@8007B51C	0xff	andi 0xFF@8007B520	BLOCK	CALL-ARG($v0)		not-discriminating (committed C: identical bytes under narrow and exprop)
C	CompMatrix	8007E64C	or	$t0, $t0, $t1	0xffff	lhu@8007E63C	0xffff0000	sll 16(lw@8007E640)@8007E648	BLOCK	ARITH-mtc2		not-discriminating (committed C: identical bytes under narrow and exprop)
C	CompMatrix	8007E6A8	or	$t6, $t6, $t3	0xffff0000	sll 16(mfc2@8007E684)@8007E6A4	0xffff	andi 0xFFFF@8007E6A0	BLOCK	STORE-sw		not-discriminating (committed C: identical bytes under narrow and exprop)
C	CompMatrix	8007E6B8	or	$t8, $t8, $t5	0xffff0000	sll 16(mfc2@8007E68C)@8007E6B4	0xffff	andi 0xFFFF@8007E6B0	BLOCK	STORE-sw		not-discriminating (committed C: identical bytes under narrow and exprop)
C	CompMatrix	8007E6DC	or	$t5, $t5, $t6	0xffff	lhu@8007E6CC	0xffff0000	sll 16(lw@8007E6D0)@8007E6D8	BLOCK	ARITH-mtc2		not-discriminating (committed C: identical bytes under narrow and exprop)
C	CompMatrix	8007E6F8	or	$t0, $t0, $t4	0xffff	andi 0xFFFF@8007E6F4	0xffff0000	sll 16(mfc2@8007E654)@8007E6F0	BLOCK	STORE-sw		not-discriminating (committed C: identical bytes under narrow and exprop)
C	CompMatrix	8007E708	or	$t1, $t1, $t7	0xffff0000	sll 16(mfc2@8007E6C4)@8007E704	0xffff	andi 0xFFFF@8007E700	BLOCK	STORE-sw		not-discriminating (committed C: identical bytes under narrow and exprop)
C	DumpDrawEnv	8007ADB0	addu	$v1, $v1, $v0	0x100	andi 0x100@8007ADA4	0x200	andi 0x200@8007ADAC	BLOCK	(dslot)ARITH-sw		not-discriminating (committed C: identical bytes under narrow and exprop)
C	DumpTPage	8007A7F4	addu	$v1, $v1, $v0	0x100	andi 0x100@8007A7E8	0x200	andi 0x200@8007A7F0	BLOCK	(dslot)ARITH-sw		not-discriminating (committed C: identical bytes under narrow and exprop)
C	GetClut	8007A7D0	or	$v0, $v0, $a0	0xffffffc0	sll 6(?(entry))@8007A7C4	0x3f	andi 0x3F@8007A7CC	BLOCK	(dslot)ARITH-andi		not-discriminating (committed C: identical bytes under narrow and exprop)
C	GetTPage	8007A798	or	$v0, $v0, $a1	0x180	sll 7(andi 0x3@8007A788)@8007A78C	0x60	sll 5(andi 0x3@8007A790)@8007A794	BLOCK	ARITH-or		not-discriminating (committed C: identical bytes under narrow and exprop)
C	GetTPage	8007A7A4	or	$v0, $v0, $v1	0x1e0	or(sll 7(andi 0x3@8007A788)@8007A78C,sll 5(andi 0x3@8007A790)@8007A794)@8007A798	0x10	sra 4(andi 0x100@8007A79C)@8007A7A0	BLOCK	ARITH-or		not-discriminating (committed C: identical bytes under narrow and exprop)
C	GetTPage	8007A7B0	or	$v0, $v0, $a2	0x1f0	or(or(sll 7(andi 0x3@8007A788)@8007A78C,sll 5(andi 0x3@8007A790)@8007A794)@8007A798,sra 4(andi 0x100@8007A79C)@8007A7A0)@8007A7A4	0xf	sra 6(andi 0x3FF@8007A7A8)@8007A7AC	BLOCK	(dslot)ARITH-or		not-discriminating (committed C: identical bytes under narrow and exprop)
C	GetTPage	8007A7C0	or	$v0, $v0, $a3	0x1ff	or(or(or(sll 7(andi 0x3@8007A788)@8007A78C,sll 5(andi 0x3@8007A790)@8007A794)@8007A798,sra 4(andi 0x100@8007A79C)@8007A7A0)@8007A7A4,sra 6(andi 0x3FF@8007A7A8)@8007A7AC)@8007A7B0	0x800	sll 2(andi 0x200@8007A7B4)@8007A7B8	BLOCK	RETURN(delay)		not-discriminating (committed C: identical bytes under narrow and exprop)
ASM	LoadAverageShort0	8007E340	or	$t0, $t0, $t1	0xffff	andi 0xFFFF@8007E338	0xffff0000	sll 16(mfc2@8007E334)@8007E33C	BLOCK	STORE-sw		pending (no C yet)
ASM	LoadAverageShort12	8007E2B8	or	$t0, $t0, $t1	0xffff	andi 0xFFFF@8007E2B0	0xffff0000	sll 16(mfc2@8007E2AC)@8007E2B4	BLOCK	STORE-sw		pending (no C yet)
C	MulMatrix	8007EBAC	or	$t0, $t0, $t1	0xffff	lhu@8007EB9C	0xffff0000	sll 16(lw@8007EBA0)@8007EBA8	BLOCK	ARITH-mtc2		not-discriminating (committed C: identical bytes under narrow and exprop)
C	MulMatrix	8007EC08	or	$t6, $t6, $t3	0xffff0000	sll 16(mfc2@8007EBE4)@8007EC04	0xffff	andi 0xFFFF@8007EC00	BLOCK	STORE-sw		not-discriminating (committed C: identical bytes under narrow and exprop)
C	MulMatrix	8007EC18	or	$t8, $t8, $t5	0xffff0000	sll 16(mfc2@8007EBEC)@8007EC14	0xffff	andi 0xFFFF@8007EC10	BLOCK	STORE-sw		not-discriminating (committed C: identical bytes under narrow and exprop)
C	MulMatrix	8007EC30	or	$t0, $t0, $t4	0xffff	andi 0xFFFF@8007EC28	0xffff0000	sll 16(mfc2@8007EBB4)@8007EC2C	BLOCK	STORE-sw		not-discriminating (committed C: identical bytes under narrow and exprop)
C	MulMatrix	8007EC40	or	$t1, $t1, $t7	0xffff0000	sll 16(mfc2@8007EC24)@8007EC3C	0xffff	andi 0xFFFF@8007EC38	BLOCK	STORE-sw		not-discriminating (committed C: identical bytes under narrow and exprop)
C	MulMatrix0	8007E53C	or	$t0, $t0, $t1	0xffff	lhu@8007E52C	0xffff0000	sll 16(lw@8007E530)@8007E538	BLOCK	ARITH-mtc2		not-discriminating (committed C: identical bytes under narrow and exprop)
C	MulMatrix0	8007E598	or	$t6, $t6, $t3	0xffff0000	sll 16(mfc2@8007E574)@8007E594	0xffff	andi 0xFFFF@8007E590	BLOCK	STORE-sw		not-discriminating (committed C: identical bytes under narrow and exprop)
C	MulMatrix0	8007E5A8	or	$t8, $t8, $t5	0xffff0000	sll 16(mfc2@8007E57C)@8007E5A4	0xffff	andi 0xFFFF@8007E5A0	BLOCK	STORE-sw		not-discriminating (committed C: identical bytes under narrow and exprop)
C	MulMatrix0	8007E5C0	or	$t0, $t0, $t4	0xffff	andi 0xFFFF@8007E5B8	0xffff0000	sll 16(mfc2@8007E544)@8007E5BC	BLOCK	STORE-sw		not-discriminating (committed C: identical bytes under narrow and exprop)
C	MulMatrix0	8007E5D0	or	$t1, $t1, $t7	0xffff0000	sll 16(mfc2@8007E5B4)@8007E5CC	0xffff	andi 0xFFFF@8007E5C8	BLOCK	STORE-sw		not-discriminating (committed C: identical bytes under narrow and exprop)
C	MulMatrix2	8007ECBC	or	$t0, $t0, $t1	0xffff	lhu@8007ECAC	0xffff0000	sll 16(lw@8007ECB0)@8007ECB8	BLOCK	ARITH-mtc2		not-discriminating (committed C: identical bytes under narrow and exprop)
C	MulMatrix2	8007ED18	or	$t6, $t6, $t3	0xffff0000	sll 16(mfc2@8007ECF4)@8007ED14	0xffff	andi 0xFFFF@8007ED10	BLOCK	STORE-sw		not-discriminating (committed C: identical bytes under narrow and exprop)
C	MulMatrix2	8007ED28	or	$t8, $t8, $t5	0xffff0000	sll 16(mfc2@8007ECFC)@8007ED24	0xffff	andi 0xFFFF@8007ED20	BLOCK	STORE-sw		not-discriminating (committed C: identical bytes under narrow and exprop)
C	MulMatrix2	8007ED40	or	$t0, $t0, $t4	0xffff	andi 0xFFFF@8007ED38	0xffff0000	sll 16(mfc2@8007ECC4)@8007ED3C	BLOCK	STORE-sw		not-discriminating (committed C: identical bytes under narrow and exprop)
C	MulMatrix2	8007ED50	or	$t1, $t1, $t7	0xffff0000	sll 16(mfc2@8007ED34)@8007ED4C	0xffff	andi 0xFFFF@8007ED48	BLOCK	STORE-sw		not-discriminating (committed C: identical bytes under narrow and exprop)
C	PutDispEnv	8007BC88	or	$v1, $v1, $v0	0xfff000	sll 12(andi 0xFFF@8007BC80)@8007BC84	0xfff	andi 0xFFF@8007BC7C	BLOCK	DEAD(overwritten)x		not-discriminating (committed C: identical bytes under narrow and exprop)
C	PutDispEnv	8007BCA8	or	$v0, $v0, $v1	0xffc00	sll 10(andi 0x3FF@8007BC9C)@8007BCA0	0x3ff	andi 0x3FF@8007BCA4	BLOCK	ARITH-orx		not-discriminating (committed C: identical bytes under narrow and exprop)
C	ScaleMatrix	8007EE04	or	$t1, $t1, $t2	0xffff	andi 0xFFFF@8007EDF0	0xffff0000	sll 16(sra 12(mflo@8007EDF8)@8007EDFC)@8007EE00	BLOCK	STORE-sw		not-discriminating (committed C: identical bytes under narrow and exprop)
C	ScaleMatrix	8007EE40	or	$t1, $t1, $t2	0xffff	andi 0xFFFF@8007EE2C	0xffff0000	sll 16(sra 12(mflo@8007EE34)@8007EE38)@8007EE3C	BLOCK	STORE-sw		not-discriminating (committed C: identical bytes under narrow and exprop)
C	ScaleMatrix	8007EE7C	or	$t1, $t1, $t2	0xffff	andi 0xFFFF@8007EE68	0xffff0000	sll 16(sra 12(mflo@8007EE70)@8007EE74)@8007EE78	BLOCK	STORE-sw		not-discriminating (committed C: identical bytes under narrow and exprop)
C	ScaleMatrix	8007EEB8	or	$t1, $t1, $t2	0xffff	andi 0xFFFF@8007EEA4	0xffff0000	sll 16(sra 12(mflo@8007EEAC)@8007EEB0)@8007EEB4	BLOCK	STORE-sw		not-discriminating (committed C: identical bytes under narrow and exprop)
C	ScaleMatrixL	8007E924	or	$t1, $t1, $t2	0xffff	andi 0xFFFF@8007E910	0xffff0000	sll 16(sra 12(mflo@8007E918)@8007E91C)@8007E920	BLOCK	STORE-sw		not-discriminating (committed C: identical bytes under narrow and exprop)
C	ScaleMatrixL	8007E960	or	$t1, $t1, $t2	0xffff	andi 0xFFFF@8007E94C	0xffff0000	sll 16(sra 12(mflo@8007E954)@8007E958)@8007E95C	BLOCK	STORE-sw		not-discriminating (committed C: identical bytes under narrow and exprop)
C	ScaleMatrixL	8007E99C	or	$t1, $t1, $t2	0xffff	andi 0xFFFF@8007E988	0xffff0000	sll 16(sra 12(mflo@8007E990)@8007E994)@8007E998	BLOCK	STORE-sw		not-discriminating (committed C: identical bytes under narrow and exprop)
C	ScaleMatrixL	8007E9D8	or	$t1, $t1, $t2	0xffff	andi 0xFFFF@8007E9C4	0xffff0000	sll 16(sra 12(mflo@8007E9CC)@8007E9D0)@8007E9D4	BLOCK	STORE-sw		not-discriminating (committed C: identical bytes under narrow and exprop)
C	SetDrawMove	8007AC00	or	$v0, $v0, $v1	0xffff0000	sll 16(?(entry))@8007ABF0	0xffff	andi 0xFFFF@8007ABF4	XBLOCK	STORE-sw		not-discriminating (committed C: identical bytes under narrow and exprop)
C	SpuSetCommonAttr	8008B074	or	$v0, $v0, $a1	0x0	andi 0x7FFF@8008B068	0x0	move(zero)@8008B034	XBLOCK	STORE-sh	Z	not-discriminating (committed C: identical bytes under narrow and exprop)
C	SpuSetCommonAttr	8008B13C	or	$v0, $v0, $a1	0x0	andi 0x7FFF@8008B130	0x0	move(zero)@8008B0FC	XBLOCK	STORE-sh	Z	not-discriminating (committed C: identical bytes under narrow and exprop)
C	SpuSetNoiseClock	80089D4C	or	$v1, $v1, $v0	0xc0ff	andi 0xC0FF@80089D48	0x3f00	sll 8(andi 0x3F@80089D3C)@80089D44	XBLOCK	STORE-sh		not-discriminating (committed C: identical bytes under narrow and exprop)
C	SsSetSerialVol	8008549C	addu	$v0, $v0, $v1	0x3f80	sll 7(sra 16(sll 16(li 0x7F@8008547C)@8008548C)@80085494)@80085498	0x7f	sra 16(sll 16(li 0x7F@8008547C)@8008548C)@80085494	XBLOCK	ARITH-sll		not-discriminating (committed C: identical bytes under narrow and exprop)
C	SsSetSerialVol	800854B4	addu	$v0, $v0, $v1	0x3f80	sll 7(sra 16(sll 16(li 0x7F@80085490)@800854A4)@800854A8)@800854B0	0x7f	sra 16(sll 16(li 0x7F@80085490)@800854A4)@800854A8	XBLOCK	ARITH-sll		not-discriminating (committed C: identical bytes under narrow and exprop)
C	SsSetSerialVol	80085508	addu	$v0, $v0, $v1	0x3f80	sll 7(sra 16(sll 16(li 0x7F@800854E8)@800854F8)@80085500)@80085504	0x7f	sra 16(sll 16(li 0x7F@800854E8)@800854F8)@80085500	XBLOCK	ARITH-sll		not-discriminating (committed C: identical bytes under narrow and exprop)
C	SsSetSerialVol	80085520	addu	$v0, $v0, $v1	0x3f80	sll 7(sra 16(sll 16(li 0x7F@800854FC)@80085510)@80085514)@8008551C	0x7f	sra 16(sll 16(li 0x7F@800854FC)@80085510)@80085514	XBLOCK	ARITH-sll		not-discriminating (committed C: identical bytes under narrow and exprop)
C	SsVabOpenHeadWithMode	80088428	addu	$v1, $a1, $v1	0x0	move(zero)@80088404	0x0	srl 31(move(zero)@80088404)@80088424	XBLOCK	ARITH-sra	Z	not-discriminating (committed C: identical bytes under narrow and exprop)
C	_SpuSetAnyVoice	80089AA4	or	$t2, $v0, $v1	0xffff	lhu@80089A90	0xff0000	sll 16(andi 0xFF@80089A94)@80089A98	BLOCK	ARITH-orx		not-discriminating (committed C: identical bytes under narrow and exprop)
C	_SsReadDeltaValue	800850F0	addu	$a0, $a0, $v0	0x3f80	sll 7(andi 0x7F@800850C8)@800850E0	0x7f	andi 0x7F@800850E4	XBLOCK	ARITH-sll		not-discriminating (committed C: identical bytes under narrow and exprop)
C	_SsSndCrescendo	8008433C	or	$v0, $a3, $v0	0x1	li 0x1@8008430C	0xffff00	sll 8(andi 0xFFFF@80084304)@80084338	XBLOCK	ARITH-sll		not-discriminating (committed C: identical bytes under narrow and exprop)
C	_SsSndDecrescendo	800847CC	or	$a0, $a3, $a0	0x1	li 0x1@800847BC	0xffffff00	sll 8(?(call))@800847C8	XBLOCK	ARITH-sll		not-discriminating (committed C: identical bytes under narrow and exprop)
C	_SsVmGetSeqVol	80087D38	addu	$v0, $v0, $a0	0x0	sll 1(sra 8(andi 0xFF00@80087D2C)@80087D30)@80087D34	0x0	sra 8(andi 0xFF00@80087D2C)@80087D30	XBLOCK	ARITH-sll	Z	not-discriminating (committed C: identical bytes under narrow and exprop)
C	_SsVmGetSeqVol	80087D80	addu	$v0, $v0, $a0	0x0	sll 1(sra 8(andi 0xFF00@80087D74)@80087D78)@80087D7C	0x0	sra 8(andi 0xFF00@80087D74)@80087D78	XBLOCK	ARITH-sll	Z	not-discriminating (committed C: identical bytes under narrow and exprop)
C	_SsVmKeyOffNow	8008725C	or	$v1, $v1, $a2	0xffff	lhu@80087230	0x0	move(zero)@800871FC	XBLOCK	STORE-sh	Z	not-discriminating (committed C: identical bytes under narrow and exprop)
C	_SsVmKeyOnNow	800876BC	or	$v0, $v0, $a2	0xffff	lhu@800876B0	0x0	move(zero)@80087688	XBLOCK	STORE-sh	Z	not-discriminating (committed C: identical bytes under narrow and exprop)
C	_SsVmKeyOnNow	80087724	or	$v1, $v1, $a2	0xffff	lhu@80087710	0x0	move(zero)@80087688	XBLOCK	STORE-sh	Z	not-discriminating (committed C: identical bytes under narrow and exprop)
C	_spu_2pitch	8008BAC4	addu	$v0, $v0, $v1	0x40ec0	sll 6(li 0x103B@8008BA94)@8008BAC0	0x103b	li 0x103B@8008BA94	XBLOCK	ARITH-sll		not-discriminating (committed C: identical bytes under narrow and exprop)
C	_spu_note2pitch	8008BBEC	addu	$v0, $v0, $a0	0x40ec0	sll 6(li 0x103B@8008BBB4)@8008BBE8	0x103b	li 0x103B@8008BBB4	XBLOCK	ARITH-sll		not-discriminating (committed C: identical bytes under narrow and exprop)
C	_spu_pitch2note	8008BCBC	addu	$v0, $v0, $t0	0x40000	sll 6(li 0x1000@8008BCA8)@8008BCB8	0x1000	li 0x1000@8008BCA8	XBLOCK	ARITH-sll		not-discriminating (committed C: identical bytes under narrow and exprop)
C	_spu_pitch2note	8008BD18	addu	$v0, $t5, $a0	0x0	sll 5(move(zero)@8008BCAC)@8008BCE0	0x0	move(zero)@8008BCDC	XBLOCK	DEAD(overwritten)x	Z	not-discriminating (committed C: identical bytes under narrow and exprop)
C	_spu_pitch2note	8008BD2C	addu	$t3, $t3, $t1	0x0	move(zero)@8008BCE4	0x7ffffff	srl 5(subu@8008BCEC)@8008BCF0	XBLOCK	DEAD-at-return	Z	not-discriminating (committed C: identical bytes under narrow and exprop)
C	cpu_check_same_dir_timer	800333E8	or	$v1, $v1, $v0	0xff	lbu@800333DC	0xff00	sll 8(lbu@800333D8)@800333E4	BLOCK	ARITH-or		not-discriminating (committed C: identical bytes under narrow and exprop)
C	cpu_check_same_dir_timer	800333F0	or	$v1, $v1, $a0	0xffff	or(lbu@800333DC,sll 8(lbu@800333D8)@800333E4)@800333E8	0xff0000	sll 16(lbu@800333E0)@800333EC	BLOCK	ARITH-or		not-discriminating (committed C: identical bytes under narrow and exprop)
C	cpu_check_same_dir_timer	80033400	or	$v1, $v1, $v0	0xffffff	or(or(lbu@800333DC,sll 8(lbu@800333D8)@800333E4)@800333E8,sll 16(lbu@800333E0)@800333EC)@800333F0	0xff000000	sll 24(lbu@800333F4)@800333FC	BLOCK	ARITH-and		not-discriminating (committed C: identical bytes under narrow and exprop)
C	func_80016A8C	80016B90	addu	$a0, $a0, $v0	0xf	sra 1(andi 0x1F@80016B7C)@80016B80	0x1e0	andi 0x1E0@80016B8C	BLOCK	ARITH-addu		not-discriminating (committed C: identical bytes under narrow and exprop)
C	func_80016E60	80016EFC	addu	$v0, $v0, $v1	0x4	sll 2(andi 0x1@80016EF0)@80016EF4	0x1	andi 0x1@80016EF0	BLOCK	ARITH-sll		not-discriminating (committed C: identical bytes under narrow and exprop)
C	func_80016E60	80016F0C	addu	$v0, $v0, $v1	0xfffffffc	sll 2(subu@80016F04)@80016F08	0x1	andi 0x1@80016EF0	BLOCK	ARITH-sll		not-discriminating (committed C: identical bytes under narrow and exprop)
C	func_80016E60	80016F20	addu	$v0, $v0, $v1	0x80	sll 7(andi 0x1@80016EF0)@80016F1C	0x1	andi 0x1@80016EF0	BLOCK	ARITH-sll		not-discriminating (committed C: identical bytes under narrow and exprop)
C	func_80016E60	80016F28	addu	$v0, $v0, $v1	0xfffffff8	sll 3(addu@80016F20)@80016F24	0x1	andi 0x1@80016EF0	BLOCK	ARITH-sll		not-discriminating (committed C: identical bytes under narrow and exprop)
C	func_80016E60	80016F68	or	$a1, $s1, $a1	0x0	move(zero)@80016E68	0xff0000	sll 16(lbu@80016F58)@80016F60	XBLOCK	DEAD(overwritten)x	Z	not-discriminating (committed C: identical bytes under narrow and exprop)
C	func_80019488	800194AC	or	$v0, $v0, $a0	0xf	andi 0xF@800194A0	0xf0	sll 4(andi 0xF@800194A4)@800194A8	BLOCK	(dslot)ARITH-or		not-discriminating (committed C: identical bytes under narrow and exprop)
C	func_80019488	800194BC	or	$v0, $v0, $v1	0xff	or(andi 0xF@800194A0,sll 4(andi 0xF@800194A4)@800194A8)@800194AC	0xf00	sll 8(andi 0xF@800194B0)@800194B4	BLOCK	RETURN(delay)		not-discriminating (committed C: identical bytes under narrow and exprop)
C	func_80019568	8001964C	or	$t1, $v0, $v1	0x0	srl 16(move(zero)@80019574)@80019644	0x0	sll 16(move(zero)@80019638)@80019648	XBLOCK	(dslot)ARITH-sw	Z	not-discriminating (committed C: identical bytes under narrow and exprop)
ASM	func_800198D0	80019968	addu	$v0, $v0, $v1	0x18	sll 3(andi 0x3@80019960)@80019964	0x3	andi 0x3@80019960	BLOCK	ARITH-sll		pending (no C yet)
ASM	func_800198D0	80019A6C	or	$v1, $v1, $a0	0xff0000	sll 16(lbu@80019A58)@80019A64	0xff00	sll 8(lbu@80019A5C)@80019A68	BLOCK	ARITH-or		pending (no C yet)
ASM	func_800198D0	80019A70	or	$v1, $v1, $v0	0xffff00	or(sll 16(lbu@80019A58)@80019A64,sll 8(lbu@80019A5C)@80019A68)@80019A6C	0xff	lbu@80019A60	BLOCK	ARITH-addiu		pending (no C yet)
ASM	func_800198D0	8001A318	or	$v0, $v0, $v1	0xfffffff8	sll 3(or(sllv@8001A2C4,srlv@8001A300)@8001A304)@8001A310	0x7	andi 0x7@8001A314	XBLOCK	ARITH-addiu		pending (no C yet)
ASM	func_8001BE20	8001C354	or	$a0, $a0, $v0	0xfff	andi 0xFFF@8001C348	0x2000	srl 2(andi 0x8000@8001C34C)@8001C350	BLOCK	ARITH-or		not-discriminating (ledger candidate: identical bytes under narrow and exprop)
ASM	func_8001BE20	8001C360	or	$a0, $a0, $v0	0x2fff	or(andi 0xFFF@8001C348,srl 2(andi 0x8000@8001C34C)@8001C350)@8001C354	0x8000	sll 2(andi 0x2000@8001C358)@8001C35C	BLOCK	ARITH-or		not-discriminating (ledger candidate: identical bytes under narrow and exprop)
ASM	func_8001BE20	8001C36C	or	$a0, $a0, $v0	0xafff	or(or(andi 0xFFF@8001C348,srl 2(andi 0x8000@8001C34C)@8001C350)@8001C354,sll 2(andi 0x2000@8001C358)@8001C35C)@8001C360	0x1000	srl 2(andi 0x4000@8001C364)@8001C368	BLOCK	ARITH-or		not-discriminating (ledger candidate: identical bytes under narrow and exprop)
ASM	func_8001BE20	8001C378	or	$a0, $a0, $v1	0xbfff	or(or(or(andi 0xFFF@8001C348,srl 2(andi 0x8000@8001C34C)@8001C350)@8001C354,sll 2(andi 0x2000@8001C358)@8001C35C)@8001C360,srl 2(andi 0x4000@8001C364)@8001C368)@8001C36C	0x4000	sll 2(andi 0x1000@8001C370)@8001C374	BLOCK	STORE-sw		not-discriminating (ledger candidate: identical bytes under narrow and exprop)
ASM	func_8001BE20	8001C388	or	$v1, $v1, $v0	0xfff	andi 0xFFF@8001C37C	0x2000	srl 2(andi 0x8000@8001C380)@8001C384	BLOCK	ARITH-or		not-discriminating (ledger candidate: identical bytes under narrow and exprop)
ASM	func_8001BE20	8001C394	or	$v1, $v1, $v0	0x2fff	or(andi 0xFFF@8001C37C,srl 2(andi 0x8000@8001C380)@8001C384)@8001C388	0x8000	sll 2(andi 0x2000@8001C38C)@8001C390	BLOCK	ARITH-or		not-discriminating (ledger candidate: identical bytes under narrow and exprop)
ASM	func_8001BE20	8001C3A0	or	$v1, $v1, $v0	0xafff	or(or(andi 0xFFF@8001C37C,srl 2(andi 0x8000@8001C380)@8001C384)@8001C388,sll 2(andi 0x2000@8001C38C)@8001C390)@8001C394	0x1000	srl 2(andi 0x4000@8001C398)@8001C39C	BLOCK	ARITH-or		not-discriminating (ledger candidate: identical bytes under narrow and exprop)
ASM	func_8001BE20	8001C3AC	or	$v1, $v1, $a1	0xbfff	or(or(or(andi 0xFFF@8001C37C,srl 2(andi 0x8000@8001C380)@8001C384)@8001C388,sll 2(andi 0x2000@8001C38C)@8001C390)@8001C394,srl 2(andi 0x4000@8001C398)@8001C39C)@8001C3A0	0x4000	sll 2(andi 0x1000@8001C3A4)@8001C3A8	BLOCK	STORE-sw		not-discriminating (ledger candidate: identical bytes under narrow and exprop)
ASM	func_8001BE20	8001C3C0	or	$v1, $v1, $v0	0xfff	andi 0xFFF@8001C3B4	0x2000	srl 2(andi 0x8000@8001C3B8)@8001C3BC	BLOCK	ARITH-or		not-discriminating (ledger candidate: identical bytes under narrow and exprop)
ASM	func_8001BE20	8001C3CC	or	$v1, $v1, $v0	0x2fff	or(andi 0xFFF@8001C3B4,srl 2(andi 0x8000@8001C3B8)@8001C3BC)@8001C3C0	0x8000	sll 2(andi 0x2000@8001C3C4)@8001C3C8	BLOCK	ARITH-or		not-discriminating (ledger candidate: identical bytes under narrow and exprop)
ASM	func_8001BE20	8001C3D8	or	$v1, $v1, $v0	0xafff	or(or(andi 0xFFF@8001C3B4,srl 2(andi 0x8000@8001C3B8)@8001C3BC)@8001C3C0,sll 2(andi 0x2000@8001C3C4)@8001C3C8)@8001C3CC	0x1000	srl 2(andi 0x4000@8001C3D0)@8001C3D4	BLOCK	ARITH-or		not-discriminating (ledger candidate: identical bytes under narrow and exprop)
ASM	func_8001BE20	8001C3EC	or	$v1, $v1, $a2	0xbfff	or(or(or(andi 0xFFF@8001C3B4,srl 2(andi 0x8000@8001C3B8)@8001C3BC)@8001C3C0,sll 2(andi 0x2000@8001C3C4)@8001C3C8)@8001C3CC,srl 2(andi 0x4000@8001C3D0)@8001C3D4)@8001C3D8	0x4000	sll 2(andi 0x1000@8001C3DC)@8001C3E0	BLOCK	STORE-sw		not-discriminating (ledger candidate: identical bytes under narrow and exprop)
ASM	func_8001BE20	8001C400	or	$v1, $v1, $v0	0xfff	andi 0xFFF@8001C3F4	0x2000	srl 2(andi 0x8000@8001C3F8)@8001C3FC	BLOCK	ARITH-or		not-discriminating (ledger candidate: identical bytes under narrow and exprop)
ASM	func_8001BE20	8001C40C	or	$v1, $v1, $v0	0x2fff	or(andi 0xFFF@8001C3F4,srl 2(andi 0x8000@8001C3F8)@8001C3FC)@8001C400	0x8000	sll 2(andi 0x2000@8001C404)@8001C408	BLOCK	ARITH-or		not-discriminating (ledger candidate: identical bytes under narrow and exprop)
ASM	func_8001BE20	8001C418	or	$v1, $v1, $v0	0xafff	or(or(andi 0xFFF@8001C3F4,srl 2(andi 0x8000@8001C3F8)@8001C3FC)@8001C400,sll 2(andi 0x2000@8001C404)@8001C408)@8001C40C	0x1000	srl 2(andi 0x4000@8001C410)@8001C414	BLOCK	ARITH-or		not-discriminating (ledger candidate: identical bytes under narrow and exprop)
ASM	func_8001BE20	8001C424	or	$v1, $v1, $a0	0xbfff	or(or(or(andi 0xFFF@8001C3F4,srl 2(andi 0x8000@8001C3F8)@8001C3FC)@8001C400,sll 2(andi 0x2000@8001C404)@8001C408)@8001C40C,srl 2(andi 0x4000@8001C410)@8001C414)@8001C418	0x4000	sll 2(andi 0x1000@8001C41C)@8001C420	BLOCK	STORE-sw		not-discriminating (ledger candidate: identical bytes under narrow and exprop)
ASM	func_8001CE60	8001D734	or	$v1, $v1, $a1	0xff	lbu@8001D724	0xff00	sll 8(lbu@8001D714)@8001D730	BLOCK	ARITH-or		pending (no C yet)
C	func_800203B4	8002047C	or	$t5, $t5, $t6	0xffff	lhu@80020474	0xffff0000	sll 16(lhu@80020470)@80020478	BLOCK	ARITH-mtc2		not-discriminating (committed C: identical bytes under narrow and exprop)
ASM	func_800204C0	8002055C	or	$t5, $t5, $t6	0xffff	lhu@80020554	0xffff0000	sll 16(lhu@80020550)@80020558	BLOCK	ARITH-mtc2		not-discriminating (ledger candidate: identical bytes under narrow and exprop)
C	func_80021DB0	80021E5C	addu	$v0, $v0, $s5	0x0	sll 1(move(zero)@80021E2C)@80021E54	0x0	move(zero)@80021E2C	XBLOCK	ARITH-addu	Z	not-discriminating (committed C: identical bytes under narrow and exprop)
C	func_80021DB0	800221B4	addu	$v0, $v0, $s1	0x0	sll 1(move(move(zero)@80022124)@8002219C)@800221B0	0x0	move(move(zero)@80022124)@8002219C	XBLOCK	ARITH-sll	Z	not-discriminating (committed C: identical bytes under narrow and exprop)
ASM	func_80023F08	80023FD4	or	$a1, $a1, $v0	0xfff	andi 0xFFF@80023FC8	0x1000	srl 3(andi 0x8000@80023FCC)@80023FD0	BLOCK	ARITH-or		pending (no C yet)
ASM	func_80023F08	80023FE0	or	$a1, $a1, $v1	0x1fff	or(andi 0xFFF@80023FC8,srl 3(andi 0x8000@80023FCC)@80023FD0)@80023FD4	0xe000	sll 1(andi 0x7000@80023FD8)@80023FDC	BLOCK	STORE-sw		pending (no C yet)
ASM	func_80023F08	80023FF0	or	$v1, $v1, $v0	0xfff	andi 0xFFF@80023FE4	0x1000	srl 3(andi 0x8000@80023FE8)@80023FEC	BLOCK	ARITH-or		pending (no C yet)
ASM	func_80023F08	80024004	or	$v1, $v1, $a0	0x1fff	or(andi 0xFFF@80023FE4,srl 3(andi 0x8000@80023FE8)@80023FEC)@80023FF0	0xe000	sll 1(andi 0x7000@80023FF4)@80023FF8	BLOCK	STORE-sw		pending (no C yet)
ASM	func_80023F08	8002401C	or	$a0, $a0, $v0	0xfff	andi 0xFFF@80024010	0x1000	srl 3(andi 0x8000@80024014)@80024018	BLOCK	ARITH-or		pending (no C yet)
ASM	func_80023F08	80024028	or	$a0, $a0, $a1	0x1fff	or(andi 0xFFF@80024010,srl 3(andi 0x8000@80024014)@80024018)@8002401C	0xe000	sll 1(andi 0x7000@80024020)@80024024	BLOCK	STORE-sw		pending (no C yet)
ASM	func_80023F08	8002403C	or	$a0, $a0, $v0	0xfff	andi 0xFFF@80024030	0x1000	srl 3(andi 0x8000@80024034)@80024038	BLOCK	ARITH-or		pending (no C yet)
ASM	func_80023F08	80024048	or	$a0, $a0, $v1	0x1fff	or(andi 0xFFF@80024030,srl 3(andi 0x8000@80024034)@80024038)@8002403C	0xe000	sll 1(andi 0x7000@80024040)@80024044	BLOCK	STORE-sw		pending (no C yet)
ASM	func_80023F08	800244DC	or	$v1, $v1, $v0	0xffff	lhu@800244D0	0xffff0000	sll 16(lhu@800244CC)@800244D8	BLOCK	ARITH-and		pending (no C yet)
ASM	func_80023F08	8002488C	addu	$v1, $v1, $v0	0xf0	sll 4(srl 4(lbu@8002487C)@80024884)@80024888	0xf	srl 4(lbu@8002487C)@80024884	BLOCK	ARITH-sll		pending (no C yet)
ASM	func_80023F08	80024E90	addu	$a0, $v1, $a0	0x0	move(zero)@80024E7C	0xffff	lhu@80024E88	XBLOCK	ARITH-addu	Z	pending (no C yet)
ASM	func_800290B8	80029154	addu	$v0, $a1, $v0	0x1	li 0x1@80029148	0x0	srl 31(li 0x1@80029148)@80029150	XBLOCK	ARITH-sra	Z	pending (no C yet)
ASM	func_80029454	80029ED8	or	$v0, $v0, $v1	0x0	sll 1(sra 1(move(zero)@80029C3C)@80029EC8)@80029ECC	0x0	sra 1(move(zero)@80029A6C)@80029ED0	XBLOCK	DEAD(overwritten)x	Z	pending (no C yet)
ASM	func_80029454	8002A3BC	or	$v0, $v0, $v1	0x0	sll 1(sra 1(move(zero)@80029F54)@8002A3AC)@8002A3B0	0x0	sra 1(move(zero)@8002A118)@8002A3B4	XBLOCK	DEAD(overwritten)x	Z	pending (no C yet)
ASM	func_8002AB08	8002AB94	addu	$v0, $v0, $s6	0x0	sll 4(move(zero)@8002AB1C)@8002AB90	0x0	move(zero)@8002AB1C	XBLOCK	ARITH-sll	Z	pending (no C yet)
ASM	func_8002AB08	8002AB9C	addu	$v0, $v0, $s6	0xfffffffc	sll 2(addu@8002AB94)@8002AB98	0x0	move(zero)@8002AB1C	XBLOCK	ARITH-sll	Z	pending (no C yet)
ASM	func_8002AB08	8002B584	addu	$a2, $a2, $s5	0x0	sll 1(move(move(zero)@8002B49C)@8002B538)@8002B580	0x0	move(move(zero)@8002B49C)@8002B538	XBLOCK	ARITH-sll	Z	pending (no C yet)
C	func_8002CD58	8002D0BC	or	$t5, $t5, $t6	0xffff	lhu@8002D0B4	0xffff0000	sll 16(lhu@8002D0B0)@8002D0B8	BLOCK	ARITH-mtc2		not-discriminating (committed C: identical bytes under narrow and exprop)
C	func_8002CD58	8002D0F8	or	$t5, $t5, $t6	0xffff	lhu@8002D0F0	0xffff0000	sll 16(lhu@8002D0EC)@8002D0F4	BLOCK	ARITH-mtc2		not-discriminating (committed C: identical bytes under narrow and exprop)
C	func_8002CD58	8002D2A0	or	$t5, $t5, $t6	0xffff	lhu@8002D298	0xffff0000	sll 16(lhu@8002D294)@8002D29C	BLOCK	ARITH-mtc2		not-discriminating (committed C: identical bytes under narrow and exprop)
C	func_8002CD58	8002D2DC	or	$t5, $t5, $t6	0xffff	lhu@8002D2D4	0xffff0000	sll 16(lhu@8002D2D0)@8002D2D8	BLOCK	ARITH-mtc2		not-discriminating (committed C: identical bytes under narrow and exprop)
ASM	func_8002DAD0	8002DDA0	or	$t5, $t5, $t6	0xffff	lhu@8002DD98	0xffff0000	sll 16(lhu@8002DD94)@8002DD9C	BLOCK	ARITH-mtc2		not-discriminating (ledger candidate: identical bytes under narrow and exprop)
ASM	func_8002DAD0	8002DDDC	or	$t5, $t5, $t6	0xffff	lhu@8002DDD4	0xffff0000	sll 16(lhu@8002DDD0)@8002DDD8	BLOCK	ARITH-mtc2		not-discriminating (ledger candidate: identical bytes under narrow and exprop)
ASM	func_8002DE20	8002E004	addu	$v0, $v0, $t3	0x2	sll 1(move(li 0x1@8002DF90)@8002DFC8)@8002DFFC	0x1	move(li 0x1@8002DF90)@8002DFC8	XBLOCK	DEAD(overwritten)		pending (no C yet)
ASM	func_8002DE20	8002E02C	addu	$v0, $v0, $t3	0x2	sll 1(li 0x1@8002E00C)@8002E028	0x1	li 0x1@8002E00C	XBLOCK	ARITH-sllx		pending (no C yet)
ASM	func_8002DE20	8002E03C	addu	$v0, $v0, $t5	0x0	sll 1(move(zero)@8002E008)@8002E038	0x0	move(zero)@8002E008	XBLOCK	ARITH-sll	Z	pending (no C yet)
C	func_8002E838	8002E9E4	or	$t5, $t5, $t6	0xffff	lhu@8002E9DC	0xffff0000	sll 16(lhu@8002E9D8)@8002E9E0	BLOCK	ARITH-mtc2		not-discriminating (committed C: identical bytes under narrow and exprop)
C	func_8002EBDC	8002ED68	or	$t5, $t5, $t6	0xffff	lhu@8002ED60	0xffff0000	sll 16(lhu@8002ED5C)@8002ED64	BLOCK	ARITH-mtc2		not-discriminating (committed C: identical bytes under narrow and exprop)
C	func_8002EBDC	8002EE78	or	$t5, $t5, $t6	0xffff	lhu@8002EE70	0xffff0000	sll 16(lhu@8002EE6C)@8002EE74	BLOCK	ARITH-mtc2		not-discriminating (committed C: identical bytes under narrow and exprop)
C	func_8002F2D0	8002F6F4	or	$t5, $t5, $t6	0xffff	lhu@8002F6EC	0xffff0000	sll 16(lhu@8002F6E8)@8002F6F0	BLOCK	ARITH-mtc2		not-discriminating (committed C: identical bytes under narrow and exprop)
C	func_8002F770	8002FC04	or	$t5, $t5, $t6	0xffff	lhu@8002FBFC	0xffff0000	sll 16(lhu@8002FBF8)@8002FC00	BLOCK	ARITH-mtc2		not-discriminating (committed C: identical bytes under narrow and exprop)
C	func_8002FF20	8003004C	or	$t5, $t5, $t6	0xffff	lhu@80030044	0xffff0000	sll 16(lhu@80030040)@80030048	BLOCK	ARITH-mtc2		not-discriminating (committed C: identical bytes under narrow and exprop)
C	func_800300B4	80030134	or	$t5, $t5, $t6	0xffff	lhu@8003012C	0xffff0000	sll 16(lhu@80030128)@80030130	BLOCK	ARITH-mtc2		not-discriminating (committed C: identical bytes under narrow and exprop)
ASM	func_80030D7C	80030F70	addu	$v1, $a3, $v1	0x42	li 0x42@80030ED0	0x0	srl 31(li 0x42@80030ED0)@80030F6C	XBLOCK	ARITH-sra	Z	pending (no C yet)
C	func_80031890	800319E8	or	$t5, $t5, $t6	0xffff	lhu@800319E0	0xffff0000	sll 16(lhu@800319DC)@800319E4	BLOCK	ARITH-mtc2		not-discriminating (committed C: identical bytes under narrow and exprop)
C	func_80031B24	80031BCC	addu	$v0, $v0, $s4	0x10	sll 4(sltiu@80031BC4)@80031BC8	0x1	sltiu@80031BC4	BLOCK	ARITH-sll		not-discriminating (committed C: identical bytes under narrow and exprop)
C	func_80031B24	80031BD4	addu	$v0, $v0, $s4	0xfffffffc	sll 2(addu@80031BCC)@80031BD0	0x1	sltiu@80031BC4	BLOCK	ARITH-sll		not-discriminating (committed C: identical bytes under narrow and exprop)
C	func_80031B24	80031CB8	addu	$v0, $v0, $s4	0x20	sll 5(sltiu@80031BC4)@80031CB4	0x1	sltiu@80031BC4	XBLOCK	ARITH-sll		not-discriminating (committed C: identical bytes under narrow and exprop)
C	func_80031B24	80031E98	addu	$v0, $v0, $s4	0x20	sll 5(sltiu@80031BC4)@80031E94	0x1	sltiu@80031BC4	XBLOCK	ARITH-sll		not-discriminating (committed C: identical bytes under narrow and exprop)
C	func_80031B24	80031F34	addu	$v0, $v0, $s4	0x20	sll 5(sltiu@80031BC4)@80031F30	0x1	sltiu@80031BC4	XBLOCK	ARITH-sll		not-discriminating (committed C: identical bytes under narrow and exprop)
C	func_80031B24	80031FA0	addu	$a2, $a2, $s4	0x20	sll 5(sltiu@80031BC4)@80031F9C	0x1	sltiu@80031BC4	XBLOCK	ARITH-sll		not-discriminating (committed C: identical bytes under narrow and exprop)
C	func_80032314	80032348	addu	$v0, $v0, $v1	0x10	sll 4(sltiu@80032340)@80032344	0x1	sltiu@80032340	BLOCK	ARITH-sll		not-discriminating (committed C: identical bytes under narrow and exprop)
C	func_80032314	80032350	addu	$v0, $v0, $v1	0xfffffffc	sll 2(addu@80032348)@8003234C	0x1	sltiu@80032340	BLOCK	ARITH-sll		not-discriminating (committed C: identical bytes under narrow and exprop)
C	func_80033DF4	80033F78	addu	$a0, $a0, $v0	0x4	sll 2(sltiu@80033F70)@80033F74	0x1	sltiu@80033F70	BLOCK	ARITH-addu		not-discriminating (committed C: identical bytes under narrow and exprop)
C	func_80035280	800352B8	or	$v0, $v0, $v1	0xfffffffe	and(lw@800352A8,li -0x2@800352A4)@800352B0	0x1	andi 0x1@800352B4	BLOCK	STORE-sw		not-discriminating (committed C: identical bytes under narrow and exprop)
C	func_80035280	800352D4	or	$v0, $v0, $v1	0xfffffffd	and(or(and(lw@800352A8,li -0x2@800352A4)@800352B0,andi 0x1@800352B4)@800352B8,li -0x3@800352BC)@800352C4	0x2	andi 0x2@800352D0	BLOCK	STORE-sw		not-discriminating (committed C: identical bytes under narrow and exprop)
C	func_80035280	800352E8	or	$v0, $v0, $v1	0xfffffffb	and(or(and(or(and(lw@800352A8,li -0x2@800352A4)@800352B0,andi 0x1@800352B4)@800352B8,li -0x3@800352BC)@800352C4,andi 0x2@800352D0)@800352D4,li -0x5@800352CC)@800352E0	0x4	andi 0x4@800352E4	BLOCK	STORE-sw		not-discriminating (committed C: identical bytes under narrow and exprop)
C	func_80037F40	80037F58	addu	$t4, $t4, $v0	0x0	move(zero)@80037F40	0xff	lbu@80037F50	XBLOCK	STORE-swx	Z	not-discriminating (committed C: identical bytes under narrow and exprop)
C	func_8003800C	80038030	addu	$a0, $a0, $v0	0x0	move(zero)@8003801C	0xff	lbu@80038028	XBLOCK	BRANCH-beq	Z	not-discriminating (committed C: identical bytes under narrow and exprop)
C	func_800393C8	80039588	or	$v0, $v0, $v1	0xfff	andi 0xFFF@80039584	0xfffff000	sll 12(move(?(entry))@800393CC)@80039528	XBLOCK	STORE-sh		not-discriminating (committed C: identical bytes under narrow and exprop)
C	func_80039680	800396E0	or	$v1, $v1, $v0	0xfff	andi 0xFFF@800396D8	0xff000	sll 12(lbu@800396D4)@800396DC	BLOCK	STORE-sh		not-discriminating (committed C: identical bytes under narrow and exprop)
ASM	func_8003993C	80039BA8	addu	$a1, $s4, $a1	0x0	move(zero)@80039AA8	0x8000	ori(zero)@80039BA0	XBLOCK	CALL-ARG(func_80049718)	Z	pending (no C yet)
ASM	func_8003993C	80039BCC	addu	$a1, $s4, $a1	0x0	move(zero)@80039AA8	0x8001	ori(zero)@80039BC8	XBLOCK	CALL-ARG(func_80049718)	Z	pending (no C yet)
ASM	func_8003993C	80039C58	addu	$a1, $a1, $s3	0x0	sll 5(move(zero)@80039A98)@80039C54	0x0	move(zero)@80039A98	XBLOCK	ARITH-sll	Z	pending (no C yet)
ASM	func_8003993C	80039C64	addu	$a2, $s2, $s3	0x0	sll 3(move(zero)@80039A98)@80039AC4	0x0	move(zero)@80039A98	XBLOCK	ARITH-sll	Z	pending (no C yet)
ASM	func_8003993C	80039C74	addu	$a3, $s4, $s3	0x0	move(zero)@80039AA8	0x0	move(zero)@80039A98	XBLOCK	ARITH-sll	Z	pending (no C yet)
ASM	func_8003993C	80039D18	addu	$v1, $v1, $s2	0x4	sll 2(andi 0x1@80039D10)@80039D14	0x1	andi 0x1@80039D10	XBLOCK	ARITH-sll		pending (no C yet)
C	func_8003A728	8003A770	or	$v0, $v0, $a0	0xc0000000	or(sll 31(lw@8003A750)@8003A75C,sll 30(lw@8003A754)@8003A760)@8003A764	0x30000000	sll 28(andi 0x3@8003A768)@8003A76C	BLOCK	ARITH-or		not-discriminating (committed C: identical bytes under narrow and exprop)
C	func_8003A728	8003A788	or	$v0, $v0, $s2	0xffff0000	or(or(or(sll 31(lw@8003A750)@8003A75C,sll 30(lw@8003A754)@8003A760)@8003A764,sll 28(andi 0x3@8003A768)@8003A76C)@8003A770,sll 16(lh@8003A778)@8003A780)@8003A784	0xffff	andi 0xFFFF@8003A774	BLOCK	ARITH-sra		not-discriminating (committed C: identical bytes under narrow and exprop)
C	func_8003A728	8003A7A8	or	$a0, $a0, $v0	0xffff0000	sll 16(lhu@8003A77C)@8003A78C	0xffff	andi 0xFFFF@8003A7A4	BLOCK	STORE-sw		not-discriminating (committed C: identical bytes under narrow and exprop)
C	func_8003A728	8003A93C	or	$v0, $v0, $s0	0xffff0000	sll 16(lhu@8003A928)@8003A930	0xffff	lhu@8003A934	BLOCK	STORE-sw		not-discriminating (committed C: identical bytes under narrow and exprop)
C	func_8003A728	8003A960	or	$v0, $v0, $v1	0xffff0000	sll 16(lhu@8003A954)@8003A95C	0xffff	lhu@8003A928	XBLOCK	STORE-sw		not-discriminating (committed C: identical bytes under narrow and exprop)
C	func_8003DBE4	8003DCDC	addu	$v0, $v0, $v1	0x2	sll 1(andi 0x1@8003DCD4)@8003DCD8	0x1	andi 0x1@8003DCD4	BLOCK	ARITH-sll		not-discriminating (committed C: identical bytes under narrow and exprop)
C	func_8003DE14	8003DEBC	or	$v0, $v0, $v1	0x3e0	sll 2(andi 0xF8@8003DEB4)@8003DEB8	0xffff8000	li -0x8000@8003DEA0	BLOCK	ARITH-or		not-discriminating (committed C: identical bytes under narrow and exprop)
C	func_8003DE14	8003DEC0	or	$a0, $a0, $v0	0x1f	srl 3(lbu@8003DEA4)@8003DEB0	0xffff83e0	or(sll 2(andi 0xF8@8003DEB4)@8003DEB8,li -0x8000@8003DEA0)@8003DEBC	BLOCK	ARITH-or		not-discriminating (committed C: identical bytes under narrow and exprop)
C	func_8003DE14	8003DED0	or	$s6, $a0, $v0	0xffff83ff	or(srl 3(lbu@8003DEA4)@8003DEB0,or(sll 2(andi 0xF8@8003DEB4)@8003DEB8,li -0x8000@8003DEA0)@8003DEBC)@8003DEC0	0x7c00	sll 7(andi 0xF8@8003DEC4)@8003DEC8	BLOCK	STORE-shx		not-discriminating (committed C: identical bytes under narrow and exprop)
C	func_8003DE14	8003E010	or	$v0, $v0, $a1	0x8000	andi 0x8000@8003E00C	0x1f	andi 0x1F@8003DFF0	XBLOCK	ARITH-or		not-discriminating (committed C: identical bytes under narrow and exprop)
C	func_8003DE14	8003E014	or	$v0, $v0, $v1	0x801f	or(andi 0x8000@8003E00C,andi 0x1F@8003DFF0)@8003E010	0x3e0	andi 0x3E0@8003DFFC	XBLOCK	ARITH-or		not-discriminating (committed C: identical bytes under narrow and exprop)
C	func_8003DE14	8003E01C	or	$v0, $v0, $v1	0x83ff	or(or(andi 0x8000@8003E00C,andi 0x1F@8003DFF0)@8003E010,andi 0x3E0@8003DFFC)@8003E014	0x7c00	andi 0x7C00@8003E018	XBLOCK	STORE-sh		not-discriminating (committed C: identical bytes under narrow and exprop)
C	func_8003EB84	8003EC84	addu	$v0, $v0, $t1	0x0	sll 5(move(zero)@8003EC30)@8003EC80	0x0	move(zero)@8003EC60	XBLOCK	ARITH-addu	Z	not-discriminating (committed C: identical bytes under narrow and exprop)
ASM	func_8003EDC0	8003EEF8	addu	$v0, $v0, $v1	0x0	sll 1(sra 16(sll 16(move(move(zero)@8003EEC0)@8003EEE4)@8003EEEC)@8003EEF0)@8003EEF4	0x0	sra 16(sll 16(move(move(zero)@8003EEC0)@8003EEE4)@8003EEEC)@8003EEF0	XBLOCK	ARITH-sll	Z	pending (no C yet)
ASM	func_8003EDC0	8003EF00	addu	$v0, $v0, $v1	0xfffffffc	sll 2(addu@8003EEF8)@8003EEFC	0x0	sra 16(sll 16(move(move(zero)@8003EEC0)@8003EEE4)@8003EEEC)@8003EEF0	XBLOCK	ARITH-sll	Z	pending (no C yet)
ASM	func_8003EDC0	8003EF48	or	$v1, $v1, $v0	0xffff	lhu@8003EF30	0xffff0000	sll 16(lhu@8003EF3C)@8003EF44	BLOCK	STORE-sw		pending (no C yet)
ASM	func_8003EDC0	8003EF68	or	$v1, $v1, $v0	0xffff	lhu@8003EF50	0xffff0000	sll 16(lhu@8003EF5C)@8003EF64	BLOCK	STORE-sw		pending (no C yet)
ASM	func_8003EDC0	8003EF88	or	$v1, $v1, $v0	0xffff	lhu@8003EF70	0xffff0000	sll 16(lhu@8003EF7C)@8003EF84	BLOCK	STORE-sw		pending (no C yet)
C	func_8003FA24	8003FC40	or	$v1, $v0, $v1	0xffff0000	sll 16(lhu@8003FC34)@8003FC3C	0xffff	lhu@8003FC38	XBLOCK	ARITH-andi		not-discriminating (committed C: identical bytes under narrow and exprop)
C	func_8003FA24	8003FCE8	or	$v1, $v0, $v1	0xffff0000	sll 16(lhu@8003FCDC)@8003FCE4	0xffff	lhu@8003FCE0	BLOCK	ARITH-andi		not-discriminating (committed C: identical bytes under narrow and exprop)
C	func_80041398	800413CC	or	$t3, $v0, $a1	0xffffff00	and(lw@800413BC,li -0x100@800413A4)@800413C8	0xff	andi 0xFF@800413AC	BLOCK	STORE-swx		not-discriminating (committed C: identical bytes under narrow and exprop)
C	func_80041398	800413EC	or	$v1, $v1, $a1	0xffffff00	and(lw@800413C4,li -0x100@800413A4)@800413D8	0xff	andi 0xFF@800413AC	BLOCK	STORE-swx		not-discriminating (committed C: identical bytes under narrow and exprop)
C	func_80041688	800417AC	or	$a0, $a0, $v0	0xff0000	sll 16(lbu@8004179C)@800417A4	0xff00	sll 8(lbu@800417A0)@800417A8	BLOCK	ARITH-or		not-discriminating (committed C: identical bytes under narrow and exprop)
C	func_80041688	800417B0	or	$a0, $v1, $a0	0xff	lbu@80041798	0xffff00	or(sll 16(lbu@8004179C)@800417A4,sll 8(lbu@800417A0)@800417A8)@800417AC	BLOCK	CALL-ARG(func_80041398)x		not-discriminating (committed C: identical bytes under narrow and exprop)
C	func_80041AC8	80041BA8	addu	$v0, $v0, $s2	0xffff	lhu@80041B90	0x0	move(zero)@80041B64	XBLOCK	(dslot)ARITH-sh	Z	not-discriminating (committed C: identical bytes under narrow and exprop)
C	func_80041BF4	80041D70	addu	$v1, $v1, $s4	0xffff	lhu@80041D58	0x0	move(zero)@80041D0C	XBLOCK	(dslot)ARITH-sh	Z	not-discriminating (committed C: identical bytes under narrow and exprop)
C	func_80042504	80042574	addu	$v0, $v0, $s0	0x0	sll 1(move(zero)@80042568)@80042570	0x0	move(zero)@80042568	XBLOCK	ARITH-sll	Z	not-discriminating (committed C: identical bytes under narrow and exprop)
C	func_80043278	80043290	or	$v0, $v0, $v1	0x7ff	andi 0x7FF@8004328C	0xfffff000	li -0x1000@80043280	BLOCK	ARITH-srav		not-discriminating (committed C: identical bytes under narrow and exprop)
C	func_800477E8	8004790C	or	$v0, $a2, $t0	0x13	li 0x13@80047864	0x1200	li 0x1200@80047860	XBLOCK	STORE-sh		not-discriminating (committed C: identical bytes under narrow and exprop)
C	func_800477E8	8004791C	or	$v0, $v1, $a1	0x1	li 0x1@8004786C	0x0	move(zero)@80047868	XBLOCK	DEAD(overwritten)x	Z	not-discriminating (committed C: identical bytes under narrow and exprop)
C	func_800477E8	80047920	or	$v0, $v1, $a1	0x1	li 0x1@8004786C	0x0	move(zero)@80047868	XBLOCK	STORE-sh	Z	not-discriminating (committed C: identical bytes under narrow and exprop)
C	func_800477E8	8004792C	or	$v0, $a2, $t0	0x13	li 0x13@80047864	0x1200	li 0x1200@80047860	XBLOCK	STORE-shx		not-discriminating (committed C: identical bytes under narrow and exprop)
C	func_80048864	80048A04	or	$v0, $a3, $a0	0x8000	andi 0x8000@80048938	0x1f	andi 0x1F@800489F8	XBLOCK	ARITH-or		not-discriminating (committed C: identical bytes under narrow and exprop)
C	func_80048864	80048A0C	or	$v0, $v0, $v1	0x801f	or(andi 0x8000@80048938,andi 0x1F@800489F8)@80048A04	0x3e0	sll 5(andi 0x1F@800489FC)@80048A08	XBLOCK	ARITH-or		not-discriminating (committed C: identical bytes under narrow and exprop)
C	func_80048864	80048A14	or	$v0, $v0, $v1	0x83ff	or(or(andi 0x8000@80048938,andi 0x1F@800489F8)@80048A04,sll 5(andi 0x1F@800489FC)@80048A08)@80048A0C	0x7c00	sll 10(andi 0x1F@80048A00)@80048A10	XBLOCK	STORE-sh		not-discriminating (committed C: identical bytes under narrow and exprop)
ASM	func_80048FFC	80049070	addu	$v0, $v0, $v1	0x8	sll 3(andi 0x1@80049068)@8004906C	0x1	andi 0x1@80049068	BLOCK	ARITH-sll		pending (no C yet)
C	func_80049718	8004982C	addu	$s0, $s0, $v1	0x2	sll 1(andi 0x1@80049820)@80049828	0x1	andi 0x1@80049820	XBLOCK	ARITH-sll		not-discriminating (committed C: identical bytes under narrow and exprop)
C	func_80049718	80049834	addu	$s0, $s0, $v1	0xfffffffc	sll 2(addu@8004982C)@80049830	0x1	andi 0x1@80049820	XBLOCK	ARITH-sll		not-discriminating (committed C: identical bytes under narrow and exprop)
C	func_80049A2C	80049AA0	addu	$v1, $v1, $a0	0x2	sll 1(andi 0x1@80049A98)@80049A9C	0x1	andi 0x1@80049A98	XBLOCK	ARITH-sll		not-discriminating (committed C: identical bytes under narrow and exprop)
C	func_8004A1FC	8004A278	addu	$s0, $s0, $s2	0x0	sll 1(sra 16(sll 16(move(zero)@8004A20C)@8004A224)@8004A228)@8004A24C	0x0	sra 16(sll 16(move(zero)@8004A20C)@8004A224)@8004A228	XBLOCK	ARITH-sll	Z	not-discriminating (committed C: identical bytes under narrow and exprop)
ASM	func_8004A808	8004A81C	or	$t6, $t6, $t7	0xffff	lhu@8004A80C	0xffff0000	sll 16(lhu@8004A810)@8004A818	BLOCK	ARITH-mtc2		pending (no C yet)
ASM	func_8004A808	8004A838	or	$t6, $t6, $t7	0xffff	lhu@8004A828	0xffff0000	sll 16(lhu@8004A82C)@8004A834	BLOCK	ARITH-mtc2		pending (no C yet)
ASM	func_8004A808	8004A854	or	$t6, $t6, $t7	0xffff	lhu@8004A844	0xffff0000	sll 16(lhu@8004A848)@8004A850	BLOCK	ARITH-mtc2		pending (no C yet)
ASM	func_8004A808	8004A8C0	or	$t6, $t6, $t7	0xffff	lhu@8004A8B0	0xffff0000	sll 16(lhu@8004A8B4)@8004A8BC	BLOCK	ARITH-mtc2		pending (no C yet)
ASM	func_8004A808	8004A8DC	or	$t6, $t6, $t7	0xffff	lhu@8004A8CC	0xffff0000	sll 16(lhu@8004A8D0)@8004A8D8	BLOCK	ARITH-mtc2		pending (no C yet)
ASM	func_8004A808	8004A8F8	or	$t6, $t6, $t7	0xffff	lhu@8004A8E8	0xffff0000	sll 16(lhu@8004A8EC)@8004A8F4	BLOCK	ARITH-mtc2		pending (no C yet)
ASM	func_8004A940	8004ABAC	or	$t0, $t0, $t1	0xffff	andi 0xFFFF@8004AB8C	0xffff0000	sll 16(srav@8004AB64)@8004AB90	BLOCK	ARITH-ctc2		pending (no C yet)
ASM	func_8004A940	8004ABB0	or	$t2, $t2, $t3	0xffff	andi 0xFFFF@8004AB94	0xffff0000	sll 16(srav@8004AB70)@8004AB98	BLOCK	ARITH-ctc2		pending (no C yet)
ASM	func_8004A940	8004ABB4	or	$t4, $t4, $t5	0xffff	andi 0xFFFF@8004AB9C	0xffff0000	sll 16(srav@8004AB78)@8004ABA0	BLOCK	ARITH-ctc2		pending (no C yet)
ASM	func_8004A940	8004ABB8	or	$t6, $t6, $t7	0xffff	andi 0xFFFF@8004ABA4	0xffff0000	sll 16(srav@8004AB84)@8004ABA8	BLOCK	ARITH-ctc2		pending (no C yet)
ASM	func_8004A940	8004ADE0	or	$t0, $t0, $t1	0xffff	andi 0xFFFF@8004ADC0	0xffff0000	sll 16(srav@8004AD98)@8004ADC4	BLOCK	ARITH-ctc2		pending (no C yet)
ASM	func_8004A940	8004ADE4	or	$t2, $t2, $t3	0xffff	andi 0xFFFF@8004ADC8	0xffff0000	sll 16(srav@8004ADA4)@8004ADCC	BLOCK	ARITH-ctc2		pending (no C yet)
ASM	func_8004A940	8004ADE8	or	$t4, $t4, $t5	0xffff	andi 0xFFFF@8004ADD0	0xffff0000	sll 16(srav@8004ADAC)@8004ADD4	BLOCK	ARITH-ctc2		pending (no C yet)
ASM	func_8004A940	8004ADEC	or	$t6, $t6, $t7	0xffff	andi 0xFFFF@8004ADD8	0xffff0000	sll 16(srav@8004ADB8)@8004ADDC	BLOCK	ARITH-ctc2		pending (no C yet)
ASM	func_8004A940	8004AF58	or	$t0, $t0, $t1	0xffff	andi 0xFFFF@8004AF38	0xffff0000	sll 16(sra 2(lh@8004AEF4)@8004AF18)@8004AF3C	BLOCK	ARITH-ctc2		pending (no C yet)
ASM	func_8004A940	8004AF5C	or	$t2, $t2, $t3	0xffff	andi 0xFFFF@8004AF40	0xffff0000	sll 16(sra 3(lh@8004AEFC)@8004AF20)@8004AF44	BLOCK	ARITH-ctc2		pending (no C yet)
ASM	func_8004A940	8004AF60	or	$t4, $t4, $t5	0xffff	andi 0xFFFF@8004AF48	0xffff0000	sll 16(sra 3(lh@8004AF04)@8004AF28)@8004AF4C	BLOCK	ARITH-ctc2		pending (no C yet)
ASM	func_8004A940	8004AF64	or	$t6, $t6, $t7	0xffff	andi 0xFFFF@8004AF50	0xffff0000	sll 16(sra 2(lh@8004AF0C)@8004AF30)@8004AF54	BLOCK	ARITH-ctc2		pending (no C yet)
ASM	func_8004A940	8004B238	or	$t2, $t2, $t3	0xffff	lhu@8004B20C	0xffff0000	sll 16(sra 1(lh@8004B210)@8004B21C)@8004B22C	BLOCK	ARITH-ctc2		pending (no C yet)
ASM	func_8004A940	8004B23C	or	$t4, $t4, $t5	0xffff	andi 0xFFFF@8004B230	0xffff0000	sll 16(sra 1(lh@8004B218)@8004B224)@8004B234	BLOCK	ARITH-ctc2		pending (no C yet)
ASM	func_8004A940	8004B4AC	or	$t0, $t0, $t1	0xffff	andi 0xFFFF@8004B48C	0xffff0000	sll 16(srav@8004B464)@8004B490	BLOCK	ARITH-ctc2		pending (no C yet)
ASM	func_8004A940	8004B4B0	or	$t2, $t2, $t3	0xffff	andi 0xFFFF@8004B494	0xffff0000	sll 16(srav@8004B470)@8004B498	BLOCK	ARITH-ctc2		pending (no C yet)
ASM	func_8004A940	8004B4B4	or	$t4, $t4, $t5	0xffff	andi 0xFFFF@8004B49C	0xffff0000	sll 16(srav@8004B478)@8004B4A0	BLOCK	ARITH-ctc2		pending (no C yet)
ASM	func_8004A940	8004B4B8	or	$t6, $t6, $t7	0xffff	andi 0xFFFF@8004B4A4	0xffff0000	sll 16(srav@8004B484)@8004B4A8	BLOCK	ARITH-ctc2		pending (no C yet)
ASM	func_8004A940	8004B994	or	$t0, $t0, $t4	0xffff	lhu@8004B988	0xffff0000	sll 16(lh@8004B96C)@8004B980	BLOCK	STORE-sw		pending (no C yet)
ASM	func_8004A940	8004B998	or	$t1, $t1, $t5	0xffff	lhu@8004B98C	0xffff0000	sll 16(lh@8004B970)@8004B984	BLOCK	STORE-sw		pending (no C yet)
ASM	func_8004BB68	8004BBB0	or	$t0, $t0, $t4	0xffff	lhu@8004BB9C	0xffff0000	sll 16(lhu@8004BB94)@8004BBA8	BLOCK	STORE-sw		pending (no C yet)
ASM	func_8004BB68	8004BBB4	or	$t1, $t1, $t5	0xffff	lhu@8004BBA0	0xffff0000	sll 16(lhu@8004BB98)@8004BBAC	BLOCK	STORE-sw		pending (no C yet)
ASM	func_8004BCC0	8004BD4C	or	$v0, $v0, $v1	0xffff	lhu@8004BD44	0xffff0000	sll 16(lhu@8004BD40)@8004BD48	BLOCK	ARITH-sll		pending (no C yet)
ASM	func_8004BCC0	8004BFF0	or	$t0, $t0, $t4	0xffff	lhu@8004BFE0	0xffff0000	sll 16(lh@8004BFC0)@8004BFD8	BLOCK	STORE-sw		pending (no C yet)
ASM	func_8004BCC0	8004BFF4	or	$t1, $t1, $t5	0xffff	lhu@8004BFE4	0xffff0000	sll 16(lh@8004BFC4)@8004BFDC	BLOCK	STORE-sw		pending (no C yet)
ASM	func_8004C1F4	8004C240	or	$t0, $t0, $t4	0xffff	lhu@8004C228	0xffff0000	sll 16(lhu@8004C220)@8004C238	BLOCK	STORE-sw		pending (no C yet)
ASM	func_8004C1F4	8004C244	or	$t1, $t1, $t5	0xffff	lhu@8004C22C	0xffff0000	sll 16(lhu@8004C224)@8004C23C	BLOCK	STORE-sw		pending (no C yet)
ASM	func_8004C388	8004C3F4	or	$t3, $t3, $t0	0xff	andi 0xFF@8004C3EC	0xff00	andi 0xFF00@8004C3F0	BLOCK	(dslot)ARITH-sh		pending (no C yet)
ASM	func_8004C404	8004C5F4	or	$t3, $t3, $t4	0xffff	andi 0xFFFF@8004C5EC	0xffff0000	sll 16(srav@8004C5E4)@8004C5F0	BLOCK	ARITH-mtc2		pending (no C yet)
ASM	func_8004C404	8004C6F4	or	$t6, $t6, $t7	0xffff	lhu@8004C6E4	0xffff0000	sll 16(lhu@8004C6E8)@8004C6F0	BLOCK	ARITH-mtc2		pending (no C yet)
ASM	func_8004C404	8004C710	or	$t6, $t6, $t7	0xffff	lhu@8004C700	0xffff0000	sll 16(lhu@8004C704)@8004C70C	BLOCK	ARITH-mtc2		pending (no C yet)
ASM	func_8004C404	8004C72C	or	$t6, $t6, $t7	0xffff	lhu@8004C71C	0xffff0000	sll 16(lhu@8004C720)@8004C728	BLOCK	ARITH-mtc2		pending (no C yet)
ASM	func_8004C404	8004C74C	or	$t6, $t6, $t7	0xffff	lhu@8004C738	0xffff0000	sll 16(lhu@8004C73C)@8004C748	BLOCK	ARITH-mtc2		pending (no C yet)
ASM	func_8004C404	8004C7BC	or	$t6, $t6, $t7	0xffff	lhu@8004C7AC	0xffff0000	sll 16(lhu@8004C7B0)@8004C7B8	BLOCK	ARITH-mtc2		pending (no C yet)
ASM	func_8004C404	8004C7D8	or	$t6, $t6, $t7	0xffff	lhu@8004C7C8	0xffff0000	sll 16(lhu@8004C7CC)@8004C7D4	BLOCK	ARITH-mtc2		pending (no C yet)
ASM	func_8004C404	8004C7F4	or	$t6, $t6, $t7	0xffff	lhu@8004C7E4	0xffff0000	sll 16(lhu@8004C7E8)@8004C7F0	BLOCK	ARITH-mtc2		pending (no C yet)
ASM	func_8004C404	8004C860	or	$t6, $t6, $t7	0xffff	lhu@8004C850	0xffff0000	sll 16(lhu@8004C854)@8004C85C	BLOCK	ARITH-mtc2		pending (no C yet)
ASM	func_8004C404	8004C87C	or	$t6, $t6, $t7	0xffff	lhu@8004C86C	0xffff0000	sll 16(lhu@8004C870)@8004C878	BLOCK	ARITH-mtc2		pending (no C yet)
ASM	func_8004C404	8004C898	or	$t6, $t6, $t7	0xffff	lhu@8004C888	0xffff0000	sll 16(lhu@8004C88C)@8004C894	BLOCK	ARITH-mtc2		pending (no C yet)
ASM	func_8004C994	8004CB1C	or	$t0, $t0, $t4	0xffff	lhu@8004CB10	0xffff0000	sll 16(lh@8004CAFC)@8004CB04	BLOCK	STORE-sw		pending (no C yet)
ASM	func_8004C994	8004CB20	or	$t1, $t1, $t5	0xffff	lhu@8004CB14	0xffff0000	sll 16(lh@8004CB00)@8004CB08	BLOCK	STORE-sw		pending (no C yet)
ASM	func_8004CB8C	8004CBFC	or	$a0, $a0, $a1	0xffff	lhu@8004CBEC	0xffff0000	sll 16(lhu@8004CBF0)@8004CBF8	BLOCK	ARITH-sll		pending (no C yet)
ASM	func_8004CB8C	8004CD3C	or	$t0, $t0, $t4	0xffff	lhu@8004CD2C	0xffff0000	sll 16(lh@8004CD18)@8004CD20	BLOCK	STORE-sw		pending (no C yet)
ASM	func_8004CB8C	8004CD40	or	$t1, $t1, $t5	0xffff	lhu@8004CD30	0xffff0000	sll 16(lh@8004CD1C)@8004CD24	BLOCK	STORE-sw		pending (no C yet)
ASM	func_8004CDB0	8004CF64	or	$t0, $t0, $t4	0xffff	lhu@8004CF58	0xffff0000	sll 16(lh@8004CF48)@8004CF50	BLOCK	STORE-sw		pending (no C yet)
ASM	func_8004CDB0	8004CF68	or	$t1, $t1, $t5	0xffff	lhu@8004CF5C	0xffff0000	sll 16(lh@8004CF4C)@8004CF54	BLOCK	STORE-sw		pending (no C yet)
ASM	func_8004CFE0	8004D1C4	or	$t0, $t0, $t4	0xffff	lhu@8004D1B4	0xffff0000	sll 16(lh@8004D1A0)@8004D1A8	BLOCK	STORE-sw		pending (no C yet)
ASM	func_8004CFE0	8004D1C8	or	$t1, $t1, $t5	0xffff	lhu@8004D1B8	0xffff0000	sll 16(lh@8004D1A4)@8004D1AC	BLOCK	STORE-sw		pending (no C yet)
ASM	func_8004D244	8004D3B0	or	$t0, $t0, $t4	0xffff	lhu@8004D3A4	0xffff0000	sll 16(lh@8004D394)@8004D39C	BLOCK	STORE-sw		pending (no C yet)
ASM	func_8004D244	8004D3B4	or	$t1, $t1, $t5	0xffff	lhu@8004D3A8	0xffff0000	sll 16(lh@8004D398)@8004D3A0	BLOCK	STORE-sw		pending (no C yet)
ASM	func_8004D424	8004D494	or	$a0, $a0, $a1	0xffff	lhu@8004D484	0xffff0000	sll 16(lhu@8004D488)@8004D490	BLOCK	ARITH-sll		pending (no C yet)
ASM	func_8004D424	8004D5BC	or	$t0, $t0, $t4	0xffff	lhu@8004D5AC	0xffff0000	sll 16(lh@8004D59C)@8004D5A4	BLOCK	STORE-sw		pending (no C yet)
ASM	func_8004D424	8004D5C0	or	$t1, $t1, $t5	0xffff	lhu@8004D5B0	0xffff0000	sll 16(lh@8004D5A0)@8004D5A8	BLOCK	STORE-sw		pending (no C yet)
ASM	func_8004D634	8004D7B8	or	$t0, $t0, $t4	0xffff	lhu@8004D7AC	0xffff0000	sll 16(lh@8004D79C)@8004D7A4	BLOCK	STORE-sw		pending (no C yet)
ASM	func_8004D634	8004D7BC	or	$t1, $t1, $t5	0xffff	lhu@8004D7B0	0xffff0000	sll 16(lh@8004D7A0)@8004D7A8	BLOCK	STORE-sw		pending (no C yet)
ASM	func_8004D838	8004D9F0	or	$t0, $t0, $t4	0xffff	lhu@8004D9E0	0xffff0000	sll 16(lh@8004D9CC)@8004D9D4	BLOCK	STORE-sw		pending (no C yet)
ASM	func_8004D838	8004D9F4	or	$t1, $t1, $t5	0xffff	lhu@8004D9E4	0xffff0000	sll 16(lh@8004D9D0)@8004D9D8	BLOCK	STORE-sw		pending (no C yet)
ASM	func_8004DA74	8004DB54	or	$t0, $t0, $t1	0xffff	andi 0xFFFF@8004DB50	0xffff0000	sll 16(srav@8004DB44)@8004DB4C	BLOCK	ARITH-mtc2		pending (no C yet)
ASM	func_8004DA74	8004DB98	or	$t0, $t0, $t1	0xffff	andi 0xFFFF@8004DB94	0xffff0000	sll 16(srav@8004DB88)@8004DB90	BLOCK	ARITH-mtc2		pending (no C yet)
ASM	func_8004DA74	8004DBDC	or	$t0, $t0, $t1	0xffff	andi 0xFFFF@8004DBD8	0xffff0000	sll 16(srav@8004DBCC)@8004DBD4	BLOCK	ARITH-mtc2		pending (no C yet)
ASM	func_8004DA74	8004DC74	or	$t0, $t0, $t1	0xffff	andi 0xFFFF@8004DC70	0xffff0000	sll 16(srav@8004DC64)@8004DC6C	BLOCK	ARITH-mtc2		pending (no C yet)
ASM	func_8004DA74	8004DCB8	or	$t0, $t0, $t1	0xffff	andi 0xFFFF@8004DCB4	0xffff0000	sll 16(srav@8004DCA8)@8004DCB0	BLOCK	ARITH-mtc2		pending (no C yet)
ASM	func_8004DA74	8004DCFC	or	$t0, $t0, $t1	0xffff	andi 0xFFFF@8004DCF8	0xffff0000	sll 16(srav@8004DCEC)@8004DCF4	BLOCK	ARITH-mtc2		pending (no C yet)
ASM	func_8004DDB4	8004DF2C	or	$t1, $t1, $t0	0xffff0000	sll 16(lw@8004DF1C)@8004DF28	0xffff	andi 0xFFFF@8004DF24	BLOCK	ARITH-mtc2		pending (no C yet)
ASM	func_8004DDB4	8004DFC4	or	$t1, $t1, $t0	0xffff0000	sll 16(lh@8004DFB8)@8004DFC0	0xffff	lhu@8004DFB4	BLOCK	ARITH-mtc2		pending (no C yet)
ASM	func_8004DDB4	8004E040	or	$t1, $t1, $t0	0xffff0000	sll 16(lh@8004E034)@8004E03C	0xffff	lhu@8004E030	BLOCK	ARITH-mtc2		pending (no C yet)
ASM	func_8004DDB4	8004E110	or	$t1, $t1, $t0	0xffff0000	sll 16(mfc2@8004E100)@8004E10C	0xffff	andi 0xFFFF@8004E108	BLOCK	ARITH-mtc2		pending (no C yet)
ASM	func_8004DDB4	8004E198	or	$t1, $t1, $t0	0xffff0000	sll 16(lh@8004E18C)@8004E194	0xffff	lhu@8004E188	BLOCK	ARITH-mtc2		pending (no C yet)
ASM	func_8004DDB4	8004E234	or	$t1, $t1, $t0	0xffff0000	sll 16(lh@8004E228)@8004E230	0xffff	lhu@8004E224	BLOCK	ARITH-mtc2		pending (no C yet)
ASM	func_8004DDB4	8004E304	or	$t1, $t1, $t0	0xffff0000	sll 16(lh@8004E2F8)@8004E300	0xffff	lhu@8004E2F4	BLOCK	ARITH-mtc2		pending (no C yet)
ASM	func_8004DDB4	8004E320	or	$t1, $t1, $t0	0xffff0000	sll 16(lh@8004E314)@8004E31C	0xffff	lhu@8004E310	BLOCK	ARITH-mtc2		pending (no C yet)
ASM	func_8004DDB4	8004E33C	or	$t1, $t1, $t0	0xffff0000	sll 16(lh@8004E330)@8004E338	0xffff	lhu@8004E32C	BLOCK	ARITH-mtc2		pending (no C yet)
ASM	func_8004DDB4	8004E38C	or	$t0, $t0, $t2	0xffff	lhu@8004E37C	0xffff0000	sll 16(lh@8004E380)@8004E388	BLOCK	ARITH-mtc2		pending (no C yet)
ASM	func_8004DDB4	8004E3A0	or	$t2, $t2, $t4	0xffff	lhu@8004E390	0xffff0000	sll 16(lh@8004E394)@8004E39C	BLOCK	ARITH-mtc2		pending (no C yet)
ASM	func_8004DDB4	8004E3B4	or	$t4, $t4, $t6	0xffff	lhu@8004E3A4	0xffff0000	sll 16(lh@8004E3A8)@8004E3B0	BLOCK	ARITH-mtc2		pending (no C yet)
ASM	func_8004EF10	8004F08C	or	$t0, $t0, $t4	0xffff	lhu@8004F080	0xffff0000	sll 16(lh@8004F06C)@8004F074	BLOCK	STORE-sw		pending (no C yet)
ASM	func_8004EF10	8004F090	or	$t1, $t1, $t5	0xffff	lhu@8004F084	0xffff0000	sll 16(lh@8004F070)@8004F078	BLOCK	STORE-sw		pending (no C yet)
ASM	func_8004F0FC	8004F16C	or	$a0, $a0, $a1	0xffff	lhu@8004F15C	0xffff0000	sll 16(lhu@8004F160)@8004F168	BLOCK	ARITH-sll		pending (no C yet)
ASM	func_8004F0FC	8004F2A0	or	$t0, $t0, $t4	0xffff	lhu@8004F290	0xffff0000	sll 16(lh@8004F27C)@8004F284	BLOCK	STORE-sw		pending (no C yet)
ASM	func_8004F0FC	8004F2A4	or	$t1, $t1, $t5	0xffff	lhu@8004F294	0xffff0000	sll 16(lh@8004F280)@8004F288	BLOCK	STORE-sw		pending (no C yet)
ASM	func_8004F314	8004F4BC	or	$t0, $t0, $t4	0xffff	lhu@8004F4B0	0xffff0000	sll 16(lh@8004F4A0)@8004F4A8	BLOCK	STORE-sw		pending (no C yet)
ASM	func_8004F314	8004F4C0	or	$t1, $t1, $t5	0xffff	lhu@8004F4B4	0xffff0000	sll 16(lh@8004F4A4)@8004F4AC	BLOCK	STORE-sw		pending (no C yet)
ASM	func_8004F53C	8004F714	or	$t0, $t0, $t4	0xffff	lhu@8004F704	0xffff0000	sll 16(lh@8004F6F0)@8004F6F8	BLOCK	STORE-sw		pending (no C yet)
ASM	func_8004F53C	8004F718	or	$t1, $t1, $t5	0xffff	lhu@8004F708	0xffff0000	sll 16(lh@8004F6F4)@8004F6FC	BLOCK	STORE-sw		pending (no C yet)
ASM	func_8004F798	8004F8F4	or	$t0, $t0, $t4	0xffff	lhu@8004F8E8	0xffff0000	sll 16(lh@8004F8D8)@8004F8E0	BLOCK	STORE-sw		pending (no C yet)
ASM	func_8004F798	8004F8F8	or	$t1, $t1, $t5	0xffff	lhu@8004F8EC	0xffff0000	sll 16(lh@8004F8DC)@8004F8E4	BLOCK	STORE-sw		pending (no C yet)
ASM	func_8004F970	8004F9DC	or	$a0, $a0, $a1	0xffff	lhu@8004F9D4	0xffff0000	sll 16(lhu@8004F9D0)@8004F9D8	BLOCK	ARITH-sll		pending (no C yet)
ASM	func_8004F970	8004FAF4	or	$t0, $t0, $t4	0xffff	lhu@8004FAE4	0xffff0000	sll 16(lh@8004FAD4)@8004FADC	BLOCK	STORE-sw		pending (no C yet)
ASM	func_8004F970	8004FAF8	or	$t1, $t1, $t5	0xffff	lhu@8004FAE8	0xffff0000	sll 16(lh@8004FAD8)@8004FAE0	BLOCK	STORE-sw		pending (no C yet)
ASM	func_8004FB74	8004FCCC	or	$t0, $t0, $t4	0xffff	lhu@8004FCC0	0xffff0000	sll 16(lh@8004FCB0)@8004FCB8	BLOCK	STORE-sw		pending (no C yet)
ASM	func_8004FB74	8004FCD0	or	$t1, $t1, $t5	0xffff	lhu@8004FCC4	0xffff0000	sll 16(lh@8004FCB4)@8004FCBC	BLOCK	STORE-sw		pending (no C yet)
ASM	func_8004FD40	8004FDB0	or	$a0, $a0, $a1	0xffff	lhu@8004FDA0	0xffff0000	sll 16(lhu@8004FDA4)@8004FDAC	BLOCK	ARITH-sll		pending (no C yet)
ASM	func_8004FD40	8004FEC8	or	$t0, $t0, $t4	0xffff	lhu@8004FEB8	0xffff0000	sll 16(lh@8004FEA8)@8004FEB0	BLOCK	STORE-sw		pending (no C yet)
ASM	func_8004FD40	8004FECC	or	$t1, $t1, $t5	0xffff	lhu@8004FEBC	0xffff0000	sll 16(lh@8004FEAC)@8004FEB4	BLOCK	STORE-sw		pending (no C yet)
ASM	func_8004FF40	800500A0	or	$t0, $t0, $t4	0xffff	lhu@80050094	0xffff0000	sll 16(lh@80050084)@8005008C	BLOCK	STORE-sw		pending (no C yet)
ASM	func_8004FF40	800500A4	or	$t1, $t1, $t5	0xffff	lhu@80050098	0xffff0000	sll 16(lh@80050088)@80050090	BLOCK	STORE-sw		pending (no C yet)
ASM	func_80050120	80050198	or	$a0, $a0, $a1	0xffff	lhu@80050188	0xffff0000	sll 16(lhu@8005018C)@80050194	BLOCK	ARITH-sll		pending (no C yet)
ASM	func_80050120	800502B0	or	$t0, $t0, $t4	0xffff	lhu@800502A0	0xffff0000	sll 16(lh@80050290)@80050298	BLOCK	STORE-sw		pending (no C yet)
ASM	func_80050120	800502B4	or	$t1, $t1, $t5	0xffff	lhu@800502A4	0xffff0000	sll 16(lh@80050294)@8005029C	BLOCK	STORE-sw		pending (no C yet)
ASM	func_80050334	800504B8	or	$t0, $t0, $t4	0xffff	lhu@800504AC	0xffff0000	sll 16(lh@8005049C)@800504A4	BLOCK	STORE-sw		pending (no C yet)
ASM	func_80050334	800504BC	or	$t1, $t1, $t5	0xffff	lhu@800504B0	0xffff0000	sll 16(lh@800504A0)@800504A8	BLOCK	STORE-sw		pending (no C yet)
ASM	func_80050538	800506F0	or	$t0, $t0, $t4	0xffff	lhu@800506E0	0xffff0000	sll 16(lh@800506CC)@800506D4	BLOCK	STORE-sw		pending (no C yet)
ASM	func_80050538	800506F4	or	$t1, $t1, $t5	0xffff	lhu@800506E4	0xffff0000	sll 16(lh@800506D0)@800506D8	BLOCK	STORE-sw		pending (no C yet)
ASM	func_800513B0	80051420	or	$a0, $a0, $a1	0xffff	lhu@80051410	0xffff0000	sll 16(lhu@80051414)@8005141C	BLOCK	ARITH-sll		pending (no C yet)
ASM	func_80052C4C	80052C70	or	$t0, $t0, $t1	0xffff	lhu@80052C4C	0xffff0000	sll 16(lh@80052C50)@80052C64	BLOCK	ARITH-ctc2		pending (no C yet)
ASM	func_80052C4C	80052C74	or	$t2, $t2, $t3	0xffff	lhu@80052C54	0xffff0000	sll 16(lh@80052C58)@80052C68	BLOCK	ARITH-ctc2		pending (no C yet)
ASM	func_80052C4C	80052C78	or	$t4, $t4, $t5	0xffff	lhu@80052C5C	0xffff0000	sll 16(lh@80052C60)@80052C6C	BLOCK	ARITH-ctc2		pending (no C yet)
ASM	func_80052C4C	80052CB4	or	$a1, $a1, $a2	0xffff	andi 0xFFFF@80052CAC	0xffff0000	sll 16(sub@80052CA4)@80052CB0	BLOCK	ARITH-mtc2		pending (no C yet)
ASM	func_80053754	800538F8	or	$v1, $v1, $a1	0xffff0000	sll 16(lh@800538EC)@800538F4	0xffff	lhu@800538CC	BLOCK	ARITH-addu		pending (no C yet)
C	func_80053E9C	80054044	or	$v1, $v1, $a1	0xffff0000	sll 16(lh@80054038)@80054040	0xffff	lhu@80054018	BLOCK	ARITH-addu		not-discriminating (committed C: identical bytes under narrow and exprop)
ASM	func_80054440	800544E8	or	$t0, $t0, $t2	0xffff	lhu@800544D8	0xffff0000	sll 16(lh@800544DC)@800544E4	BLOCK	DEAD(overwritten)x		pending (no C yet)
ASM	func_80054440	800544FC	or	$t2, $t2, $t4	0xffff	lhu@800544EC	0xffff0000	sll 16(lh@800544F0)@800544F8	BLOCK	DEAD(overwritten)x		pending (no C yet)
ASM	func_80054440	80054510	or	$t4, $t4, $t6	0xffff	lhu@80054500	0xffff0000	sll 16(lh@80054504)@8005450C	BLOCK	DEAD(overwritten)x		pending (no C yet)
ASM	func_80054440	8005452C	or	$t0, $t0, $t2	0xffff	lhu@8005451C	0xffff0000	sll 16(lh@80054520)@80054528	BLOCK	ARITH-mtc2x		pending (no C yet)
ASM	func_80054440	80054540	or	$t2, $t2, $t4	0xffff	lhu@80054530	0xffff0000	sll 16(lh@80054534)@8005453C	BLOCK	ARITH-mtc2x		pending (no C yet)
ASM	func_80054440	80054554	or	$t4, $t4, $t6	0xffff	lhu@80054544	0xffff0000	sll 16(lh@80054548)@80054550	BLOCK	ARITH-mtc2x		pending (no C yet)
ASM	func_80055138	80055728	or	$v0, $v0, $v1	0xff000000	sll 24(lbu@80055714)@80055720	0xff0000	sll 16(lbu@80055718)@80055724	BLOCK	ARITH-or		pending (no C yet)
ASM	func_80055138	80055734	or	$v0, $v0, $a0	0xffff0000	or(sll 24(lbu@80055714)@80055720,sll 16(lbu@80055718)@80055724)@80055728	0xff00	sll 8(lbu@8005571C)@8005572C	BLOCK	ARITH-or		pending (no C yet)
ASM	func_80055138	80055738	or	$a2, $v0, $v1	0xffffff00	or(or(sll 24(lbu@80055714)@80055720,sll 16(lbu@80055718)@80055724)@80055728,sll 8(lbu@8005571C)@8005572C)@80055734	0xff	lbu@80055730	BLOCK	ARITH-and		pending (no C yet)
ASM	func_80058580	8005A918	or	$v1, $v1, $a0	0xff000000	sll 24(lbu@8005A904)@8005A910	0xff0000	sll 16(lbu@8005A908)@8005A914	BLOCK	ARITH-or		pending (no C yet)
ASM	func_80058580	8005A920	or	$v1, $v1, $v0	0xffff0000	or(sll 24(lbu@8005A904)@8005A910,sll 16(lbu@8005A908)@8005A914)@8005A918	0xff00	sll 8(lbu@8005A90C)@8005A91C	BLOCK	ARITH-or		pending (no C yet)
ASM	func_80058580	8005A92C	or	$s3, $v1, $a0	0xffffff00	or(or(sll 24(lbu@8005A904)@8005A910,sll 16(lbu@8005A908)@8005A914)@8005A918,sll 8(lbu@8005A90C)@8005A91C)@8005A920	0xff	lbu@8005A924	BLOCK	ARITH-and		pending (no C yet)
ASM	func_8005C8A8	8005CF20	addu	$v0, $v0, $v1	0x4	sll 1(sra 16(sll 16(li 0x2@8005CEC8)@8005CF14)@8005CF18)@8005CF1C	0x2	sra 16(sll 16(li 0x2@8005CEC8)@8005CF14)@8005CF18	XBLOCK	ARITH-sll		pending (no C yet)
ASM	func_8005C8A8	8005D188	addu	$v0, $s1, $s2	0x7fffffff	srl 1(addu@8005D140)@8005D144	0x0	move(zero)@8005D148	XBLOCK	STORE-sh	Z	pending (no C yet)
ASM	func_8005C8A8	8005D2C4	addu	$v0, $fp, $v0	0x7fffffff	srl 1(addu@8005D230)@8005D234	0x0	sra 15(sll 16(move(zero)@8005D238)@8005D2BC)@8005D2C0	XBLOCK	STORE-sh	Z	pending (no C yet)
ASM	func_8005D554	8005D724	addu	$v0, $v0, $v1	0x2	sll 1(andi 0x1@8005D71C)@8005D720	0x1	andi 0x1@8005D71C	BLOCK	ARITH-sll		not-discriminating (ledger candidate: identical bytes under narrow and exprop)
ASM	func_8005D814	8005DAA4	addu	$v0, $v0, $a1	0x0	sll 2(sra 16(sll 16(move(zero)@8005D988)@8005DA68)@8005DA6C)@8005DAA0	0x0	sra 16(sll 16(move(zero)@8005D988)@8005DA68)@8005DA6C	XBLOCK	ARITH-sll	Z	pending (no C yet)
ASM	func_8005D814	8005DAB8	addu	$v0, $v0, $a1	0x0	sll 2(sra 16(sll 16(move(zero)@8005D988)@8005DA68)@8005DA6C)@8005DAB4	0x0	sra 16(sll 16(move(zero)@8005D988)@8005DA68)@8005DA6C	XBLOCK	ARITH-sll	Z	pending (no C yet)
ASM	func_8005D814	8005DBB0	addu	$v0, $v0, $a1	0x0	sll 2(sra 16(sll 16(move(zero)@8005D988)@8005DB74)@8005DB78)@8005DBAC	0x0	sra 16(sll 16(move(zero)@8005D988)@8005DB74)@8005DB78	XBLOCK	ARITH-sll	Z	pending (no C yet)
ASM	func_8005D814	8005DBC4	addu	$v0, $v0, $a1	0x0	sll 2(sra 16(sll 16(move(zero)@8005D988)@8005DB74)@8005DB78)@8005DBC0	0x0	sra 16(sll 16(move(zero)@8005D988)@8005DB74)@8005DB78	XBLOCK	ARITH-sll	Z	pending (no C yet)
ASM	func_8005D814	8005DCB4	addu	$v0, $v0, $a1	0x0	sll 2(sra 16(sll 16(move(zero)@8005D988)@8005DC7C)@8005DC80)@8005DCB0	0x0	sra 16(sll 16(move(zero)@8005D988)@8005DC7C)@8005DC80	XBLOCK	ARITH-sll	Z	pending (no C yet)
ASM	func_8005D814	8005DE84	addu	$v0, $v0, $a1	0x0	sll 2(sra 16(sll 16(move(zero)@8005DD5C)@8005DE40)@8005DE44)@8005DE80	0x0	sra 16(sll 16(move(zero)@8005DD5C)@8005DE40)@8005DE44	XBLOCK	ARITH-sll	Z	pending (no C yet)
ASM	func_8005D814	8005DE8C	addu	$v0, $v0, $a1	0xfffffffc	sll 2(addu@8005DE84)@8005DE88	0x0	sra 16(sll 16(move(zero)@8005DD5C)@8005DE40)@8005DE44	XBLOCK	ARITH-addiu	Z	pending (no C yet)
ASM	func_8005D814	8005DE9C	addu	$v0, $v0, $a1	0x0	sll 2(sra 16(sll 16(move(zero)@8005DD5C)@8005DE40)@8005DE44)@8005DE98	0x0	sra 16(sll 16(move(zero)@8005DD5C)@8005DE40)@8005DE44	XBLOCK	ARITH-sll	Z	pending (no C yet)
ASM	func_8005D814	8005DEA4	addu	$v0, $v0, $a1	0xfffffffc	sll 2(addu@8005DE9C)@8005DEA0	0x0	sra 16(sll 16(move(zero)@8005DD5C)@8005DE40)@8005DE44	XBLOCK	STORE-swx	Z	pending (no C yet)
C	func_8005E098	8005E3EC	addu	$v0, $v0, $s0	0xffffffc0	sll 6(subu@8005E3E4)@8005E3E8	0x0	sra 16(sll 16(move(zero)@8005E370)@8005E3D0)@8005E3D4	XBLOCK	ARITH-subu	Z	not-discriminating (committed C: identical bytes under narrow and exprop)
ASM	func_8005E54C	8005E60C	addu	$v0, $v0, $s0	0x0	sll 2(sra 16(sll 16(move(zero)@8005E560)@8005E600)@8005E604)@8005E608	0x0	sra 16(sll 16(move(zero)@8005E560)@8005E600)@8005E604	XBLOCK	ARITH-sll	Z	pending (no C yet)
ASM	func_8005E54C	8005E724	addu	$v0, $v0, $a0	0x0	sll 1(sra 16(sll 16(move(zero)@8005E6D8)@8005E6E0)@8005E6E4)@8005E720	0x0	sra 16(sll 16(move(zero)@8005E6D8)@8005E6E0)@8005E6E4	XBLOCK	ARITH-sll	Z	pending (no C yet)
ASM	func_8005E54C	8005E740	addu	$v0, $v0, $a0	0x0	sll 1(sra 16(sll 16(move(zero)@8005E6D8)@8005E6E0)@8005E6E4)@8005E73C	0x0	sra 16(sll 16(move(zero)@8005E6D8)@8005E6E0)@8005E6E4	XBLOCK	ARITH-sll	Z	pending (no C yet)
ASM	func_8005E54C	8005E750	addu	$v0, $v0, $a0	0x0	sll 4(sra 16(sll 16(move(zero)@8005E6D8)@8005E6E0)@8005E6E4)@8005E74C	0x0	sra 16(sll 16(move(zero)@8005E6D8)@8005E6E0)@8005E6E4	XBLOCK	ARITH-sll	Z	pending (no C yet)
ASM	func_8005E54C	8005E810	addu	$v0, $v0, $v1	0x0	sll 3(sra 16(sll 16(move(zero)@8005E800)@8005E804)@8005E808)@8005E80C	0x0	sra 16(sll 16(move(zero)@8005E800)@8005E804)@8005E808	XBLOCK	ARITH-sll	Z	pending (no C yet)
ASM	func_8005E54C	8005EB10	addu	$v0, $v0, $v1	0x0	sll 2(sra 17(sll 16(move(zero)@8005EAFC)@8005EB04)@8005EB08)@8005EB0C	0x0	sra 17(sll 16(move(zero)@8005EAFC)@8005EB04)@8005EB08	XBLOCK	ARITH-sll	Z	pending (no C yet)
ASM	func_8005E54C	8005EB2C	addu	$v1, $v1, $v0	0x0	sll 2(sra 17(sll 16(move(zero)@8005EAFC)@8005EB20)@8005EB24)@8005EB28	0x0	sra 17(sll 16(move(zero)@8005EAFC)@8005EB20)@8005EB24	XBLOCK	ARITH-sll	Z	pending (no C yet)
ASM	func_8005E54C	8005EB4C	addu	$v0, $v0, $v1	0x0	sll 1(andi 0x1@8005EB44)@8005EB48	0x0	andi 0x1@8005EB44	XBLOCK	ARITH-sll	Z	pending (no C yet)
ASM	func_8005E54C	8005EC44	addu	$v0, $s3, $s0	0x0	sll 1(move(sra 16(sll 16(move(zero)@8005EC0C)@8005EC34)@8005EC38)@8005EC3C)@8005EC40	0x0	move(sra 16(sll 16(move(zero)@8005EC0C)@8005EC34)@8005EC38)@8005EC3C	XBLOCK	ARITH-sll	Z	pending (no C yet)
ASM	func_8005E54C	8005ED0C	addu	$a1, $v1, $v0	0x0	sll 2(sra 16(sll 16(move(zero)@8005EC30)@8005ED00)@8005ED04)@8005ED08	0x0	sra 16(sll 16(move(zero)@8005EC30)@8005ED00)@8005ED04	XBLOCK	ARITH-sll	Z	pending (no C yet)
ASM	func_8005E54C	8005ED14	addu	$v0, $s3, $v0	0x0	sll 1(move(sra 16(sll 16(move(zero)@8005EC0C)@8005EC34)@8005EC38)@8005EC3C)@8005EC40	0xfffffffe	sll 1(addu@8005ED0C)@8005ED10	XBLOCK	ARITH-addu	Z	pending (no C yet)
ASM	func_8005E54C	8005EDA4	addu	$v0, $v0, $s0	0x0	sll 4(move(sra 16(sll 16(move(zero)@8005EC0C)@8005EC34)@8005EC38)@8005EC3C)@8005ED98	0x0	move(sra 16(sll 16(move(zero)@8005EC0C)@8005EC34)@8005EC38)@8005EC3C	XBLOCK	ARITH-sll	Z	pending (no C yet)
ASM	func_8005E54C	8005EDD0	addu	$v0, $v0, $v1	0x0	sll 2(sra 16(sll 16(move(zero)@8005EC30)@8005EDC4)@8005EDC8)@8005EDCC	0x0	sra 16(sll 16(move(zero)@8005EC30)@8005EDC4)@8005EDC8	XBLOCK	ARITH-sll	Z	pending (no C yet)
ASM	func_8005E54C	8005EDD8	addu	$v0, $s3, $v0	0x0	sll 1(move(sra 16(sll 16(move(zero)@8005EC0C)@8005EC34)@8005EC38)@8005EC3C)@8005EC40	0xfffffffe	sll 1(addu@8005EDD0)@8005EDD4	XBLOCK	ARITH-addu	Z	pending (no C yet)
ASM	func_8005E54C	8005EE88	addu	$v0, $v0, $s0	0x0	sll 1(sra 16(sll 16(move(zero)@8005EE3C)@8005EE7C)@8005EE80)@8005EE84	0x0	sra 16(sll 16(move(zero)@8005EE3C)@8005EE7C)@8005EE80	XBLOCK	ARITH-sll	Z	pending (no C yet)
ASM	func_8005E54C	8005EF78	addu	$v0, $v0, $v1	0x0	sll 3(sra 16(sll 16(move(zero)@8005EF68)@8005EF6C)@8005EF70)@8005EF74	0x0	sra 16(sll 16(move(zero)@8005EF68)@8005EF6C)@8005EF70	XBLOCK	ARITH-sll	Z	pending (no C yet)
ASM	func_8005F1C8	8005F244	addu	$v0, $v0, $a0	0x0	sll 1(sra 16(sll 16(move(zero)@8005F1D4)@8005F238)@8005F23C)@8005F240	0x0	sra 16(sll 16(move(zero)@8005F1D4)@8005F238)@8005F23C	XBLOCK	ARITH-sll	Z	pending (no C yet)
ASM	func_8005F1C8	8005F450	addu	$v1, $v1, $v0	0x0	sll 4(sra 16(sll 16(move(zero)@8005F430)@8005F444)@8005F448)@8005F44C	0x0	sra 16(sll 16(move(zero)@8005F430)@8005F444)@8005F448	XBLOCK	ARITH-sll	Z	pending (no C yet)
ASM	func_8005F1C8	8005F458	addu	$v1, $v1, $v0	0xfffffffc	sll 2(addu@8005F450)@8005F454	0x0	sra 16(sll 16(move(zero)@8005F430)@8005F444)@8005F448	XBLOCK	ARITH-sll	Z	pending (no C yet)
ASM	func_8005F1C8	8005F504	addu	$v0, $v0, $v1	0x0	sll 2(sra 16(sll 16(move(zero)@8005F4B4)@8005F4F4)@8005F4F8)@8005F500	0x0	sra 16(sll 16(move(zero)@8005F4B4)@8005F4F4)@8005F4F8	XBLOCK	ARITH-sll	Z	pending (no C yet)
ASM	func_8005F1C8	8005F7E0	addu	$v0, $v0, $a2	0x0	sll 2(sra 16(sll 16(move(zero)@8005F670)@8005F770)@8005F774)@8005F7DC	0x0	sra 16(sll 16(move(zero)@8005F670)@8005F770)@8005F774	XBLOCK	ARITH-sll	Z	pending (no C yet)
ASM	func_8005F1C8	8005F8D0	addu	$v0, $v0, $v1	0x0	sll 2(sra 16(sll 16(move(zero)@8005F670)@8005F8C4)@8005F8C8)@8005F8CC	0x0	sra 16(sll 16(move(zero)@8005F670)@8005F8C4)@8005F8C8	XBLOCK	ARITH-sll	Z	pending (no C yet)
ASM	func_8005F1C8	8005F8E8	addu	$v0, $v0, $v1	0x0	sll 2(sra 16(sra 16(sll 16(move(zero)@8005F670)@8005F8C4)@8005F8C8)@8005F8E0)@8005F8E4	0x0	sra 16(sra 16(sll 16(move(zero)@8005F670)@8005F8C4)@8005F8C8)@8005F8E0	XBLOCK	ARITH-sll	Z	pending (no C yet)
ASM	func_8005F1C8	8005F9B8	addu	$v0, $v0, $v1	0x0	sll 1(sra 16(sll 16(move(zero)@8005F634)@8005F9AC)@8005F9B0)@8005F9B4	0x0	sra 16(sll 16(move(zero)@8005F634)@8005F9AC)@8005F9B0	XBLOCK	ARITH-sll	Z	pending (no C yet)
ASM	func_8005F1C8	8005F9D4	addu	$v0, $v0, $v1	0x0	sll 1(sra 16(sll 16(move(zero)@8005F634)@8005F9C8)@8005F9CC)@8005F9D0	0x0	sra 16(sll 16(move(zero)@8005F634)@8005F9C8)@8005F9CC	XBLOCK	ARITH-sll	Z	pending (no C yet)
C	func_8005FC9C	8005FD04	addu	$v0, $v0, $v1	0x80	sll 7(andi 0x1@8005FCFC)@8005FD00	0x1	andi 0x1@8005FCFC	BLOCK	ARITH-sll		not-discriminating (committed C: identical bytes under narrow and exprop)
C	func_8005FC9C	8005FD0C	addu	$v0, $v0, $v1	0xfffffff8	sll 3(addu@8005FD04)@8005FD08	0x1	andi 0x1@8005FCFC	BLOCK	ARITH-sll		not-discriminating (committed C: identical bytes under narrow and exprop)
C	func_8005FC9C	8005FF78	addu	$v1, $v1, $v0	0x0	sll 1(sra 16(sll 16(move(zero)@8005FF64)@8005FF6C)@8005FF70)@8005FF74	0x0	sra 16(sll 16(move(zero)@8005FF64)@8005FF6C)@8005FF70	XBLOCK	ARITH-sll	Z	not-discriminating (committed C: identical bytes under narrow and exprop)
ASM	func_800620B8	800621F0	addu	$v0, $v0, $v1	0x0	sll 1(sra 16(sll 16(move(zero)@80062178)@800621E4)@800621E8)@800621EC	0x0	sra 16(sll 16(move(zero)@80062178)@800621E4)@800621E8	XBLOCK	ARITH-sll	Z	pending (no C yet)
ASM	func_800620B8	8006239C	addu	$v0, $v0, $v1	0x0	sll 1(sra 16(sll 16(move(zero)@80062178)@80062390)@80062394)@80062398	0x0	sra 16(sll 16(move(zero)@80062178)@80062390)@80062394	XBLOCK	ARITH-sll	Z	pending (no C yet)
ASM	func_800620B8	800624B4	addu	$v0, $v0, $v1	0x3f	andi 0x3F@800624AC	0x3fffc0	sll 6(lhu@800624A4)@800624B0	BLOCK	ARITH-andi		pending (no C yet)
C	func_8006295C	80062C44	addu	$v0, $v0, $v1	0x3f	andi 0x3F@80062C3C	0x3fffc0	sll 6(lhu@80062C34)@80062C40	BLOCK	ARITH-sll		not-discriminating (committed C: identical bytes under narrow and exprop)
ASM	func_80063084	800631B8	addu	$v0, $v0, $s7	0x0	sll 1(move(sra 16(sll 16(move(zero)@80063124)@80063180)@80063184)@800631A4)@800631A8	0x0	move(sra 16(sll 16(move(zero)@80063124)@80063180)@80063184)@800631A4	XBLOCK	ARITH-sll	Z	pending (no C yet)
ASM	func_80063084	8006335C	addu	$v0, $v0, $v1	0x3f	andi 0x3F@80063354	0x3fffc0	sll 6(lhu@8006334C)@80063358	BLOCK	ARITH-sll		pending (no C yet)
ASM	func_80063084	80063808	addu	$v1, $v1, $v0	0xff	andi 0xFF@80063800	0xff00	sll 8(andi 0xFF@80063800)@80063804	BLOCK	ARITH-addu		pending (no C yet)
C	func_80063E10	80063EE0	addu	$v0, $v0, $v1	0x3f	andi 0x3F@80063ED8	0x3fffc0	sll 6(lhu@80063ED0)@80063EDC	BLOCK	ARITH-sll		not-discriminating (committed C: identical bytes under narrow and exprop)
C	func_80063E10	800640B4	addu	$a0, $s6, $a0	0x0	move(zero)@8006402C	0xfffffff8	sll 3(subu@800640A0)@800640AC	XBLOCK	ARITH-addu	Z	not-discriminating (committed C: identical bytes under narrow and exprop)
C	func_80063E10	80064230	or	$t4, $t4, $t5	0xffff	lhu@80064228	0xffff0000	sll 16(lhu@80064224)@8006422C	BLOCK	ARITH-mtc2		not-discriminating (committed C: identical bytes under narrow and exprop)
C	func_800645B0	800645DC	addu	$s0, $s3, $a0	0x0	move(zero)@800645BC	0x0	move(zero)@800645D8	XBLOCK	ARITH-sllvx	Z	not-discriminating (committed C: identical bytes under narrow and exprop)
ASM	func_800646E8	80064840	addu	$a1, $a1, $a2	0x0	sll 1(sra 16(sll 16(move(zero)@80064790)@800647DC)@800647E0)@800647FC	0x0	sra 16(sll 16(move(zero)@80064790)@800647DC)@800647E0	XBLOCK	ARITH-sll	Z	pending (no C yet)
ASM	func_800646E8	80064908	addu	$v1, $v1, $v0	0x3f	andi 0x3F@80064900	0x3fffc0	sll 6(lhu@800648F8)@80064904	BLOCK	ARITH-andi		pending (no C yet)
ASM	func_80065800	80065F2C	addu	$v0, $v0, $v1	0x3f	andi 0x3F@80065F24	0x3fffc0	sll 6(lhu@80065F1C)@80065F28	BLOCK	ARITH-andi		pending (no C yet)
C	func_800678A8	80067AB8	addu	$v0, $v0, $v1	0x3f	andi 0x3F@80067AB0	0x3fffc0	sll 6(lhu@80067AA8)@80067AB4	BLOCK	ARITH-sll		not-discriminating (committed C: identical bytes under narrow and exprop)
ASM	func_80067D14	80068B7C	addu	$v1, $v1, $v0	0xff	lbu@80068B74	0xff00	sll 8(lbu@80068B68)@80068B70	BLOCK	ARITH-addu		pending (no C yet)
ASM	func_80067D14	80068BB0	addu	$v0, $v0, $v1	0xff	lbu@80068BA0	0x3f00	sll 8(srl 2(lbu@80068BA0)@80068BA8)@80068BAC	BLOCK	ARITH-addu		pending (no C yet)
C	func_80068ECC	80068EE4	or	$v0, $v0, $v1	0xfffffffe	and(lw@80068ED4,li -0x2@80068ED8)@80068EDC	0x1	andi 0x1@80068EE0	BLOCK	ARITH-and		not-discriminating (committed C: identical bytes under narrow and exprop)
C	func_80068ECC	80068EF4	or	$v0, $v0, $v1	0xfffffffd	and(or(and(lw@80068ED4,li -0x2@80068ED8)@80068EDC,andi 0x1@80068EE0)@80068EE4,li -0x3@80068EE8)@80068EEC	0x2	andi 0x2@80068EF0	BLOCK	ARITH-and		not-discriminating (committed C: identical bytes under narrow and exprop)
C	func_80068ECC	80068F04	or	$v0, $v0, $v1	0xfffffffb	and(or(and(or(and(lw@80068ED4,li -0x2@80068ED8)@80068EDC,andi 0x1@80068EE0)@80068EE4,li -0x3@80068EE8)@80068EEC,andi 0x2@80068EF0)@80068EF4,li -0x5@80068EF8)@80068EFC	0x4	andi 0x4@80068F00	BLOCK	ARITH-and		not-discriminating (committed C: identical bytes under narrow and exprop)
C	func_80068ECC	80068F18	or	$v0, $v0, $v1	0xfffffff7	and(or(and(or(and(or(and(?,?)@80068EDC,andi 0x1@80068EE0)@80068EE4,li -0x3@80068EE8)@80068EEC,andi 0x2@80068EF0)@80068EF4,li -0x5@80068EF8)@80068EFC,andi 0x4@80068F00)@80068F04,li -0x9@80068F08)@80068F0C	0x8	andi 0x8@80068F14	BLOCK	ARITH-and		not-discriminating (committed C: identical bytes under narrow and exprop)
C	func_80068ECC	80068F2C	or	$v0, $v0, $v1	0xffffffef	and(or(and(or(and(or(and(?,?)@80068EEC,andi 0x2@80068EF0)@80068EF4,li -0x5@80068EF8)@80068EFC,andi 0x4@80068F00)@80068F04,li -0x9@80068F08)@80068F0C,andi 0x8@80068F14)@80068F18,li -0x11@80068F1C)@80068F20	0x10	andi 0x10@80068F28	BLOCK	ARITH-and		not-discriminating (committed C: identical bytes under narrow and exprop)
C	func_80068ECC	80068F40	or	$v0, $v0, $v1	0xffffffdf	and(or(and(or(and(or(and(?,?)@80068EFC,andi 0x4@80068F00)@80068F04,li -0x9@80068F08)@80068F0C,andi 0x8@80068F14)@80068F18,li -0x11@80068F1C)@80068F20,andi 0x10@80068F28)@80068F2C,li -0x21@80068F30)@80068F34	0x20	andi 0x20@80068F3C	BLOCK	ARITH-and		not-discriminating (committed C: identical bytes under narrow and exprop)
C	func_80068ECC	80068F54	or	$v0, $v0, $v1	0xffffffbf	and(or(and(or(and(or(and(?,?)@80068F0C,andi 0x8@80068F14)@80068F18,li -0x11@80068F1C)@80068F20,andi 0x10@80068F28)@80068F2C,li -0x21@80068F30)@80068F34,andi 0x20@80068F3C)@80068F40,li -0x41@80068F44)@80068F48	0x40	andi 0x40@80068F50	BLOCK	ARITH-and		not-discriminating (committed C: identical bytes under narrow and exprop)
C	func_80068ECC	80068F64	or	$v0, $v0, $a0	0xffffff7f	and(or(and(or(and(or(and(?,?)@80068F20,andi 0x10@80068F28)@80068F2C,li -0x21@80068F30)@80068F34,andi 0x20@80068F3C)@80068F40,li -0x41@80068F44)@80068F48,andi 0x40@80068F50)@80068F54,li -0x81@80068F58)@80068F5C	0x80	andi 0x80@80068F60	BLOCK	(dslot)ARITH-sw		not-discriminating (committed C: identical bytes under narrow and exprop)
C	func_80068F70	80069040	or	$v1, $v1, $v0	0xfffffff0	and(lw@80069010,li -0x10@80069008)@80069038	0x5	andi 0xF@8006903C	XBLOCK	STORE-sw		not-discriminating (committed C: identical bytes under narrow and exprop)
ASM	func_800693CC	800693FC	addu	$v0, $v0, $v1	0x80	sll 7(andi 0x1@800693F4)@800693F8	0x1	andi 0x1@800693F4	BLOCK	ARITH-sll		pending (no C yet)
ASM	func_800693CC	80069404	addu	$v0, $v0, $v1	0xfffffff8	sll 3(addu@800693FC)@80069400	0x1	andi 0x1@800693F4	BLOCK	ARITH-sll		pending (no C yet)
ASM	func_800693CC	80069490	or	$v1, $v1, $v0	0xfffffff0	and(lw@80069478,li -0x10@8006946C)@80069480	0xf	andi 0xF@8006948C	XBLOCK	STORE-sw		pending (no C yet)
ASM	func_800693CC	800695AC	or	$a3, $a3, $v1	0xfffffff7	and(lw@80069590,li -0x9@80069594)@80069598	0x8	sll 3(xori(andi 0x1@800695A0)@800695A4)@800695A8	BLOCK	(dslot)ARITH-sw		pending (no C yet)
C	func_8006B578	8006B668	or	$v1, $v1, $v0	0x0	and(move(zero)@8006B64C,li -0x1C01@8006B634)@8006B650	0x1c00	sll 10(andi 0x7@8006B660)@8006B664	XBLOCK	STORE-sw	Z	not-discriminating (committed C: identical bytes under narrow and exprop)
C	func_8006B578	8006B754	or	$a3, $a3, $v1	0xfffffffb	and(lw@8006B738,li -0x5@8006B73C)@8006B740	0x4	sll 2(xori(andi 0x1@8006B748)@8006B74C)@8006B750	XBLOCK	(dslot)ARITH-sw		not-discriminating (committed C: identical bytes under narrow and exprop)
C	func_8006B578	8006B7A4	or	$v1, $v1, $v0	0xffffe3ff	and(lw@8006B784,li -0x1C01@8006B788)@8006B78C	0x1c00	sll 10(andi 0x7@8006B79C)@8006B7A0	BLOCK	STORE-sw		not-discriminating (committed C: identical bytes under narrow and exprop)
C	func_8006B898	8006B8D0	addu	$s0, $s0, $v1	0x80	sll 7(andi 0x1@8006B8C8)@8006B8CC	0x1	andi 0x1@8006B8C8	BLOCK	ARITH-sll		not-discriminating (committed C: identical bytes under narrow and exprop)
C	func_8006B898	8006B8D8	addu	$s0, $s0, $v1	0xfffffff8	sll 3(addu@8006B8D0)@8006B8D4	0x1	andi 0x1@8006B8C8	BLOCK	ARITH-sll		not-discriminating (committed C: identical bytes under narrow and exprop)
C	func_8006B92C	8006BA24	or	$v1, $v1, $v0	0x0	and(move(zero)@8006BA04,ori(lui@8006B9E8)@8006BA08)@8006BA0C	0xe000	sll 13(andi 0x7@8006BA1C)@8006BA20	XBLOCK	STORE-sw	Z	not-discriminating (committed C: identical bytes under narrow and exprop)
C	func_8006B92C	8006BB1C	or	$v1, $v1, $v0	0xffffe3ff	and(lw@8006BAFC,li -0x1C01@8006BB00)@8006BB04	0x1c00	sll 10(andi 0x7@8006BB14)@8006BB18	BLOCK	STORE-sw		not-discriminating (committed C: identical bytes under narrow and exprop)
C	func_8006BEC4	8006BF08	addu	$v1, $v1, $t0	0x4	sll 2(andi 0x1@8006BF00)@8006BF04	0x1	andi 0x1@8006BF00	BLOCK	ARITH-sll		not-discriminating (committed C: identical bytes under narrow and exprop)
C	func_8006BEC4	8006BF2C	addu	$v0, $v0, $t0	0x2	sll 1(andi 0x1@8006BF00)@8006BF28	0x1	andi 0x1@8006BF00	BLOCK	ARITH-sll		not-discriminating (committed C: identical bytes under narrow and exprop)
C	func_8006BEC4	8006BFC8	addu	$v0, $v0, $v1	0xfffffffc	sll 2(subu@8006BFC0)@8006BFC4	0x1	andi 0x1@8006BFB8	XBLOCK	ARITH-sll		not-discriminating (committed C: identical bytes under narrow and exprop)
C	func_8006C168	8006C1A0	addu	$s0, $s0, $v1	0x80	sll 7(andi 0x1@8006C198)@8006C19C	0x1	andi 0x1@8006C198	BLOCK	ARITH-sll		not-discriminating (committed C: identical bytes under narrow and exprop)
C	func_8006C168	8006C1A8	addu	$s0, $s0, $v1	0xfffffff8	sll 3(addu@8006C1A0)@8006C1A4	0x1	andi 0x1@8006C198	BLOCK	ARITH-sll		not-discriminating (committed C: identical bytes under narrow and exprop)
ASM	func_8006C21C	8006C5E4	addu	$v0, $v0, $s3	0xffff	lhu@8006C5DC	0x0	move(zero)@8006C5A8	XBLOCK	STORE-sh	Z	pending (no C yet)
ASM	func_8006C21C	8006C72C	addu	$v0, $v0, $s3	0xffff	lhu@8006C724	0x0	move(zero)@8006C660	XBLOCK	STORE-sh	Z	pending (no C yet)
ASM	func_8006C21C	8006C74C	addu	$v0, $v0, $s3	0xffff	lhu@8006C744	0x0	move(zero)@8006C660	XBLOCK	ARITH-addu	Z	pending (no C yet)
ASM	func_8006C21C	8006C770	addu	$v0, $v0, $s3	0xffff	lhu@8006C768	0x0	move(zero)@8006C660	XBLOCK	STORE-sh	Z	pending (no C yet)
ASM	func_8006C21C	8006C798	addu	$v0, $v0, $s3	0xffff	lhu@8006C790	0x0	move(zero)@8006C660	XBLOCK	ARITH-addu	Z	pending (no C yet)
ASM	func_8006C21C	8006C800	addu	$v0, $v0, $s3	0xffff	lhu@8006C7F8	0x0	move(zero)@8006C660	XBLOCK	STORE-sh	Z	pending (no C yet)
ASM	func_8006C21C	8006C820	addu	$v0, $v0, $s3	0xffff	lhu@8006C818	0x0	move(zero)@8006C660	XBLOCK	ARITH-addu	Z	pending (no C yet)
ASM	func_8006C21C	8006C844	addu	$v0, $v0, $s3	0xffff	lhu@8006C83C	0x0	move(zero)@8006C660	XBLOCK	STORE-sh	Z	pending (no C yet)
ASM	func_8006C21C	8006C86C	addu	$v0, $v0, $s3	0xffff	lhu@8006C864	0x0	move(zero)@8006C660	XBLOCK	ARITH-addu	Z	pending (no C yet)
C	func_8006CCC8	8006CEDC	addu	$v0, $v0, $a0	0x0	andi 0xF@8006CED8	0xff	and(lbu@8006CEB8,sllv@8006CEA8)@8006CEC0	XBLOCK	STORE-sb	Z	not-discriminating (committed C: identical bytes under narrow and exprop)
C	func_8006CCC8	8006CF54	addu	$v0, $v0, $a0	0x0	andi 0xF@8006CF50	0xff	and(lbu@8006CF30,sllv@8006CF20)@8006CF38	XBLOCK	STORE-sb	Z	not-discriminating (committed C: identical bytes under narrow and exprop)
C	func_8006CFBC	8006D08C	addu	$v1, $v1, $s0	0x0	sll 3(sra 16(sll 16(move(zero)@8006D030)@8006D058)@8006D05C)@8006D088	0x0	sra 16(sll 16(move(zero)@8006D030)@8006D058)@8006D05C	XBLOCK	ARITH-sll	Z	not-discriminating (committed C: identical bytes under narrow and exprop)
C	func_8006CFBC	8006D140	addu	$v0, $v0, $v1	0x0	sll 3(sra 16(sll 16(move(zero)@8006D118)@8006D11C)@8006D120)@8006D13C	0x0	sra 16(sll 16(move(zero)@8006D118)@8006D11C)@8006D120	XBLOCK	ARITH-sll	Z	not-discriminating (committed C: identical bytes under narrow and exprop)
C	func_8006CFBC	8006D220	addu	$v0, $v0, $v1	0x0	sll 3(sra 16(sll 16(move(zero)@8006D1C0)@8006D214)@8006D218)@8006D21C	0x0	sra 16(sll 16(move(zero)@8006D1C0)@8006D214)@8006D218	XBLOCK	ARITH-sll	Z	not-discriminating (committed C: identical bytes under narrow and exprop)
C	func_8006D338	8006D370	addu	$s0, $s0, $v1	0x80	sll 7(andi 0x1@8006D368)@8006D36C	0x1	andi 0x1@8006D368	BLOCK	ARITH-sll		not-discriminating (committed C: identical bytes under narrow and exprop)
C	func_8006D338	8006D378	addu	$s0, $s0, $v1	0xfffffff8	sll 3(addu@8006D370)@8006D374	0x1	andi 0x1@8006D368	BLOCK	ARITH-sll		not-discriminating (committed C: identical bytes under narrow and exprop)
C	func_8006D74C	8006D78C	addu	$s0, $s0, $v1	0x80	sll 7(andi 0x1@8006D784)@8006D788	0x1	andi 0x1@8006D784	BLOCK	ARITH-sll		not-discriminating (committed C: identical bytes under narrow and exprop)
C	func_8006D74C	8006D794	addu	$s0, $s0, $v1	0xfffffff8	sll 3(addu@8006D78C)@8006D790	0x1	andi 0x1@8006D784	BLOCK	ARITH-sll		not-discriminating (committed C: identical bytes under narrow and exprop)
C	func_8006D808	8006D9A4	addu	$v0, $v0, $a1	0x0	sll 1(sra 16(sll 16(move(zero)@8006D92C)@8006D934)@8006D938)@8006D9A0	0x0	sra 16(sll 16(move(zero)@8006D92C)@8006D934)@8006D938	XBLOCK	ARITH-sll	Z	not-discriminating (committed C: identical bytes under narrow and exprop)
C	func_8006D808	8006D9AC	addu	$v0, $v0, $a1	0xfffffffc	sll 2(addu@8006D9A4)@8006D9A8	0x0	sra 16(sll 16(move(zero)@8006D92C)@8006D934)@8006D938	XBLOCK	ARITH-sll	Z	not-discriminating (committed C: identical bytes under narrow and exprop)
C	func_8006D808	8006DC38	addu	$v0, $v0, $s0	0xfffffffc	sll 2(subu@8006DC30)@8006DC34	0x0	sra 16(sll 16(move(zero)@8006DA38)@8006DAA8)@8006DAAC	XBLOCK	ARITH-sll	Z	not-discriminating (committed C: identical bytes under narrow and exprop)
C	func_8006D808	8006DC58	addu	$v0, $v0, $v1	0x0	sll 1(sra 16(sll 16(move(zero)@8006DAA4)@8006DC44)@8006DC4C)@8006DC54	0x0	sra 16(sll 16(move(zero)@8006DAA4)@8006DC44)@8006DC4C	XBLOCK	ARITH-sll	Z	not-discriminating (committed C: identical bytes under narrow and exprop)
C	func_8006D808	8006DC60	addu	$v0, $v0, $v1	0xfffffffc	sll 2(addu@8006DC58)@8006DC5C	0x0	sra 16(sll 16(move(zero)@8006DAA4)@8006DC44)@8006DC4C	XBLOCK	ARITH-sll	Z	not-discriminating (committed C: identical bytes under narrow and exprop)
C	func_8006E068	8006E0A8	addu	$s0, $s0, $v1	0x80	sll 7(andi 0x1@8006E0A0)@8006E0A4	0x1	andi 0x1@8006E0A0	BLOCK	ARITH-sll		not-discriminating (committed C: identical bytes under narrow and exprop)
C	func_8006E068	8006E0B0	addu	$s0, $s0, $v1	0xfffffff8	sll 3(addu@8006E0A8)@8006E0AC	0x1	andi 0x1@8006E0A0	BLOCK	ARITH-sll		not-discriminating (committed C: identical bytes under narrow and exprop)
C	func_8006E2A8	8006E2D0	addu	$a0, $a0, $v0	0x80	sll 7(andi 0x1@8006E2C8)@8006E2CC	0x1	andi 0x1@8006E2C8	BLOCK	ARITH-sll		not-discriminating (committed C: identical bytes under narrow and exprop)
C	func_8006E2A8	8006E2D8	addu	$a0, $a0, $v0	0xfffffff8	sll 3(addu@8006E2D0)@8006E2D4	0x1	andi 0x1@8006E2C8	BLOCK	ARITH-sll		not-discriminating (committed C: identical bytes under narrow and exprop)
C	func_8006E2A8	8006E2F8	addu	$a0, $a0, $v0	0x80	sll 7(andi 0x1@8006E2F0)@8006E2F4	0x1	andi 0x1@8006E2F0	BLOCK	ARITH-sll		not-discriminating (committed C: identical bytes under narrow and exprop)
C	func_8006E2A8	8006E300	addu	$a0, $a0, $v0	0xfffffff8	sll 3(addu@8006E2F8)@8006E2FC	0x1	andi 0x1@8006E2F0	BLOCK	ARITH-sll		not-discriminating (committed C: identical bytes under narrow and exprop)
C	func_8006E480	8006E490	addu	$v0, $v0, $v1	0x1f	andi 0xFE1F@8006E488	0x7f80	sll 7(lbu@8006E484)@8006E48C	BLOCK	(dslot)ARITH-addu		not-discriminating (committed C: identical bytes under narrow and exprop)
C	func_8006EACC	8006EAE0	addu	$v0, $v0, $v1	0x80	sll 7(andi 0x1@8006EAD8)@8006EADC	0x1	andi 0x1@8006EAD8	BLOCK	ARITH-sll		not-discriminating (committed C: identical bytes under narrow and exprop)
C	func_8006EACC	8006EAE8	addu	$v0, $v0, $v1	0xfffffff8	sll 3(addu@8006EAE0)@8006EAE4	0x1	andi 0x1@8006EAD8	BLOCK	ARITH-sll		not-discriminating (committed C: identical bytes under narrow and exprop)
C	func_8006ECF4	8006EF40	addu	$v0, $v0, $v1	0x0	sll 1(sra 16(sll 16(move(zero)@8006ED18)@8006EF34)@8006EF38)@8006EF3C	0x0	sra 16(sll 16(move(zero)@8006ED18)@8006EF34)@8006EF38	XBLOCK	ARITH-addu	Z	not-discriminating (committed C: identical bytes under narrow and exprop)
C	func_8006F100	8006F2A0	addu	$v0, $v0, $a1	0x0	sll 1(move(zero)@8006F298)@8006F29C	0x0	move(zero)@8006F298	XBLOCK	ARITH-sll	Z	not-discriminating (committed C: identical bytes under narrow and exprop)
C	func_8006F100	8006F3A4	addu	$v1, $v1, $s4	0xfffffffc	sll 2(lh@8006F398)@8006F3A0	0x0	move(zero)@8006F1FC	XBLOCK	ARITH-addu	Z	not-discriminating (committed C: identical bytes under narrow and exprop)
C	func_8006F100	8006F400	addu	$v1, $v1, $s4	0xfffffffc	sll 2(lh@8006F3F4)@8006F3FC	0x0	move(zero)@8006F1FC	XBLOCK	ARITH-addu	Z	not-discriminating (committed C: identical bytes under narrow and exprop)
ASM	func_8006F97C	8006FA84	addu	$v1, $a1, $a0	0x0	sll 1(sra 16(sll 16(move(zero)@8006FA4C)@8006FA60)@8006FA64)@8006FA68	0x0	sra 16(sll 16(move(zero)@8006FA4C)@8006FA60)@8006FA64	XBLOCK	ARITH-sll	Z	pending (no C yet)
ASM	func_8006F97C	8006FC24	addu	$v1, $a1, $a0	0x0	sll 1(sra 16(sll 16(move(zero)@8006FBEC)@8006FC00)@8006FC04)@8006FC08	0x0	sra 16(sll 16(move(zero)@8006FBEC)@8006FC00)@8006FC04	XBLOCK	ARITH-sll	Z	pending (no C yet)
ASM	func_8006F97C	8006FE4C	addu	$v0, $v0, $a0	0x0	sll 1(sra 16(sll 16(move(zero)@8006FDE0)@8006FE40)@8006FE44)@8006FE48	0x0	sra 16(sll 16(move(zero)@8006FDE0)@8006FE40)@8006FE44	XBLOCK	ARITH-sll	Z	pending (no C yet)
ASM	func_8006F97C	8006FEB8	addu	$v0, $v1, $v0	0x0	sll 1(sra 16(sll 16(move(zero)@8006FE7C)@8006FEAC)@8006FEB0)@8006FEB4	0x0	sra 16(sll 16(move(zero)@8006FE7C)@8006FEAC)@8006FEB0	XBLOCK	ARITH-addu	Z	pending (no C yet)
ASM	func_8006F97C	8006FF60	addu	$v0, $v0, $v1	0x0	sll 1(sra 16(sll 16(move(zero)@8006FDE0)@8006FF54)@8006FF58)@8006FF5C	0x0	sra 16(sll 16(move(zero)@8006FDE0)@8006FF54)@8006FF58	XBLOCK	ARITH-sll	Z	pending (no C yet)
ASM	func_80070188	80070264	addu	$s1, $a2, $a1	0x0	sll 1(sra 16(sll 16(move(zero)@800701D8)@80070234)@8007023C)@80070240	0x0	sra 16(sll 16(move(zero)@800701D8)@80070234)@8007023C	XBLOCK	ARITH-addu	Z	pending (no C yet)
ASM	func_80070188	80070474	addu	$a1, $a0, $v0	0x0	sll 1(sra 16(sll 16(move(zero)@800701D8)@80070464)@80070468)@8007046C	0x0	sra 16(sll 16(move(zero)@800701D8)@80070464)@80070468	XBLOCK	ARITH-addux	Z	pending (no C yet)
ASM	func_80070188	80070554	addu	$a1, $a0, $v0	0x0	sll 1(sra 16(sll 16(move(zero)@800701D8)@80070544)@80070548)@8007054C	0x0	sra 16(sll 16(move(zero)@800701D8)@80070544)@80070548	XBLOCK	ARITH-addux	Z	pending (no C yet)
ASM	func_80070188	8007073C	addu	$a2, $v1, $s1	0x0	sll 1(sra 16(sll 16(move(zero)@800701D8)@80070730)@80070734)@80070738	0x0	sra 16(sll 16(move(zero)@800701D8)@80070730)@80070734	XBLOCK	ARITH-addu	Z	pending (no C yet)
ASM	func_80070188	80070934	addu	$v1, $v1, $v0	0x0	sll 1(sra 16(sll 16(move(zero)@800701D8)@80070928)@8007092C)@80070930	0x0	sra 16(sll 16(move(zero)@800701D8)@80070928)@8007092C	XBLOCK	ARITH-addu	Z	pending (no C yet)
ASM	func_80070188	800709BC	addu	$v1, $v1, $v0	0x0	sll 1(sra 16(andi 0xFB@800709A8)@800709B4)@800709B8	0x0	sra 16(andi 0xFB@800709A8)@800709B4	XBLOCK	ARITH-addu	Z	pending (no C yet)
ASM	func_80070F78	80071058	addu	$v0, $a0, $v0	0x0	sll 1(sra 16(sll 16(move(zero)@80071028)@8007104C)@80071050)@80071054	0x0	sra 16(sll 16(move(zero)@80071028)@8007104C)@80071050	XBLOCK	ARITH-addu	Z	pending (no C yet)
ASM	func_80070F78	8007111C	addu	$v0, $v0, $a0	0x0	sll 1(sra 16(sll 16(move(zero)@800710F4)@80071108)@8007110C)@80071118	0x0	sra 16(sll 16(move(zero)@800710F4)@80071108)@8007110C	XBLOCK	ARITH-addu	Z	pending (no C yet)
ASM	func_80070F78	800711AC	addu	$v0, $v0, $v1	0x0	sll 1(sra 16(sll 16(move(zero)@800710F4)@800711A0)@800711A4)@800711A8	0x0	sra 16(sll 16(move(zero)@800710F4)@800711A0)@800711A4	XBLOCK	ARITH-addu	Z	pending (no C yet)
ASM	func_80070F78	800711F4	addu	$s0, $a1, $v0	0x0	sll 1(sra 16(sll 16(move(zero)@800710F4)@800711E8)@800711EC)@800711F0	0x0	sra 16(sll 16(move(zero)@800710F4)@800711E8)@800711EC	XBLOCK	ARITH-addu	Z	pending (no C yet)
ASM	func_80070F78	8007132C	addu	$v1, $s0, $s2	0x0	sll 1(sra 16(sll 16(move(zero)@800710F4)@800712F4)@800712F8)@800712FC	0x0	sra 16(sll 16(move(zero)@800710F4)@800712F4)@800712F8	XBLOCK	ARITH-addu	Z	pending (no C yet)
ASM	func_80070F78	800713C4	addu	$v0, $s0, $s2	0x0	sll 1(sra 16(sll 16(move(zero)@800710F4)@800712F4)@800712F8)@800712FC	0x0	sra 16(sll 16(move(zero)@800710F4)@800712F4)@800712F8	XBLOCK	ARITH-addu	Z	pending (no C yet)
ASM	func_80070F78	80071434	addu	$v0, $v0, $v1	0x0	sll 1(sra 16(sll 16(move(zero)@800710F4)@80071428)@8007142C)@80071430	0x0	sra 16(sll 16(move(zero)@800710F4)@80071428)@8007142C	XBLOCK	ARITH-addu	Z	pending (no C yet)
ASM	func_80070F78	8007146C	addu	$v0, $v0, $v1	0x0	sll 1(sra 16(sll 16(move(zero)@800710F4)@8007145C)@80071464)@80071468	0x0	sra 16(sll 16(move(zero)@800710F4)@8007145C)@80071464	XBLOCK	ARITH-addu	Z	pending (no C yet)
ASM	func_80070F78	8007151C	addu	$v0, $s0, $s2	0x0	sll 1(sra 16(sll 16(move(zero)@800710F4)@800712F4)@800712F8)@800712FC	0x0	sra 16(sll 16(move(zero)@800710F4)@800712F4)@800712F8	XBLOCK	ARITH-addux	Z	pending (no C yet)
ASM	func_80070F78	80071850	addu	$v0, $v0, $s0	0x0	sll 1(sra 16(sll 16(move(zero)@800710F4)@800717EC)@800717F0)@8007184C	0x0	sra 16(sll 16(move(zero)@800710F4)@800717EC)@800717F0	XBLOCK	ARITH-addu	Z	pending (no C yet)
ASM	func_80070F78	80071934	addu	$v0, $v0, $s0	0x0	sll 16(move(zero)@800710F4)@80071930	0x0	sra 16(sll 16(move(zero)@800710F4)@800718BC)@800718C0	XBLOCK	ARITH-addu	Z	pending (no C yet)
ASM	func_80070F78	800719E8	addu	$v0, $a0, $a1	0x0	sll 1(sra 16(sll 16(move(zero)@800719D8)@800719DC)@800719E0)@800719E4	0x0	sra 16(sll 16(move(zero)@800719D8)@800719DC)@800719E0	XBLOCK	ARITH-addu	Z	pending (no C yet)
ASM	func_80070F78	80071AC4	addu	$v0, $v0, $v1	0x0	sll 1(sra 16(sll 16(move(zero)@800719D8)@80071AB8)@80071ABC)@80071AC0	0x0	sra 16(sll 16(move(zero)@800719D8)@80071AB8)@80071ABC	XBLOCK	ARITH-addu	Z	pending (no C yet)
C	func_80071C4C	80071D70	addu	$v0, $v0, $a1	0x0	sll 1(move(zero)@80071D68)@80071D6C	0x0	move(zero)@80071D68	XBLOCK	ARITH-sll	Z	not-discriminating (committed C: identical bytes under narrow and exprop)
C	func_80071C4C	80071DFC	addu	$a2, $a2, $s2	0xfffffffc	sll 2(lh@80071DEC)@80071DF8	0x0	move(zero)@80071C90	XBLOCK	ARITH-addu	Z	not-discriminating (committed C: identical bytes under narrow and exprop)
C	func_80071C4C	80071E48	addu	$v1, $v1, $s2	0xfffffffc	sll 2(lh@80071E3C)@80071E44	0x0	move(zero)@80071C90	XBLOCK	ARITH-addu	Z	not-discriminating (committed C: identical bytes under narrow and exprop)
C	func_80071C4C	80071F50	or	$v1, $v1, $v0	0xfffffc0f	and(lw@80071F44,li -0x3F1@80071F34)@80071F4C	0x3f0	sll 4(andi 0x3F@80071F3C)@80071F48	BLOCK	STORE-sw		not-discriminating (committed C: identical bytes under narrow and exprop)
ASM	func_800720FC	800722FC	addu	$v0, $s0, $s1	0xfffffffe	sll 1(addu@800722B0)@800722B8	0x0	move(zero)@800722A8	XBLOCK	ARITH-sll	Z	pending (no C yet)
ASM	func_800720FC	80072924	addu	$v1, $s5, $s0	0x0	sll 1(move(zero)@80072828)@800728E0	0x0	move(zero)@800728DC	XBLOCK	BRANCH-bne	Z	pending (no C yet)
ASM	func_800720FC	80072B48	or	$v1, $v1, $v0	0xfffffc0f	and(lw@80072B34,li -0x3F1@80072B38)@80072B3C	0x3f0	sll 4(andi 0x3F@80072B40)@80072B44	XBLOCK	STORE-sw		pending (no C yet)
C	func_80073728	8007378C	addu	$v1, $v1, $v0	0x1f	andi 0xFE1F@80073784	0x7f80	sll 7(lbu@80073780)@80073788	BLOCK	ARITH-addiu		not-discriminating (committed C: identical bytes under narrow and exprop)
C	func_80073728	800737B4	addu	$v1, $v1, $v0	0x1f	andi 0xFE1F@800737AC	0x7f80	sll 7(lbu@800737A8)@800737B0	BLOCK	ARITH-addiu		not-discriminating (committed C: identical bytes under narrow and exprop)
C	func_80073728	800737D8	addu	$v1, $v1, $v0	0x1f	andi 0xFE1F@800737D0	0x7f80	sll 7(lbu@800737CC)@800737D4	BLOCK	ARITH-addiu		not-discriminating (committed C: identical bytes under narrow and exprop)
C	func_80073728	800737F4	addu	$v1, $v1, $v0	0x1f	andi 0xFE1F@800737EC	0x7f80	sll 7(lbu@800737E8)@800737F0	BLOCK	STORE-swx		not-discriminating (committed C: identical bytes under narrow and exprop)
ASM	func_80073C78	80073CD8	addu	$v1, $v1, $v0	0x1f	andi 0xFE1F@80073CD0	0x7f80	sll 7(lbu@80073CCC)@80073CD4	BLOCK	(dslot)ARITH-sw		not-discriminating (ledger candidate: identical bytes under narrow and exprop)
C	func_80074B18	80074BB8	addu	$s5, $v1, $v0	0x0	sll 4(sra 16(sll 16(move(zero)@80074B74)@80074BAC)@80074BB0)@80074BB4	0x0	sra 16(sll 16(move(zero)@80074B74)@80074BAC)@80074BB0	XBLOCK	ARITH-sll	Z	not-discriminating (committed C: identical bytes under narrow and exprop)
C	func_80075670	800757E8	addu	$v0, $v0, $a1	0x0	sra 15(sll 16(move(zero)@800757D0)@800757D8)@800757E4	0x7f	li 0x7F@80075770	XBLOCK	ARITH-sh	Z	not-discriminating (committed C: identical bytes under narrow and exprop)
C	func_800759D0	80075D4C	addu	$v0, $v0, $v1	0x0	sll 4(sra 16(sll 16(move(zero)@80075CD0)@80075D3C)@80075D40)@80075D44	0x0	sra 16(sll 16(move(zero)@80075CD0)@80075D3C)@80075D40	XBLOCK	STORE-sw	Z	not-discriminating (committed C: identical bytes under narrow and exprop)
C	func_800759D0	80075E34	addu	$v0, $v0, $a0	0x0	sll 4(sra 16(sll 16(move(zero)@80075DC8)@80075DFC)@80075E00)@80075E30	0x0	sra 16(sll 16(move(zero)@80075DC8)@80075DFC)@80075E00	XBLOCK	STORE-sw	Z	not-discriminating (committed C: identical bytes under narrow and exprop)
C	func_8007636C	80076554	addu	$v0, $v0, $v1	0x0	sll 4(sra 16(sll 16(move(zero)@8007647C)@8007653C)@80076544)@80076550	0x0	sra 16(sll 16(move(zero)@8007647C)@8007653C)@80076544	XBLOCK	ARITH-sll	Z	not-discriminating (committed C: identical bytes under narrow and exprop)
C	func_8007636C	80076640	addu	$v1, $v1, $v0	0x0	sll 1(sra 16(sll 16(move(zero)@800765D0)@800765F8)@800765FC)@80076620	0xfffffffe	sll 1(lh@80076634)@8007663C	XBLOCK	ARITH-lhu	Z	not-discriminating (committed C: identical bytes under narrow and exprop)
C	func_8007636C	800766BC	addu	$v0, $v0, $v1	0x0	sll 4(sra 16(sll 16(move(zero)@800765D0)@800766AC)@800766B0)@800766B8	0x0	sra 16(sll 16(move(zero)@800765D0)@800766AC)@800766B0	XBLOCK	ARITH-sll	Z	not-discriminating (committed C: identical bytes under narrow and exprop)
C	func_8007636C	800767F0	addu	$v0, $v0, $v1	0x0	sll 4(sra 16(sll 16(move(zero)@8007676C)@800767D8)@800767E0)@800767EC	0x0	sra 16(sll 16(move(zero)@8007676C)@800767D8)@800767E0	XBLOCK	ARITH-sll	Z	not-discriminating (committed C: identical bytes under narrow and exprop)
C	func_80076D74	80076DE0	or	$v1, $v1, $v0	0xfffff3ff	and(lw@80076DD4,li -0xC01@80076DC0)@80076DDC	0xc00	sll 10(andi 0x3@80076DD0)@80076DD8	BLOCK	STORE-sw		not-discriminating (committed C: identical bytes under narrow and exprop)
C	func_80076D74	80076E30	or	$v1, $v1, $v0	0xffffcfff	and(lw@80076E1C,li -0x3001@80076E18)@80076E24	0x3000	sll 12(andi 0x3@80076E28)@80076E2C	XBLOCK	STORE-sw		not-discriminating (committed C: identical bytes under narrow and exprop)
C	func_80076D74	80076E4C	or	$v1, $v1, $v0	0xffffbfff	and(or(and(lw@80076E1C,li -0x3001@80076E18)@80076E24,sll 12(andi 0x3@80076E28)@80076E2C)@80076E30,li -0x4001@80076E34)@80076E40	0x4000	sll 14(andi 0x1@80076E44)@80076E48	XBLOCK	ARITH-and		not-discriminating (committed C: identical bytes under narrow and exprop)
C	func_80076D74	80076EA4	addu	$v0, $v0, $v1	0x0	sll 2(sra 16(sll 16(move(zero)@80076E10)@80076E98)@80076E9C)@80076EA0	0x0	sra 16(sll 16(move(zero)@80076E10)@80076E98)@80076E9C	XBLOCK	ARITH-sll	Z	not-discriminating (committed C: identical bytes under narrow and exprop)
C	func_80076D74	80076EC0	addu	$a0, $v1, $a1	0x0	sra 15(sll 16(move(zero)@80076E94)@80076EAC)@80076EB0	0xfffffffe	sll 1(addu@80076EA4)@80076EA8	XBLOCK	ARITH-addu	Z	not-discriminating (committed C: identical bytes under narrow and exprop)
C	func_800770B8	80077198	addu	$v1, $v1, $a1	0x0	sll 2(sra 16(sll 16(move(zero)@8007712C)@80077150)@80077154)@80077160	0x0	sra 16(sll 16(move(zero)@8007712C)@80077150)@80077154	XBLOCK	ARITH-sll	Z	not-discriminating (committed C: identical bytes under narrow and exprop)
C	func_800770B8	800771FC	addu	$v0, $v0, $v1	0x0	sll 2(sra 16(sll 16(move(zero)@8007712C)@800771F0)@800771F4)@800771F8	0x0	sra 16(sll 16(move(zero)@8007712C)@800771F0)@800771F4	XBLOCK	ARITH-sll	Z	not-discriminating (committed C: identical bytes under narrow and exprop)
C	func_800770B8	80077220	addu	$v0, $a2, $a3	0x0	move(zero)@800771EC	0xfffffffe	sll 1(addu@800771FC)@80077200	BLOCK	ARITH-sllx	Z	not-discriminating (committed C: identical bytes under narrow and exprop)
C	func_80077374	800774C4	addu	$s1, $s1, $s0	0x0	sll 2(sra 16(sll 16(move(zero)@800773EC)@800774B4)@800774B8)@800774C0	0x0	sra 16(sll 16(move(zero)@800773EC)@800774B4)@800774B8	XBLOCK	ARITH-sll	Z	not-discriminating (committed C: identical bytes under narrow and exprop)
C	func_80077374	80077554	addu	$s1, $s1, $s0	0x0	sll 2(sra 16(sll 16(move(zero)@800773EC)@80077544)@80077548)@80077550	0x0	sra 16(sll 16(move(zero)@800773EC)@80077544)@80077548	XBLOCK	ARITH-sll	Z	not-discriminating (committed C: identical bytes under narrow and exprop)
C	func_80077374	80077604	addu	$a2, $a2, $s0	0x0	sll 2(sra 16(sll 16(move(zero)@800773EC)@800775D4)@800775D8)@80077600	0x0	sra 16(sll 16(move(zero)@800773EC)@800775D4)@800775D8	XBLOCK	ARITH-sll	Z	not-discriminating (committed C: identical bytes under narrow and exprop)
C	func_80077374	800776A4	addu	$a2, $a2, $s0	0x0	sll 2(sra 16(sll 16(move(zero)@800773EC)@80077674)@80077678)@800776A0	0x0	sra 16(sll 16(move(zero)@800773EC)@80077674)@80077678	XBLOCK	ARITH-sll	Z	not-discriminating (committed C: identical bytes under narrow and exprop)
C	func_80077724	80077750	addu	$v0, $v0, $v1	0x80	sll 7(andi 0x1@80077748)@8007774C	0x1	andi 0x1@80077748	BLOCK	ARITH-sll		not-discriminating (committed C: identical bytes under narrow and exprop)
C	func_80077724	80077758	addu	$v0, $v0, $v1	0xfffffff8	sll 3(addu@80077750)@80077754	0x1	andi 0x1@80077748	BLOCK	ARITH-sll		not-discriminating (committed C: identical bytes under narrow and exprop)
C	func_80077894	800778D0	or	$v1, $v1, $v0	0xfffffff0	and(lw@800778C0,li -0x10@800778B0)@800778C8	0xf	andi 0xF@800778CC	XBLOCK	STORE-sw		not-discriminating (committed C: identical bytes under narrow and exprop)
ASM	func_8008B488	8008B640	or	$v0, $a1, $a0	0x0	move(zero)@8008B62C	0xe000	ori(zero)@8008B5FC	XBLOCK	STORE-sh	Z	not-discriminating (ledger candidate: identical bytes under narrow and exprop)
ASM	func_8008B488	8008B720	or	$v0, $a1, $a0	0x0	move(zero)@8008B70C	0xe000	ori(zero)@8008B6DC	XBLOCK	STORE-sh	Z	not-discriminating (ledger candidate: identical bytes under narrow and exprop)
ASM	func_8008B488	8008B828	or	$v0, $a1, $a2	0x7f	li 0x7F@8008B7E0	0x80	li 0x80@8008B808	XBLOCK	ARITH-sll		not-discriminating (ledger candidate: identical bytes under narrow and exprop)
ASM	func_8008B488	8008B830	or	$v0, $a0, $v0	0xff	andi 0xFF@8008B824	0xff00	sll 8(or(li 0x7F@8008B7E0,li 0x80@8008B808)@8008B828)@8008B82C	XBLOCK	STORE-sh		not-discriminating (ledger candidate: identical bytes under narrow and exprop)
ASM	func_8008B488	8008B880	or	$v0, $a0, $v0	0xff0f	andi 0xFF0F@8008B878	0xf0	sll 4(li 0xF@8008B85C)@8008B87C	XBLOCK	STORE-sh		not-discriminating (ledger candidate: identical bytes under narrow and exprop)
ASM	func_8008B488	8008B930	or	$v0, $a1, $a2	0x7f	li 0x7F@8008B8AC	0x300	li 0x300@8008B910	XBLOCK	ARITH-sll		not-discriminating (ledger candidate: identical bytes under narrow and exprop)
ASM	func_8008B488	8008B938	or	$v0, $a0, $v0	0x3f	andi 0x3F@8008B92C	0xdfc0	sll 6(or(li 0x7F@8008B8AC,li 0x300@8008B910)@8008B930)@8008B934	XBLOCK	STORE-sh		not-discriminating (ledger candidate: identical bytes under narrow and exprop)
ASM	func_8008B488	8008B9B4	or	$v0, $a1, $a2	0x1f	li 0x1F@8008B964	0x20	li 0x20@8008B994	XBLOCK	ARITH-or		not-discriminating (ledger candidate: identical bytes under narrow and exprop)
ASM	func_8008B488	8008B9B8	or	$v0, $a0, $v0	0xffc0	andi 0xFFC0@8008B9B0	0x3f	or(li 0x1F@8008B964,li 0x20@8008B994)@8008B9B4	XBLOCK	STORE-sh		not-discriminating (ledger candidate: identical bytes under narrow and exprop)
ASM	func_8008B488	8008BA04	or	$v0, $a1, $v0	0xf	li 0xF@8008B9E4	0xfff0	andi 0xFFF0@8008BA00	XBLOCK	STORE-sh		not-discriminating (ledger candidate: identical bytes under narrow and exprop)
C	gpu_OffsetClut	80043FFC	or	$a0, $a0, $a2	0xffff8000	and(?(entry),li -0x8000@80043FF0)@80043FF4	0x7fc0	sll 6(andi 0x1FF@80043FEC)@80043FF8	BLOCK	ARITH-or		not-discriminating (committed C: identical bytes under narrow and exprop)
C	gpu_OffsetClut	80044000	or	$v0, $v0, $a0	0x3f	andi 0x3F@80043FDC	0xffffffc0	or(and(?(entry),li -0x8000@80043FF0)@80043FF4,sll 6(andi 0x1FF@80043FEC)@80043FF8)@80043FFC	BLOCK	ARITH-sll		not-discriminating (committed C: identical bytes under narrow and exprop)
C	gpu_OffsetTPage	80043FB8	or	$a0, $a0, $v1	0xffffffe0	and(?(entry),li -0x20@80043FAC)@80043FB0	0x10	sll 4(andi 0x1@80043FA8)@80043FB4	BLOCK	ARITH-or		not-discriminating (committed C: identical bytes under narrow and exprop)
C	gpu_OffsetTPage	80043FBC	or	$v0, $v0, $a0	0xf	andi 0xF@80043F90	0xfffffff0	or(and(?(entry),li -0x20@80043FAC)@80043FB0,sll 4(andi 0x1@80043FA8)@80043FB4)@80043FB8	BLOCK	ARITH-sll		not-discriminating (committed C: identical bytes under narrow and exprop)
C	gpu_OffsetTexPolyFT3	80043C10	or	$t1, $t1, $v1	0xffe0	andi 0xFFE0@80043C08	0x10	sll 4(andi 0x1@80043C04)@80043C0C	BLOCK	ARITH-or		not-discriminating (committed C: identical bytes under narrow and exprop)
C	gpu_OffsetTexPolyFT3	80043C18	or	$t0, $t0, $t1	0xf	andi 0xF@80043BF4	0xfff0	or(andi 0xFFE0@80043C08,sll 4(andi 0x1@80043C04)@80043C0C)@80043C10	BLOCK	STORE-sh		not-discriminating (committed C: identical bytes under narrow and exprop)
C	gpu_OffsetTexPolyFT3	80043C6C	or	$v1, $v1, $a1	0x8000	andi 0x8000@80043C64	0x7fc0	sll 6(andi 0x1FF@80043C60)@80043C68	BLOCK	ARITH-or		not-discriminating (committed C: identical bytes under narrow and exprop)
C	gpu_OffsetTexPolyFT3	80043C70	or	$a3, $a3, $v1	0x3f	andi 0x3F@80043C50	0xffc0	or(andi 0x8000@80043C64,sll 6(andi 0x1FF@80043C60)@80043C68)@80043C6C	BLOCK	(dslot)ARITH-sh		not-discriminating (committed C: identical bytes under narrow and exprop)
C	gpu_OffsetTexPolyFT4	80043CBC	or	$t1, $t1, $v1	0xffe0	andi 0xFFE0@80043CB4	0x10	sll 4(andi 0x1@80043CB0)@80043CB8	BLOCK	ARITH-or		not-discriminating (committed C: identical bytes under narrow and exprop)
C	gpu_OffsetTexPolyFT4	80043CC0	or	$t0, $t0, $t1	0xf	andi 0xF@80043CA0	0xfff0	or(andi 0xFFE0@80043CB4,sll 4(andi 0x1@80043CB0)@80043CB8)@80043CBC	BLOCK	STORE-sh		not-discriminating (committed C: identical bytes under narrow and exprop)
C	gpu_OffsetTexPolyFT4	80043D24	or	$v1, $v1, $a1	0x8000	andi 0x8000@80043D1C	0x7fc0	sll 6(andi 0x1FF@80043D18)@80043D20	BLOCK	ARITH-or		not-discriminating (committed C: identical bytes under narrow and exprop)
C	gpu_OffsetTexPolyFT4	80043D28	or	$a3, $a3, $v1	0x3f	andi 0x3F@80043D08	0xffc0	or(andi 0x8000@80043D1C,sll 6(andi 0x1FF@80043D18)@80043D20)@80043D24	BLOCK	(dslot)ARITH-sh		not-discriminating (committed C: identical bytes under narrow and exprop)
C	gpu_OffsetTexPolyGT3	80043D74	or	$t1, $t1, $v1	0xffe0	andi 0xFFE0@80043D6C	0x10	sll 4(andi 0x1@80043D68)@80043D70	BLOCK	ARITH-or		not-discriminating (committed C: identical bytes under narrow and exprop)
C	gpu_OffsetTexPolyGT3	80043D7C	or	$t0, $t0, $t1	0xf	andi 0xF@80043D58	0xfff0	or(andi 0xFFE0@80043D6C,sll 4(andi 0x1@80043D68)@80043D70)@80043D74	BLOCK	STORE-sh		not-discriminating (committed C: identical bytes under narrow and exprop)
C	gpu_OffsetTexPolyGT3	80043DD0	or	$v1, $v1, $a1	0x8000	andi 0x8000@80043DC8	0x7fc0	sll 6(andi 0x1FF@80043DC4)@80043DCC	BLOCK	ARITH-or		not-discriminating (committed C: identical bytes under narrow and exprop)
C	gpu_OffsetTexPolyGT3	80043DD4	or	$a3, $a3, $v1	0x3f	andi 0x3F@80043DB4	0xffc0	or(andi 0x8000@80043DC8,sll 6(andi 0x1FF@80043DC4)@80043DCC)@80043DD0	BLOCK	(dslot)ARITH-sh		not-discriminating (committed C: identical bytes under narrow and exprop)
C	gpu_OffsetTexPolyGT4	80043E20	or	$t1, $t1, $v1	0xffe0	andi 0xFFE0@80043E18	0x10	sll 4(andi 0x1@80043E14)@80043E1C	BLOCK	ARITH-or		not-discriminating (committed C: identical bytes under narrow and exprop)
C	gpu_OffsetTexPolyGT4	80043E24	or	$t0, $t0, $t1	0xf	andi 0xF@80043E04	0xfff0	or(andi 0xFFE0@80043E18,sll 4(andi 0x1@80043E14)@80043E1C)@80043E20	BLOCK	STORE-sh		not-discriminating (committed C: identical bytes under narrow and exprop)
C	gpu_OffsetTexPolyGT4	80043E88	or	$v1, $v1, $a1	0x8000	andi 0x8000@80043E80	0x7fc0	sll 6(andi 0x1FF@80043E7C)@80043E84	BLOCK	ARITH-or		not-discriminating (committed C: identical bytes under narrow and exprop)
C	gpu_OffsetTexPolyGT4	80043E8C	or	$a3, $a3, $v1	0x3f	andi 0x3F@80043E6C	0xffc0	or(andi 0x8000@80043E80,sll 6(andi 0x1FF@80043E7C)@80043E84)@80043E88	BLOCK	(dslot)ARITH-sh		not-discriminating (committed C: identical bytes under narrow and exprop)
ASM	gte_MulMatrix0ClearTrans	800529A4	or	$v0, $v0, $v1	0xffff0000	sll 16(lw@80052970)@80052994	0xffff	srl 16(lw@80052968)@800529A0	BLOCK	ARITH-mtc2		pending (no C yet)
ASM	gte_SetMatrixRotTransIRVec	80052AC4	or	$t0, $t0, $t1	0xffff	lhu@80052ABC	0xffff0000	sll 16(lh@80052AB8)@80052AC0	BLOCK	ARITH-mtc2		pending (no C yet)
C	main	80017290	addu	$v0, $v0, $s1	0x80	sll 7(andi 0x1@80017288)@8001728C	0x1	andi 0x1@80017288	BLOCK	ARITH-sll		not-discriminating (committed C: identical bytes under narrow and exprop)
C	main	80017298	addu	$v0, $v0, $s1	0xfffffff8	sll 3(addu@80017290)@80017294	0x1	andi 0x1@80017288	BLOCK	ARITH-sll		not-discriminating (committed C: identical bytes under narrow and exprop)
C	math_GrayscaleRgb555	800487A0	addu	$v0, $v0, $a3	0xffffffc0	sll 6(addu@80048798)@8004879C	0x1f	andi 0x1F@80048790	BLOCK	ARITH-sll		not-discriminating (committed C: identical bytes under narrow and exprop)
C	math_GrayscaleRgb555	800487F4	addu	$a1, $a1, $v0	0x8000	and(lhu@80048784,li -0x8000@8004877C)@800487EC	0x7c00	sll 10(andi 0x1F@800487E8)@800487F0	XBLOCK	ARITH-addu		not-discriminating (committed C: identical bytes under narrow and exprop)
C	math_Popcount32	8003A70C	addu	$a1, $a1, $v0	0x0	move(zero)@8003A6FC	0x1	andi 0x1@8003A708	XBLOCK	(dslot)ARITH-addu	Z	not-discriminating (committed C: identical bytes under narrow and exprop)
C	prnt	80079398	addu	$v0, $v0, $s0	0x0	sll 2(move(zero)@8007936C)@80079394	0x0	move(zero)@8007936C	XBLOCK	ARITH-sll	Z	not-discriminating (committed C: identical bytes under narrow and exprop)
C	prnt	800793E4	addu	$v1, $v1, $s0	0x0	sll 2(move(zero)@800793D4)@800793E0	0x0	move(zero)@800793D4	XBLOCK	ARITH-sll	Z	not-discriminating (committed C: identical bytes under narrow and exprop)
C	vmNoiseOn	800870E4	or	$v1, $v1, $a1	0xffff	lhu@800870D0	0x0	move(zero)@80087004	XBLOCK	STORE-sh	Z	not-discriminating (committed C: identical bytes under narrow and exprop)
C	vmNoiseOn	80087148	or	$v0, $v0, $a1	0xffff	lhu@8008713C	0x0	move(zero)@80087004	XBLOCK	STORE-sh	Z	not-discriminating (committed C: identical bytes under narrow and exprop)
