addr,glabel,current_name,proposed_name,action,evidence_class,evidence,verdict,verifier_note
0x800164AC,func_800164AC,data_as_code_lb_table,jtbl_comb_control,RENAME,libscan-verbatim,"Not code: 19 data words (src/ings.c:95 emits them as .word). Its only users are three indexed jumps in VERIFIED _comb_control (libscan-verbatim LIBCOMB/COMB @0x8008C464, asm/funcs/_comb_control.s): @0x8008C470-8008C494 `sltiu a0<6; lw %lo(func_800164AC)(4*a0); jr v0`; @0x8008C49C-8008C4B8 `sltiu a1<7; lw %lo(func_800164AC+0x18)(4*a1); jr v0`; @0x8008C5B4-8008C5D0 `sltiu a1<5; lw %lo(func_800164AC+0x38)(4*a1); jr v0`. Words read from the EXE: +0x00..+0x14 = 8008C49C 8008C5B4 8008C750 8008C8A0 8008C930 8008C94C; +0x18..+0x30 = 8008C4C0 8008C4D8 8008C504 8008C518 8008C928 8008C560 8008C590; +0x34 = 0; +0x38..+0x48 = 8008C95C 8008C5D8 8008C658 8008C680 8008C6DC - all 18 non-zero words are instruction addresses inside _comb_control (0x8008C464..0x8008D04C).",CONFIRM,"[misc] Re-derived from Sony's own OBJ (v_lib.py, tmp/libscan/psyq40/LIB/LIBCOMB.LIB module COMB): COMB .text is 0/1171 words at base 0x8008BE04 (_comb_control XDEF +0x660 = 0x8008C464, VERIFIED). COMB .rdata (92 B) = 'SIO console\0' 'sio\0' (= g_str_sio_console @0x8001649C, byte-identical in EXE) followed by FULL32(type 16) relocs secbase:.text+off at rdata+0x10..0x58, i.e. EXE 0x800164AC..0x800164F4; all 18 EXE words == 0x8008BE04+addend (0 mismatches) and rdata+0x44 (=0x800164E0) is an unrelocated 0 in the lib too. _comb_control's three hi/lo loads carry reloc secbase:1+0x10/+0x28/+0x48 = 0x800164AC/+0x18/+0x38 -> three switch tables (6,7,5 entries). No Sony local symbol names these .rdata labels, so a restatement name is correct. Convention: every in-tree jtbl_ symbol is jtbl_<ADDR>; this would be the first semantic jtbl_ name - acceptable (jtbl_ prefix avoids a fake Sony-name claim that _comb_control_jtbl would make). One symbol for three tables is fine if the apply comment says so ('3 switch tables: +0x00 x6, +0x18 x7, +0x38 x5; +0x34 pad'). No collision. HAZARD: alias-only today (named_syms.txt:28 / symbol_addrs); if the glabel is renamed too, also src/ings.c:95, asm/funcs/_comb_control.s:10/12/19/21/93/95 (%hi/%lo(func_800164AC[+0x18/+0x38])), asm/funcs/func_800164AC.s, inline_asm_canonical.txt:140. Row lives in the FUNCTION census though it is data."
0x80016514,func_80016514,file_LoadAll,pcdrv_LoadFile,RENAME,libsn-pcdrv-protocol,"asm/funcs/func_80016514.s: fd=PCopen(a0+4,0,0) [CORROBORATED libsn-pcdrv-protocol]; fd==-1 -> return -2; size=PClseek(fd,0,2) [CORROBORATED; LIBSN.H PClseek(fd,offset,mode), 2=SEEK_END]; PClseek(fd,0,0); loop PCread(fd,buf,min(rest,0x4000)) [CORROBORATED], short read -> close(fd) [VERIFIED BIOS close] and return -1; PCclose(fd) [CORROBORATED]; return size. Reads one whole host (PCdrv) file into a1. 0 callers (dev code). 'file_LoadAll' hides that the source is the SN host filesystem, not the CD.",CONFIRM,"[sys_snd_io] Asm + src/ings.c:132 re-read: fd=PCopen(a0+4,0,0); -1 -> return -2; size=PClseek(fd,0,2 SEEK_END); PClseek(fd,0,0); loop PCread(fd,buf,min(rest,0x4000)), short -> close(fd) [VERIFIED BIOS] + -1; PCclose(fd); return size. Break codes re-read from EXE words: PCopen 0x80083698 holds 0x000040CD (break 0x103), PCclose 0x800836B8 0x0000410D (0x104), PClseek 0x800836C8 0x000041CD (0x107); PCread CORROBORATED by the 2026-09-24 emulation. Restating CORROBORATED callees whose identity rests on an owner-admitted class has precedent (comb_ResetClose CONFIRM). 'pcdrv_' prefix is consistent with pcdrv_ReadRaw (project name where no SN symbol exists); a game-side wrapper named by its device, like memcard_ReadFile. 0 callers. No collision. HAZARD: src/ings.c:132 def, named_syms.txt, docs/grind/decisions.md (historical), tools/rename_funcs.py."
0x800165F8,file_LoadSectors,file_LoadSectors,pcdrv_LoadSectors,RENAME,libsn-pcdrv-protocol,"asm/funcs/file_LoadSectors.s: fd=PCopen(a0+4,0,0) [CORROBORATED]; fd==-1 -> -2; PClseek(fd, a2<<11, 0) [CORROBORATED; SEEK_SET]; a3 times PCread(fd,buf,0x800) [CORROBORATED], buf+=0x800, short read -> close(fd) [VERIFIED] and -1; PCclose(fd); return a3<<11. Reads a3 2048-byte sectors from sector a2 of a host (PCdrv) file. 0 callers.",CONFIRM,"[sys_snd_io] Asm re-read: fd=PCopen(a0+4,0,0); -1 -> -2; PClseek(fd, a2<<11, 0 SEEK_SET) (sll 11 @80016658); a3 x PCread(fd,buf,0x800), short -> close(fd) [VERIFIED] + -1; PCclose; return a3<<11. Same break-code chain as pcdrv_LoadFile. 'Sectors' = the function's own 2048-byte unit, retained. 0 jal callers. HAZARD: glabel name - asm/funcs/file_LoadSectors.s filename + src/ings.c:162; old name is recorded in docs/grind/borderline.md@f2bf53757:99, decisions.md, journal.md, sotn-family-surveys-2026-08-18.md (historical records); tools/rename_funcs.py."
0x800166C4,func_800166C4,disp_CalcFov,math_FovToScreenDist,RENAME,computation-restatement,"asm/funcs/func_800166C4.s (41 insns, leaf; C src/ings.c:181). Its only memory access is Judge @0x800973FC, the proven full-circle sine table (census row math_Rotate2D). t = ((a0<<12)/360)/2 (C truncating division; magic 0xB60B60B7); returns (T[(t+0x400)&0xFFF]*320) / T[t&0xFFF] = 320*cot(deg/2). Emulated with verify_gfx.py (asm words == EXE, 41/41): exhaustive a0 = -720..720 (1436 cases; 5 div-by-zero at sin=0 skipped) 0 mismatches; 20000 random s32 0 mismatches. deg 90 -> 320, 60 -> 554, 45 -> 772 (= 320/tan(deg/2) within 5). Every call site passes the result straight to SetGeomScreen [VERIFIED] (src/ings.c:278, code6cac.c:2069, code6cac_c_mid.c:1417, text1b.c:1892, code6cac_c2.c:864), i.e. the value is the GTE projection distance h.",CONFIRM,"[gfx] Independent emulation (own interpreter, EXE words): ref = t=trunc(trunc(s32(a0<<12)/360)/2); T[(t+0x400)&0xFFF]*320 / T[t&0xFFF] (C truncation). 34,009 inputs (every a0 in -2000..2000 + 30,000 random s32 + edges INT_MIN/INT_MAX/2^19): 0 mismatches; 102 break-7 traps, all exactly where T[t&0xFFF]==0 (ref predicts every one). Only memory = Judge@0x800973FC: .data dlabel (asm/data/7D920.data.s:14463), verified here as T[i]=round(4096 sin(2pi i/4096)) within 1 LSB, and no store to Judge exists in asm/funcs or src (grep). 45 -> 772 (320/tan 22.5 = 772.5), 90 -> 320. All 6 asm callers (func_80016918/8001DCB0/8001E404/800397D4/8003CE18/80054604) pass v0 straight to SetGeomScreen [VERIFIED] (h = projection distance), and the draw env is 0x280 = 640 wide (SetDefDrawEnv in func_80016918), so 320*cot(fov/2) is exactly the screen distance for a horizontal FOV in degrees; the old name inverts the direction. Domain: a0 in degrees with sin(a0/2)!=0 (not a multiple of 720, incl. 0); s32(a0<<12) wraps for |a0|>=2^19. No collision. Apply hazard: definition src/ings.c:181 (census says code6cac.c:140 = extern, stale), callers in code6cac.c/code6cac_c2.c/code6cac_c_mid.c/ings.c/text1b.c, undefined_syms_auto.txt:1453, named_syms.txt:409 -> naming_wave.py only."
0x80016768,func_80016768,disp_SetFramebufferMode,func_80016768,RESET,reset-contradicted,"func_80016768: loop i<2 writes DRAWENV.isbg (+0x18) and r0/g0/b0 (+0x19..0x1B) of both g_gpu_db buffers; no DISPENV field, no GP1(08h), no library call.",CONFIRM,"[gfx] gfx verifier: RENAME gpu_SetDrawEnvBg held PLAUSIBLE (no admitted class for struct-field restatement), but ""RESET of the old name is independently justified: it claims a display/framebuffer mode, but no DISPENV field or GP1(08h) is touched, the one flag is the DRAWENV clear-enable, and 3 of the 4 arguments are the clear colour."""
0x80016A8C,func_80016A8C,cpu_init_replay_mode,func_80016A8C,RESET,reset-contradicted,"asm/funcs/func_80016A8C.s (108 insns, called only from main): SetDispMask(0); SetDefDispEnv(&g_gpu_db_plus_0x40EC, 0,0,320,240); game_FrameLoop (CD-idle wait); cdrom_StartRead(func_80036EA8(2,0x61), a0) [CORROBORATED] + wait; PutDispEnv; LoadImage(rect D_800A30D4, a0+0x14); SetDispMask(1); then 150 frames of DrawSync/VSync(0) [VERIFIED], and from frame 121 each pixel is halved per channel ((p&0x1F)>>1 + (p>>1&0x1E0) + (p>>1&0x3C00)) and re-uploaded with LoadImage (a fade-out); finally SetDispMask(0); SetDefDispEnv(...,640,240); SetDispMask(1). A blocking show-one-CD-image-for-150-frames-then-fade routine. No CPU/AI state and no replay state is read or written (only the g_gpu_db disp env, the image buffer a0 and the stack); nothing persists as a 'mode'.",CONFIRM,"[motion_ai] src/ings.c:307 (matched C) + asm: SetDispMask(0); SetDefDispEnv(&g_gpu_db+0x40EC,0,0,320,240); game_FrameLoop() (CD-idle frame pump, see 0x800372C0 note); cdrom_StartRead(func_80036EA8(2,0x61), a0) [CORROBORATED]; game_FrameLoop(); PutDispEnv; LoadImage(rect D_800A30D4, a0+0x14); SetDispMask(1); 150 iterations of DrawSync(0)/VSync(0), and from i=121 each 15-bit pixel is halved per channel and re-uploaded (fade-out); finally SetDispMask(0); SetDefDispEnv(...,640,240); SetDispMask(1) [all VERIFIED]. Only caller is main, once at boot right after sys_Init/sys_GameInit. A blocking boot-time CD image display + fade; the only persistent effect is the display env. Nothing replay/AI is initialised. (game_FrameLoop's own per-frame reach is large and not exhaustively audited; the contradiction rests on this function's own body.) Apply: alias-only (named_syms.txt:2954)."
0x80016C80,func_80016C80,file_LoadOverlay,eff_Init,RENAME,in-binary-string,"asm/funcs/func_80016C80.s: if D_800A3716==0: size=func_80060CB8(0x801D8800, 0x8010E800); printf(""eff_init:%08x size:%08x\n"" @0x8001000C [bytes read from EXE], 0x8010E800, size) [printf VERIFIED]; if size>0xA000 sys_Panic() (prints ""OVER FLOW\n""); D_800A3716=1. func_80060CB8 reads a disc file (cdrom_StartRead [CORROBORATED]) into 0x801D8800 and LoadImage's part of it to VRAM [VERIFIED]. The EXE's own debug label for this step is 'eff_init'; nothing here is a code overlay (0x801D8800 is used as a staging buffer, the same way file_LoadSoundData stages the common VAB there).",CONFIRM,"[sys_snd_io] String bytes re-read @0x8001000C = 'eff_init:%08x size:%08x\n'; loaded (lui/addiu D_8001000C @80016CA8) and passed to printf [VERIFIED] by THIS function (80016CBC), args (0x8010E800, callee result). Body: do-once guard D_800A3716; func_80060CB8(0x801D8800,0x8010E800); printf; panic check; guard=1. The label names the init step (buffer base printed), not a loaded file. Callee reads cd-table file D_8008F12C[2]+{0x3C,0x2F,0x30,0x31,0} = /TIM2D/GAME{STO,CHAN,TRA,DAN,}.BNK (len 0x1FB80 = exactly its two LoadImage rects 0x80x0x1DC + 0x70x0x24 halfwords) into VRAM x=0x380, then sets D_800A3420=0x8010E800, D_800A3424=+0x4650. 0x801D8800 is only a data staging buffer (MOVOVL's load address reused) - 'Overlay' is contradicted, nothing executes there. Aside: the callee returns a1+0x8CA0 (an address), so the 'size>0xA000' panic can never fire with these constants. Same pattern as admitted snd_LoadCommonVab. No collision (only g_str_eff_init exists). HAZARD (build-critical): sdata_funcs.txt:4 lists file_LoadOverlay (maspsx --sdata-funcs gate key) - must be renamed in the same commit or the oracle breaks; also src/ings.c:364 def (census src_location 'code6cac_b.c:99' is stale - that is an extern), externs in src/code6cac_b.c and src/code6cac_c_ab.c:82 + call :426, jal sites in func_8001DCB0.s/func_800344B4.s/func_8003B20C.s, named_syms.txt:402 and stale comments :1749/:1752 (g_file_overlay_arg_saved 'arg0 passed to file_LoadOverlay' - the function takes no args), undefined_syms_auto.txt, tools/rename_funcs.py. src/code6cac_b.c is currently dirty on main (manual agent) - apply after it lands."
0x8001A4F0,func_8001A4F0,disppracticemenutex_DivideAngle,math_SignExt12Div,RENAME,computation-restatement,"asm/funcs/func_8001A4F0.s (18 insns, leaf, no memory access): v = a0 & 0xFFF; if v >= 0x800: v -= 0x1000; return v / a1 (C truncating div; break 7 on a1==0; the break-6 guard is unreachable since |v| <= 0x800). Emulated from the EXE words (work/t_compute.py): 20,121 inputs (121 edge pairs incl. a0 in {0,0x7FF,0x800,0xFFF,-1,INT_MIN,INT_MAX}, a1 in {+-1,+-2,3,7,+-0x1000,INT_MIN,INT_MAX}; 20,000 random with a1!=0) -> 0 mismatches; a1==0 raises break 7. Domain: any a0, a1 != 0.",CONFIRM,"[mode_ui] Re-emulated with the fresh interpreter (t_compute.py) against my own reference: v = a0 & 0xFFF; if v >= 0x800 then v -= 0x1000; return v / a1 (truncating). That is exactly sign-extending the low 12 bits (result range verified -2048..2047), then a signed divide. 30,240 pairs (240 edge pairs incl. a0 in {0,+-1,0x7FF,0x800,0xFFF,0x1000,0x17FF,+-INT_MAX/INT_MIN}, a1 in {+-1,+-2,3,7,16,0x800,0x801,+-0x1000,INT_MAX,INT_MIN,5000}; 20,000 random full-range pairs; 10,000 with small a1): 0 mismatches. a1 == 0 traps with break 7. The break-6 guard cannot fire because |v| <= 0x800. Domain: any a0, a1 != 0. NAME CORRECTED: ""Angle"" is a unit convention the formula does not show; callers (code6cac.c:1523-1524) are not evidence. ""Wrap12"" is ambiguous with a plain &0xFFF. SignExt12 is the exact standard term for the step, so it claims no more than the code. No collision."
0x8001B138,func_8001B138,single_game_UpdateVoiceMask,func_8001B138,RESET,reset-contradicted,"Body (asm/funcs/func_8001B138.s; src/code6cac.c func_8001B138): zeroes the 7 globals D_800FF5C8/CC/D0 (s32), D_800FF5D8/DA/DC (s16), D_800FF5E0 (s32); if D_800A38BA && D_800A3834==1 and bit0 of *a0: D_800A3710 += 0x4CC (bit 3) / -= 0x4CC (bit 1), clamp to [-0x1C00,0x7400], clear bits 2|3; D_800FF5E0 = D_800A3710/16; *a0 &= ~0x10001. No call at all. The 7 globals are read only by func_8001E404.s:113-150 / func_8001E6E4.s:16-53 (src/code6cac.c:2085-2091,2126-2133), which ADD them to the {vx,vy,vz, rx,ry,rz, dist} fields of a record passed to func_80046BF4, which transforms (0,0,-dist) with ApplyMatrixLV [VERIFIED]. No SPU/libsnd call or voice state anywhere: 'Voice' is contradicted.",CONFIRM,"[mode_ui] Body (asm): makes no calls. It zeroes D_800FF5C8/CC/D0, D_800FF5D8/DA/DC and D_800FF5E0. If D_800A38BA and D_800A3834==1 and *a0 bit0: sets D_800A37E0=1, D_800A3710 += 0x4CC (bit3) / -= 0x4CC (bit1), clamps to [-0x1C00,0x7400], and clears bits 2|3. Then D_800FF5E0 = D_800A3710/16 and *a0 &= ~0x10001. Where *a0 comes from: the sole caller func_80019568 (code6cac.c:1005-1070) builds it from g_pad_buf, the buffer passed to InitPAD [VERIFIED] at func_80016A18 (InitPAD(g_pad_buf,8,g_pad_buf+0x24,8)), using ~(rec[2]<<8|rec[3]) = the pad button bytes. The zeroed globals are added to the camera record fields passed to func_80046BF4 (code6cac.c:2085-2091), which applies ApplyMatrixLV [VERIFIED] to (0,0,-dist). The ""mask"" is a pad-button word and the outputs are camera offsets. No SPU/libsnd call or voice state anywhere, so ""Voice"" is contradicted. Hazard: named_syms alias single_game_UpdateVoiceMask_8001B138. Follow-up: the caller's C locals voice_mask/voice2/voice_state (src/code6cac.c:985+) carry the same false claim."
0x8001DA2C,func_8001DA2C,cpu_init_game_objects,func_8001DA2C,RESET,reset-contradicted,"asm/funcs/func_8001DA2C.s (24 insns): calls obj_InitChars; obj_Reset; if D_800A38DC==5 obj_InitTask; if D_800A38DC==3 obj_InitPair - nothing else. Every callee is sound teardown, none initialises objects: obj_Reset (src/text1b.c:3317) = func_800858D0(0); SsUtReverbOff(); SsUtSetReverbType(0); SsUtSetReverbDepth(0,0) [all three VERIFIED libscan-verbatim LIBSND]; obj_InitTask (src/text1b.c:3137) = func_800858D0(0); SsVabClose(9) [VERIFIED]; clear g_vab_rec_ptr/g_vab_vb_sbaddr +0x24; obj_InitPair (src/text1b.c:3092) = func_800858D0(0); SsVabClose(8); SsVabClose(4) [VERIFIED] + clear the matching g_vab_* slots; obj_InitChars (src/text1b.c:2695) = func_800858D0(0) then for 24 entries of the 8-byte table D_800EFB78 (the 24x8 table snd_Init [CORROBORATED] initialises): zero word, set bytes to 0x7F, func_80086130(i,0,0). The reverb-off triple is the same one snd_Quit [CORROBORATED] performs. No game-object state anywhere in reach; 'cpu' has no AI state either.",CONFIRM,"[motion_ai] Re-read asm/funcs/func_8001DA2C.s + all four callee bodies myself (all obj_* are INFERRED so carried no weight). obj_InitChars: func_800858D0(0) [AUTO; body = per-voice _svm_voice reset + _SsVmKeyOffNow (CORROBORATED) loop = all-voice key-off], then 24x {D_800EFB78[i].w0=0; bytes +4/+5=0x7F; func_80086130(i,0,0)} where func_80086130 [AUTO] writes _svm_sreg_buf voice volume regs (rejects i>=24 = SPU voice count). obj_Reset: func_800858D0(0); SsUtReverbOff; SsUtSetReverbType(0); SsUtSetReverbDepth(0,0) [VERIFIED]. obj_InitTask: SsVabClose(9) [VERIFIED] + zero g_vab_*+0x24. obj_InitPair: SsVabClose(8), SsVabClose(4) + zero g_vab_*+0x20/+0x10. Every write in reach is libsnd/SPU or VAB bookkeeping; nothing initialises objects - sound teardown. Concrete contradiction. Apply: alias-only (named_syms.txt:2956); src/code6cac.c already spells func_8001DA2C."
0x8002006C,func_8002006C,cpu_update_frame_timing_stats,func_8002006C,RESET,reset-contradicted,"asm/funcs/func_8002006C.s (28 insns): old = D_800A387C; new = func_8001F888(); D_800A387C = new; D_800A38F0 = new - old; if D_800A38DC not in {5,2} call func_8001FBE8(); D_800A38A8 = 0. func_8001F888 = SquareRoot0(dx*dx+dy*dy) [SquareRoot0 VERIFIED] with dx = D_80102408-D_80101FBC, dy = D_80102410-D_80101FC4 and an overflow pre-halving loop re-scaled by sllv (sweep-2026-09-24 rejected/func_api.md: '2-D distance between two pairs of unnamed globals'). The stored values are a Euclidean distance and its change since the last call; no clock/counter is read anywhere in reach (no VSync/GetRCnt/frame counter), so nothing about frame timing.",CONFIRM,"[motion_ai] asm: old=D_800A387C; new=func_8001F888(); D_800A387C=new; D_800A38F0=new-old; if D_800A38DC not in {5,2} func_8001FBE8(); D_800A38A8=0. func_8001F888 [INFERRED cpu_helper; body read]: dx=D_80102408-D_80101FBC, dy=D_80102410-D_80101FC4, pre-halve until both fit +-0x4000, SquareRoot0(dx*dx+dy*dy) [VERIFIED] << halvings = Euclidean distance. The two 'stats' stored are a distance and its change, not times. D_800A38A8 is a flag (only ever stored constants, never incremented - checked all 5 referencing .s). Static reach (36 fns) contains no VSync/GetRCnt/root-counter access (one JALR in func_80060A68 unresolved). 'frame timing' contradicted by what the body actually computes. Apply: alias-only (named_syms.txt:2958)."
0x80022224,func_80022224,stage_find_far_corners_with_rand,func_80022224,RESET,reset-contradicted,"asm/funcs/func_80022224.s: for k=0..3 d[k]=(p[k].x-P[0])^2+(p[k].z-P[2])^2 over 4 s16 points p at stage_GetDataPtr()+D_800A36A4*48+6+12k (80022268-800222B0); argmin (strict <, 800222C4-800222F4) -> d=-1; argmax (800222F8-80022348) -> d=-1; collect the two remaining indices (8002236C-80022390); pick one with rand()&1 [VERIFIED]; copy its x/y/z to a1. The farthest point is explicitly excluded, and one point (not several) is returned - contradicts 'find far corners'.",CONFIRM,"[sys_snd_io] Re-traced: d[k]=dx^2+dz^2 for 4 points; loop1 slt d[k]<d[best] -> argmin, d=-1; loop2 slt d[best]<d[k] -> argmax, d=-1; collect the 2 remaining indices; pick one by rand()&1 [VERIFIED]; copy its x/y/z to a1. The farthest point is explicitly discarded and exactly one middle-distance point is returned - contradicts 'find far corners'. Alias-only."
0x8002906C,func_8002906C,snd_ClearAllSeBuffer,func_8002906C,RESET,reset-contradicted,"asm/funcs/func_8002906C.s (19 insns): p=func_8004678C() (the D_800A33B4 record pointer, see that row); while (p->s16@0 != 0) { p->s16@2 = 0; p += 16; }. The same +2 halfword is the per-record flag func_800290B8 tests (lh 0x0($s5), s5=record+2) before its bounding-box test and sets afterwards (800293B4). Records carry s32 x/y/z; no sound call/state anywhere (callee is a 3-insn getter).",CONFIRM,"[sys_snd_io] 19 insns: p=func_8004678C(); while (p->s16@0) { p->s16@2 = 0; p += 16; }. Clears the per-record flag that func_800290B8 tests (lh 0x0($s5), s5=record+2) before its bounds test. Records are the slot-7 stage spatial records (see 0x8004678C). No sound call/state; callee is a 3-insn pointer getter. || Already func_8002906C in src (code6cac_b.c:864, called at code6cac.c:1895). Apply: named_syms.txt:1129 / census only."
0x8003032C,cpu_get_dist,cpu_get_dist,func_8003032C,RESET,reset-contradicted,"asm/funcs/cpu_get_dist.s (68 insns; C src/code6cac_b.c:3037 declares void): angle = ratan2(a1[0], a1[2]) [VERIFIED]; s,c from the Judge sine table; rx = (vx*c + vz*s)>>12, rz = -((-vx*s + vz*c)>>12) with vx,vz = a0+0x44/+0x4C; then writes a0+0x44 = (rx*c - rz*s)>>15, a0+0x4C = (rx*s + rz*c)>>15, a0+0x48 = a0+0x48 / 4. It rewrites a0's own 3-vector in place (rotate into the a1 direction frame and back with a 1/8 scale, y quartered). No distance is computed (no sum of squares, no SquareRoot0/math_sqrt, no abs) and the C definition returns nothing ('get' contradicted).",CONFIRM,"[motion_ai] asm/funcs/cpu_get_dist.s re-derived: ang=ratan2(a1[0],a1[2]) [VERIFIED]; c=Judge[(ang+0x400)&0xFFF], s=Judge[ang&0xFFF]; rx=(vx*c+vz*s)>>12, rz=-((-vx*s+vz*c)>>12) (perpendicular component NEGATED - miner missed this), then vx'=(rx*c-rz*s)>>15, vz'=(rx*s+rz*c)>>15, vy'=vy/4 (round to 0). i.e. reflect (vx,vz) about the a1 direction and scale 1/8 - a bounce, in place. No distance anywhere (no squares, no sqrt, no abs); declared void; no caller at all in the EXE (no jal word, no pointer word to 0x8003032C). Kengo-derived name (not evidence). APPLY HAZARDS: this is a GLABEL name - asm/funcs/cpu_get_dist.s, asm/6CAC.s:27238, the C definition in src/code6cac_b.c (~line 3381; that file is CURRENTLY DIRTY from the manual decomp agent - apply only after it lands), include/m2c_context.h comments (lines 31, 139-145 cite cpu_get_dist as the velocity evidence), named_syms.txt:523 alias cpu_get_dist_8003032C."
0x80030D48,func_80030D48,stub,stub,UPGRADE,computation-restatement,"asm/funcs/func_80030D48.s: exactly 2 insns 'jr $ra; nop' - EXE words 03E00008 00000000 at file offset vaddr-0x80010000+0x800 (read from disc/SLUS_006.63). No computation, no side effect for any input.",CONFIRM,"[sys_snd_io] EXE words 03E00008 00000000. emu_words.py (independent raw-EXE-word interpreter, delay slots): 2000 random register states -> only the PC return, 0 stores, 0 mismatches. 'stub' claims only 'empty body'. 0 references in the EXE (dead). Identifier stub_80030D48; display stem 'stub' is shared by 5 empties + 0x800790A4, but naming_wave idents_of() never keys on a bare display stem, so no collision hazard."
0x80030D50,func_80030D50,cpu_helper,math_LerpAngle,RENAME,computation-restatement,"asm/funcs/func_80030D50.s (11 insns, leaf, no memory): d = (a0-a1)&0xFFF; if d>=0x800 d -= 0x1000; return a1 + ((s32)(d*a2) >> 12) - interpolate from angle a1 toward angle a0 along the shorter way round a 4096-unit circle, t=a2 in 4.12 fixed point (result not re-wrapped). Emulated from EXE words (t_compute.py; the mult issued in the branch delay slot and re-issued on the d>=0x800 path is modelled): 30000 cases (random s16, full s32, edge angles 0/0x7FF/0x800/0x801/0xFFF/0x1000/negatives; t in [0,0x1000], +-0x10000, full s32), 0 mismatches vs a1 + ((wrap(a0-a1)*a2 mod 2^32 as s32) >> 12).",CONFIRM,"[motion_ai] Independent harness emu_v.py (both mult paths: delay-slot mult + re-issued mult after d-=0x1000). 43328 cases (16 edge angles x 16 x 13 edge t incl. +-2^31, 20000 random s16 with t in [0,4096], 10000 full-random s32 triples, 10000 angles 0..4095 with t in +-2^20): 0 mismatches vs a1 + (s32(d*t mod 2^32) >> 12) with d = ((a0-a1)&0xFFF) mapped to [-2048,2047]; and 0/32241 mismatches vs the real-number spec a1 + floor(sd*t/4096) (sd = signed shortest difference mod 4096) wherever |t|<2^20 (no product wrap). Semantics exactly: move from a1 toward a0 the shorter way round a 4096-unit circle by fraction t/4096 (floor rounding); an exact half-turn tie (diff 0x800) goes the NEGATIVE way (probe 0x800,0,4096 -> -2048); result NOT re-wrapped (probe target 0x10 cur 0xFF0 t=4096 -> 4112). ARG ORDER is (target, current, t) - reverse of the usual lerp(from,to,t); record it in the evidence so no prototype is written as (from,to,t). 'Angle' = the mod-4096 difference wrap (libgte angle unit, 4096=360 deg, as ratan2 [VERIFIED] returns); callers pass s16 struct fields and t=0x600/0x800/0xE00. No collision. APPLY HAZARD: C definition in src/code6cac_b.c:~3725 - that file is CURRENTLY DIRTY from the manual decomp agent; apply after it lands. Also include/m2c_context.h:363, named_syms.txt:3218 alias cpu_helper_80030D50 (census name 'cpu_helper' also shared by many addresses - apply by address)."
0x80034708,func_80034708,mode_handler_03_NoOp,func_80034708,RESET,reset-contradicted,"Handler table: EXE words at 0x8008D090+4*i (read from disc/SLUS_006.63) are the 34 mode handlers; main.s 80017320-8001733C: lh D_800A3834; sll 2; lw D_8008D090(at); jalr -- called once per main-loop iteration (the loop continues VSync/DrawSync/PutDispEnv/PutDrawEnv/DrawOTag [all VERIFIED] back to .L8001727C). Entry 3 (EXE 0x8008D09C) = 0x80034708. 'NoOp' is contradicted: asm/funcs/func_80034708.s is 544 insns with 23 jal (rand [VERIFIED], 16x func_8003D52C formatting the EXE strings ""%sCR%3d"" @0x80010834 and ""%sCO%3d"" @0x80010840, plus refs to ""~c777"" @0x800A3178 / ""~c737"" @0x800A3180 / ""%s%5d"" @0x800A3188), 47 stores, jump tables jtbl_8001086C/jtbl_8001089C.",CONFIRM,"[mode_ui] 0x8008D090 handler table re-read from EXE words (exe.py words 8008D090 34): [3]=0x80034708 [5]=0x8003993C [9]=0x80035828; main.s 80017320-8001733C lh D_800A3834 / sll 2 / lw D_8008D090(at) / jalr, inside the loop that returns to .L8001727C after VSync/DrawSync/PutDispEnv/PutDrawEnv/DrawOTag. Body: 544 insns, 23 jal (16x func_8003D52C, 5x func_8005C650, rand [VERIFIED], func_800344B4), 47 stores, jump tables. named_syms.txt:1591 says ""empty body -- no-op"": false. Table slot 03 is right but no admitted class names a slot, so RESET. Hazard: named_syms alias only; mode_helper_* comments in named_syms cite the old name."
0x800355E8,func_800355E8,replay_camera_state_transition,func_800355E8,RESET,reset-contradicted,"asm/funcs/func_800355E8.s (12 insns): snd_SerialMixOn() [CORROBORATED: SsSetSerialAttr(SS_SERIAL_A,SS_MIX,SS_SON); SsSetSerialVol(0,0x7F,0x7F)]; func_80037110(1); func_800371E8(1). func_80037110 (src/code6cac_b2_post.c:358) = cdrom_StartAudio(func_80036EA8(5, D_8008F13C[1].b0), D_8008F13C[1].b1) [cdrom_StartAudio CORROBORATED] (+ optional end-sector override); func_800371E8 (same file) = D_80101E60.unk0A = 1 (field of the CD state record whose +2 word is the state cdrom_IsIdle tests). The whole body = enable CD serial-audio mixing and start CD audio stream #1; no camera or replay state is touched.",CONFIRM,"[motion_ai] asm (12 insns): snd_SerialMixOn() [CORROBORATED]; func_80037110(1); func_800371E8(1). func_80037110 (asm read) = cdrom_StartAudio(func_80036EA8(5, D_8008F13C[1].b0), D_8008F13C[1].b1) [CORROBORATED] and, on success with a non -1 override word, D_80101E74 = CdPosToInt(&g_cd_file_table[D_80101E60]) + override [VERIFIED CdPosToInt]; func_80036EA8 = s16 table D_8008F12C[a0] + a1; func_800371E8 = sh a0 -> D_80101E6A, same CD record whose +2 (D_80101E62) cdrom_IsIdle tests. Entire body = enable CD serial mixing + start CD audio track; no camera/replay state. Apply: alias-only (named_syms.txt:2991)."
0x80035828,func_80035828,mode_handler_09_NoOp,func_80035828,RESET,reset-contradicted,"Handler table: EXE words at 0x8008D090+4*i (read from disc/SLUS_006.63) are the 34 mode handlers; main.s 80017320-8001733C: lh D_800A3834; sll 2; lw D_8008D090(at); jalr -- called once per main-loop iteration (the loop continues VSync/DrawSync/PutDispEnv/PutDrawEnv/DrawOTag [all VERIFIED] back to .L8001727C). Entry 9 (EXE 0x8008D0B4) = 0x80035828. 'NoOp' contradicted: asm/funcs/func_80035828.s is 360 insns, 46 jal incl. rand [VERIFIED] and snd_SerialMixOn [CORROBORATED apiscan: SsSetSerialAttr+SsSetSerialVol], two jump tables (jtbl_800108EC, jtbl_80010924), and 4 writes of the dispatch index D_800A3834 (.s lines 117,185,368,380).",CONFIRM,"[mode_ui] 0x8008D090 handler table re-read from EXE words (exe.py words 8008D090 34): [3]=0x80034708 [5]=0x8003993C [9]=0x80035828; main.s 80017320-8001733C lh D_800A3834 / sll 2 / lw D_8008D090(at) / jalr, inside the loop that returns to .L8001727C after VSync/DrawSync/PutDispEnv/PutDrawEnv/DrawOTag. Body: 360 insns, 46 jal (func_800372C0 x7, rand, ...), 31 stores, 4 stores to D_800A3834 (.s:117,185,368,380). ""empty body -- no-op"" (named_syms.txt:1594) is false. Hazard: named_syms alias only."
0x80035E88,func_80035E88,replay_camera_helper,bits_ExtractMask3F83F8,RENAME,computation-restatement,"asm/funcs/func_80035E88.s (21 insns, leaf, no memory access, only a0): for i=0..26: if (0x3F83F8>>i)&1 { if a0&(1<<i) r |= 1<<k; k++ } return r - i.e. PEXT(a0, 0x3F83F8): gathers bits 3-9 and 15-21 of a0 into bits 0-13. Emulated from the EXE instruction words (tmp/naming_sweep2/motion_ai/emu.py = copy of the 2026-09-24 verifier's R3000A interpreter, branch+load delay slots) via tmp/naming_sweep2/motion_ai/t_compute.py: 20000 random/edge 32-bit inputs + all 2^14 mask patterns with random non-mask bits = 36384 cases, 0 mismatches vs a reference PEXT.",CONFIRM,"[motion_ai] Independent harness tmp/naming_sweep2/motion_ai/verify/emu_v.py (own decoder of the EXE words, branch-delay slots modelled; function has no loads/stores - decoder rejects any unsupported op, ops executed: addiu addu and andi beq bne jr lui or ori sll sllv slti srav). 72851 inputs (edges, all single-bit/single-cleared-bit words, 40000 random, all 2^14 mask patterns with random junk off-mask, all 2^14 low patterns with junk above): 0 mismatches vs PEXT(x,0x3F83F8) AND vs closed form ((x>>3)&0x7F)|(((x>>15)&0x7F)<<7). Leaf, only a0. Exact for every 32-bit input (loop i=0..26 covers mask top bit 21). ext(dep(p))==p for all 16384 p. No collision. Style note: no existing 'bits_' prefix in-tree (precedents are math_* and bitstream_ReadBits); constant-in-name matches math_FloorDiv2000. APPLY HAZARD: glabel rename touches src/code6cac_b2_post.c:127 (def), src/code6cac_c_ab.c:178 (extern, declared u16), include/m2c_context.h:393, named_syms.txt:3224 alias replay_camera_helper_80035E88 (apply by address - shared census name)."
0x80035EDC,func_80035EDC,replay_camera_helper,bits_DepositMask3F83F8,RENAME,computation-restatement,"asm/funcs/func_80035EDC.s (21 insns, leaf, no memory access, only a0): for i=0..26: if (0x3F83F8>>i)&1 { if a0&(1<<k) r |= 1<<i; k++ } return r - i.e. PDEP(a0, 0x3F83F8): scatters bits 0-13 of a0 to bits 3-9 and 15-21 (exact inverse of 0x80035E88 on the mask). Emulated from EXE words (t_compute.py): 20000 random/edge 32-bit inputs + all 2^14 low patterns = 36384 cases, 0 mismatches vs a reference PDEP.",CONFIRM,"[motion_ai] Same independent harness: 72851 inputs, 0 mismatches vs PDEP(x,0x3F83F8) and vs closed form ((x&0x7F)<<3)|(((x>>7)&0x7F)<<15); bits >=14 of the input are ignored (verified with junk above bit 13). Leaf, no memory access. Exact inverse pair with 0x80035E88 on the 14-bit domain. No collision. APPLY HAZARD: src/code6cac_b2_post.c:144 (def), src/code6cac_c_ab.c:179 (extern, param declared s16), include/m2c_context.h:394, named_syms.txt:3225 alias (apply by address)."
0x80036F28,func_80036F28,obj_GetValue,func_80036F28,RESET,reset-contradicted,"asm/funcs/func_80036F28.s (6 insns): return *(u32*)(g_cd_file_table_plus_0x4 + i*8) - the size column of g_cd_file_table (CONFIRMed 2026-09-24: 159/159 {CdlLOC,size} entries equal the disc's ISO9660 directory; the data verifier cites this exact function as the 'len column' reader). Callers use it as a file length right after cdrom_StartRead [CORROBORATED] of the same index: obj_InitTaskCamera 8005BA2C/8005BA34, func_8005BA8C 8005BB44/8005BB4C, snd_LoadCommonVab [VERIFIED tier]. Nothing object-related.",CONFIRM,"[sys_snd_io] 6 insns: return g_cd_file_table_plus_0x4[i*8] - the len column of g_cd_file_table (CONFIRMed 2026-09-24, 159/159 ISO entries; the data_api verifier cites this exact function as the len reader). Callers use it right after cdrom_StartRead [CORROBORATED] of the same index as the loaded length (obj_InitTaskCamera 8005BA34, func_8005BA8C 8005BB4C). 'obj_' contradicted; nothing object-related."
0x80037110,func_80037110,special_cam_lookup_table_entry,func_80037110,RESET,reset-contradicted,"asm/funcs/func_80037110.s (39 insns): rec = &D_8008F13C[a0] (8-byte records, 0x80037114-80037124); idx = func_80036EA8(5, rec[0]) (= D_8008F12C[5] + rec[0], asm/funcs/func_80036EA8.s); v = cdrom_StartAudio(idx, rec[1]) [CORROBORATED apiscan-restatement, verifier CONFIRM 2026-09-24: CD-DA/XA start via CdControlB(CdlSetfilter)/CdlModeDA]; if v==0 return 0; if rec.s32@4 != -1: D_80101E74 = CdPosToInt(&g_cd_file_table[D_80101E60]) [VERIFIED] + rec@4; return 1. Every call and global in reach is CD-audio / CD-position state; no camera call, camera struct or camera global.",CONFIRM,"[misc] Asm (words==EXE): rec=&D_8008F13C[a0] (8-byte); idx = func_80036EA8(5, rec->u8@0) whose body (6 insns) = D_8008F12C[5](s16)+a1; v=cdrom_StartAudio(idx, rec->u8@1); v==0 -> return 0; if rec->s32@4 != -1: D_80101E74 = CdPosToInt(&g_cd_file_table[D_80101E60]) [VERIFIED] + rec@4; return 1. cdrom_StartAudio is CORROBORATED (apiscan, verifier CONFIRM 2026-09-24) and I re-read its body: sets D_80101E60=a0, loc from g_cd_file_table, D_80101E74 = start+len/2048-150 (end sector), a1>=0 -> CdControlB(0xD=CdlSetfilter, {1,a1}) [VERIFIED] + mode 0xC8 (Speed|RT|SF = XA), else mode 5 (DA|Rept), state 0x10. So this overrides the end sector of a table-selected CD-audio start. Every call/global in reach is CD-drive state; no camera call/struct/global. The registry comment's 'g_special_cam_command_table' is the refuted SpecialCam lineage. 'special_cam' concretely contradicted. No admitted better name (callee chain CORROBORATED, not VERIFIED) -> RESET."
0x800371F8,func_800371F8,mottest_rob_init_andmark,func_800371F8,RESET,reset-contradicted,"asm/funcs/func_800371F8.s (15 insns): v = cdrom_StartAudio(a0, a1) [CORROBORATED, see the 0x80037110 row]; if v: D_80101E64 = 1, return 1; else return 0. The only callee is the CD-audio starter; no robot/motion/object init in reach.",CONFIRM,"[misc] Asm: v=cdrom_StartAudio(a0,a1); v!=0 -> sh 1 -> D_80101E64, return 1; else return 0. Only callee = cdrom_StartAudio (CORROBORATED; body re-read, see 0x80037110 row), and the flag it sets, D_80101E64, is the CD module's own hold flag (cdrom_StartAudio clears it at 0x800370DC). Nothing motion/robot/object ('mottest_rob') and nothing initialised beyond CD-module state. Registry comment 'mottest_rob_init() + sets D_80101E64' names cdrom_StartAudio by a retired misname. Contradicted -> RESET. HAZARD: bare alias (no _ADDR suffix) at named_syms.txt:1158. No EXE jal callers."
0x800372C0,func_800372C0,cpu_frame_init_and_loop_wrapper,func_800372C0,RESET,reset-contradicted,"asm/funcs/func_800372C0.s (13 insns; C src/code6cac_b2_post.c): if (D_80101E62 != 0) cdrom_Pause(); game_FrameLoop(). The 'frame_init' in the name is the old name of its first callee, game_FrameInit, which 2026-09-24 proved is cdrom_Pause [CORROBORATED: CdReadyCallback(0); SetMix 0; CdFlush; CdControlF(CdlPause)]. D_80101E62 is the CD state word that cdrom_IsIdle [CORROBORATED] tests; game_FrameLoop (src/code6cac_b2_post.c:285) loops until cdrom_IsIdle() != 0. So the body is 'pause the CD if busy, then wait for the CD to go idle' - no frame initialisation and no AI (cpu) state.",CONFIRM,"[motion_ai] asm: if (D_80101E62 != 0) cdrom_Pause(); game_FrameLoop(). cdrom_Pause CORROBORATED (CdReadyCallback(0)/SetMix/CdFlush/CdControlF(CdlPause)). game_FrameLoop is INFERRED (unattributed) so I read its body: func_8003AA78(); while (!cdrom_IsIdle() [CORROBORATED: D_80101E62==0]) { func_8003AA48(); func_80036940(); if (D_800A3906) func_8005C6D0(); func_800174F4(); D_80101E9E += 2; VSync(2); } func_8003AAB0(). So the second half genuinely IS a per-frame pump until the CD goes idle (miner's 'no frame...' overstates) - but the name's 'frame_init' is the old name of the first callee, now proven to be a CD pause; no init of anything, no AI state. Contradiction stands on 'frame_init'. Apply: alias-only (named_syms.txt:2972)."
0x80037AA4,func_80037AA4,pad_analog_volume_calc,func_80037AA4,RESET,reset-contradicted,"asm/funcs/func_80037AA4.s: n=g_memcard_file_count (80037AAC); for i<n sum += g_memcard_file_list[i].+0x18 (80037AC4, stride 0x28 at 80037AD8); return 15 - sum/8192 (signed div: 80037ADC-80037AF0). Data rows g_memcard_file_list / g_memcard_file_count were CONFIRMed 2026-09-24 (docs/naming/sweep-2026-09-24/data_manifest.csv): filled by memcard_CountFiles via firstfile/nextfile [VERIFIED] with ""bu%1d%1d:*""; stride 0x28 = sizeof(struct DIRENTRY), +0x18 = DIRENTRY.size (psyz kernel.h:157-163). The body is the sum of memory-card directory-entry sizes subtracted from 15 x 8192-byte blocks; no pad/analog/volume access. Sole caller func_800383A4 (AUTO; memcard dispatcher per rejected/func_api.md).",CONFIRM,"[sys_snd_io] Leaf, no calls. Loop i<g_memcard_file_count summing lw +0x18 over g_memcard_file_list stride 0x28 (80037AC4/80037AD8), then 15 - sum/8192 (signed: +0x1FFF if neg, sra 13). Both data rows CONFIRMed 2026-09-24 (data_api.csv:47-48): filled only by memcard_CountFiles via firstfile/nextfile [VERIFIED] with 'bu%1d%1d:*' (string re-read @0x800109B0). No pad/analog/volume state in the body. Alias-only name: no src/gate hazard."
0x80037B00,func_80037B00,pad_analog_button_test,func_80037B00,RESET,reset-contradicted,"asm/funcs/func_80037B00.s: for each of g_memcard_file_count entries of g_memcard_file_list (stride 0x28, 80037B7C) compare the caller's string a0 byte-by-byte against DIRENTRY.name (+0, up to 0x15 bytes: 80037B2C/80037B50) until a0's NUL; return 1 on a full match (80037B64), else 0 (80037B80). Same CONFIRMed DIRENTRY list as above (firstfile/nextfile [VERIFIED]). A memory-card file-name lookup; no pad/analog/button access. Sole caller func_800383A4 (AUTO memcard dispatcher).",CONFIRM,"[sys_snd_io] Leaf, no calls. For each of g_memcard_file_count DIRENTRY records (stride 0x28, 80037B7C) compare a0 byte-wise to record+0 up to 0x15 bytes; return 1 when a0 hits NUL (or 21 bytes) with no mismatch, else 0. Note: it is a PREFIX test (name[len] not checked), not strictly the 'full match' the miner wrote - irrelevant to the RESET. Only memcard directory data touched; no pad/button state."
0x80038170,func_80038170,pad_controller_init,func_80038170,RESET,reset-contradicted,"asm/funcs/func_80038170.s builds a PS1 memory-card save header in the a0 buffer: +0='S'(0x53) +1='C'(0x43) +2=0x11 +3=1 (8003822C-80038244); strcpy(a0+4, D_8008F1C0) [strcpy VERIFIED] (80038260) where D_8008F1C0 is the Shift-JIS title ""BB2 Narukagami:? VS Shainto:?"" (fullwidth, read from EXE); digit glyphs from the SJIS digit table D_8008F1A8 (824F..8258 = fullwidth 0-9) poked into the title at +0x22/+0x23/+0x3C/+0x3D; zero +0x44..+0x5F (28 bytes, 800382F8-8003830C); 16 halfwords from D_800109EC to +0x60 (80038320); 64 halfwords from D_80010A2C to +0x80 (8003834C). That is exactly Sony's _CARD layout {Magic[2]; Type; BlockEntry; Title[64]; reserve[28]; Clut[32]; Icon[][128]} (tmp/psyz-ref/samples/etc_card/cardio.h:21-29; card.c:623-624 sets Magic='S','C'). Caller context src/code6cac_c_mid.c:519-521: func_80038170(D_800F33D8); ... memcard_WriteFile(0,0,name,D_800F33D8,1,0x200,..) [memcard_WriteFile CORROBORATED]. No pad/controller access.",CONFIRM,"[sys_snd_io] Re-derived: counts set bits of D_80106A50 (27 bits) by class table D_8008F204 (0/1/2); writes +0 'S' +1 'C' +2 0x11 +3 1 (8003822C-80038244); zeroes +4..+0x43, strcpy(+4, D_8008F1C0) [strcpy VERIFIED] = SJIS 'BB2 Narukagami:? VS Shinto:?' (bytes re-read); digit glyphs from D_8008F1A8 at +0x22/23/3C/3D; optional +0x40..0x43; zero +0x44..+0x5F; 16 hw D_800109EC -> +0x60; 64 hw D_80010A2C -> +0x80 (single outer iteration). = _CARD {Magic[2],Type,BlockEntry,Title[64],reserve[28],Clut[32],Icon[][128]} (tmp/psyz-ref/samples/etc_card/cardio.h:21-29). Caller code6cac_c_mid.c:519-521 builds into D_800F33D8 then memcard_WriteFile. No pad API/state. Side note: D_80106A50 carries registry name g_file_disc_size (named_syms:158, symbol_addrs:200) - here it is a 27-bit flag mask, that name looks wrong too (out of scope)."
0x80038734,func_80038734,game_input_tick,func_80038734,RESET,reset-contradicted,"Body (asm/funcs/func_80038734.s): if D_800A31F4 < 2: D_800A31F8 = func_80037D14(0,0); func_800383A4(); func_80038658() [file_io_state_advance]; return D_800A379E. func_80037D14 (src/code6cac_c0.c:17) is the _card_info/_card_load/_card_clear [VERIFIED] state machine polled with memcard_PollSwEventsTimeout [CORROBORATED]. The rest of the closure (work/closure.py func_80038734) reaches only CORROBORATED memcard_CountFiles/ReadFile/WriteFile/Format/PollSwEvents/AckSwEvents/AckHwEvents/WaitHwEvent and VERIFIED open/read/write/close/format/firstfile/nextfile/TestEvent/sprintf/strcpy/strlen/memchr/memmove. No pad-library call (InitPAD/StartPAD/ChangeClearPAD/PAD_init ..., VERIFIED) and no pad-buffer read in reach: it is a memory-card state-machine tick, not input.",CONFIRM,"[mode_ui] Body (src/code6cac_c_mid.c:608, byte-matched, = asm): if D_800A31F4<2: D_800A31F8 = func_80037D14(0,0); func_800383A4(); func_80038658(); return D_800A379E. Closure: func_80037D14 (C) calls only _card_info/_card_load/_card_clear [VERIFIED] and memcard_PollSwEventsTimeout/AckHwEvents/AckSwEvents/WaitHwEvent [CORROBORATED, each C body = TestEvent only]. The asm callees of 800383A4/80038658/80037F40/8003800C/80038148/80038170/80037AA4/80037B00 reach only memcard_CountFiles/ReadFile/WriteFile/Format/PollSwEvents (C bodies: firstfile/nextfile/sprintf/open/read/write/close/format/TestEvent) plus strcpy/close. No InitPAD/StartPAD/ChangeClearPAD [VERIFIED], no g_pad_buf read, no other pad access. It is a memory-card state-machine tick; ""input"" (controller) is contradicted. Hazard: named_syms alias game_input_tick_80038734 only."
0x800392B8,func_800392B8,stub,func_800392B8,RESET,reset-contradicted,"asm/funcs/func_800392B8.s: lui/addiu v0 = &D_800F33D8; jr ra - returns a pointer, not a stub. D_800F33D8 is the memory-card file buffer (src/code6cac_c_mid.c:519-538: header built into it, memcard_WriteFile/ReadFile [CORROBORATED] with size 0x200; code6cac_c_mid.c:1198 is this function). Caller func_80037540.",CONFIRM,"[sys_snd_io] 4 insns: v0=&D_800F33D8; jr ra. Returns a pointer (1 jal caller @0x800375B0). A real getter is not a stub. Identifier is stub_800392B8 (display stem 'stub'; naming_wave idents_of() excludes the bare stem, so no cross-address hazard)."
0x8003993C,func_8003993C,mode_handler_05_NoOp,func_8003993C,RESET,reset-contradicted,"Handler table: EXE words at 0x8008D090+4*i (read from disc/SLUS_006.63) are the 34 mode handlers; main.s 80017320-8001733C: lh D_800A3834; sll 2; lw D_8008D090(at); jalr -- called once per main-loop iteration (the loop continues VSync/DrawSync/PutDispEnv/PutDrawEnv/DrawOTag [all VERIFIED] back to .L8001727C). Entry 5 (EXE 0x8008D0A4) = 0x8003993C. 'NoOp' contradicted: asm/funcs/func_8003993C.s is 526 insns, 30 jal (camera_GetBoneData, game_StageInit, func_800198D0 x2, func_80049A2C x2, func_8003B534 ...), 47 stores, and writes the dispatch index itself (sh D_800A3834, .s line 549).",CONFIRM,"[mode_ui] 0x8008D090 handler table re-read from EXE words (exe.py words 8008D090 34): [3]=0x80034708 [5]=0x8003993C [9]=0x80035828; main.s 80017320-8001733C lh D_800A3834 / sll 2 / lw D_8008D090(at) / jalr, inside the loop that returns to .L8001727C after VSync/DrawSync/PutDispEnv/PutDrawEnv/DrawOTag. Body: 526 insns, 30 jal (incl. game_StageInit, func_80049718 x3, func_80049A2C x2), 47 stores, and sh D_800A3834 at .s:549 (it writes the dispatch index itself). ""empty body -- no-op"" (named_syms.txt:1592) is false. Hazard: named_syms alias only."
0x8003A6FC,func_8003A6FC,single_game_helper,math_Popcount32,RENAME,computation-restatement,"asm/funcs/func_8003A6FC.s (11 insns, leaf, no memory access): n=0; for i in 0..31: n += (a0>>i)&1; return n. Emulated from the EXE instruction words (tmp/naming_sweep2/mode_ui/work/t_compute.py with the RAW-word R3000A emulator copied from tmp/naming_sweep/compute/verify/emu.py): 20,072 inputs (7 fixed edge words + 32 single bits + 33 low masks + 20,000 random) vs bin(x).count('1') -> 0 mismatches. Valid for all 32-bit a0.",CONFIRM,"[mode_ui] Re-emulated with a fresh interpreter written for this verify (verify/t_compute.py; decodes the raw EXE words and models branch delay slots; the leaf has no loads or stores). Reference is bin(x).count(""1""), over 30,075 inputs (fixed edge words, every single bit, every low mask 0..32, 25,000 random 32-bit, 5,000 random 16-bit): 0 mismatches. The code loops i=0..31 with srlv/andi 1, so it is valid for every 32-bit a0. Leaf with no memory access and no game globals. No collision (grep of named_syms, symbol_addrs, census, src)."
0x8003AB44,func_8003AB44,replay_camera_helper,func_8003AB44,RESET,reset-contradicted,"asm/funcs/func_8003AB44.s (93 insns): D_800A37B8++; 8-way jump table (jtbl_80010CA4) on the state byte D_800A38AC; the states call only serial-link (libcomb) routines: comb_ReadCtsSetRts [CORROBORATED], _comb_control(3,1,0) = CombCTS() and _comb_control(3,0,0) = CombSetRTS(0) [_comb_control VERIFIED libscan-verbatim; macros tmp/naming_sweep/func_api/libcomb_psyq46.h:46-47], comb_ResetClose [CORROBORATED] after a 4-try timeout (D_800A37D8) -> returns -1, comb_EnableEvents [CORROBORATED] -> returns 1, plus SetDispMask(0/1) [VERIFIED]; D_800A38AC advances 1..7. A link-cable (SIO) handshake state machine; no camera or replay state in reach.",CONFIRM,"[motion_ai] asm + src/code6cac_c_ab.c:192: D_800A37B8++; jtbl on D_800A38AC: comb_ReadCtsSetRts [CORROBORATED]; _comb_control(3,1,0)=CombCTS(), _comb_control(3,0,0)=CombSetRTS(0) [_comb_control VERIFIED; macros checked in tmp/naming_sweep/func_api/libcomb_psyq46.h]; 4-try timeout -> comb_ResetClose [CORROBORATED], return -1; state 7 -> comb_EnableEvents [CORROBORATED], return 1; SetDispMask 0/1 [VERIFIED]. SIO link handshake state machine; no camera/replay. APPLY HAZARD: census current_name 'replay_camera_helper' is shared by 11 addresses (0x800194C0, 0x800194F4, 0x80035E88, 0x80035EDC, 0x8003AB44, 0x800418D0, 0x800420D0, 0x8006D7FC, 0x800770B8, 0x80077AE0, 0x80077B00); the real registry entries are distinct suffixed aliases replay_camera_helper_<ADDR> in named_syms.txt only (none in src/symbol_addrs). Apply strictly by address/suffixed alias (replay_camera_helper_8003AB44, named_syms.txt:3235) - a name-keyed apply would hit all 11. func_8003AB44 key in sdata_funcs.txt unaffected."
0x8003ACB8,func_8003ACB8,replay_camera_wait_for_playback,func_8003ACB8,RESET,reset-contradicted,"asm/funcs/func_8003ACB8.s (105 insns): func_80077AE0(); SetDispMask(0); clears D_800A37B8/38AC/38D0/3908/38FC; comb_Init() [CORROBORATED: OpenEvent HwSIO x2, AddCOMB, open(""sio:"")]; loop { func_80019568(1); func_8005C6D0(); r = func_8003AB44() [the SIO CTS/RTS handshake, see its row]; VSync(2) } until r != 0; then a fixed exchange sequence paced by VSync(1) + func_8003AA48, using the bit-pack pair 0x80035E88/0x80035EDC on D_80106A50/D_800A36C6 and rand() [VERIFIED]; gpu_InitDisplay(); gpu_SetDispMaskOn() [CORROBORATED]; ResetRCnt(RCntCNT1) [VERIFIED]; returns r. It waits for the serial-link connection handshake, not for any playback; no replay/camera state touched.",CONFIRM,"[motion_ai] asm + src/code6cac_c_ab.c:247: func_80077AE0(); SetDispMask(0); clear D_800A37B8/38AC/38D0/3908/38FC; comb_Init() [CORROBORATED]; do { func_80019568(1); func_8005C6D0(); r=func_8003AB44(); VSync(2); } while (r==0) - the wait's ONLY exit condition is the SIO handshake result; then a VSync(1)-paced exchange with func_8003AA48, bit packers 0x80035E88/0x80035EDC, nibble pack/unpack 0x80019488/0x800194C0, rand() [VERIFIED]; gpu_InitDisplay [INFERRED, not relied on]; gpu_SetDispMaskOn [CORROBORATED]; ResetRCnt(0xF2000001) [VERIFIED]; returns r. It waits for a link connection, not for playback. Apply: alias-only (named_syms.txt:2992); key in sdata_funcs.txt unaffected."
0x8003D478,func_8003D478,memcard_access_section_list,func_8003D478,RESET,reset-contradicted,"asm/funcs/func_8003D478.s (45 insns): walks the NUL-terminated byte string a2 (lbu loop 0x8003D4AC-8003D4FC): ch==0x20 -> x += 8; ch==0x0A -> x = start x, y (a1) += 8; else func_8003D39C(x, y, ch, a3), x += 8. func_8003D39C (AUTO, asm/funcs/func_8003D39C.s): takes a 16-byte packet from pool D_800A3930 (count D_800A3358, max 32), writes len 3 @+3 and code 0x74 @+7 (LIBGPU.H setSprt8 = setlen 3 / setcode 0x74), x,y @+8/+0xA, u=(ch&7)*8-0x40 / v=(ch>>5)*8-0x20 @+0xC/+0xD, clut @+0xE, colour (a3>>1)|0x74000000 @+4, and links it into the OT at *g_gpu_ot_ptr (addPrim pattern). No memcard call (Card*/_card_*/bu) and no memcard state anywhere in reach.",CONFIRM,"[misc] Asm: walks NUL-terminated bytes at a2: 0x20 -> x+=8; 0x0A -> x=start x, y(a1)+=8; else func_8003D39C(x,y,ch,a3), x+=8. func_8003D39C (AUTO; body read, words==EXE): takes packet D_800A3930 + (D_800A3218<<9) + n*16 while count D_800A3358 != 32; sb 3 @+3 and sb 0x74 @+7 = LIBGPU.H:294 setSprt8 (setlen 3, setcode 0x74); SPRT_8 layout (LIBGPU.H:534-539) x0 @+8, y0 @+0xA, u0 @+0xC = (ch&7)*8-0x40, v0 @+0xD = (ch>>5)*8-0x20, clut @+0xE, rgb|code word (a3>>1)|0x74000000 @+4; then the LIBGPU.H:246 addPrim pattern into *g_gpu_ot_ptr. = draws a string as 8x8 glyph sprites. No Card*/_card_*/bu call, no memcard state in reach; the registry comment's '_McAccessSection' was a (now retired) callee misname. 'memcard access' contradicted -> RESET (callee AUTO, no admitted replacement)."
0x8003E120,func_8003E120,satan_camera_setup_matrix,func_8003E120,RESET,reset-contradicted,"asm/funcs/func_8003E120.s (17 insns): builds a 4-halfword struct {0x140,0x1E8,0x40,0x8} at sp+0x10 and calls func_8003DE14(&it, 0x13). func_8003DE14 passes that pointer straight to StoreImage(a0, buf) and LoadImage(a0, buf) [both VERIFIED; LIBGPU StoreImage(RECT*, u_long*)] (8003DE54-8003DE84), and adjusts its +2/+6 fields (y/h). The struct is a VRAM RECT {x=320,y=488,w=64,h=8}; no matrix and no camera state.",CONFIRM,"[sys_snd_io] 17 insns: sh {0x140,0x1E8,0x40,0x8} at sp+0x10; func_8003DE14(&it, 0x13). func_8003DE14 passes that pointer as a0 to StoreImage and LoadImage [VERIFIED; LIBGPU RECT*] and edits +2/+6 (y/h); its only other callees are DrawSync [VERIFIED] and gte_ReadFarColor [CORROBORATED] - no ctc2/matrix load anywhere. VRAM RECT {320,488,64,8}; no matrix, no camera. Alias-only (4 callers already use func_8003E120)."
0x8003E2AC,func_8003E2AC,copy,func_8003E2AC,RESET,reset-contradicted,"asm/funcs/func_8003E2AC.s (7 insns): *(u16*)0x800F6656 &= 0xFFFD. Emulated 3000 values: exactly bit 1 cleared, no other byte written, 0 mismatches. Nothing is copied (one location, read-modify-write). [emulation: tmp/naming_sweep2/misc/verify_out.txt; scripts verify*.py; emu.py = the 2026-09-24 verifier interpreter (decodes RAW EXE words, branch+load delay slots, callees emulated) + a minimal GTE: reg moves, lwc2/swc2, SQR, MVMVA, LZCS/LZCR per psx-spx]",CONFIRM,"[misc] lhu/andi 0xFFFD/sh on 0x800F6656. emulation: own interpreter tmp/naming_sweep2/misc/verify/r3k.py (raw EXE words, branch+load delay slots, GTE subset per psx-spx), runs in v_emu.py -> v_emu_out.txt: 3000 values, exactly bit 1 cleared, only those 2 bytes written, 0 mismatches. One location read-modify-written; nothing copied from a source to a destination. A computation name is not admitted (writes a game global) -> RESET."
0x8003F1C8,game_GetMode,game_GetMode,func_8003F1C8,RESET,reset-contradicted,"Body (asm/funcs/func_8003F1C8.s:2; src/config.c): return *(s32*)0x800A336C. The ONLY writer of 0x800A336C in the tree is func_8003E6D8.s:62-66: jal ratan2 [VERIFIED] (args = x,z of {0,0,0x1000} rotated by the matrix built from D_800A3708's rotation), then sw v0 -> D_800A336C; the value is used as ((a>>6)&0x3F) to pick one of 64 mask tables. The function returns a ratan2 heading angle, not a mode. The game's mode index is D_800A3834 (main.s 80017320-8001733C dispatches D_8008D090[D_800A3834]). game_GetMode has no jal caller and its address appears nowhere in the EXE.",CONFIRM,"[mode_ui] Body: return *(s32*)0x800A336C. A full ref scan of the address (verify/refs.py + basescan.py, incl. base-register forms; no EXE word holds 0x800A336C) finds exactly one writer, func_8003E6D8.s:66 sw v0 after jal ratan2 [VERIFIED] (code6cac_c2.c:1919-1920 ang = ratan2(res[0],res[2])). That is the heading of the GTE-rotated (0,0,0x1000) vector. The only other reader is this getter. A ratan2 angle is not a mode; the main loop's mode index is D_800A3834. No jal caller and its address is not in the EXE. Hazard: this is a GLABEL name (asm/funcs/func_8003F1C8.s glabel game_GetMode); src/config.c:48; sdata_funcs.txt; alias stub_8003F1C8."
0x8003F1E4,game_SetControllerPorts,game_SetControllerPorts,func_8003F1E4,RESET,reset-contradicted,"Body (asm/funcs/func_8003F1E4.s:2-14): a0 ? (D_800F6656=3, D_800F6658=2) : (D_800F6656=0, D_800F6658=1). Every reader of those two halfwords is render code, none is pad code. D_800F6658 is a SHIFT COUNT: func_8004A940.s:765-770 lh s5 <- D_800F6658; srav t0/t1/t2 by s5 on position deltas before GTE ctc2; func_8004C404.s:15-19 (3 - v) to scratch 0x1F8001C6 and srav by v+16. D_800F6656 is a bit field: func_8003E6D8.s:78-79,238-239 (bit 0 selects/ANDs the visibility mask tables), func_8003DA8C.s:34-35,60-61 (bit-0 edge detect vs D_80090608), func_8003DBE4.s:23-24, func_8003E2AC (clears bit 1). No pad-library function (InitPAD/StartPAD/ChangeClearPAD/_send_pad ..., all VERIFIED) and no pad buffer touches either value. Callers pass a toggled flag (func_8001A820.s:309-312 xori 1 of a struct byte) or 0.",CONFIRM,"[mode_ui] Body: a0 ? (D_800F6656=3, D_800F6658=2) : (0, 1). Every access to both halfwords, incl. base-register forms (basescan.py over the D_800F6608/D_800F65F8/D_800F6498 bases: no hits at +0x4E/+0x50), is render code. D_800F6658 is used ONLY as a shift count: func_8004A940.s:766-773 srav of the three position deltas before ctc2/mvmva, and func_8004C404.s:16-18,39+ (3-v to scratch 0x1F8001C6; srav by v+16). D_800F6656 is read only for bit 0 (func_8003E6D8 mask-table select, func_8003DA8C edge detect, func_8003DBE4) and bit 1 is cleared by func_8003E2AC. No pad call or pad-buffer read. The caller func_8001A820.s:300-312 passes a0 = !(rec+0x18 < 0x55F1 or 0x558D), a distance threshold, not a port. Hazard: GLABEL name; src/config.c:56, src/code6cac.c, src/code6cac_c2.c, include/code6cac.h (callers/decls); named_syms alias set_global_8003F1E4."
0x8004019C,func_8004019C,copy,func_8004019C,RESET,reset-contradicted,"asm/funcs/func_8004019C.s (12 insns): if (p->0x24) { p->0x24 += a1; p->0x28 += a1; *(s16*)(p->0x24 + 6) = 1; }. Emulated 2000 cases (null/non-null, several deltas): 0 mismatches. Two pointers offset in place by a1 plus a flag set - nothing is copied. [emulation: tmp/naming_sweep2/misc/verify_out.txt; scripts verify*.py; emu.py = the 2026-09-24 verifier interpreter (decodes RAW EXE words, branch+load delay slots, callees emulated) + a minimal GTE: reg moves, lwc2/swc2, SQR, MVMVA, LZCS/LZCR per psx-spx]",CONFIRM,"[misc] Asm: v1=p->0x24; if v1: p->0x24=v1+a1; p->0x28+=a1; *(s16*)(v1+a1+6)=1 (flag written through the UPDATED pointer). emulation: own interpreter tmp/naming_sweep2/misc/verify/r3k.py (raw EXE words, branch+load delay slots, GTE subset per psx-spx), runs in v_emu.py -> v_emu_out.txt: 3000 cases (1/3 null, varied deltas): 0 mismatches, write set exactly p+0x24..0x2B and the flag halfword (none when null). In-place pointer offset + flag; no source/destination copy. Struct fields -> no computation name admissible -> RESET."
0x80042FA0,func_80042FA0,calc_rotated_enemy_pos,func_80042FA0,RESET,reset-contradicted,"asm/funcs/func_80042FA0.s (81 insns, no globals): inputs are only MATRIX* a0 (ApplyMatrix(a0, {0,0,4096}) @0x80042FE4 and MulMatrix(tmp, a0) @0x80043074, both VERIFIED; ApplyMatrix ignores m->t) and output SVECTOR* a1. The three stores @0x800430AC-800430B4 are ratan2 results [VERIFIED; ratan2 returns an angle, 4096 = 360 deg]: a1[1] = ratan2(x', z') with (x',y',z') = a0.(0,0,4096); a1[0] = -ratan2(y', (rcos*z' + rsin*x')>>12); a1[2] = -ratan2 of the Y axis after de-rotating by math_RotMatrixXYZ(a1[0], -a1[1], 0) [CORROBORATED]. It decomposes a rotation matrix into three angles; no position is read or produced, no game (enemy) state touched.",CONFIRM,"[misc] Asm (81 insns, words==EXE, no global access): ApplyMatrix(a0,{0,0,4096},t) [VERIFIED; ignores m->t]; yaw=ratan2(t.x,t.z) [VERIFIED]; pitch=ratan2(t.y,(rcos(yaw)*t.z+rsin(yaw)*t.x)>>12) [rcos/rsin VERIFIED]; math_RotMatrixXYZ({pitch,-yaw,0},M) [CORROBORATED]; MulMatrix(M,a0) [VERIFIED]; ApplyMatrix(M,{0,4096,0},t); roll=ratan2(t.x,t.y); a1 s16[0..2] = {-pitch, yaw, -roll}. All three outputs are ratan2 angles (4096 = one turn) derived from a rotation matrix; no position read (translation never touched) or produced, no game/char state (the registry comment's single_game_getEnemyCharId call does not exist in the body). 'pos' and 'enemy' contradicted -> RESET. (A matrix->angles computation name would need its own round-trip emulation; not proposed.)"
0x80043244,func_80043244,stub,func_80043244,RESET,reset-contradicted,"asm/funcs/func_80043244.s (13 insns): returns 3 if a0>0x16A09, 2 if a0>0xB500, 1 if a0>0x5A00, else 0 (slt/xori chain 80043244-8004326C). A real threshold classifier, not an empty stub.",CONFIRM,[sys_snd_io] 13 insns: return a0>0x16A09 ? 3 : a0>0xB500 ? 2 : a0>0x5A00 (slti 0x5A01; xori 1). Real threshold classifier. 0 references in the EXE (dead) - irrelevant; not empty.
0x800433E4,func_800433E4,efc_video_decode_setup,func_800433E4,RESET,reset-contradicted,"asm/funcs/func_800433E4.s (28 insns; C src/text1a_c.c:654): *(u32*)0x1F800000 = D_80103608[(s16)a0][(s16)a1] (a scratchpad cursor), then jal func_80043454((s16)a2,(s16)a3,(s16)arg4,(s16)arg5). func_80043454 (asm/funcs/func_80043454.s, 479 insns) walks a halfword-tagged packet stream from that cursor. For each primitive code ((code>>3)&3) it calls gpu_OffsetTexPolyFT3/FT4/GT3/GT4 [all CORROBORATED computation-restatement 2026-09-24], or func_80043E98/func_80043F0C (= gpu_OffsetTPage + gpu_OffsetClut [CORROBORATED] applied to tpage/clut halfwords), or adds a byte delta to u/v bytes. Its only other callee, func_80052C10, stores 0 to scratchpad 0x1F800400. So the complete call reach is primitive texture-coordinate relocation. The main-EXE census has no MDEC/DecDCT* or StreamLib function (grep DecDCT|MDEC docs/naming/function-names.csv = 0 rows; FMV decode lives in STR/MOVOVL.EXE per AGENTS.md). The body makes no CD call and does nothing 'video' or 'decode'.",CONFIRM,"[gfx] Re-traced: body *(u32*)0x1F800000 = D_80103608[(s16)a0][(s16)a1]; func_80043454((s16)a2,(s16)a3,(s16)arg4,(s16)arg5). func_80043454 [AUTO] (479 insns, no jalr/jtbl): calls only gpu_OffsetTexPolyFT3/FT4/GT3/GT4 [CORROBORATED], func_80043E98/F0C [AUTO; bodies = gpu_OffsetTPage+gpu_OffsetClut (CORROBORATED) on halfwords 0,2 resp. 3,1], func_80052C10 [AUTO; body = sw 0 -> 0x1F800400]. Its only non-stack stores are the scratchpad cursor (0x1F800000) and u/v byte adds at +1/5/7/9/B/D of packet entries; only other global read is D_80095588. No MDEC register (0x1F801820/24), no DecDCT*, no CD call anywhere in reach: nothing is decoded and nothing is video. 'video_decode' contradicted; no admitted class gives a better name yet (packet format unpinned)."
0x80044E64,func_80044E64,const_return_0x25,const_return_0x25,UPGRADE,computation-restatement,"asm/funcs/func_80044E64.s: `jr ra; addiu v0, zero, 0x25` (2 insns). Emulated 2000 random/edge argument sets: v0 == 0x25, no memory write, 0 mismatches. [emulation: tmp/naming_sweep2/misc/verify_out.txt; scripts verify*.py; emu.py = the 2026-09-24 verifier interpreter (decodes RAW EXE words, branch+load delay slots, callees emulated) + a minimal GTE: reg moves, lwc2/swc2, SQR, MVMVA, LZCS/LZCR per psx-spx]",CONFIRM,"[misc] jr ra; addiu v0,zero,0x25. emulation: own interpreter tmp/naming_sweep2/misc/verify/r3k.py (raw EXE words, branch+load delay slots, GTE subset per psx-spx), runs in v_emu.py -> v_emu_out.txt: 2000 random a0-a3: v0==0x25, a0-a3/sp preserved, no RAM write, 0 mismatches. No globals. Name restates only the body (Kengo pattern in census evidence is irrelevant and must not be carried into the new evidence). src/text1a_c.c:1455 defines it as func_80044E64 (alias-only name)."
0x80044E6C,func_80044E6C,const_return_0x26,const_return_0x26,UPGRADE,computation-restatement,"asm/funcs/func_80044E6C.s: `jr ra; addiu v0, zero, 0x26` (2 insns). Emulated 2000 random/edge argument sets: v0 == 0x26, no memory write, 0 mismatches. [emulation: tmp/naming_sweep2/misc/verify_out.txt; scripts verify*.py; emu.py = the 2026-09-24 verifier interpreter (decodes RAW EXE words, branch+load delay slots, callees emulated) + a minimal GTE: reg moves, lwc2/swc2, SQR, MVMVA, LZCS/LZCR per psx-spx]",CONFIRM,"[misc] jr ra; addiu v0,zero,0x26. emulation: own interpreter tmp/naming_sweep2/misc/verify/r3k.py (raw EXE words, branch+load delay slots, GTE subset per psx-spx), runs in v_emu.py -> v_emu_out.txt: 2000 arg sets, v0==0x26, no RAM write, 0 mismatches. No globals. src/text1a_c.c:1458 defines it as func_80044E6C (alias-only)."
0x80044F50,func_80044F50,efc_particle_set_type_dispatch,func_80044F50,RESET,reset-contradicted,"asm/funcs/func_80044F50.s (12 insns; C src/text1a_c.c:1486): if a0==0 then func_80044E74(a1+0x83, a2), else func_80044E74(a1+0x10C, a2). Nothing else. func_80044E74 (src/text1a_c.c:1467, asm 24 insns) = game_FrameLoop(); cdrom_StartReadAt(0, buf, D_800963EC[idx].start_sector, D_800963EC[idx].length_sectors); game_FrameLoop(). cdrom_StartReadAt is CORROBORATED (api-restatement): it arms a CD read of g_cd_file_table[0] at a sector offset. File 0 of g_cd_file_table is 58,114,048 bytes = NDATA.DAT (entry 1 is 3,604 bytes, the size of disc/NDATA/NDATA.INF). So the body reads one NDATA record (index a1+0x83 or a1+0x10C) into a2. It has no particle state and builds no primitive, and the 'dispatch' is a two-way choice of index base.",CONFIRM,"[gfx] Body: func_80044E74(a0 ? a1+0x10C : a1+0x83, a2), nothing else. func_80044E74 [AUTO]: game_FrameLoop(); cdrom_StartReadAt(0, a2, D_800963EC[i].s16, D_800963EE[i].s16); game_FrameLoop(). cdrom_StartReadAt [CORROBORATED] = cdrom_StartRead(0,buf) [CORROBORATED] + CdPosToInt/CdIntToPos [VERIFIED] sector offset + sector count. game_FrameLoop is INFERRED (unattributed) so I read its body: loop { cdrom_IsIdle? exit; func_8003AA48; func_80036940 (CD state machine); opt. func_8005C6D0; func_800174F4; VSync(2) } = a CD-wait pump taking no arguments. EXE words: g_cd_file_table[0] len 0x376C000 = 58,114,048 (NDATA.DAT), [1] len 0xE14 = 3604 = disc/NDATA/NDATA.INF size; D_800963EC is a contiguous (start,len) sector table (0x83: 5431+91 = 0x84 start 5522). So the body loads one record of CD file 0 into a2; no particle state, no type field set; the 'dispatch' is a 2-way index base. Contradicted."
0x800451A0,func_800451A0,special_camera_check_pos_outside_ground_wrap,func_800451A0,RESET,reset-contradicted,"asm/funcs/func_800451A0.s (12 insns): whole body = cdrom_StartReadAt(1, &D_800963EC, 0, 2) [CORROBORATED apiscan-restatement, verifier CONFIRM 2026-09-24: armed CD read of disc-file-table entry a0 into a1, a2 sectors in, a3 sectors]. No camera, position or ground data in reach - no other call, no other global.",CONFIRM,"[misc] Whole body: return cdrom_StartReadAt(1, &D_800963EC, 0, 2) [CORROBORATED apiscan-restatement, verifier CONFIRM 2026-09-24: armed read of disc-file-table entry a0 into a1, Setloc moved a2 sectors, a3 sectors]. Takes no arguments into account, reads no position/ground data, compares nothing; only arms a 2-sector read of file entry 1 into D_800963EC. 'check pos outside ground' contradicted -> RESET (callee CORROBORATED, not VERIFIED: no admitted replacement)."
0x8004574C,func_8004574C,snd_helper,func_8004574C,RESET,reset-contradicted,"asm/funcs/func_8004574C.s (21 insns, leaf): for i<D_800A33AC: if D_800EED10[i].id(s16)==a0 return &D_800EED10[i]; return 0 - the heap slot-record lookup (same table/count as func_800455AC/80045600/80045694/800453E0). Callers pass slot ids (func_800467B8: 8). HEAP CONTEXT (shared by the snd_* heap rows): D_800EED10 is a table of 16-byte slot records {s16 id@0; base@4; size@8; relocation-callback@0xC}, count D_800A33AC. func_800455AC(id) appends a record with base=D_800A33A0; func_80045600(id,end) sets rec.size=end-D_800A33A0 and advances D_800A33A0 / decrements D_800A33A4; func_800453E0(id) frees a slot by compacting (func_80045294: DrawSync [VERIFIED] + func_800520B8 word-memmove + jalr rec.callback(slot,delta)); func_80045694(id,cb) stores rec.callback. The arena is [&D_800A9D10, +0x45000) (func_80045230 limit 0x44FFF; func_80045808 returns 0x45000; 0x800A9D10+0x45000 = 0x800EED10 = the slot table). In-binary string: func_80044FA0 prints ""Marionation over flow. No.%d (-%dbyte)\n"" @0x8001528C when D_800A33A4 (free bytes) < the NDATA file's length, then halts - the EXE's own label for this arena is the Marionation buffer. No Ss*/Spu*/Cd audio/XA call or libsnd state appears in any of these allocator routines.",CONFIRM,"[sys_snd_io] 21-insn leaf: for i<D_800A33AC if D_800EED10[i].id(s16)==a0 return &D_800EED10[i]; return 0 - the heap slot-record lookup over the same table as func_800455AC/80045600/80045694/800453E0/80045510. Callers pass slot ids (func_800467B8: 8; generic users in src/text1a_c.c:1835-1896). Tag inherited from caller snd_LoadBgm (first_pass_applied.csv:85), which is contradicted. No sound state. Heap re-derived: func_800451D0 inits 10 slot records D_800EED10 (id=-1), cursor D_800A33A0=&D_800A9D10, free D_800A33A4=0x45000; func_800455AC(id) appends {id,base=cursor}; func_80045600(id,end) sets size=end-cursor and advances cursor; func_80045694(id,cb) sets rec+0xC; func_800453E0(id) frees via func_80045294 (DrawSync [VERIFIED] + func_800520B8 memmove + jalr rec.cb(slot,delta) @80045380). func_80044FA0 prints 'Marionation over flow. No.%d (-%dbyte)\n' (@0x8001528C, bytes read) when free < NDATA len, then spins. SE bank home 0x8010DB00 / VAB staging 0x801D8800 lie outside the arena. Sound reach (verify/reach.py): none except via game_FrameLoop (-> func_8005C6D0 SpuGetKeyStatus/SsUtKeyOnV), the generic per-frame wait called 25x from 14 functions and bracketing every CD read in func_80044E74 - fairly discounted. || Already func_8004574C in src (sound.c:105, text1a_c.c:1815); sdata_funcs.txt:120 lists func_8004574C (unchanged). Apply touches named_syms.txt:3259 / census only."
0x800457D4,func_800457D4,empty_stub,empty_stub,UPGRADE,computation-restatement,"asm/funcs/func_800457D4.s: `jr ra; nop` (2 insns). Emulated 2000 arg sets: no memory write, a0-a3 untouched, 0 mismatches. [emulation: tmp/naming_sweep2/misc/verify_out.txt; scripts verify*.py; emu.py = the 2026-09-24 verifier interpreter (decodes RAW EXE words, branch+load delay slots, callees emulated) + a minimal GTE: reg moves, lwc2/swc2, SQR, MVMVA, LZCS/LZCR per psx-spx]",CONFIRM,"[misc] jr ra; nop. emulation: own interpreter tmp/naming_sweep2/misc/verify/r3k.py (raw EXE words, branch+load delay slots, GTE subset per psx-spx), runs in v_emu.py -> v_emu_out.txt: 2000 arg sets, v0 and a0-a3 unchanged, no RAM write, 0 mismatches. HAZARD: two functions carry current_name empty_stub (0x800457D4, 0x80046954) - keep the _ADDR-suffixed alias form (empty_stub_800457D4); never promote the bare name to a glabel."
0x80045808,func_80045808,const_return_0x45000,const_return_0x45000,UPGRADE,computation-restatement,"asm/funcs/func_80045808.s: `lui v0,4; jr ra; ori v0,v0,0x5000` = return 0x45000. Emulated 2000 arg sets: v0 == 0x45000, no memory write, 0 mismatches. [emulation: tmp/naming_sweep2/misc/verify_out.txt; scripts verify*.py; emu.py = the 2026-09-24 verifier interpreter (decodes RAW EXE words, branch+load delay slots, callees emulated) + a minimal GTE: reg moves, lwc2/swc2, SQR, MVMVA, LZCS/LZCR per psx-spx]",CONFIRM,"[misc] lui v0,4; jr ra; ori v0,v0,0x5000 = 0x45000. emulation: own interpreter tmp/naming_sweep2/misc/verify/r3k.py (raw EXE words, branch+load delay slots, GTE subset per psx-spx), runs in v_emu.py -> v_emu_out.txt: 2000 arg sets, v0==0x45000, no RAM write, 0 mismatches. src/text1a_c.c:1855 func_80045808 (alias-only)."
0x80045A50,func_80045A50,player_allocate_sprite,func_80045A50,RESET,reset-contradicted,"asm/funcs/func_80045A50.s (21 insns; C at src/text1a_c.c:1929): func_8005B644(a0); func_800456F0(a0+3); func_800456F0(a0); func_800453E0(a0+3); func_800453E0(a0). func_8005B644 (asm/funcs/func_8005B644.s) = func_800858D0(0); SsVabClose(3*a0+1) [SsVabClose VERIFIED libscan-verbatim] then zero g_vab_rec_ptr[3*a0+1] and g_vab_vb_sbaddr[3*a0+1]. func_800456F0 = scan the 16-byte table at D_800EED10 (count D_800A33AC) for id==arg and zero that entry's word +0xC. func_800453E0 = find entry id==arg, call func_80045294, shift the following 16-byte entries down one slot (copy loop 80045470..800454A0), set the last id to -1 and DECREMENT the count D_800A33AC (800454A8..800454D0). Allocates nothing: it closes a VAB and removes table entries. Sole caller is player_Destroy (src/text1a_post.c:68).",CONFIRM,"[motion_ai] Verified from asm: func_8005B644 [AUTO] = key-off all + SsVabClose(3*a0+1) [VERIFIED] + zero g_vab_rec_ptr/g_vab_vb_sbaddr slot; func_800456F0 = find 16-byte record id==arg in D_800EED10 table (count D_800A33AC), zero its +0xC (callback) word; func_800453E0 = find record, call func_80045294(i+1, -size) [AUTO; body read: sums following sizes, DrawSync(0) + func_800520B8 block move, adds delta to each following base, calls each record's relocation callback, D_800A33A0 += delta, D_800A33A4 -= delta = heap compaction], shift records down, last id=-1, count--. It frees/compacts, allocates nothing: name is the inverse of the body. Apply: alias-only (named_syms.txt:3037); C already func_80045A50 (src/text1a_c.c)."
0x8004668C,func_8004668C,snd_helper,func_8004668C,RESET,reset-contradicted,"asm/funcs/func_8004668C.s (13 insns): func_800453E0(7) (free heap slot 7: compaction + record removal); D_80099478 = -1; D_8009947A = 0. D_80099478 is the value returned by get_stage_id (0x80046798) and the switch key of slot 7's relocation callback func_800466C0 (src/text1a_b.c:17 val=D_80099478-4); D_8009947A is returned by stage_GetVariant (src/sound.c:126). No sound call/state. HEAP CONTEXT (shared by the snd_* heap rows): D_800EED10 is a table of 16-byte slot records {s16 id@0; base@4; size@8; relocation-callback@0xC}, count D_800A33AC. func_800455AC(id) appends a record with base=D_800A33A0; func_80045600(id,end) sets rec.size=end-D_800A33A0 and advances D_800A33A0 / decrements D_800A33A4; func_800453E0(id) frees a slot by compacting (func_80045294: DrawSync [VERIFIED] + func_800520B8 word-memmove + jalr rec.callback(slot,delta)); func_80045694(id,cb) stores rec.callback. The arena is [&D_800A9D10, +0x45000) (func_80045230 limit 0x44FFF; func_80045808 returns 0x45000; 0x800A9D10+0x45000 = 0x800EED10 = the slot table). In-binary string: func_80044FA0 prints ""Marionation over flow. No.%d (-%dbyte)\n"" @0x8001528C when D_800A33A4 (free bytes) < the NDATA file's length, then halts - the EXE's own label for this arena is the Marionation buffer. No Ss*/Spu*/Cd audio/XA call or libsnd state appears in any of these allocator routines.",CONFIRM,"[sys_snd_io] 13 insns: func_800453E0(7) (free heap slot 7); D_80099478=-1; D_8009947A=0. Slot 7 is allocated/filled by the stage loader func_800460E4 (s7=7 @800461B4; src/text1a_c2.c:160-168 func_80044010(s6,7), func_80045600(s7,..), callback func_800466C0); D_80099478 is set there (800461B0) and read by get_stage_id (0x80046798) and by the slot-7 callback switch (src/text1a_b.c:17). A stage-data slot free + stage-id reset; no sound call/state. Tag inherited from snd_StopAll_80046AA0 (first_pass_applied.csv:87). Heap re-derived: func_800451D0 inits 10 slot records D_800EED10 (id=-1), cursor D_800A33A0=&D_800A9D10, free D_800A33A4=0x45000; func_800455AC(id) appends {id,base=cursor}; func_80045600(id,end) sets size=end-cursor and advances cursor; func_80045694(id,cb) sets rec+0xC; func_800453E0(id) frees via func_80045294 (DrawSync [VERIFIED] + func_800520B8 memmove + jalr rec.cb(slot,delta) @80045380). func_80044FA0 prints 'Marionation over flow. No.%d (-%dbyte)\n' (@0x8001528C, bytes read) when free < NDATA len, then spins. SE bank home 0x8010DB00 / VAB staging 0x801D8800 lie outside the arena. Sound reach (verify/reach.py): none except via game_FrameLoop (-> func_8005C6D0 SpuGetKeyStatus/SsUtKeyOnV), the generic per-frame wait called 25x from 14 functions and bracketing every CD read in func_80044E74 - fairly discounted. || Already func_8004668C in src (text1a_c2.c:239, sound.c:34). Apply: named_syms.txt:3261 / census. Its caller snd_StopAll (0x80046AA0) should be examined next - same contradiction likely."
0x8004678C,func_8004678C,snd_GetSeId,func_8004678C,RESET,reset-contradicted,"asm/funcs/func_8004678C.s (3 insns): return D_800A33B4. D_800A33B4 is a pointer, not an id: written with a slot-7 data address (src/text1a_c2.c:165) and relocated by slot 7's heap callback (func_800466C0: D_800A33B4 += delta, src/text1a_b.c:18). The two callers dereference it as an array of 16-byte records: func_800290B8 (AUTO) reads s32 x/y/z at +4/+8/+0xC (lw 0x2/0x6/0xA from record+2) and compares them with a scratchpad bounding box (0x1F8002B8+0x78..0x8C), whose reach (func_8002E6B0, func_8002FC80->ratan2, func_80044B30, func_80033550) has no sound call; func_8002906C clears flag +2 of each record.",CONFIRM,"[sys_snd_io] 3 insns: return D_800A33B4. D_800A33B4 is a POINTER, not an id: written by the stage loader with a slot-7 data address (src/text1a_c2.c:165) and relocated by +delta in slot 7's heap callback (src/text1a_b.c:18). Both callers dereference it as a 0-terminated array of 16-byte records {s16 type; s16 flag; s32 x,y,z}: func_8002906C clears +2; func_800290B8 (80029238-800292D0) tests the flag, compares lw +4/+8/+0xC against scratchpad bounds 0x1F8002B8+0x78..0x8C built from triangle vertices, then calls func_8002E6B0/func_8002FC80 - geometric overlap, no sound call in reach. 'SeId' contradicted (pointer to spatial records, not an SE id). || APPLY HAZARD: src/sound.c:117 definition + extern s16 *snd_GetSeId(void) at src/code6cac_b.c:68/865; sdata_funcs.txt:128 gate key; undefined_syms_auto.txt:1576; named_syms.txt:356. Data alias g_snd_se_id on D_800A33B4 (named_syms:386, sdata_syms.txt:323) and g_snd_bgm_id on D_800A33B0 (also slot-7 relocated, text1a_b.c:16) carry the same contradiction - out of this batch."
0x800467B8,func_800467B8,snd_LoadBgm,func_800467B8,RESET,reset-contradicted,"asm/funcs/func_800467B8.s: if func_800486FC() a0+=0x1B; r=func_8004574C(8) (find heap slot 8); if r && D_800A3248==a0 reuse r->base; else base=func_800455AC(8) (alloc slot 8); func_80044F80(a0,base) = func_80044E74(a0+0x4D,base) = cdrom_StartReadAt(0,base,NDATA.INF[id].start,.len) [CORROBORATED; cd-table entry 0 = /NDATA/NDATA.DAT]; func_80045230(base+word2); func_80044010(base+word1, 9) - relocates the loaded file's offset table and stores it in D_80103608[9], the pointer table read by the GTE model renderers func_8004A4E0/func_8004A940/func_8004C404/func_8004DA74; func_80045600(8,...) (commit slot 8); func_80045694(8, 0x800468DC) (relocation callback). Slot 8's content is named by the EXE: game_StageSetup (0x80054604) frees slot 8 via func_80046914 (= func_800453E0(8)) and then printf(""Destruction tiny model.\n"" @0x80015840) (80054684-80054694). NDATA ids 0x4D.. start {count, offsets} with NULL padding, no pQES/pBAV/VAGp magic (disc image). No Ss*/Spu*/XA call in the body or in any allocator/NDATA callee; the only libsnd code in reach is inside game_FrameLoop (the generic per-frame wait called by every CD-read path). HEAP CONTEXT (shared by the snd_* heap rows): D_800EED10 is a table of 16-byte slot records {s16 id@0; base@4; size@8; relocation-callback@0xC}, count D_800A33AC. func_800455AC(id) appends a record with base=D_800A33A0; func_80045600(id,end) sets rec.size=end-D_800A33A0 and advances D_800A33A0 / decrements D_800A33A4; func_800453E0(id) frees a slot by compacting (func_80045294: DrawSync [VERIFIED] + func_800520B8 word-memmove + jalr rec.callback(slot,delta)); func_80045694(id,cb) stores rec.callback. The arena is [&D_800A9D10, +0x45000) (func_80045230 limit 0x44FFF; func_80045808 returns 0x45000; 0x800A9D10+0x45000 = 0x800EED10 = the slot table). In-binary string: func_80044FA0 prints ""Marionation over flow. No.%d (-%dbyte)\n"" @0x8001528C when D_800A33A4 (free bytes) < the NDATA file's length, then halts - the EXE's own label for this arena is the Marionation buffer. No Ss*/Spu*/Cd audio/XA call or libsnd state appears in any of these allocator routines.",CONFIRM,"[sys_snd_io] Body: file_GetFlag0-gated id+=0x1B; func_8004574C(8) reuse-if D_800A3248==id else func_800455AC(8); func_80044F80 -> func_80044E74(id+0x4D) = cdrom_StartReadAt(cd#0 = NDATA.DAT, INF sector/len) [CORROBORATED]; func_80045230; func_80044010(base+w1,9) stores ptr in D_80103608[9] (bank table indexed by GTE command renderers func_8004A4E0/8004C404/8004DA74: ctc2/mtc2/swc2); func_80045600(8,base+w2); callback func_800468DC. (a) Slot-8 contents: sole caller func_80048AD0 passes D_80099BCC[k] in 0x00..0x1A -> NDATA ids 0x4D..0x82; all 54 files (read from the BIN via verify/nd.py) are 6-sector DATA7\MAR19_xx/MAR20_xx.DAT (filenames are EXE strings, e.g. @0x800113EC) with header {1,0xC,end,count,...} and NO pBAV/VAGp/pQES/SEQp magic (verify/magic.py). game_StageSetup frees slot 8 (func_80046914) then printf('Destruction tiny model.\n' @0x80015840, bytes read) when func_80045080 (free - INF len) < 0. Name claims a BGM load; body loads Marionation model data into heap slot 8. Heap re-derived: func_800451D0 inits 10 slot records D_800EED10 (id=-1), cursor D_800A33A0=&D_800A9D10, free D_800A33A4=0x45000; func_800455AC(id) appends {id,base=cursor}; func_80045600(id,end) sets size=end-cursor and advances cursor; func_80045694(id,cb) sets rec+0xC; func_800453E0(id) frees via func_80045294 (DrawSync [VERIFIED] + func_800520B8 memmove + jalr rec.cb(slot,delta) @80045380). func_80044FA0 prints 'Marionation over flow. No.%d (-%dbyte)\n' (@0x8001528C, bytes read) when free < NDATA len, then spins. SE bank home 0x8010DB00 / VAB staging 0x801D8800 lie outside the arena. Sound reach (verify/reach.py): none except via game_FrameLoop (-> func_8005C6D0 SpuGetKeyStatus/SsUtKeyOnV), the generic per-frame wait called 25x from 14 functions and bracketing every CD read in func_80044E74 - fairly discounted. || APPLY HAZARD: defined in src/sound.c (~134) + extern s32 *snd_LoadBgm(s32) at src/text1b.c:582 (owner-ruling comment cites the name) and text1b_b.c; sdata_funcs.txt:129 (maspsx gate key - rename in lockstep); undefined_syms_auto.txt:1577; named_syms.txt:540; docs/grind/decisions.md func_80048AD0 rulings (2026-08-07/08-24) are filed under 'snd_LoadBgm' (historical, leave). Related data D_800A3248 carries alias g_snd_cached_bgm_arg (named_syms:1671) - same contradiction, out of scope."
0x800468B0,func_800468B0,snd_PlayBgm,func_800468B0,RESET,reset-contradicted,"asm/funcs/func_800468B0.s (11 insns): func_80045510(8, a0) - resizes heap slot 8 so it ends at a0 (func_80045294 compaction: DrawSync [VERIFIED] + func_800520B8 memmove + relocation callbacks); func_80045230(0) (arena high-water check). Slot 8 = the 'tiny model' slot (see snd_LoadBgm row). No playback, no sound call in reach. HEAP CONTEXT (shared by the snd_* heap rows): D_800EED10 is a table of 16-byte slot records {s16 id@0; base@4; size@8; relocation-callback@0xC}, count D_800A33AC. func_800455AC(id) appends a record with base=D_800A33A0; func_80045600(id,end) sets rec.size=end-D_800A33A0 and advances D_800A33A0 / decrements D_800A33A4; func_800453E0(id) frees a slot by compacting (func_80045294: DrawSync [VERIFIED] + func_800520B8 word-memmove + jalr rec.callback(slot,delta)); func_80045694(id,cb) stores rec.callback. The arena is [&D_800A9D10, +0x45000) (func_80045230 limit 0x44FFF; func_80045808 returns 0x45000; 0x800A9D10+0x45000 = 0x800EED10 = the slot table). In-binary string: func_80044FA0 prints ""Marionation over flow. No.%d (-%dbyte)\n"" @0x8001528C when D_800A33A4 (free bytes) < the NDATA file's length, then halts - the EXE's own label for this arena is the Marionation buffer. No Ss*/Spu*/Cd audio/XA call or libsnd state appears in any of these allocator routines.",CONFIRM,"[sys_snd_io] 11 insns: func_80045510(8,a0) (finds slot 8; if size differs calls func_80045294 compaction and sets rec.size=a0) then func_80045230(0) (high-water/limit check vs 0x44FFF -> func_80052C10). Only caller func_80048AD0 passes (end-base)+0x6E8 = slot 8 grown by the 17 x 0x68 records it just wrote. A heap-slot resize; nothing played; no sound call/state in reach. Heap re-derived: func_800451D0 inits 10 slot records D_800EED10 (id=-1), cursor D_800A33A0=&D_800A9D10, free D_800A33A4=0x45000; func_800455AC(id) appends {id,base=cursor}; func_80045600(id,end) sets size=end-cursor and advances cursor; func_80045694(id,cb) sets rec+0xC; func_800453E0(id) frees via func_80045294 (DrawSync [VERIFIED] + func_800520B8 memmove + jalr rec.cb(slot,delta) @80045380). func_80044FA0 prints 'Marionation over flow. No.%d (-%dbyte)\n' (@0x8001528C, bytes read) when free < NDATA len, then spins. SE bank home 0x8010DB00 / VAB staging 0x801D8800 lie outside the arena. Sound reach (verify/reach.py): none except via game_FrameLoop (-> func_8005C6D0 SpuGetKeyStatus/SsUtKeyOnV), the generic per-frame wait called 25x from 14 functions and bracketing every CD read in func_80044E74 - fairly discounted. || APPLY HAZARD: src/sound.c:162 definition; extern at src/text1b.c:583; undefined_syms_auto.txt:1578; named_syms.txt:380 comment ('saSeMain(8,a0)' - those saSe* helper names are themselves unverified)."
0x800468DC,func_800468DC,snd_BgmCallback,func_800468DC,RESET,reset-contradicted,"asm/funcs/func_800468DC.s (14 insns): func_80048B8C(a1) = D_800A33E4 += a1; func_80044100(9, a1) = D_80103608[9] += a1 and every entry of that pointer table += a1. Registered as heap slot 8's relocation callback by func_800467B8 (80046878: func_80045694(8, &func_800468DC)); invoked by the compactor (func_80045294 jalr rec.callback(slot, delta) at 80045380). It relocates model-table pointers after a heap move; no sound state. HEAP CONTEXT (shared by the snd_* heap rows): D_800EED10 is a table of 16-byte slot records {s16 id@0; base@4; size@8; relocation-callback@0xC}, count D_800A33AC. func_800455AC(id) appends a record with base=D_800A33A0; func_80045600(id,end) sets rec.size=end-D_800A33A0 and advances D_800A33A0 / decrements D_800A33A4; func_800453E0(id) frees a slot by compacting (func_80045294: DrawSync [VERIFIED] + func_800520B8 word-memmove + jalr rec.callback(slot,delta)); func_80045694(id,cb) stores rec.callback. The arena is [&D_800A9D10, +0x45000) (func_80045230 limit 0x44FFF; func_80045808 returns 0x45000; 0x800A9D10+0x45000 = 0x800EED10 = the slot table). In-binary string: func_80044FA0 prints ""Marionation over flow. No.%d (-%dbyte)\n"" @0x8001528C when D_800A33A4 (free bytes) < the NDATA file's length, then halts - the EXE's own label for this arena is the Marionation buffer. No Ss*/Spu*/Cd audio/XA call or libsnd state appears in any of these allocator routines.",CONFIRM,"[sys_snd_io] 14 insns: func_80048B8C(a1) (D_800A33E4 += a1; D_800A33E4 = the record-block pointer inside slot 8 set by func_80048AD0) and func_80044100(9,a1) (D_80103608[9] += a1 and every entry of that bank += a1). Registered as slot 8's relocation callback (func_800467B8 80046878-80046880), invoked by func_80045294 jalr with (slot,delta). Model-table pointer relocation after a heap move; no sound state. Heap re-derived: func_800451D0 inits 10 slot records D_800EED10 (id=-1), cursor D_800A33A0=&D_800A9D10, free D_800A33A4=0x45000; func_800455AC(id) appends {id,base=cursor}; func_80045600(id,end) sets size=end-cursor and advances cursor; func_80045694(id,cb) sets rec+0xC; func_800453E0(id) frees via func_80045294 (DrawSync [VERIFIED] + func_800520B8 memmove + jalr rec.cb(slot,delta) @80045380). func_80044FA0 prints 'Marionation over flow. No.%d (-%dbyte)\n' (@0x8001528C, bytes read) when free < NDATA len, then spins. SE bank home 0x8010DB00 / VAB staging 0x801D8800 lie outside the arena. Sound reach (verify/reach.py): none except via game_FrameLoop (-> func_8005C6D0 SpuGetKeyStatus/SsUtKeyOnV), the generic per-frame wait called 25x from 14 functions and bracketing every CD read in func_80044E74 - fairly discounted. || APPLY HAZARD: src/sound.c:110/158/167 (decl, address-taken, definition); named_syms.txt:541. Note src/text1b.c:625-627 spells D_800A33E4 as g_snd_play_count (sdata_syms.txt:328) - same contradiction, data row not in this batch."
0x8004695C,func_8004695C,snd_LoadSe,func_8004695C,RESET,reset-contradicted,"asm/funcs/func_8004695C.s (17 insns): func_80045230(a0) (arena high-water/limit check vs &D_800A9D10, 0x44FFF); func_80045600(9, a0) (commit heap slot 9 to end at a0); func_80045694(9, 0x80046954) (callback = empty jr-ra stub). No read of any kind (nothing is loaded) and no sound call/state. 0 callers. HEAP CONTEXT (shared by the snd_* heap rows): D_800EED10 is a table of 16-byte slot records {s16 id@0; base@4; size@8; relocation-callback@0xC}, count D_800A33AC. func_800455AC(id) appends a record with base=D_800A33A0; func_80045600(id,end) sets rec.size=end-D_800A33A0 and advances D_800A33A0 / decrements D_800A33A4; func_800453E0(id) frees a slot by compacting (func_80045294: DrawSync [VERIFIED] + func_800520B8 word-memmove + jalr rec.callback(slot,delta)); func_80045694(id,cb) stores rec.callback. The arena is [&D_800A9D10, +0x45000) (func_80045230 limit 0x44FFF; func_80045808 returns 0x45000; 0x800A9D10+0x45000 = 0x800EED10 = the slot table). In-binary string: func_80044FA0 prints ""Marionation over flow. No.%d (-%dbyte)\n"" @0x8001528C when D_800A33A4 (free bytes) < the NDATA file's length, then halts - the EXE's own label for this arena is the Marionation buffer. No Ss*/Spu*/Cd audio/XA call or libsnd state appears in any of these allocator routines.",CONFIRM,"[sys_snd_io] 17 insns: func_80045230(a0); func_80045600(9,a0); func_80045694(9,&func_80046954) (func_80046954 = empty jr ra). No read of any kind and no sound call/state in reach; it only commits heap slot 9's extent (slot 9 allocated by func_80046934 = func_800455AC(9)). Zero callers (no jal and no raw word ref in the EXE). Weakest row: 'Load' could describe the commit half of an alloc/fill/commit pattern, but the snd_/Se claim is contradicted - the slot lives in the Marionation arena and nothing in reach touches sound. Heap re-derived: func_800451D0 inits 10 slot records D_800EED10 (id=-1), cursor D_800A33A0=&D_800A9D10, free D_800A33A4=0x45000; func_800455AC(id) appends {id,base=cursor}; func_80045600(id,end) sets size=end-cursor and advances cursor; func_80045694(id,cb) sets rec+0xC; func_800453E0(id) frees via func_80045294 (DrawSync [VERIFIED] + func_800520B8 memmove + jalr rec.cb(slot,delta) @80045380). func_80044FA0 prints 'Marionation over flow. No.%d (-%dbyte)\n' (@0x8001528C, bytes read) when free < NDATA len, then spins. SE bank home 0x8010DB00 / VAB staging 0x801D8800 lie outside the arena. Sound reach (verify/reach.py): none except via game_FrameLoop (-> func_8005C6D0 SpuGetKeyStatus/SsUtKeyOnV), the generic per-frame wait called 25x from 14 functions and bracketing every CD read in func_80044E74 - fairly discounted. || APPLY HAZARD: src/sound.c:183 definition. Companions func_80046954 (census alias + src 'snd_SeNullCallback', LINK-MAP DESYNC) and func_80046934 (slot-9 alloc) should follow in a later batch."
0x800469C4,func_800469C4,snd_LoadSelection,func_800469C4,RESET,reset-contradicted,"asm/funcs/func_800469C4.s: base=func_800455AC(10) (alloc heap slot 10); func_80044FA0(a0, base) = NDATA read of id a0 via func_80044E74/cdrom_StartReadAt [CORROBORATED], with the ""Marionation over flow. No.%d (-%dbyte)"" guard; end = base + (base[1+base[0]] & ~3); func_80045230(end); func_80045600(10,end); D_800A324A=a0; func_80045694(10, 0x80046A80); return base. Its caller game_StageSetup loads the same NDATA id (a0+0x131) either through this function or directly into a caller buffer via func_80044FA0 (80054658-8005469C). No sound call/state in the body or allocator callees (libsnd appears only inside game_FrameLoop). HEAP CONTEXT (shared by the snd_* heap rows): D_800EED10 is a table of 16-byte slot records {s16 id@0; base@4; size@8; relocation-callback@0xC}, count D_800A33AC. func_800455AC(id) appends a record with base=D_800A33A0; func_80045600(id,end) sets rec.size=end-D_800A33A0 and advances D_800A33A0 / decrements D_800A33A4; func_800453E0(id) frees a slot by compacting (func_80045294: DrawSync [VERIFIED] + func_800520B8 word-memmove + jalr rec.callback(slot,delta)); func_80045694(id,cb) stores rec.callback. The arena is [&D_800A9D10, +0x45000) (func_80045230 limit 0x44FFF; func_80045808 returns 0x45000; 0x800A9D10+0x45000 = 0x800EED10 = the slot table). In-binary string: func_80044FA0 prints ""Marionation over flow. No.%d (-%dbyte)\n"" @0x8001528C when D_800A33A4 (free bytes) < the NDATA file's length, then halts - the EXE's own label for this arena is the Marionation buffer. No Ss*/Spu*/Cd audio/XA call or libsnd state appears in any of these allocator routines.",CONFIRM,"[sys_snd_io] 39 insns: base=func_800455AC(10); func_80044FA0(id,base) (NDATA read + 'Marionation over flow' guard); end=base+ALIGN4(base[1+base[0]]); func_80045230; func_80045600(10,end); D_800A324A=id; callback func_80046A80; return base. (a) Slot-10 contents: sole caller game_StageSetup passes id=a0+0x131 where func_80054884 sets a0=InfoPosYTbl1[k]+a1-0x131, table {0x131,0x151,...,0x374,-1}; every NDATA id 0x131..0x383 read from the BIN has no pBAV/VAGp/pQES/SEQp magic (files are DATA7 MAR*, DATA9 WEP*, DATA6 TIN*, DATA0 M*, DATA5, DATA2 per ndata_filemap). The only VAB-bearing INF entry is 900 (the 46 MB tail-garbage entry; unreachable). No sound call in reach. Heap re-derived: func_800451D0 inits 10 slot records D_800EED10 (id=-1), cursor D_800A33A0=&D_800A9D10, free D_800A33A4=0x45000; func_800455AC(id) appends {id,base=cursor}; func_80045600(id,end) sets size=end-cursor and advances cursor; func_80045694(id,cb) sets rec+0xC; func_800453E0(id) frees via func_80045294 (DrawSync [VERIFIED] + func_800520B8 memmove + jalr rec.cb(slot,delta) @80045380). func_80044FA0 prints 'Marionation over flow. No.%d (-%dbyte)\n' (@0x8001528C, bytes read) when free < NDATA len, then spins. SE bank home 0x8010DB00 / VAB staging 0x801D8800 lie outside the arena. Sound reach (verify/reach.py): none except via game_FrameLoop (-> func_8005C6D0 SpuGetKeyStatus/SsUtKeyOnV), the generic per-frame wait called 25x from 14 functions and bracketing every CD read in func_80044E74 - fairly discounted. || APPLY HAZARD: src/sound.c:195 definition; extern + call at src/text1b.c:1821/1856; sdata_funcs.txt:130 gate key; named_syms.txt:543; include/game.h:182 comment mentions census g_snd_data_buf_base."
0x80046A80,func_80046A80,snd_SelectionCallback,func_80046A80,RESET,reset-contradicted,"asm/funcs/func_80046A80.s (8 insns): func_80054FDC(a1) - adds the delta to the 6 pointers D_800EFB14..D_800EFB28 (each only if non-zero). Registered as heap slot 10's relocation callback by func_800469C4 (80046A2C-80046A38). D_800EFB14 = the slot-10 NDATA file base (game_StageSetup 800546A8), D_800EFB18 set in game_StageMain. No sound call/state in reach. HEAP CONTEXT (shared by the snd_* heap rows): D_800EED10 is a table of 16-byte slot records {s16 id@0; base@4; size@8; relocation-callback@0xC}, count D_800A33AC. func_800455AC(id) appends a record with base=D_800A33A0; func_80045600(id,end) sets rec.size=end-D_800A33A0 and advances D_800A33A0 / decrements D_800A33A4; func_800453E0(id) frees a slot by compacting (func_80045294: DrawSync [VERIFIED] + func_800520B8 word-memmove + jalr rec.callback(slot,delta)); func_80045694(id,cb) stores rec.callback. The arena is [&D_800A9D10, +0x45000) (func_80045230 limit 0x44FFF; func_80045808 returns 0x45000; 0x800A9D10+0x45000 = 0x800EED10 = the slot table). In-binary string: func_80044FA0 prints ""Marionation over flow. No.%d (-%dbyte)\n"" @0x8001528C when D_800A33A4 (free bytes) < the NDATA file's length, then halts - the EXE's own label for this arena is the Marionation buffer. No Ss*/Spu*/Cd audio/XA call or libsnd state appears in any of these allocator routines.",CONFIRM,"[sys_snd_io] 8 insns: func_80054FDC(a1). Registered as slot 10's relocation callback (func_800469C4 80046A2C-80046A38), called with (slot,delta) by func_80045294. func_80054FDC adds delta to the D_800EFB14..D_800EFB28 pointers (D_800EFB14 = slot-10 base, game_StageSetup 800546A8). Pointer relocation; no sound state. Heap re-derived: func_800451D0 inits 10 slot records D_800EED10 (id=-1), cursor D_800A33A0=&D_800A9D10, free D_800A33A4=0x45000; func_800455AC(id) appends {id,base=cursor}; func_80045600(id,end) sets size=end-cursor and advances cursor; func_80045694(id,cb) sets rec+0xC; func_800453E0(id) frees via func_80045294 (DrawSync [VERIFIED] + func_800520B8 memmove + jalr rec.cb(slot,delta) @80045380). func_80044FA0 prints 'Marionation over flow. No.%d (-%dbyte)\n' (@0x8001528C, bytes read) when free < NDATA len, then spins. SE bank home 0x8010DB00 / VAB staging 0x801D8800 lie outside the arena. Sound reach (verify/reach.py): none except via game_FrameLoop (-> func_8005C6D0 SpuGetKeyStatus/SsUtKeyOnV), the generic per-frame wait called 25x from 14 functions and bracketing every CD read in func_80044E74 - fairly discounted. || APPLY HAZARD: src/sound.c:193/208/216 (decl, address-taken, definition); named_syms.txt:544."
0x80046EA0,func_80046EA0,game_InitStageSound,func_80046EA0,RESET,reset-contradicted,"Body (asm/funcs/func_80046EA0.s; src/sound.c game_InitStageSound): func_8003E6D8(a0); func_8003DA8C(stage_GetId(), a0). Full callee closure incl. every indirect target (tmp/naming_sweep2/mode_ui/work/closure.py over func_80046EA0 + the g_stage_init_tbl slot-+4 hooks 0x8004748C/0x800474D0/0x80047510/0x80047550/0x800475A4/0x8004775C/0x8004779C/0x800477C4/0x800477D4 dispatched by func_8003E6D8.s:283-296 jalr D_800948C0[stage*8], + the D_800F66A0 table targets func_8004A348/math_RotMatrixXYZ/YXZ/ZXY stored by func_80042E90) reaches VERIFIED = {ApplyMatrix, ApplyRotMatrixLV, MulMatrix0, MulMatrix2, ReadGeomScreen, RotMatrix, RotTransPers, ScaleMatrixL, SetDrawMove, SetPolyFT4, SetRotMatrix, SetSemiTrans, SetShadeTex, SetTransMatrix, rand, ratan2} and NO Ss*/Spu*/_spu_*/libsnd call; no closure body references a sound-named symbol or an SPU register (only scratchpad 0x1F800xxx). func_8003E6D8 = GTE rotate + ratan2 + 32x32 grid-mask walk appending records to the list at D_800A3820 (.s:196-201, 260-276). The argument a0 is the value func_80046BF4 stores to D_800A33C0 from its a2, which that function negates into (0,0,-a2) and transforms with ApplyMatrixLV [VERIFIED] (func_80046BF4.s:27,39-41,62-63) -- a view distance; func_8003DA8C compares it against 0x55F0/0x6590/0x1770.",CONFIRM,"[mode_ui] Body: func_8003E6D8(a0); func_8003DA8C(stage_GetId(), a0). My own closure (verify/closure.py, output closure_80046EA0.txt) over it plus every indirect target: g_stage_init_tbl slot +4 hooks read from EXE 0x800948BC (8-byte entries; +4 = 8004748C,800474D0,80047510,800477D4,80047550,800475A4,8004775C,8004779C,800477C4; only dispatch site func_8003E6D8.s:283-296) and the D_800F66A0 fn-ptr table (only writer func_80042E90: func_8004A348, math_RotMatrixZXY/YXZ/XYZ). The VERIFIED callees it reaches are all libgte/libgpu plus rand/ratan2 (ApplyMatrix, ApplyRotMatrixLV, MulMatrix0/2, ReadGeomScreen, RotMatrix, RotTransPers, ScaleMatrixL, SetDrawMove, SetPolyFT4, SetRotMatrix, SetSemiTrans, SetShadeTex, SetTransMatrix, rand, ratan2). No Ss*/Spu*/snd call, no sound-named symbol, no SPU register. Its argument is the view distance (see the 0x800A33C0 row), which func_8003DA8C subtracts from 0x6590/0x55F0. Nothing about sound is initialised. Same standard as the 2026-09-24 sys_InitSound RESET. Hazard: src/sound.c:334 (call) + :380 (definition); named_syms.txt:551 alias game_InitStageSound_80046EA0 and the :550 comment."
0x8004748C,func_8004748C,game_EffCleanup,func_8004748C,RESET,reset-contradicted,"Only reference: EXE word 0x800948E0 = g_stage_init_tbl[4] slot +4 (table 0x800948BC, 8-byte {init, hook2} entries; slot +0 is dispatched by stage_ExecInitFunc 0x8003F168, slot +4 by func_8003E6D8.s:283-296 jalr D_800948C0[stage_GetId()*8] in the middle of the grid/draw pass, before func_800620B8). Body = func_80044800(). func_80044800.s: for each 0x68-byte record at *D_800A9D04 (count D_800A9CFE) whose +0x58 frame is >= 0: reads the keyframe at table+frame*12, updates +0x10..+0x14, calls func_800417D0 and MulMatrix2 [VERIFIED], integrates position +0x2C/+0x30/+0x34 with the Judge sine table, stores frame+1 back (.s:114), and APPENDS the record pointer to the list at D_800A3820 (.s:185-191). Its slot-+0 partner game_EffInit = func_8004473C sets every record's +0x58 to -1 and zeroes it. A per-call keyframe step that emits records is not a cleanup: nothing is released or cleared.",CONFIRM,"[mode_ui] Only reference: EXE word 0x800948E0 = g_stage_init_tbl[4] +4, which func_8003E6D8 calls on every pass (code6cac_c2.c:2011-2012). That pass runs from game_StageInit, which mode handler 01 (func_8001E878.s:91) calls unconditionally each time it runs. Body = func_80044800(). For each 0x68-byte record at *D_800A9D04 whose +0x58 frame is >= 0: while frame < count it reads the keyframe, calls func_8004A348/func_800417D0/MulMatrix2 [VERIFIED], integrates +0x2C/+0x30/+0x34, and stores frame+1 (.s:109-116). It then appends the record to the D_800A3820 draw list (.s:184-191). CORRECTION to the miner: once frame reaches count, it fades +0x60 by 0x40 per call and at 0 sets +0x58 = -2, except for type 4 (.s:167-183). So it does retire finished records, but only as part of an update that moves and submits every active record each pass. Not a cleanup routine. Its slot+0 partner (0x8004746C -> func_8004473C) is the setup. Hazard: src/sound.c:530 definition; named_syms alias game_EffCleanup_8004748C."
0x800474D0,func_800474D0,game_AnimCleanup,func_800474D0,RESET,reset-contradicted,"Only reference: EXE word 0x800948E8 = g_stage_init_tbl[5] slot +4 (hook dispatched on each call of func_8003E6D8, .s:283-296). Body = func_80048FFC(0). func_80048FFC.s: builds 6 DR_MOVE packets with SetDrawMove [VERIFIED] (.s:137,182; 3 iterations) and links each into the ordering-table entry at (*D_800A378C)+0x3FFC with the addPrim tag splice (.s:169-180,187-196), then advances the phase word slot[0] += step and wraps it modulo the period (.s:203-227). Queuing VRAM moves and advancing a phase is an update, not a cleanup. Partner slot +0 game_AnimInit = func_80048F58(0,0) zeroes that phase word and loads 7 halfword params.",CONFIRM,"[mode_ui] Only reference: EXE word 0x800948E8 = g_stage_init_tbl[5] +4, dispatched on each func_8003E6D8 pass. Body = func_80048FFC(0). Over 3 iterations it builds 2 DR_MOVE packets each with SetDrawMove [VERIFIED] (6 total) in a buffer picked by the D_800A36AC&1 frame-parity bit, and links each into the ordering table at *D_800A378C+0x3FFC with the 24-bit tag splice. It then does rec[0] += (s16)params[+0xC] and, if the result >= params[+6], takes it modulo params[+6] (.s 80049308-80049364). That queues VRAM moves and advances a phase: an update, not a cleanup. Slot+0 partner 0x800474AC -> func_80048F58(0,0) zeroes rec[0] and copies 7 halfword params. Hazard: src/sound.c:538 definition; named_syms alias game_AnimCleanup_800474D0."
0x80047510,func_80047510,game_EffCleanup2,func_80047510,RESET,reset-contradicted,"Only reference: EXE word 0x800948F8 = g_stage_init_tbl[7] slot +4 (see 0x8004748C row). Body = func_80044800() -- the per-call keyframe step that increments each active record's frame (+0x58) and appends it to the D_800A3820 list (func_80044800.s:114,185-191). Not a cleanup.",CONFIRM,"[mode_ui] Only reference: EXE word 0x800948F8 = g_stage_init_tbl[7] +4. Body = func_80044800(), the per-pass keyframe step + fade + draw-list append described in the 0x8004748C row. Records still animating are advanced, not cleaned up. Hazard: src/sound.c:546 definition."
0x80047530,func_80047530,motion_CheckSituation_wrapper,func_80047530,RESET,reset-contradicted,"asm/funcs/func_80047530.s (8 insns): body is only jal func_800477E8. The name restates a callee name motion_CheckSituation that no longer exists (func_800477E8 is AUTO; the Kengo-derived name was dropped). func_800477E8 (asm/funcs/func_800477E8.s, 170 insns) is not a check/predicate: GetTPage(0,0,0x2C0,0x1C0), GetTPage(0,0,0x2C0,0x180), GetClut(0x10,0x1E0) x2 [GetTPage/GetClut VERIFIED]; writes 8x16 packed halfword records (tpage/clut/uv words) through the cursor D_800A33D0; initialises D_800EF070..D_800EF0C4 fields; fills tables D_800EF59C (9x17 words, step 0x7D0) and D_800EF558 (17 words (i<<7)&0xFFF); returns bytes written (s0 - D_800A33D0). No read-and-test of any state feeds the return value.",CONFIRM,"[motion_ai] Body = jal func_800477E8 only (8 insns). func_800477E8 [AUTO] (src/sound.c:661): GetTPage x2/GetClut x2 [VERIFIED], writes 8x16 packed halfword records via cursor D_800A33D0, initialises D_800EF070.. fields and calls func_800417D0(&D_800EF070) (MINER OMITTED this call; INFERRED efc_* name, body read: parent-linked node update - dispatch on +6 state through fn table D_800F66A0, parent at +0xC, func_80052930/func_80052A88 on parent+0x18, copies 0x38..0x54 -> 0x18..0x34; not a predicate), fills D_800EF59C (9x17, step 0x7D0) and D_800EF558 ((i<<7)&0xFFF); returns bytes written. No state tested to form a result: 'CheckSituation' contradicted. Full reach has no Ss*/Spu*/SPU call either, so the src spelling game_SndInit is contradicted too. APPLY HAZARD: the live LINK name is game_SndInit - defined at src/sound.c:550 and referenced as '.word game_SndInit' in asm/data/7D920.data.s:9375 (init/cleanup pointer pair at 0x80094914); named_syms.txt:3544 holds the alias. RESET must rename src def + data .word + drop alias together. Sibling 0x80047550 (game_SndCleanup / saEft03Start_wrapper, .word at 0x80094918) is in the same desync state and not in this vein's HIGH rows."
0x8004775C,func_8004775C,game_AnimStop,func_8004775C,RESET,reset-contradicted,"Only reference: EXE word 0x80094930 = g_stage_init_tbl[14] slot +4. Body = func_80048FFC(0): 6x SetDrawMove [VERIFIED] packets linked into the OT at (*D_800A378C)+0x3FFC plus phase advance (func_80048FFC.s:137,169-196,203-227). Nothing is stopped.",CONFIRM,"[mode_ui] Only reference: EXE word 0x80094930 = g_stage_init_tbl[14] +4. Body = func_80048FFC(0): 6 SetDrawMove [VERIFIED] packets linked into the OT, then the phase word advances with a modulo wrap (see the 0x800474D0 row). Nothing stops. Hazard: src/sound.c:616 definition."
0x8004779C,func_8004779C,game_EffStop,func_8004779C,RESET,reset-contradicted,"Only reference: EXE word 0x80094950 = g_stage_init_tbl[18] slot +4 (see 0x8004748C row). Body = func_80044800() (per-call keyframe step + append to the D_800A3820 list, func_80044800.s:114,185-191). Nothing is stopped.",CONFIRM,"[mode_ui] Only reference: EXE word 0x80094950 = g_stage_init_tbl[18] +4. Body = func_80044800(): on every pass it advances each active record's frame, position and matrix and appends it to the D_800A3820 draw list. Only a record that has finished and fully faded is retired (+0x58 = -2). A routine that advances the records it is supposedly stopping contradicts 'Stop'. Hazard: src/sound.c:624 definition."
0x800477DC,func_800477DC,snd_SetVolume,func_800477DC,RESET,reset-contradicted,"asm/funcs/func_800477DC.s (3 insns): D_800A33D0 = a0. D_800A33D0 is a halfword write cursor: func_800477E8 (AUTO) does s0 = D_800A33D0 (800477FC) and then writes GetTPage(..) / GetClut(..) results [both VERIFIED] through it (sh ...,0($s0); addiu $s0,$s0,2 from 8004787C on) and returns s0 - D_800A33D0 (src/sound.c:680,805); func_80047ED0 does D_800A33D0 += a0 as the stage-slot (heap slot 7) relocation callback case 7 (src/text1a_b.c:26-27 via func_800466C0). The stored value is a buffer pointer, not a volume.",CONFIRM,"[sys_snd_io] 3 insns: D_800A33D0=a0. Only caller: stage loader func_800460E4 (80046368) passes s1, the running write pointer into the slot-7 load buffer. func_800477E8 loads s0=D_800A33D0 (800477FC), writes GetTPage/GetClut [VERIFIED] results and constant halfwords through it (sh ..,0($s0); addiu $s0,2 from 8004787C), and returns s0-D_800A33D0 (80047A64-80047A6C); func_80047BE0 loads it as s7 (80047BE8); func_80047ED0 adds a heap delta to it (slot-7 callback case 7, src/text1a_b.c). A heap-relocated buffer pointer is not a volume - concrete contradiction. || APPLY HAZARD: src/sound.c:640 definition; sdata_funcs.txt:135 gate key; undefined_syms_auto.txt:1579; named_syms.txt:371. The same stage-loader case also calls snd_GetMaxFade (0x80047EC8, returns 0xD00) - sibling to examine."
0x80047D94,func_80047D94,snd_CalcFade,func_80047D94,RESET,reset-contradicted,"asm/funcs/func_80047D94.s (50 insns, leaf, 0 callers): i=(x+32000)/3200 -> D_800A33D4; f=(x%3200)&1 -> D_800A33D8; if i>=18 return -100000 (0xFFFE7960); else return ((T[i]*f + T[i+1]*(4096-f))>>12) - 0x3F48 with T = D_800EF7BC. D_800EF7BC = &D_800EF59C[8*17] (0x7BC-0x59C = 0x220 = 8*0x44): row 8 of the 9x17 s32 grid that func_80047A90 fills each frame (row 0 = Judge[phase&0xFFF]*625>>10 with phases D_800EF558 stepped by 0x12; rows 1..8 relaxed toward row-1 + 2000) and that func_80047BE0 uses as vertex vx values for RotTransPers3 (src/sound.c:910-930). A sampled mesh coordinate; no sound state, no sound call.",CONFIRM,"[sys_snd_io] 50-insn leaf, 0 callers (no jal, no raw word ref in EXE): i=(x+32000)/3200 -> D_800A33D4; f=(x%3200)&1 -> D_800A33D8; i>=18 ? -100000 : ((T[i]*f + T[i+1]*(4096-f))>>12)-0x3F48, T=D_800EF7BC. D_800EF7BC = D_800EF59C+0x220 = row 8 of the 9x17 s32 grid func_80047A90 rebuilds per call (row 0 = Judge[phase&0xFFF]*625>>10 with phases D_800EF558 += 0x12; rows 1..8 relaxed toward prev+2000). func_80047BE0 stores grid[r][k]-0xFA0 as SVECTOR vx with vy=0, vz=-12000+2000k (80047C64-80047C8C) and feeds triples to RotTransPers3 [VERIFIED] + ReadSZfifo3 (80047CC8/80047CDC). The sampled table is mesh vertex data; no sound state or call. || APPLY HAZARD: src/sound.c:955 definition; sdata_funcs.txt:138 gate key; named_syms.txt:546."
0x80047E5C,func_80047E5C,snd_GetFadeCurve,func_80047E5C,RESET,reset-contradicted,"asm/funcs/func_80047E5C.s (27 insns, leaf, 0 callers): i=D_800A33D4, f=D_800A33D8 (written only by func_80047D94); if i>=18 return 0; return (C[i]*f + C[i+1]*(4096-f))>>12 with C = D_800EF800. D_800EF800 is written only by func_80047A90 at 80047B8C: the row-8 relaxation step of the D_800EF59C mesh grid (see snd_CalcFade row). No sound state or call.",CONFIRM,"[sys_snd_io] 27-insn leaf, 0 callers: i=D_800A33D4, f=D_800A33D8 (written only by func_80047D94); i>=18 ? 0 : (C[i]*f + C[i+1]*(4096-f))>>12, C=D_800EF800. D_800EF800 is written only by func_80047A90 @80047B84-80047B8C (when row==8: the relaxation increment of the mesh grid). No sound state or call. || APPLY HAZARD: src/sound.c:971 definition (docs/grind/decisions.md cites 'snd_GetFadeCurve, src/sound.c:993' as matched-C precedent in a func_80086014 ruling - historical, leave); sdata_funcs.txt:139 gate key; named_syms.txt:547."
0x80047ED0,func_80047ED0,copy,func_80047ED0,RESET,reset-contradicted,"asm/funcs/func_80047ED0.s (6 insns): *(s32*)0x800A33D0 += a0 (gp_rel lw/addu/sw). Emulated 3000 u32 pairs: 0 mismatches, nothing else written. An accumulate, not a copy. [emulation: tmp/naming_sweep2/misc/verify_out.txt; scripts verify*.py; emu.py = the 2026-09-24 verifier interpreter (decodes RAW EXE words, branch+load delay slots, callees emulated) + a minimal GTE: reg moves, lwc2/swc2, SQR, MVMVA, LZCS/LZCR per psx-spx]",CONFIRM,"[misc] lw/addu/sw %gp_rel -> 0x800A33D0 += a0. emulation: own interpreter tmp/naming_sweep2/misc/verify/r3k.py (raw EXE words, branch+load delay slots, GTE subset per psx-spx), runs in v_emu.py -> v_emu_out.txt: 3000 pairs, 0 mismatches, only that word written. Accumulate into a global, not a copy -> RESET."
0x800481E8,func_800481E8,efc_buki_zanzou_drawlist,func_800481E8,RESET,reset-contradicted,"asm/funcs/func_800481E8.s (56 insns; C src/text1b.c:189): walks a count-prefixed list inside buffer a0 (entry = u32 offset + 4 x s16 x,y,cx,cy; gate cx < 0x280) and calls func_800482C8(a0+offset, x, y, cx, cy+1) for each entry. func_800482C8 (asm/funcs/func_800482C8.s) checks TIM magic byte 0x10; if flags&8, LoadImage(CLUT) [VERIFIED]; then LoadImage(pixels) [VERIFIED], optionally through func_8004876C (the proven grayscale filter) followed by DrawSync(0) [VERIFIED]. Complete reach = VRAM uploads (LoadImage/DrawSync) plus a flag getter. No primitive is built, there is no AddPrim/OT access, and there is no draw call. 'drawlist' is contradicted (it is an image-upload list). 'buki_zanzou' (weapon afterimage) has no support in the body.",CONFIRM,"[gfx] Body (src/text1b.c:189): base=a0; list=base+(base[(s16)a1]&~3); count, then per entry u32 off + 4 s16 (x,y,cx,cy); if cx<0x280 call func_800482C8(base+(off&~3), x, y, cx, cy+1). func_800482C8 [AUTO]: requires byte 0 == 0x10 (TIM id); LoadImage(pixels at {x,y,w,h}) [VERIFIED]; if flags&8 then the CLUT at {cx,cy+1,w,h}: when func_800486FC() (file_GetFlag0 [INFERRED; body = g_file_flags&1] -> D_800F6652) is set, func_8004876C (grayscale leaf, see row) into a 0x400-byte stack buffer + LoadImage + DrawSync(0) [VERIFIED], else LoadImage direct. Correction to miner: pixel upload comes FIRST and the grayscale path applies to the CLUT, not the pixels - immaterial to the verdict. Complete reach = VRAM uploads; no primitive, no OT, no draw call: 'drawlist' contradicted, 'buki_zanzou' unsupported."
0x8004876C,func_8004876C,efc_palette_convert_rgb555,math_GrayscaleRgb555,RENAME,computation-restatement,"asm/funcs/func_8004876C.s (44 insns, leaf, touches only arg memory; a0=src, a1=n, a2=dst): for i<a1: c=src[i] (u16); R=c&0x1F, G=(c>>5)&0x1F, B=(c>>10)&0x1F; y=((1351*R + 2048*G + 696*B)>>12)&0x1F; dst[i]=(c&0x8000)|y<<10|y<<5|y. Emulated with tmp/naming_sweep2/gfx/verify_gfx.py (a copy of tmp/naming_sweep/compute/mips.py; asm words == EXE bytes, 44/44). 3000 random calls (n 0..300, whole-memory diff incl. src untouched and nothing written past dst[n-1]): 0 mismatches. One call over all 65,536 colours: 0 mismatches. Result: it desaturates PS1 15-bit colours to gray and keeps the STP bit.",CONFIRM,"[gfx] Independent harness (tmp/naming_sweep2/gfx/verify/emu.py, my own interpreter over EXE words; branch+load delay modelled) vs my reference derived from the asm (193R*7=1351R; ((c<<16)>>10)&0xF800 = 2048G; 696B): dst[i] = (c&0x8000)|y<<10|y<<5|y, y=((1351R+2048G+696B)>>12)&31, R/G/B = c bits 0-4/5-9/10-14. One call over all 65,536 colours: 0 mismatches; 3000 random calls (n 0..600 plus 0-3): 0 mismatches, writes confined to dst[0..n) (+nothing else), src unchanged; in-place (src==dst) also exact. Leaf, only arg memory. Domain: n treated as unsigned count (n<0 would run ~2^32). Notes: weights sum to 4095 so white 0x7FFF -> 0x7BDE (y=30); STP bit kept; weights are not BT.601 luma, and the name claims only 'grayscale'. No collision (census/named_syms/symbol_addrs/undefined_syms/src). Apply hazard: definition src/text1b.c:486 + calls text1b.c:292,354 use the glabel func_8004876C; alias only in named_syms.txt:2999."
0x80049710,func_80049710,stub,stub,UPGRADE,computation-restatement,"asm/funcs/func_80049710.s: exactly 2 insns 'jr $ra; nop' - EXE words 03E00008 00000000 at file offset vaddr-0x80010000+0x800 (read from disc/SLUS_006.63). No computation, no side effect for any input.",CONFIRM,"[sys_snd_io] EXE words 03E00008 00000000; 2000 random states, 0 mismatches (emu_words.py). 0 references (dead). Identifier stub_80049710."
0x80049C24,func_80049C24,efc_rob_set_type_particle_helper,func_80049C24,RESET,reset-contradicted,"asm/funcs/func_80049C24.s (126 insns): reads a section header at a0 (count, offsets) and chooses sections by the s16 selectors D_800A33E8/D_800A33EA. It memmoves a section to the destination (func_800520B8 = handwritten 16-word-unrolled memmove), bumps a buffer cursor (func_80045230), then calls func_8005C2A8(dst, 2, a0+hdr) and later func_8005C2A8(dst', 5, ...), and returns the advanced dst. func_8005C2A8 (asm, 134 insns) does SsVabClose(id) [VERIFIED], relocates the record's offsets, then snd_VabOpen(rec, id) [CORROBORATED api-restatement = SsVabClose + SsVabOpenHeadSticky + SsVabTransBody], SsVabTransCompleted(1) [VERIFIED] and SsUtGetVBaddrInSB [VERIFIED]. The copied block is exactly the record handed to the VAB open (a0 = s1). So the body loads two libsnd VAB banks (ids 2 and 5). Nothing in reach touches particles, primitives or effect state.",CONFIRM,"[gfx] Body: parses header at a0 (count, offsets), chooses sections by s16 D_800A33E8/EA, writes a small header to a1 (flag, 2, 5), func_80052C10 (scratchpad 0x1F800400 = 0), func_800520B8 copy [AUTO], func_80045230 [AUTO; gp buffer-size high-water + func_80052C10], then func_8005C2A8(dst, 2, hdr) and func_8005C2A8(dst', 5, hdr); returns advanced dst. func_8005C2A8 [AUTO]: SsVabClose [VERIFIED], snd_VabOpen [CORROBORATED], SsVabTransCompleted [VERIFIED], SsUtGetVBaddrInSB [VERIFIED], printf [VERIFIED] of 'vab id:%d mistake\n' (@0x800158CC, read from EXE), plus func_8005C074->func_8005BF78 (SpuWrite/SpuRead/SsVabFakeHead/Body) and func_800858D0 (_svm_voice / _SsVmKeyOffNow). Whole reach is libsnd/libspu VAB loading; nothing touches particles/effects/primitives. 'particle' contradicted. Apply hazard: sdata_funcs.txt:148 keys on glabel (unchanged)."
0x8004A348,func_8004A348,gte_gpf,math_RotMatrixZYX,RENAME,computation-restatement,"asm/funcs/func_8004A348.s (102 insns, hand asm, leaf; memory read = SVECTOR angles a0+0/2/4 (&0xFFF) and the proven full-circle sine table Judge@0x800973FC [sin=T[a], cos=T[a+0x400] via byte index +0x800 &0x1FFE]; writes = s16 m[3][3] at a1 (bytes 0..0x11 only) + its own stack frame). GTE used only as a multiplier: GPF/GPL sf=1 (0x4B98003D x2, 0x4BA8003E). Emulator: tmp/naming_sweep2/gte/gteemu.py executes the RAW instruction words read from disc/SLUS_006.63 (branch- and load-delay slots modelled, incl. mfc2/cfc2 delay; add/sub/addi overflow traps raise) with a GTE model per psx-spx (MVMVA/GPF/GPL/SQR, IR sign-extended reads, LZCS/LZCR, IR saturation by lm). Permutation test, 2000 random angle triples (full 16-bit range): only Rz*Ry*Rx fits (max err 4.68/4096; next order XYZ 8184) with Sony RotMatrixX/Y/Z sign conventions. Also executed the EXE's VERIFIED RotMatrixZYX@0x8007F5EC on 20000 triples (2000 edge angles 0,1,0x3FF,0x400,0x401,0x800,0xC00,0xFFF,0x1000,0x8000,0xFFFF): same product (Sony err 13.3/4096), max 13 LSB apart, not bit-identical (19688/20000 differ) - so a restatement, not the Sony routine (verify_rot.py, verify_rot2.py).",CONFIRM,"[gte] Emulated 20000 SVECTOR angle triples (3000 from edges 0,1,3FF,400,401,7FF,800,BFF,C00,FFF,1000,8000,FFFF; rest full 16-bit): permutation test over all 6 products with Sony's RotMatrixX/Y/Z sign conventions: only Rz*Ry*Rx fits (max err 4.92/4096; every other order 8192). Angle mapping vx->X, vy->Y, vz->Z (&0xFFF, full 16-bit domain). Writes exactly m bytes a1+0..0x11 plus its own 0x38 stack frame (0 exceptions); reads a0+0/2/4 and g_sin_table. Same inputs through VERIFIED Sony RotMatrixZYX@8007F5EC (itself Rz*Ry*Rx within 14.8/4096): max 13 LSB apart, 19720/20000 differ -> a restatement, not the Sony routine. Convention check (ruling clause): the EXE's own RotMatrixZYX implements letters = product order (Rz*Ry*Rx), and so does this function, so 'ZYX' is exact. Precedent consistency: the 2026-09-24 sweep CONFIRMed math_RotMatrixXYZ (0x80042C80, Rx*Ry*Rz, also 13 LSB from its linked Sony twin RotMatrix), math_RotMatrixYXZ, math_RotMatrixZXY - same I/O (SVECTOR*, MATRIX*); math_ prefix is the established marker for 'same product, not Sony's code', so borrowing the shape does not overclaim identity. 0x80023C30 math_RotMatrixZYXAngles is the same product but takes three scalar angles + MATRIX* (identity then RotMatrixX/Y/Z) - the 'Angles' suffix is exactly what separates the two; no collision. APPLY HAZARDS: alias-only (named_syms.txt:3481 gte_gpf_8004A348 whose comment 'gpf scalar interpolation' is wrong and should go too); glabel func_8004A348 keys inline_asm_canonical.txt:188, known_psyq_stdlib.txt:27, src/text1b.c:1399 INCLUDE_ASM, and extern decls/calls in src/text1a_c.c:470/478/1302, src/text1a_pre.c:740-800, src/text1b.c:635/696 (prototypes disagree: (s16*,s32*) vs (s16*,s16*)). Substring greps for 'RotMatrixZYX' will now also hit this and math_RotMatrixZYXAngles. Model validation (own R3000A+GTE interpreter vemu.py, raw EXE words, load/branch delay + add/sub/addi traps; GTE semantics re-derived from psx-spx, run v0_model.py): VERIFIED LoadAverageShort12@8007E24C 20000/0 mism vs two-stage GPF->GPL closed form (<=1 LSB from the doc's (v0*p0+v1*p1)>>12), MulMatrix0@8007E4DC 5000/0, ApplyMatrix@8007ED6C 5000/0, SetRotMatrix+SetTransMatrix+RotTrans@8007F2AC 5000/0 (MVMVA+ctc2 RT/TR layout), Square0/Square12 5000/0 each (SQR sf0/sf1), SquareRoot0@8007E11C tracks sqrt within table/truncation error (-3.7% max for x>=1024; an LZCR off-by-one would give ~sqrt2 errors), RotMatrixZYX@8007F5EC = Rz*Ry*Rx within 14.8/4096 (CPU core)."
0x8004A938,func_8004A938,stub,stub,UPGRADE,computation-restatement,"asm/funcs/func_8004A938.s: exactly 2 insns 'jr $ra; nop' - EXE words 03E00008 00000000 at file offset vaddr-0x80010000+0x800 (read from disc/SLUS_006.63). No computation, no side effect for any input.",CONFIRM,"[sys_snd_io] EXE words 03E00008 00000000; 2000 random states, 0 mismatches. 1 jal caller @0x8004A708. Identifier stub_8004A938."
0x8004C1F4,func_8004C1F4,satan_line_draw_recursive,func_8004C1F4,RESET,reset-contradicted,"asm/funcs/func_8004C1F4.s: leaf case (a0==0): rtpt on 3 vertices + rtps on a 4th; writes a 0x28-byte primitive at s4: +0 tag, +4 code word (from s7+0x1D0), +8/+0x10/+0x18/+0x20 SXY (swc2 $12/$13/$14), +0xC uv0|clut<<16, +0x14 uv1|tpage<<16, +0x1C/+0x24 uv2/uv3, next tag = (s4&fp)|0x09000000 (len 9), s4 += 0x28 (8004C220-8004C294) - exactly the LIBGPU POLY_FT4 layout (textured quad, 10 words). Recursive case: 4 recursive calls on sub-quads whose vertices are midpoints from func_8004C388 (averages x/y/z and u/v). Recursive textured-quad subdivision; no LINE_* primitive is built.",CONFIRM,"[sys_snd_io] Leaf case: rtpt + rtps; sw tag +0, code word +4 (s7+0x1D0), swc2 SXY at +8/+0x10/+0x18/+0x20, uv0|clut<<16 +0xC, uv1|tpage<<16 +0x14, uv2 +0x1C, uv3 +0x24, next tag len 9, s4 += 0x28 = LIBGPU POLY_FT4 (10 words). Recursive case: 4 self-calls on sub-quads (func_8004C388 midpoints). A textured-quad subdivider; no LINE_* packet is built. 'recursive' accurate, 'line_draw' contradicted. Hand-written asm body; alias-only (no src refs)."
0x8004E564,func_8004E564,stub,stub,UPGRADE,computation-restatement,"asm/funcs/func_8004E564.s: exactly 2 insns 'jr $ra; nop' - EXE words 03E00008 00000000 at file offset vaddr-0x80010000+0x800 (read from disc/SLUS_006.63). No computation, no side effect for any input.",CONFIRM,"[sys_snd_io] EXE words 03E00008 00000000; 2000 random states, 0 mismatches. 0 references (dead). Identifier stub_8004E564."
0x8004E56C,func_8004E56C,stub,stub,UPGRADE,computation-restatement,"asm/funcs/func_8004E56C.s: exactly 2 insns 'jr $ra; nop' - EXE words 03E00008 00000000 at file offset vaddr-0x80010000+0x800 (read from disc/SLUS_006.63). No computation, no side effect for any input.",CONFIRM,"[sys_snd_io] EXE words 03E00008 00000000; 2000 random states, 0 mismatches. 0 references (dead). Identifier stub_8004E56C."
0x800526A0,func_800526A0,math_sqrt,math_SquareRoot0,RENAME,computation-restatement,"asm/funcs/func_800526A0.s (30 insns, hand-written: 3x trapping add/sub/addi, 3 jr ra): mtc2 a0->LZCS; a0==0 -> 0; e = LZCR & 0x1E; e>=24 (x<256): return (s16)D_80015620[x] >>(logical) 9; else idx = x >> (24-e) (64..255): return (D_80015620[idx] << ((31-e)>>1)) >>(logical) 12. EMULATION (tmp/naming_sweep2/followups/sqrt/t_sqrt.py + emu_gte.py = copy of tmp/naming_sweep/compute/verify/emu.py decoding RAW EXE words, delay slots modelled, + minimal GTE model LZCS/LZCR per psx-spx, + overflow traps): N=129,143 inputs (0..69999 exhaustive, 2^k+-2, k^2+-1 for k<=46340 step 7, 40k random in [1,2^31-1]): result == SquareRoot0(x) emulated from its own EXE words @0x8007E11C (census VERIFIED, libscan-verbatim LIBGTE/MSC01) on 129,143/129,143, 0 mismatches; emulator == closed form above, 0 mismatches. TABLE: D_80015620[64..255] == SquareRoot0's table SQRT @0x8009C7A8 [0..191] 192/192 halfwords; D_80015620[0..63] == floor(512*sqrt(i)) 64/64 (so the whole 256-entry table is floor(512*sqrt(i)) extended below Sony's 64-entry start). EXHAUSTIVE over the domain (closed form is constant on 2176 intervals + 256 table points; isqrt monotone -> interval endpoints bound it): for every x in [0, 2^31-1] result - floor(sqrt(x)) in [-260, 0] (never above isqrt; exact for x<256; max relative error 5.9% at x=289..291), and the large path equals SquareRoot0 on every interval. DOMAIN: 0 <= x <= 2^31-1 (x<0: LZCR counts leading ONES, result meaningless - same as SquareRoot0).",CONFIRM,"[followups] CONFIRM WITH NAME CORRECTION. Own harness (verify/vemu.py: independent R3000A interpreter on raw EXE words, delay slots, add/addi/sub traps, GTE LZCS/LZCR) + verify/v_sqrt.py. Table: D_80015620[i] == floor(512*sqrt(i)) 256/256; [64..255] == Sony SQRT@0x8009C7A8[0..191] 192/192. 196,318 emulated inputs (0..19999 exhaustive; every piecewise-interval endpoint +-1 and midpoint; k^2-1/k^2/k^2+1 for k<=46340; 2^b+-1; 30k random 31-bit): emu == my closed form 0 mismatches, emu == emulated SquareRoot0@0x8007E11C (VERIFIED, libscan-verbatim LIBGTE/MSC01) 0 mismatches. EXHAUSTIVE over [0,2^31) by interval analysis (2176 constant intervals + 256 small points; isqrt monotone): result == SquareRoot0(x) for EVERY x; result - isqrt(x) in [-260, 0]; exact only for x < 289 (x=289..291 -> 16 vs 17, 5.9% worst relative). So the yesterday README/func_api note 'exact isqrt' is WRONG (its sqrtcheck tolerance hid the error) - record the correction. Why not math_sqrt/math_Sqrt: a bare 'sqrt' invites exactly that misreading (already made once by a verifier); the precise, all-inputs-true restatement is 'the value Sony's SquareRoot0 computes', proven by emulating Sony's own in-EXE body (the ruling's Sony-convention clause, same basis as math_RotMatrixXYZ, which was held to a 13-LSB fit; this one is bit-identical). math_ prefix marks it as game code, not the Sony object (cf. gte_ReadFarColor). Not libscan: no matches.json placement covers 0x800526A0; the table lives in game rodata (src/text1a_b_pre_rodata.c:175), Sony's is 192 entries at 0x8009C7A8; the code differs from MSC01 (x<256 path reads T[x]>>9 directly; zero test is beqz a0 not LZCR==32, so x=-1 differs: Sony 0, this reads T[-1]). DOMAIN: 0 <= x <= 2^31-1 (x<0 meaningless). No direct callers by name in asm (only the tail jump from 0x80052720). APPLY HAZARDS: glabel func_800526A0 is a KEY in inline_asm_canonical.txt:148 and known_psyq_stdlib.txt:79 (plus prose at inline_asm_canonical.txt:158-164, .claude/rules/maspsx-noreorder-stripping.md:102-104); src/text1b.c:1460-1474 INCLUDE_ASM+comments; asm/funcs/func_80052720.s + asm/text1b.s:11638 'j func_800526A0'; retire alias math_sqrt_800526A0 (named_syms.txt:3167). New name contains the Sony token 'SquareRoot0' as a substring - any substring grep keyed on SquareRoot0 (e.g. inline_asm_canonical.txt:166) must match whole tokens. No collision (grep named_syms/symbol_addrs/undefined_*: none). If the applier rejects the Sony-token name, math_Sqrt is the fallback (same claim, weaker precision) - NOT math_sqrt lowercase (off-style)."
0x80052720,func_80052720,func_80052720,math_Length3D,RENAME,computation-restatement,"asm/funcs/func_80052720.s (13 insns, hand-written): mtc2 a0,a1,a2 -> GTE IR1..IR3 (16-bit signed registers); 2 nops; `sqr 0` (0x4AA00428: SQR, sf=0 -> MACi = IRi*IRi); mfc2 MAC1..MAC3 -> t0..t2; a0 = t0+t1+t2 via 2 trapping `add`; `j func_800526A0` (tail call, frameless). EMULATION (same t_sqrt.py, GTE SQR model per psx-spx): 30,013 int16 triples (13 edge + 20k full-range + 10k in [-3000,3000]): result == func_800526A0(x*x+y*y+z*z) on every non-trapping case, 0 mismatches; 702 cases raise the add-overflow exception, ALL with x*x+y*y+z*z >= 2^31, none below; 2000 cases with junk in arg bits 16-31 give the (s16) result, 0 mismatches. With the UPGRADE row for func_800526A0 (== SquareRoot0, error vs isqrt in [-260,0]): result = SquareRoot0(x^2+y^2+z^2) ~ |(x,y,z)| for x,y,z = (s16)args. DOMAIN: x^2+y^2+z^2 < 2^31 (above it the trapping add raises an overflow exception; e.g. all three components >= 26755 in magnitude).",CONFIRM,"[followups] Own emulation (v_sqrt.py): mtc2 a0-a2 -> IR1-3 (s16), SQR sf=0 (raw word 0x4AA00428) -> MAC1-3 = IRi^2, a0 = MAC1+MAC2+MAC3 via 2 trapping add, j 0x800526A0. 30,009 int16 triples (edges incl. +-32767/-32768, 26754/26755 triples; 20k full-range; 10k in [-4000,4000]): result == math_SquareRoot0-closed-form(x^2+y^2+z^2) 0 mismatches; 700 overflow traps, ALL with sum >= 2^31, 0 traps below, 0 non-traps above; 3000 cases with junk in arg bits 16-31: 0 mismatches (s16 semantics). So result = SquareRoot0((s16)a0^2 + (s16)a1^2 + (s16)a2^2) = floor-biased Euclidean length: <= floor(|v|), >= floor(|v|)-260, exact for sum < 289. DOMAIN: args taken as s16; sum of squares < 2^31 (else add-overflow exception at 0x80052748/0x80052750). 'Length3D' states the quantity with no precision claim and no game semantics; the approximation is inherited from and documented by its callee's name (row 0x800526A0) - consistent with fixed-point precedent (math_Rotate2D/RgbToHsv). No collision. APPLY HAZARDS: glabel key in inline_asm_canonical.txt:149 and known_psyq_stdlib.txt:80; src/text1b.c:1475-1483; docs/campaigns/.../canonical-sweep-packet.md prose. Glabel AUTO -> naming_wave RENAME. Depends on row 0x800526A0 only for readability, not for truth (verified against the emulated callee)."
0x80052754,func_80052754,decbs0_helper,gte_SumSquares3,RENAME,computation-restatement,"asm/funcs/func_80052754.s (13 insns, whole-body asm, inline_asm_canonical.txt:280): mtc2 a0,a1,a2 -> $9,$10,$11 (IR1-3); raw word 0x4AA00428 = SQR sf=0 (MAC_i = IR_i^2); mfc2 $25-$27 (MAC1-3); return MAC1+MAC2+MAC3 (addu). Emulated from raw EXE words: 30000 random+edge s16 triples -> v0 == (a0^2+a1^2+a2^2) mod 2^32, 0 mismatches; 5000 full-s32 triples -> equals the sum of squares of the LOW 16 BITS (IR regs are 16-bit), 0 mismatches. [emulation: tmp/naming_sweep2/misc/verify_out.txt; scripts verify*.py; emu.py = the 2026-09-24 verifier interpreter (decodes RAW EXE words, branch+load delay slots, callees emulated) + a minimal GTE: reg moves, lwc2/swc2, SQR, MVMVA, LZCS/LZCR per psx-spx]",CONFIRM,"[misc] mtc2 a0,a1,a2 -> IR1-3; SQR word 0x4AA00428 (sf=0, lm=1); mfc2 MAC1-3; v0=MAC1+MAC2+MAC3 (addu). emulation: own interpreter tmp/naming_sweep2/misc/verify/r3k.py (raw EXE words, branch+load delay slots, GTE subset per psx-spx), runs in v_emu.py -> v_emu_out.txt: 31000 triples (1000 edge incl. +-0x7FFF/-0x8000 + 30000 uniform s16): v0 == (a0^2+a1^2+a2^2) mod 2^32, 0 mismatches, no RAM write. DOMAIN: each argument is truncated to its low 16 bits and taken SIGNED (5000 full-u32 triples match sum of (s16)x^2, 0 mismatches; negative control vs unsigned 0x8000..0xFFFF: 5000/5000 differ as expected); the u32 sum never overflows (max 3*0x8000^2 = 0xC0000000) but sums >= 2^31 read negative as s32. Callers (e.g. src/text1a_post.c:529 dx,dy,dz) must keep components in s16 for the name to hold - record the domain in the census evidence. Sibling func_80052720 (same SQR, tail-jumps 0x800526A0) is out of scope. No collision. HAZARD: inline_asm_canonical.txt:280 key, src/text1b.c:1481-1488 + externs text1b.c:1528/1563/1639/1777, src/text1a_post.c:470/529."
0x80052788,func_80052788,gte_gpf,math_LerpSVector,RENAME,computation-restatement,"asm/funcs/func_80052788.s (29 insns, hand asm, leaf): IR0=0x1000-a2, IR1-3=s16 a0[0..2], GPF sf=1 (0x4B98003D); IR0=a2, IR1-3=s16 a1[0..2], GPL sf=1 (0x4BA8003E); mfc2 IR1-3 -> sh a3[0..2]. Emulator: tmp/naming_sweep2/gte/gteemu.py executes the RAW instruction words read from disc/SLUS_006.63 (branch- and load-delay slots modelled, incl. mfc2/cfc2 delay; add/sub/addi overflow traps raise) with a GTE model per psx-spx (MVMVA/GPF/GPL/SQR, IR sign-extended reads, LZCS/LZCR, IR saturation by lm). 20000 cases (s16 vectors incl. -0x8000/0x7FFF edges, t in 0..0x1000 incl. 0,1,0x800,0xFFF,0x1000): output == the EXE's VERIFIED LoadAverageShort12@0x8007E24C executed with (v0, v1, 0x1000-t, t) == closed form ((a*(4096-t))>>12<<12 + b*t)>>12, 0 mismatches (verify_small.py).",CONFIRM,"[gte] Signature (a0 = SVECTOR *a, a1 = SVECTOR *b, a2 = t, a3 = SVECTOR *out): out_i = ((a_i*(4096-t))>>12<<12 + b_i*t)>>12. 20000 cases (s16 edges -8000/-7FFF/7FFF..., t in 0..4096 incl. 0,1,7FF,800,801,FFF,1000), randomised GTE start: 0 mismatches vs that closed form; 0 groups differ from VERIFIED LoadAverageShort12(a, b, 4096-t, t) executed on the same model (and that equality is model-independent: identical GPF sf=1 0x4B98003D / GPL sf=1 0x4BA8003E sequence with the same IR0/IR inputs). t=0 -> exactly a, t=4096 -> exactly b (0 failures); max 2 LSB below ideal a+(b-a)t/4096 (intermediate floor). Writes exactly out+0..5 (pad untouched), reads a/b +0..5 only. Domain: t = 0..4096 is the interpolation domain (probe: t in -0x1000..0x7FFF extrapolates with s16 saturation; t >= 0x8000 breaks via 16-bit IR0). Argument order a,b,t,out matches 'Lerp(a,b,t)'. No collision. APPLY HAZARDS: alias-only (named_syms.txt:3527 gte_gpf_80052788, comment 'gpf scalar interpolation'); glabel keys inline_asm_canonical.txt:358, known_psyq_stdlib.txt:81, src/text1b.c:1489, docs/grind/decisions.md:3607/3628 - unaffected by an alias rename. Model validation (own R3000A+GTE interpreter vemu.py, raw EXE words, load/branch delay + add/sub/addi traps; GTE semantics re-derived from psx-spx, run v0_model.py): VERIFIED LoadAverageShort12@8007E24C 20000/0 mism vs two-stage GPF->GPL closed form (<=1 LSB from the doc's (v0*p0+v1*p1)>>12), MulMatrix0@8007E4DC 5000/0, ApplyMatrix@8007ED6C 5000/0, SetRotMatrix+SetTransMatrix+RotTrans@8007F2AC 5000/0 (MVMVA+ctc2 RT/TR layout), Square0/Square12 5000/0 each (SQR sf0/sf1), SquareRoot0@8007E11C tracks sqrt within table/truncation error (-3.7% max for x>=1024; an LZCR off-by-one would give ~sqrt2 errors), RotMatrixZYX@8007F5EC = Rz*Ry*Rx within 14.8/4096 (CPU core)."
0x800527FC,func_800527FC,gte_gpf,math_LerpMatrix3x3,RENAME,computation-restatement,"asm/funcs/func_800527FC.s (77 insns, hand asm, leaf): three GPF/GPL sf=1 pairs (0x4B98003D/0x4BA8003E x3), IR0=0x1000-a2 then a2, over the 9 consecutive s16 at a0+0..0x10 and a1+0..0x10 -> sh a3+0..0x10. Emulator: tmp/naming_sweep2/gte/gteemu.py executes the RAW instruction words read from disc/SLUS_006.63 (branch- and load-delay slots modelled, incl. mfc2/cfc2 delay; add/sub/addi overflow traps raise) with a GTE model per psx-spx (MVMVA/GPF/GPL/SQR, IR sign-extended reads, LZCS/LZCR, IR saturation by lm). 20000 cases (s16 edges, t 0..0x1000): out[i] == ((x[i]*(4096-t))>>12<<12 + y[i]*t)>>12 for all 9 elements and no byte written past a3+0x11, 0 mismatches (verify_small.py).",CONFIRM,"[gte] Same per-element lerp over the 9 s16 at +0..0x11 of a0/a1 -> a3 (MATRIX.m only; t[] at +0x14 neither read nor written). 20000 cases (s16 edges, t 0..4096 incl. edges): 0 mismatches vs closed form for all 9 elements; each row triple == VERIFIED LoadAverageShort12(x, y, 4096-t, t) on the same model (0 mismatches); write set exactly out+0..0x11 (0 exceptions); t=0/4096 endpoints exact; max 2 LSB below ideal. Domain t = 0..4096. Kept '3x3' over the miner's alternative math_LerpRotMatrix: it states that only the 3x3 block (not the translation) is interpolated, and 'Rot' would suggest a rotation-preserving interpolation, which an element-wise lerp is not. No collision. APPLY HAZARDS: alias-only (named_syms.txt:3528 gte_gpf_800527FC); glabel keys inline_asm_canonical.txt:161, known_psyq_stdlib.txt:82, src/text1b.c:1490 unaffected. Model validation (own R3000A+GTE interpreter vemu.py, raw EXE words, load/branch delay + add/sub/addi traps; GTE semantics re-derived from psx-spx, run v0_model.py): VERIFIED LoadAverageShort12@8007E24C 20000/0 mism vs two-stage GPF->GPL closed form (<=1 LSB from the doc's (v0*p0+v1*p1)>>12), MulMatrix0@8007E4DC 5000/0, ApplyMatrix@8007ED6C 5000/0, SetRotMatrix+SetTransMatrix+RotTrans@8007F2AC 5000/0 (MVMVA+ctc2 RT/TR layout), Square0/Square12 5000/0 each (SQR sf0/sf1), SquareRoot0@8007E11C tracks sqrt within table/truncation error (-3.7% max for x>=1024; an LZCR off-by-one would give ~sqrt2 errors), RotMatrixZYX@8007F5EC = Rz*Ry*Rx within 14.8/4096 (CPU core)."
0x80052930,func_80052930,robtest_helper,gte_MulMatrix0ClearTrans,RENAME,computation-restatement,"asm/funcs/func_80052930.s (60 insns, whole-body asm, inline_asm_canonical.txt:354): RT = *a0 (5 lw -> ctc2 $0-$4), TR = 0 (ctc2 $zero $5-$7); for each column j of MATRIX* a1: V0 = (m1[0][j], m1[1][j], m1[2][j]) (mtc2 $0/$1), raw MVMVA word 0x4A480012 (sf=1 mx=RT v=V0 cv=TR lm=0), mfc2 IR1-3 -> sh a2 m[0][j], m[1][j], m[2][j]. Same product as VERIFIED MulMatrix0 @0x8007E4DC (MVMVA 0x4A486012, cv=none): both emulated from raw EXE words on 5000 random matrix pairs (full s16 range, i.e. incl. IR saturation): a2->m[3][3] identical, 0 mismatches; after the call GTE RT == *a0 and TR == 0; a0/a1 unmodified. [emulation: tmp/naming_sweep2/misc/verify_out.txt; scripts verify*.py; emu.py = the 2026-09-24 verifier interpreter (decodes RAW EXE words, branch+load delay slots, callees emulated) + a minimal GTE: reg moves, lwc2/swc2, SQR, MVMVA, LZCS/LZCR per psx-spx]",CONFIRM,"[misc] Read: RT:=*a0 (5 lw/ctc2), TR:=0 (ctc2 $zero $5-$7), a1's 5 words all loaded before any store (a1==a2 aliasing safe - src/text1b.c:697 calls it in place), per column j: V0=(m1[0][j],m1[1][j],m1[2][j]) repacked, MVMVA 0x4A480012 (sf=1 mx=RT v=V0 cv=TR lm=0), IR1-3 -> sh m2[0..2][j]. Sony convention established by emulating the EXE's VERIFIED MulMatrix0@0x8007E4DC (MVMVA 0x4A486012, cv=none) side by side: 5000 matrix pairs (half |x|<=4096, half full s16 -> 2500 hit IR saturation), random prior GTE state: m2 identical, 0 mismatches; also 0 mismatches vs my own s16 reference (sum>>12, sat to s16). After call RT==*a0, TR==0. Differences from MulMatrix0 (name doesn't claim them): no return value (MulMatrix0 returns a2), writes only m2 bytes 0..0x11 (MulMatrix0's swc2 also writes pad 0x12). emulation: own interpreter tmp/naming_sweep2/misc/verify/r3k.py (raw EXE words, branch+load delay slots, GTE subset per psx-spx), runs in v_emu.py -> v_emu_out.txt. No collision. HAZARD: inline_asm_canonical.txt:354 key, src/text1b.c:1491-1503, externs src/sound.c:47,420,446, src/text1a_post.c:206,222, src/text1b.c:636,697, docs/grind/asm-suspect-census-2026-08-06.md + auth-packets-2026-08-06.md mention func_80052930."
0x80052B00,func_80052B00,gte_load_rot_matrix,gte_SetRotTransMatrix,RENAME,computation-restatement,"asm/funcs/func_80052B00.s (17 insns, hand asm, leaf, no memory writes): lw a0+0x0..0x1C (8 words) -> ctc2 $0..$7 (cop2 ctrl 0-4 = RT11..RT33 rotation, 5-7 = TRX/TRY/TRZ translation). Raw words = VERIFIED SetRotMatrix@0x8007EEEC (8C880000..8C880010 / 48C80000..48CC2000: lw 0..0x10 -> ctc2 $0-$4) followed by VERIFIED SetTransMatrix@0x8007EF4C (lw 0x14..0x1C -> ctc2 $5-$7), merged into one load block. Emulator: tmp/naming_sweep2/gte/gteemu.py executes the RAW instruction words read from disc/SLUS_006.63 (branch- and load-delay slots modelled, incl. mfc2/cfc2 delay; add/sub/addi overflow traps raise) with a GTE model per psx-spx (MVMVA/GPF/GPL/SQR, IR sign-extended reads, LZCS/LZCR, IR saturation by lm). Run: 20000 random MATRIX words -> GTE ctrl[0..7] == the 8 words, all other GTE regs and all memory untouched: 0 mismatches (verify_small.py).",CONFIRM,"[gte] Raw words re-read: lw 8C880000..8C8F001C (a0+0..0x1C) then ctc2 48C80000..48CF3800 ($0..$7, last in the jr delay slot). The 5 lw + 5 ctc2 are word-identical to VERIFIED SetRotMatrix@8007EEEC; the TR part is SetTransMatrix@8007EF4C's lw 0x14..0x1C -> ctc2 $5..$7 re-allocated to t5..t7. Emulated 20000 random/edge MATRIX words starting from a randomised GTE: final GTE data+ctrl state == running SetRotMatrix;SetTransMatrix on the same input, ctrl0-7 == the 8 words, all other GTE regs unchanged, zero memory writes: 0 mismatches (v1_rows.py). Current name is imprecise (omits TR), not wrong. Spelling: chosen over the miner's alternative gte_SetMatrix because it names both GTE register groups in Sony's own vocabulary (SetRotMatrix/SetTransMatrix), whereas 'SetMatrix' does not say which GTE matrix (rotation vs light/colour); still consistent with sibling gte_SetMatrixRotTransIR (0x80052A20), whose 'SetMatrix' prefix is this same 8-word load followed by an op - either spelling is honest. No collision (named_syms/symbol_addrs/census/src/include). APPLY HAZARD: alias-only name (glabel stays func_80052B00): inline_asm_canonical.txt:349 key, src/text1b.c:1506 INCLUDE_ASM and docs/grind/decisions.md:2898 (terminal ruling) are keyed by func_80052B00 - only named_syms.txt:3578 alias gte_load_rot_matrix_80052B00 (+ symbol_addrs twin) changes; its comment 'loads 3x3 rotation matrix + translation' is accurate. inline_asm_canonical.txt:349 prose calls it a 'LIBGTE SetRotMatrix leaf ... + CR7' - prose, not a key, slightly inaccurate (ctrl 5-7 are TRX/TRY/TRZ). Model validation (own R3000A+GTE interpreter vemu.py, raw EXE words, load/branch delay + add/sub/addi traps; GTE semantics re-derived from psx-spx, run v0_model.py): VERIFIED LoadAverageShort12@8007E24C 20000/0 mism vs two-stage GPF->GPL closed form (<=1 LSB from the doc's (v0*p0+v1*p1)>>12), MulMatrix0@8007E4DC 5000/0, ApplyMatrix@8007ED6C 5000/0, SetRotMatrix+SetTransMatrix+RotTrans@8007F2AC 5000/0 (MVMVA+ctc2 RT/TR layout), Square0/Square12 5000/0 each (SQR sf0/sf1), SquareRoot0@8007E11C tracks sqrt within table/truncation error (-3.7% max for x>=1024; an LZCR off-by-one would give ~sqrt2 errors), RotMatrixZYX@8007F5EC = Rz*Ry*Rx within 14.8/4096 (CPU core)."
0x80052B44,func_80052B44,get_field0x0,gte_SetRotMatrixClearTrans,RENAME,computation-restatement,"asm/funcs/func_80052B44.s (14 insns, whole-body asm, inline_asm_canonical.txt:345): raw words 0x80052B44..6C = 8C880000 8C890004 8C8A0008 8C8B000C 8C8C0010 48C80000 48C90800 48CA1000 48CB1800 48CC2000 - word-identical to the first 10 words of VERIFIED SetRotMatrix @0x8007EEEC (lw 5 words of *a0 -> ctc2 $0-$4 = RT) - then 48C02800 48C03000 and 48C03800 (jr delay slot) = ctc2 $zero -> $5,$6,$7 (TRX/TRY/TRZ, psx-spx cop2r37-39). v0 never written; no RAM write. Emulated 5000 random matrices + random prior GTE control state vs SetRotMatrix-then-TR=0: 0 mismatches over all 32 control regs. [emulation: tmp/naming_sweep2/misc/verify_out.txt; scripts verify*.py; emu.py = the 2026-09-24 verifier interpreter (decodes RAW EXE words, branch+load delay slots, callees emulated) + a minimal GTE: reg moves, lwc2/swc2, SQR, MVMVA, LZCS/LZCR per psx-spx]",CONFIRM,"[misc] Words 0x80052B44..6C == SetRotMatrix@0x8007EEEC [VERIFIED] words 0..9 (5 lw *a0 -> ctc2 $0-$4 = RT), then ctc2 $zero,$5/$6/$7 (TRX/TRY/TRZ, last in jr delay slot). emulation: own interpreter tmp/naming_sweep2/misc/verify/r3k.py (raw EXE words, branch+load delay slots, GTE subset per psx-spx), runs in v_emu.py -> v_emu_out.txt: 5000 random matrices (random pad) x random prior GTE ctrl+data state, run vs the EXE's own SetRotMatrix followed by TR:=0 -> all 32 ctrl + 32 data regs identical, v0 untouched, 0 RAM writes, 0 mismatches. Leaf, no globals. 'get_field0x0' contradicted (returns nothing, loads the GTE). Spelling parallels 2026-09-24 gte_SetMatrixRotTransIR. No collision. HAZARD: inline_asm_canonical.txt:345 key, src/text1b.c:1507-1513 INCLUDE_ASM + comment, asm/funcs/func_80052B44.s, docs/grind/auth-packets-2026-08-06.md rulings filed under func_80052B44. No jal callers in the EXE (address-taken or dead)."
0x80052C28,func_80052C28,stub,func_80052C28,RESET,reset-contradicted,"asm/funcs/func_80052C28.s (9 insns): a0 >>= (3-a1); e=a0>>11; m=(a0&0x7FF)-0x1000; return (m>>e)&0xFFF (80052C28-80052C48). A real computation with 7 callers (func_8003DBE4, func_800620B8, func_8006295C, func_80063084, func_80063E10, func_800646E8, func_80067D14), not a stub.",CONFIRM,"[sys_snd_io] 9 insns: a0 >>= (logical) (3-a1); t0=a0>>11; a0=(a0&0x7FF)-0x1000; return (a0 >>arith t0)&0xFFF. 7 jal callers re-counted in the EXE (0x8003DCFC, 0x80062454, 0x80062E14, 0x80063460, 0x8006430C, 0x8006497C, 0x80068358). Real computation, not a stub."
0x80052D00,func_80052D00,camera_compute_fixed_point_matrices,func_80052D00,RESET,reset-contradicted,"asm/funcs/func_80052D00.s (385 insns, no cop2, no matrix routine): operates on the struct at *D_800A33F4: cell = (coord+0x7D00)/2000 (magic 0x10624DD3 + sra 7) for two endpoints (fields 0x60..0x6C -> halfwords 0x88..0x8E), sign/axis-swap setup (s2/s1 = +-1, s0 = major axis), slope = (minor<<12)/major (div at 80052FDC), then a cell-stepping loop (800530D8..80053288) that calls the function pointer at +0x5C with (cellX,cellY) each step until it returns nonzero or the step count at +0x90 runs out; finally func_80053694 converts the stop cell back to world units (cell*2000-0x7D00) into a0 and copies fields 0x28/0x2C/0x30 >>2 into the s16[3] at a1. This is a 2-D grid (DDA) walk with a per-cell callback; no 3x3 matrix is produced anywhere.",CONFIRM,"[motion_ai] asm read: no cop2, no matrix routine; only JALR through (*D_800A33F4)+0x5C and func_80053694. Cell = (coord+0x7D00)/2000 (0x10624DD3 mulhi, sra 7) for two endpoints -> halfwords 0x88..0x8E; cell centres cell*2000+1000; sign flips (s2/s1=+-1), axis swap, slope=(minor<<12)/major, then per-cell callback loop bounded by +0x90. func_80053694 (read): if field0 != 0x7FFFFFFF sentinel, a0 = cell*2000-0x7D00 + fields 0x38/0x40 (y = 0x3C), s16[3] at a1 = fields 0x28/0x2C/0x30 >> 2, D_800A33F8 = +4; returns 1 (else 0) - miner's description of this helper is slightly incomplete, immaterial. A 2-D grid (DDA) traversal with per-cell callback; no 3x3 matrix produced anywhere. Apply: alias-only (named_syms.txt:3002); key func_80052D00 unchanged in sdata_funcs.txt / engine/queue.json / memory/grind."
0x8005441C,func_8005441C,copy,func_8005441C,RESET,reset-contradicted,"asm/funcs/func_8005441C.s (6 insns): *(s32*)0x800A33F0 += a0 (gp_rel lw/addu/sw). Emulated 3000 u32 pairs: 0 mismatches, nothing else written. An accumulate, not a copy. [emulation: tmp/naming_sweep2/misc/verify_out.txt; scripts verify*.py; emu.py = the 2026-09-24 verifier interpreter (decodes RAW EXE words, branch+load delay slots, callees emulated) + a minimal GTE: reg moves, lwc2/swc2, SQR, MVMVA, LZCS/LZCR per psx-spx]",CONFIRM,"[misc] lw/addu/sw %gp_rel -> 0x800A33F0 += a0. emulation: own interpreter tmp/naming_sweep2/misc/verify/r3k.py (raw EXE words, branch+load delay slots, GTE subset per psx-spx), runs in v_emu.py -> v_emu_out.txt: 3000 pairs, 0 mismatches, only that word written. Accumulate, not a copy -> RESET."
0x80054434,func_80054434,stub,func_80054434,RESET,reset-contradicted,asm/funcs/func_80054434.s (3 insns): return (s16)D_800A33F8 (lh gp_rel). A getter with 4 callers; D_800A33F8 is written by func_80053694 (80053748; src/text1b.c:1631). Not a stub.,CONFIRM,"[sys_snd_io] 3 insns: return (s16)D_800A33F8 (lh gp_rel). 4 jal callers (0x8002312C, 0x8002A998, 0x800311FC, 0x800398E8). A getter, not an empty stub."
0x80054884,func_80054884,cpu_apply_move_input_scaling,func_80054884,RESET,reset-contradicted,"asm/funcs/func_80054884.s (22 insns): func_80054604(InfoPosYTbl1[a0] + a1 - 0x131, a2, a3, sp+0x38, sp+0x3C, sp+0x40, sp+0x44) - a halfword table lookup (InfoPosYTbl1 @0x80099D54 = 305,337,369,402,429,-1,459,...) plus an add, all other args passed through. There is no multiply, shift or scale operation and no controller/input read. The callee immediately undoes the -0x131 (80054648 addiu s0,a0,0x131) and loads model/stage data (its fallback path prints 'Destruction tiny model.\n' @0x80015840 via printf [VERIFIED]).",CONFIRM,"[motion_ai] asm (22 insns): return func_80054604(InfoPosYTbl1[a0] + a1 - 0x131, a2, a3, stack args 5..8 passed through). One lh table read + add, no mul/shift/scale, no pad/controller read. InfoPosYTbl1's name is not relied on (only that it is an s16 table: 305,337,369,402,429,-1,...). Callee func_80054604 [INFERRED game_StageSetup] adds 0x131 back and is a big resource/stage loader (func_80044FA0/func_80045080 loads, printf 'Destruction tiny model.\n' @0x80015840 read from EXE, ResetGraph path, SetGeomScreen) - nothing scales move input. Apply: alias-only (named_syms.txt:2982)."
0x80054FDC,func_80054FDC,snd_helper,func_80054FDC,RESET,reset-contradicted,"asm/funcs/func_80054FDC.s (40 insns, leaf): D_800EFB14 += a0; D_800EFB18 += a0; and D_800EFB1C/20/24/28 += a0 when non-zero. Called only from func_80046A80 (heap slot 10 relocation callback, delta = a1). The pointers are into the NDATA file held in heap slot 10 (D_800EFB14 stored from func_800469C4's return, game_StageSetup 800546A8). Pointer relocation after a heap move; no sound state.",CONFIRM,"[sys_snd_io] 40-insn leaf: D_800EFB14+=a0; D_800EFB18+=a0; D_800EFB1C/20/24/28 += a0 when nonzero. Only caller func_80046A80 (slot-10 heap relocation callback, a0=delta). D_800EFB14 is the slot-10 NDATA base stored at 800546A8 (the D_800EFAE8+0x2C field). 'snd_helper' is a first-pass tag inherited from its caller's name (first_pass_applied.csv:99), which is itself contradicted; body relocates heap pointers, no sound state. || Already spelled func_80054FDC in src/text1b.c:1940 and include/game.h comments - apply touches only named_syms.txt:3273 / census."
0x8005B58C,func_8005B58C,title_mv_exec2_wrapper,func_8005B58C,RESET,reset-contradicted,"asm/funcs/func_8005B58C.s (8 insns): whole body = func_800858D0(0). func_800858D0 (AUTO, src/main.c:1021, asm/funcs/func_800858D0.s, in the LIBSND link range just before SsUtKeyOnV 0x80085A40): for each voice i < _SsVmMaxVoice: resets _svm_voice[i] fields (+2=0x18, +6=0, +0x10=0xFF, +0x12=+0x14=0, +0x16=0xFF), calls func_8008B488 with a voice-attribute block (mask 0x60093, voice bit 1<<i), sets _svm_cur+0x1A = i and calls _SsVmKeyOffNow [CORROBORATED libscan-near LIBSND/VM_NOWOF]. snd_Init / snd_Quit / snd_VabFakeOpen / snd_LoadCommonVab (CORROBORATED/VERIFIED census rows) make the same call first. Nothing title/movie in reach.",CONFIRM,"[misc] Whole body: func_800858D0(0). func_800858D0 (AUTO; body read, words==EXE; ignores a0): for i < _SsVmMaxVoice: _svm_voice[i] fields (+2=0x18,+6=0,+0x10=0xFF,+0x12=+0x14=0,+0x16=0xFF), func_8008B488(attr block, voice mask 1<<i, attr mask 0x60093) [AUTO], _svm_cur+0x1A=i, _SsVmKeyOffNow(1) [CORROBORATED libscan-near]. = libsnd per-voice reset + key-off of every voice. The name says it wraps 'title_mv_exec2' (registry comment: 'thin pass-through wrapper for title_mv_exec2'); the wrapped routine is Sony sound-driver voice state, nothing title/movie in reach. snd_Init/snd_Quit (CORROBORATED) make the same call. Contradicted -> RESET."
0x8005B5AC,obj_InitChars,obj_InitChars,func_8005B5AC,RESET,reset-contradicted,"asm/funcs/obj_InitChars.s: func_800858D0(0) (libsnd; its body touches _SsVmMaxVoice/_svm_voice [Sony data], owner-held SsUtAllKeyOff PROBABLE); then for i=0..23 (bound 0x18 at 8005B618): D_800EFB78[i*8]=0; D_800EFB78+5+8i=0x7F; D_800EFB7C[i*8]=0x7F; func_80086130(i,0,0). func_80086130 writes _svm_sreg_buf/_svm_sreg_dirty [Sony libsnd statics] for voice i and rejects i>=0x18 (80086138) - the 24 SPU voices (libsnd-hunt-report: SsUtSetVVol PROBABLE). D_800EFB78 is the per-voice pending key-on table consumed by func_8005C6D0: SpuGetAllKeysStatus / SpuGetKeyStatus [VERIFIED] then SsUtKeyOnV [CORROBORATED] with D_800EFB7D/D_800EFB7C as its voll/volr stack args (8005C804-8005C828). A per-SPU-voice init; no character data.",CONFIRM,"[sys_snd_io] func_800858D0(0) (body: loop over _SsVmMaxVoice writing _svm_voice fields + _SsVmKeyOffNow - libsnd voice reset); for i=0..23 (slti 0x18 @8005B618): D_800EFB78[i].w0=0, +5=0x7F, +4 (D_800EFB7C)=0x7F; func_80086130(i,0,0) = rejects i>=24, writes _svm_sreg_buf[i]+0/+2 (=vol*129) and _svm_sreg_dirty[i]|=3 (both CONFIRMed Sony data 2026-09-24). Per-SPU-voice init; no character data. HAZARD: glabel - .s filename, src/code6cac.c:47, src/code6cac_c_ab.c, src/text1b.c, named_syms.txt, 5 caller .s files (func_8001DA2C, func_8001DCB0, func_8003B5A4, func_8003B870, obj_InitAll)."
0x8005B72C,obj_InitAll,obj_InitAll,func_8005B72C,RESET,reset-contradicted,"asm/funcs/obj_InitAll.s (C: src/text1b.c:2997): func_800858D0(0) [AUTO]; SsUtReverbOff() [VERIFIED]; SsUtSetReverbType(0) [VERIFIED]; SsUtSetReverbDepth(0,0) [VERIFIED]; for id=1..15: SsVabClose(id) [VERIFIED], g_vab_rec_ptr[id]=0, g_vab_vb_sbaddr[id]=0 [both CONFIRMED data api-restatement 2026-09-24: u32[16] tables indexed by VAB id]; D_800A3408=0 (touched only by snd_Init/snd_Quit/snd_LoadCommonVab/func_8005C2A8/this: the VAB body-size accumulator, see bonus row); tail call obj_InitChars [INFERRED; body = 24-slot loop over the D_800EFB78 key-on table that snd_Init initialises + func_80086130(i,0,0)]. Everything in reach is libsnd reverb/VAB teardown; nothing touches a game object. 'obj_' (object subsystem) is contradicted exactly as buki_collision_alloc was (2026-09-24 CONFIRM RESET: pure SPU/libsnd body).",CONFIRM,"[followups] Re-traced asm/funcs/obj_InitAll.s: func_800858D0(0) [AUTO; body read: loops v < _SsVmMaxVoice setting _svm_voice[v] fields, SPU voice-attr call func_8008B488 with mask 1<<v, _SsVmKeyOffNow (CORROBORATED libscan-near)]; SsUtReverbOff/SsUtSetReverbType(0)/SsUtSetReverbDepth(0,0) [VERIFIED]; for id=1..15 SsVabClose(id) [VERIFIED] + zero g_vab_rec_ptr[id], g_vab_vb_sbaddr[id]; D_800A3408=0 (VAB offset accumulator, row below); tail obj_InitChars [INFERRED; body read: func_800858D0(0), 24x8-byte D_800EFB78 records (same table snd_Init initialises) zero + 0x7F bytes, func_80086130(i,0,0) which writes _svm_sreg_buf/_svm_sreg_dirty]. Everything in reach is libsnd/SPU teardown; no object. 'obj_' contradicted (precedent buki_collision_alloc RESET). No better admitted name I'd apply ('close VABs 1..15' skips 0 and includes an INFERRED callee; apiscan left the SsVabClose family unnamed). APPLY HAZARDS: sdata_funcs.txt:164 (name-keyed pipeline gate list); src/text1b.c:2997 body, externs+calls src/code6cac_b2_pre.c:46/138, code6cac_b2_post.c:43/114, code6cac_c2.c:300/312; prose named_syms.txt:297,2077."
0x8005B868,obj_InitPair,obj_InitPair,func_8005B868,RESET,reset-contradicted,"asm/funcs/obj_InitPair.s (20 insns; C src/text1b.c:3092): func_800858D0(0); SsVabClose(8) [VERIFIED]; g_vab_rec_ptr[8]=0; g_vab_vb_sbaddr[8]=0; SsVabClose(4) [VERIFIED]; g_vab_rec_ptr[4]=0; g_vab_vb_sbaddr[4]=0 (via _plus_0x20/_plus_0x10 member symbols). The whole body is closing two VABs and clearing their table slots: no object, nothing initialised (it tears down). 'obj_Init' is contradicted.",CONFIRM,"[followups] asm/funcs/obj_InitPair.s (20 insns) re-read: func_800858D0(0); SsVabClose(8) [VERIFIED]; g_vab_rec_ptr[8]=g_vab_vb_sbaddr[8]=0 (+0x20 members); SsVabClose(4); same for [4] (+0x10). Pure libsnd VAB teardown; no object, nothing object-initialised. 'obj_Init' contradicted. RESET consistent with the AUTO-left func_8005B644/B6AC/B6FC. APPLY: src/text1b.c:3092/3104/3113, src/code6cac.c:50/1935/1951."
0x8005B9C4,obj_InitTask,obj_InitTask,func_8005B9C4,RESET,reset-contradicted,"asm/funcs/obj_InitTask.s (14 insns; C src/text1b.c:3137): func_800858D0(0); SsVabClose(9) [VERIFIED]; g_vab_rec_ptr[9]=0; g_vab_vb_sbaddr[9]=0. Nothing else. No task, no object, nothing initialised. 'obj_InitTask' is contradicted.",CONFIRM,"[followups] asm/funcs/obj_InitTask.s (14 insns) re-read: func_800858D0(0); SsVabClose(9) [VERIFIED]; g_vab_rec_ptr[9]=g_vab_vb_sbaddr[9]=0 (+0x24). Nothing else: no task, no object. Contradicted. Caller obj_InitTaskCamera (0x8005BA0C jal) is not evidence either way. APPLY: src/text1b.c:3137/3143/3151, src/code6cac.c:49/1920/1948."
0x8005B9FC,obj_InitTaskCamera,obj_InitTaskCamera,func_8005B9FC,RESET,reset-contradicted,"asm/funcs/obj_InitTaskCamera.s: obj_InitTask(a0); idx=func_80036EA8(2,8) (= D_8008F12C[2]+8, a g_cd_file_table index); game_FrameLoop(); cdrom_StartRead(idx,a0) [CORROBORATED]; len=func_80036F28(idx) (g_cd_file_table size column, see row 0x80036F28); game_FrameLoop(); func_8005C2A8(a0,9,a0+len). func_8005C2A8 = VAB transfer routine: calls SsVabClose, SsVabTransCompleted, SsUtGetVBaddrInSB [all VERIFIED], snd_VabOpen [CORROBORATED], printf(""vab id:%d mistake\n"" @0x800158CC). So: read a disc file into a0 and open it as VAB id 9. No camera, no task.",CONFIRM,"[sys_snd_io] Body: obj_InitTask (0x8005B9C4 INFERRED; own body = func_800858D0(0); SsVabClose(9) [VERIFIED]; g_vab_rec_ptr[9]=g_vab_vb_sbaddr[9]=0 - itself proposed RESET by the followups vein); idx=func_80036EA8(2,8); game_FrameLoop (cdrom_IsIdle wait loop + VSync, shared by every CD read); cdrom_StartRead(idx,a0) [CORROBORATED]; len=func_80036F28(idx); func_8005C2A8(a0,9,a0+len) = VAB relocate + snd_VabOpen [CORROBORATED] + SsVabTransCompleted/SsUtGetVBaddrInSB [VERIFIED] + printf 'vab id:%d mistake' @0x800158CC (re-read). Every own action is VAB-9 close/load/open; no camera or task state. HAZARD: glabel name - asm/funcs/obj_InitTaskCamera.s filename, src/code6cac.c:73 INCLUDE_ASM, src/text1b.c, caller asm/funcs/func_8001D904.s."
0x8005BA6C,obj_ExecTask,obj_ExecTask,func_8005BA6C,RESET,reset-contradicted,"asm/funcs/obj_ExecTask.s (8 insns): the whole body is snd_VabFakeOpen(a0, 9) (8005BA74/8005BA78). snd_VabFakeOpen [CORROBORATED] = func_800858D0(0); SsVabClose; SsVabFakeHead; SsVabFakeBody [VERIFIED]. Nothing executes a task.",CONFIRM,"[sys_snd_io] 8 insns: snd_VabFakeOpen(a0, 9) only. snd_VabFakeOpen body re-read: func_800858D0(0); relocate rec ptrs; SsVabClose; SsVabFakeHead; SsVabFakeBody [all VERIFIED]. Nothing executes a task. HAZARD: glabel - .s filename, src/code6cac.c:76, src/text1b.c, func_8001D904.s."
0x8005BA8C,func_8005BA8C,se_CalcPitchShift,func_8005BA8C,RESET,reset-contradicted,"asm/funcs/func_8005BA8C.s: func_800858D0(0); for the 3 VAB ids in D_8009AD18: SsVabClose(id) [VERIFIED], g_vab_rec_ptr[id]=0, g_vab_vb_sbaddr[id]=0 (8005BAEC-8005BB24); idx=func_80036EA8(2,a1+9); cdrom_StartRead(idx,a0) [CORROBORATED]; len=func_80036F28(idx); func_80062020(a0+a0[0x30]) (record copy); then per VAB: func_8005C2A8 (VAB transfer, see obj_InitTaskCamera row) and snd_VabFakeOpen [CORROBORATED] (8005BC0C, 8005BCAC). No pitch computation and no pitch API (no note2pitch/SsPitchFromNote/SsUtChangePitch in the callee set): it closes, reloads from disc and reopens a VAB set.",CONFIRM,"[sys_snd_io] Re-derived: func_800858D0(0); for VAB ids D_8009AD18[0..2] = {0,6,3} (bytes re-read): SsVabClose [VERIFIED] + zero g_vab_rec_ptr/g_vab_vb_sbaddr; idx=func_80036EA8(2,a1+9); cdrom_StartRead(idx,a0); len=func_80036F28; func_80062020(a0+a0[0x30]) (copies 12-byte records to D_800F1198 while bit0 set - a table copy, no arithmetic); per VAB func_8005C2A8 (transfer/open) then byte-copy + snd_VabFakeOpen. No pitch arithmetic, no pitch API. Alias-only."
0x8005BDF0,func_8005BDF0,se_ResetChannels,func_8005BDF0,RESET,reset-contradicted,"asm/funcs/func_8005BDF0.s (37 insns): for the 3 VAB ids in D_8009AD18[0..2]: SsVabClose(id) [VERIFIED] (8005BE28); g_vab_rec_ptr[id]=0 (8005BE40); g_vab_vb_sbaddr[id]=0 (8005BE54). SsVabClose closes a VAB (sound bank); no voice/channel API (SsUtKeyOff*, SsSetVoice*, SpuSetKey, SsUtAllKeyOff) and no channel state is touched.",CONFIRM,"[sys_snd_io] 37 insns, whole body: for id in D_8009AD18[0..2] = {0,6,3}: SsVabClose(id) [VERIFIED]; g_vab_rec_ptr[id]=0; g_vab_vb_sbaddr[id]=0. Closes 3 sound banks; no voice/channel API or state (the body is exhaustively this loop). Alias-only."
0x8005BF3C,obj_Reset,obj_Reset,func_8005BF3C,RESET,reset-contradicted,"asm/funcs/obj_Reset.s (15 insns): func_800858D0(0); SsUtReverbOff(); SsUtSetReverbType(0); SsUtSetReverbDepth(0,0) - the three Ss* calls VERIFIED (census); func_800858D0 is libsnd-internal (touches _svm_voice / _SsVmMaxVoice). Pure libsnd reverb shutdown; nothing object-related.",CONFIRM,"[sys_snd_io] 15 insns: func_800858D0(0); SsUtReverbOff(); SsUtSetReverbType(0); SsUtSetReverbDepth(0,0) - three Ss* VERIFIED in census. Only libsnd state; 'obj_' contradicted ('Reset' alone would be fine). HAZARD: glabel - .s filename, src/code6cac.c:48, src/text1b.c, func_8001DA2C.s."
0x8005BF78,func_8005BF78,spu_helper,snd_MoveVabBody,RENAME,api-restatement,"asm/funcs/func_8005BF78.s (63 insns): func_800858D0(0) [AUTO libsnd key-off loop, not named]; SsVabClose((s16)a1) [VERIFIED]; SpuSetTransferStartAddr(a3) [VERIFIED]; SpuRead(a0, g_vab_rec_ptr[a1]->0xC) [VERIFIED]; SpuIsTransferCompleted(1) [VERIFIED]; SpuSetTransferStartAddr(a2); SpuWrite(a0, same size) [VERIFIED]; SpuIsTransferCompleted(1); SsVabFakeHead(g_vab_rec_ptr[a1]->4, a1, a2) [VERIFIED; LIBSND.H SsVabFakeHead(addr, vabid, sbaddr)]; SsVabFakeBody(a1) [VERIFIED]; g_vab_vb_sbaddr[a1] = a2 (data-api-restatement 2026-09-24 CONFIRM: per-vabid SPU body address); return a2 + size. = copy VAB a1's body (size rec->0xC) from SPU address a3 to SPU address a2 through RAM buffer a0, then re-open the VAB at the new SPU address.",CONFIRM,"[misc] Re-read asm (words == EXE): func_800858D0(0) [AUTO - libsnd voice reset/key-off loop, not restated]; SsVabClose((s16)a1); SpuSetTransferStartAddr(a3); SpuRead(a0, g_vab_rec_ptr[a1]->0xC); SpuIsTransferCompleted(1=SPU_TRANSFER_WAIT); SpuSetTransferStartAddr(a2); SpuWrite(a0, same size); SpuIsTransferCompleted(1); SsVabFakeHead(rec->4, id, a2); SsVabFakeBody(id); g_vab_vb_sbaddr[id]=a2; return a2+size. All restated calls VERIFIED (SsVabClose, SpuSetTransferStartAddr, SpuRead, SpuWrite, SpuIsTransferCompleted, SsVabFakeHead, SsVabFakeBody); LIBSND.H:257 SsVabFakeHead(u8*,short vabid,u_long sbaddr) => after the call the VAB's body is registered at SPU a2, so the bytes moved a3->a2 are that VAB's body by API semantics; g_vab_rec_ptr/g_vab_vb_sbaddr = 2026-09-24 data-api CONFIRMs. 'Move' does not overclaim: like memmove it copies through RAM buffer a0 (read fully, then write - overlap-safe) and re-points the VAB; nothing claims the old SPU area is freed (it is not). Source a3 is a parameter; the sole caller (src/text1b.c:3395) passes g_vab_vb_sbaddr[id], i.e. the VAB's current body. 'snd_' prefix matches snd_VabOpen/snd_VabFakeOpen family. No collision. HAZARD: src/text1b.c:3333 C definition + call 3395 (decompiled; C symbol must follow)."
0x8005C614,func_8005C614,file_helper,func_8005C614,RESET,reset-contradicted,"asm/funcs/func_8005C614.s (15 insns): SsSetMVol(127,127); func_800858D0(0); SsSetStereo(); SsSetAutoKeyOffMode(0) - SsSetMVol/SsSetStereo/SsSetAutoKeyOffMode VERIFIED. No file operation of any kind (sole caller file_LoadSoundData calls it after the VAB is open).",CONFIRM,"[sys_snd_io] 15 insns: SsSetMVol(127,127); func_800858D0(0); SsSetStereo(); SsSetAutoKeyOffMode(0) - SsSetMVol/SsSetStereo/SsSetAutoKeyOffMode VERIFIED. No file I/O of any kind. Alias-only."
0x8005E098,func_8005E098,camera_set_zoom_interpolated,func_8005E098,RESET,reset-contradicted,"asm/funcs/func_8005E098.s (289 insns, no cop2): args a0,a1 = two values, a2 = primitive buffer, a3 = OT index. Splits a0 and a1 into decimal digits (mult by 0x66666667, mfhi, sra 2 = /10 at 8005E1A0..8005E278), emits sprites through func_8007352C with descriptors D_8009B398/B3A4/B400/B458/B468/B470/B488, builds two TILE prims: SetTile, rgb 0xFF,0x10,0x10, SetSemiTrans(p,1), AddPrim(g_gpu_ot_ptr + a3*4) [SetTile/SetSemiTrans/AddPrim/SetDrawMode VERIFIED LIBGPU], then SetDrawMode+AddPrim; returns (a2+0x304)-a2 = bytes of primitives written. The only global stores are sb D_8009B48E (sprite-descriptor byte, 0x2D/0x3C). No camera state is read or written, nothing is zoomed or interpolated: it is a 2-D number/HUD primitive builder.",CONFIRM,"[motion_ai] asm: zero cop2 insns; callees func_8007352C [INFERRED; body read: GetClut/SetSprt/SetShadeTex/SetSemiTrans/AddPrim = sprite prim builder, plus a func_8003D52C 'warning' sprintf debug print], SetTile/SetSemiTrans/AddPrim/SetDrawMode [VERIFIED], func_8006E480 [AUTO: 7-insn tpage-field packer]. Decimal digit split via 0x66666667 mulhi; prims written to caller buffer a2 and linked into g_gpu_ot_ptr[a3]; returns 0x304. Only global store is sb D_8009B48E (sprite descriptor byte). No camera state read/written, nothing zoomed or interpolated: HUD number/tile primitive builder. Apply: alias-only (named_syms.txt:3003); C already func_8005E098 (src/text1b.c:3715)."
0x8005E51C,func_8005E51C,camera_set_zoom_wrapper,func_8005E51C,RESET,reset-contradicted,"asm/funcs/func_8005E51C.s (12 insns): return func_8005E098(-1, a0-1, a1, a2). The name only restates the callee's name camera_set_zoom_interpolated, which is itself contradicted (see the 0x8005E098 row: decimal-digit sprite + TILE primitive builder, no camera/zoom state).",CONFIRM,"[motion_ai] asm (12 insns): return func_8005E098(-1, a0-1, a1, a2). The name only restates the callee's contradicted name (see 0x8005E098: primitive builder, no camera/zoom). Falls with it. Apply: alias-only (named_syms.txt:3004)."
0x8005F1C8,func_8005F1C8,camera_matrix_compute_loop,func_8005F1C8,RESET,reset-contradicted,"asm/funcs/func_8005F1C8.s (564 insns): zero cop2 instructions and no matrix routine called - its only callees are func_8007352C (sprite batch), SetTile, SetSemiTrans, AddPrim, SetDrawMode [VERIFIED LIBGPU] and func_8006E480. The multiplies are decimal-digit extraction (0x66666667 = /10 at 8005F644, 0x51EB851F = /100 at 8005F6EC). No %lo/%gp_rel store to any global in the whole body; everything written goes into the caller's primitive buffer a2, linked into g_gpu_ot_ptr[a3]; returns (a2+0x304)-a2 (8005FA54..8005FA60). No matrix is computed.",CONFIRM,"[motion_ai] asm (564 insns): 0 cop2 insns, no matrix routine; callees only func_8007352C (sprite prim builder, see 0x8005E098 note), func_8006E480, SetDrawMode/AddPrim/SetTile/SetSemiTrans [VERIFIED]. Multiplies are /10 (0x66666667) and /100 (0x51EB851F) digit extraction plus small index scales; zero stores through $at/$gp/%lo (grep-verified) - all output goes to caller buffer a2 linked into g_gpu_ot_ptr; returns 0x304. No matrix computed. Apply: alias-only (named_syms.txt:3005); still INCLUDE_ASM and in engine/queue.json under func_8005F1C8 (key unchanged by a RESET)."
0x80067200,func_80067200,efc_gte_setup_and_draw,func_80067200,RESET,reset-contradicted,"asm/funcs/func_80067200.s (306 insns): the only calls are rand [VERIFIED] and RotMatrix [VERIFIED]. GTE use = ctc2 $0-$4 (loads a rotation matrix from *D_800A3474 and from the RotMatrix result), one mvmva, and swc2 $25-$27 (rotates an SVECTOR). Every store goes to one of three places: the stack, D_800A3438[a1] (sh 0), or fixed-layout 0x14-byte records at D_800EFC78 + a1*0x3C0 (+0/2/4 = 0, +6 = count>>4, +8/A/C = rotated vector, +0x10 = 1, +0x12 = 0). There is no AddPrim/DrawPrim/DrawOTag, no reference to g_gpu_ot_ptr or to the primitive cursor D_800A37D4, no primitive code byte, and no GPU/libgpu call in reach. So 'draw' is contradicted: the body only fills randomised, GTE-rotated vector records.",CONFIRM,"[gfx] Calls only rand x7 [VERIFIED] and RotMatrix [VERIFIED]; no jalr. GTE: ctc2 $0-$4 (x2), lwc2/mvmva/swc2 into stack. Miner's store list is INCOMPLETE: besides D_800A3438[a1]=0 and the 0x14-byte records at D_800EFC78+a1*0x3C0 (+0/2/4=0, +6=count>>4, +8/A/C=rotated vec, +0x10=1, +0x12=0) it also copies, when a2==0, *D_800A347C (3 words) -> D_800F0C10/14/18[a1*9 words] and *D_800A3478 (3 halfwords) -> D_800F0B78/7C[a1*8 bytes]. None of these is a primitive (record byte 7 = high byte of count>>4, no tag/code), no OT/g_gpu_ot_ptr/prim cursor, no libgpu call in reach. 'draw' contradicted. Apply hazard: none for an alias-only RESET (inline_asm_canonical.txt:395 and sdata_funcs.txt key on the glabel func_80067200, unchanged)."
0x8006E440,func_8006E440,copy,func_8006E440,RESET,reset-contradicted,"asm/funcs/func_8006E440.s (16 insns): for each word p[i] of the table at a0 until p[i] == 0xFFFFFFFF: p[i] += (u32)a0 (in place; terminator left). Emulated 2000 random tables (0-12 entries): 0 mismatches. An in-place self-relative offset->pointer relocation; no source/destination pair. [emulation: tmp/naming_sweep2/misc/verify_out.txt; scripts verify*.py; emu.py = the 2026-09-24 verifier interpreter (decodes RAW EXE words, branch+load delay slots, callees emulated) + a minimal GTE: reg moves, lwc2/swc2, SQR, MVMVA, LZCS/LZCR per psx-spx]",CONFIRM,"[misc] for (q=a0; *q != 0xFFFFFFFF; q++) *q += (u32)a0; terminator untouched. emulation: own interpreter tmp/naming_sweep2/misc/verify/r3k.py (raw EXE words, branch+load delay slots, GTE subset per psx-spx), runs in v_emu.py -> v_emu_out.txt: 2000 random tables (0-12 entries), write set == exactly the entries, 0 mismatches. In-place self-relative relocation; no source/destination pair -> 'copy' contradicted. (It is pure computation on an argument table, so a computation-restatement name would be admissible later, e.g. a reloc_* name; I do not coin one here - RESET is the right minimal outcome.)"
0x8008339C,func_8008339C,sys_MemClear,sys_MemClear,UPGRADE,computation-restatement,"docs/naming/libscan/rename_manifest.csv:301 - libscan-verbatim, LIBETC module INTR_VB, OBJ module-local static 'memclr'; body asm/funcs/func_8008339C.s: for n=a1 words store 0 at a0, a0+=4 (800833A0-800833B8). Sony's own name for this routine is memclr; sys_MemClear restates it (Sony static cannot be used verbatim: three modules share 'memclr', rejected/lib_followups.md:16).",CONFIRM,"[sys_snd_io] libscan-verbatim confers only Sony's verbatim name; 'sys_MemClear' is not it, so I re-grounded the row as computation-restatement: raw EXE words (identical at 0x8008339C / 0x80083644 / 0x800831A4) run in emu_words.py: 2070 cases (n=0..69 + 2000 random n<=3000), stores == exactly n zero words at p..p+4(n-1), sp restored, 0 mismatches. Domain n>=0 (n<0 loops ~2^32 times). On (c): Sony's own local name 'memclr' cannot be used - precedent rejected/lib_followups.md:16-18 (three copies INTR/INTR_VB/INTR_DMA, all in one TU src/ings2.c, suffixes would be our invention); trapIntrVSync etc. were applied only because each static was unique. Upgrading the restatement name is the consistent route. Only caller startIntrVSync [VERIFIED] (jal @0x800832C8). The census NOTE ('PsyQ-style prefix asserts more than evidence') is moot: it IS LIBETC code. Follow-up: the third copy 0x800831A4 stays func_ (no claim, just inconsistent)."
0x80083644,func_80083644,sys_MemClear2,sys_MemClear2,UPGRADE,computation-restatement,"docs/naming/libscan/rename_manifest.csv:303 - libscan-verbatim, LIBETC module INTR_DMA, OBJ static 'memclr'; body identical to 0x8008339C (zero a1 words at a0). '2' is an ordinal only (rejected/lib_followups.md:17).",CONFIRM,"[sys_snd_io] Same raw words as 0x8008339C; 2070 cases, 0 mismatches, domain n>=0. '2' is an ordinal only, no claim. Only caller startIntrDMA [VERIFIED] (jal @0x800833D8). Same Sony-name collision reasoning as sys_MemClear."
0x80085DD4,SsUtKeyOffV,SsUtKeyOffV,SsUtKeyOffV,UPGRADE,libscan-near,"docs/naming/libscan/near_audit_report.md:64-75: LIBSND/UT_KEYV 4.0J and 4.0U both place at 0x80085A40 with 4/259 differing words (the 4 are the _svm_voice stride edit at 0x80085CA4-CB4, before this entry) and XDEF SsUtKeyOffV at +0x394 -> 0x80085DD4; near_verifier_report_2026-09-07.md:69-70: the 4.0 UT_KEYV SsUtKeyOffV sub-function places 0/29 at exactly 0x80085DD4, preceded by jr ra; nop. The near-tier ruling (near-tier-ruling-2026-09-07.md:44) held it ONLY as a boundary follow-up; commit 3d368e2bc then split it (asm/funcs/SsUtKeyOffV.s starts 0x80085DD4, SsUtKeyOnV.s ends 0x80085DD0 with jr ra; nop).",CONFIRM,"[followups] UPGRADE to CORROBORATED (libscan-near, same tier as module sibling SsUtKeyOnV) - NOT VERIFIED. near_audit_report.md:64-75: UT_KEYV 4.0J/4.0U 4/259 at 0x80085A40 (unique; 2nd-best 235), SsUtKeyOffV XDEF +0x394 -> 0x80085DD4; the 4 differing words are 0x80085CA4-CB4, inside SsUtKeyOnV. near_verifier_report_2026-09-07.md:69-70: 4.0 SsUtKeyOffV sub-function 0/29 at exactly 0x80085DD4. psyz 4.0: SsUtKeyOffV - SsUtKeyOnV = 0x394 (agrees). Module end 0x80085A40+259*4 = 0x80085E4C = SsUtSetReverbDepth (VERIFIED), so SsUtKeyOffV's 30 words lie wholly inside the matched module. Split done (3d368e2bc): SsUtKeyOnV.s ends jr ra; nop at 0x80085DCC/D0, SsUtKeyOffV.s starts 0x80085DD4. The ruling (near-tier-ruling:44) held it only as a boundary follow-up, now resolved. Census INFERRED because near_manifest.csv has only the SsUtKeyOnV row. || also independently CONFIRMed by the misc verifier."
0x80086B38,note2pitch,note2pitch,note2pitch,UPGRADE,libscan-verbatim,"libscan-verbatim: docs/naming/libscan/libsyms.json[0x80086B38] = {name:note2pitch, kind:xdef, lib:LIBSND, mod:VM_N2P, mod_start:0x80086B38, mod_end:0x80086CF8}; docs/naming/libscan/matches.json: LIBSND/VM_N2P status=verbatim, 112 words, single placement vaddrs=[0x80086B38]. The XDEF sits at an asm/funcs function start since the boundary split (asm/funcs/note2pitch.s first insn at 0x80086B38). Offset +0 = module start; the module also carries XDEF note2pitch2 @0x80086BFC (already VERIFIED via rename_manifest.csv:333), which is where note2pitch.s (49 insns) ends. Census tiers it INFERRED/unattributed only because docs/naming/build_census.py reads docs/naming/libscan/rename_manifest.csv, and this XDEF was excluded from that manifest as a MID-FUNCTION XDEF (docs/naming/libscan/anomalies.txt, boundary_fixes.md) before the split.",CONFIRM,"[followups] UPGRADE = census attribution/tier fix only, no rename. libsyms.json[0x80086B38] = note2pitch xdef LIBSND/VM_N2P mod 0x80086B38..0x80086CF8; matches.json VM_N2P verbatim, 112 words (18 masked), single placement 0x80086B38. Independent cross-check (psyz PsyQ 4.0 symbols.400.txt): note2pitch2 - note2pitch = 0xC4 there; here 0x80086BFC (note2pitch2, VERIFIED) - 0x80086B38 = 0xC4. Boundary: asm/funcs/note2pitch.s starts 0x80086B38, preceding _SsVmInit.s ends jr ra; nop at 0x80086B30/34. Census INFERRED cause confirmed: build_census.py:289 reads only docs/naming/libscan/rename_manifest.csv, which has no row for this XDEF (anomalies.txt:5 MID-FUNCTION XDEF pre-split). Limitation: the PsyQ .LIB set is not present locally (tmp/libscan/psyq40 absent), so I did not re-scan bytes; relied on the committed accepted scan + psyz offsets."
0x80088BA0,_spu_FiDMA,_spu_FiDMA,_spu_FiDMA,UPGRADE,libscan-verbatim,"libscan-verbatim: docs/naming/libscan/libsyms.json[0x80088BA0] = {name:_spu_FiDMA, kind:xdef, lib:LIBSPU, mod:SPU, mod_start:0x80088740, mod_end:0x800892D4}; docs/naming/libscan/matches.json: LIBSPU/SPU status=verbatim, 741 words, single placement vaddrs=[0x80088740]. The XDEF sits at an asm/funcs function start since the boundary split (asm/funcs/_spu_FiDMA.s first insn at 0x80088BA0). Module offset +0x460. Census tiers it INFERRED/unattributed only because docs/naming/build_census.py reads docs/naming/libscan/rename_manifest.csv, and this XDEF was excluded from that manifest as a MID-FUNCTION XDEF (docs/naming/libscan/anomalies.txt, boundary_fixes.md) before the split.",CONFIRM,"[followups] UPGRADE only. libsyms.json[0x80088BA0] = _spu_FiDMA xdef LIBSPU/SPU mod 0x80088740..0x800892D4; matches.json SPU verbatim 741 words (226 masked), single placement 0x80088740; +0x460. psyz 4.0 layout cross-check: _spu_init->_spu_FwriteByIO +0x294, ->_spu_FiDMA +0x460, ->_spu_Fr_ +0x520, ->_spu_t +0x5CC; BB2 VERIFIED _spu_init 0x80088740, _spu_FwriteByIO 0x800889D4 (+0x294), _spu_t 0x80088D0C (+0x5CC) - all agree. _spu_FwriteByIO.s ends jr ra; nop at 0x80088B98/9C. ALIAS RETIREMENT g_snd_irq_data CONFIRMED: 0x80088BA0 is code (asm/funcs/_spu_FiDMA.s: lui/lw/addiu sp/bnez/jal _spu_Fw1ts...; C body src/main.c:2319); its only use is SpuStart (VERIFIED LIBSPU/S_INI) passing its address to _SpuDataCallback (asm/funcs/SpuStart.s:12-13 lui/addiu D_80088BA0) = psyz s_ini.c:63 _SpuDataCallback(_spu_FiDMA). It is a function pointer, not 'sound IRQ callback data'. APPLY HAZARD: live C identifier src/main.c:2115 'extern s32 g_snd_irq_data;' and :2122 '_SpuDataCallback((s32)&g_snd_irq_data);' - _spu_FiDMA is DEFINED later (main.c:2319), so the apply needs a prior prototype 'void _spu_FiDMA(void);' and '(s32)_spu_FiDMA'; expected codegen-neutral (same lui/addiu of the same address) but must be oracle-verified. Remove named_syms.txt:104, symbol_addrs.txt:126, undefined_syms_auto.txt:1534; KEEP undefined_syms_auto.txt:30 D_80088BA0 (asm alabel used by SpuStart.s). Do NOT spell the alias/label in a src comment (main.c:2311-2314 queue-generation gotcha)."
0x80088C60,_spu_Fr_,_spu_Fr_,_spu_Fr_,UPGRADE,libscan-verbatim,"libscan-verbatim: docs/naming/libscan/libsyms.json[0x80088C60] = {name:_spu_Fr_, kind:xdef, lib:LIBSPU, mod:SPU, mod_start:0x80088740, mod_end:0x800892D4}; docs/naming/libscan/matches.json: LIBSPU/SPU status=verbatim, 741 words, single placement vaddrs=[0x80088740]. The XDEF sits at an asm/funcs function start since the boundary split (asm/funcs/_spu_Fr_.s first insn at 0x80088C60). Module offset +0x520. Census tiers it INFERRED/unattributed only because docs/naming/build_census.py reads docs/naming/libscan/rename_manifest.csv, and this XDEF was excluded from that manifest as a MID-FUNCTION XDEF (docs/naming/libscan/anomalies.txt, boundary_fixes.md) before the split.",CONFIRM,"[followups] UPGRADE only. libsyms.json[0x80088C60] = _spu_Fr_ xdef LIBSPU/SPU; same verbatim 741-word placement at 0x80088740, +0x520. psyz: _spu_Fr_ - _spu_FiDMA = 0xC0 = 0x80088C60 - 0x80088BA0; _spu_t - _spu_Fr_ = 0xAC = 0x80088D0C - 0x80088C60. _spu_FiDMA.s ends with its epilogue at 0x80088C58/5C. Census INFERRED only because the XDEF is absent from rename_manifest.csv (anomalies.txt:7)."
0x8008BA94,_spu_2pitch,_spu_2pitch,_spu_2pitch,UPGRADE,libscan-verbatim,"libscan-verbatim: docs/naming/libscan/libsyms.json[0x8008BA94] = {name:_spu_2pitch, kind:xdef, lib:LIBSPU, mod:S_N2P, mod_start:0x8008BA94, mod_end:0x8008BD88}; docs/naming/libscan/matches.json: LIBSPU/S_N2P status=verbatim, 189 words, single placement vaddrs=[0x8008BA94]. The XDEF sits at an asm/funcs function start since the boundary split (asm/funcs/_spu_2pitch.s first insn at 0x8008BA94). Offset +0 = module start (only 2/189 words masked); same module's _spu_note2pitch @0x8008BB24 / _spu_pitch2note @0x8008BC60 are rename_manifest.csv:390-391. Census tiers it INFERRED/unattributed only because docs/naming/build_census.py reads docs/naming/libscan/rename_manifest.csv, and this XDEF was excluded from that manifest as a MID-FUNCTION XDEF (docs/naming/libscan/anomalies.txt, boundary_fixes.md) before the split.",CONFIRM,"[followups] UPGRADE only. libsyms.json[0x8008BA94] = _spu_2pitch xdef LIBSPU/S_N2P mod 0x8008BA94..0x8008BD88; matches.json S_N2P verbatim 189 words (2 masked), single placement 0x8008BA94 = +0. psyz: _spu_note2pitch - _spu_2pitch = 0x90, _spu_pitch2note - _spu_2pitch = 0x1CC; BB2 VERIFIED _spu_note2pitch 0x8008BB24 (+0x90), _spu_pitch2note 0x8008BC60 (+0x1CC). func_8008B488.s ends jr ra; nop at 0x8008BA8C/90. Absent from rename_manifest.csv (anomalies.txt:9)."
