addr,current_names,proposed_name,kind,evidence,verdict,verifier_note
0x800A37EC,g_round_timer_plus_4_800A37EC; D_800A37EC,D_800A37EC,reset,"Element [2] of the s16[3] unit vector at 0x800A37E8 whose [0]/[1] aliases (g_round_timer_reload_800A37E8, g_round_timer_plus_2_800A37EA) were RESET CONFIRMed in sweep 25b (data_manifest.csv rows 0x800A37E8/0x800A37EA). Writers: asm/funcs/func_800274BC.s:65/84/103 `sh v0,0x0/0x2/0x4($a1)` with a1=&D_800A37E8 formed at func_8002AB08.s:715-716 and :1147-1148 (base-register store to +4 = 0x800A37EC); func_8002A458.s:430-440 stores -t to D_800A37E8/37EA/37EC as one triple. Readers: func_80027AD8.s:49-50 (lh %lo(D_800A37EC)) alongside lh of 37E8/37EA; raw-EXE scan tmp/naming_sweep3/data/vscan.py (every .text word decoded; lui/addiu/ori constant propagation, base-register + indexed accesses, gp-relative, plus aligned pointer words in rodata/.data; look.py adds MOVOVL.EXE overlay words) over 0x800A37EC: only func_80027AD8 (lh x5) and func_8002A458 (sh). A normalized-vector z component, not a round-timer field.",CONFIRM,"[data] own scan verify/xref.py (per-function forward dataflow over raw EXE words, value sets per reg + stack slot, branch/delay slots, jump tables, gp=0x800A30CC [MOVOVL gp=0x801F65D0], base-register + indexed + via-pointer accesses, constants passed as a0-a3 / stored to memory, every aligned EXE + MOVOVL data word); query verify/q.py: 0x800A37EC accesses = func_80027AD8 lh x5 (e.g. 80027B98, a dot product x*[37E8]+y*[37EA]+z*[37EC] with +0x1EC/+0x1F0/+0x1F4) and func_8002A458 sh @8002AAD0 (third of the -t triple 8002AAB4/C4/D0). Base-register: &D_800A37E8 passed as a1 to func_800274BC (8002B568, 8002BBA8, 80031DD8) which does sh +0/+2/+4 (asm lines 65/84/103 -> writes 0x800A37EC); as a3 to func_80032854 (forwarded to func_800395B4 a3: lhu +0/+2/+4) and as a2 to func_800203B4 (lh +0/+2/+4). No other pointer/data word. Base 0x800A37E8 'round timer' identity already RESET-CONFIRMed 25b (data_manifest rows 0x800A37E8/EA). 0x800A37EC is component [2] of that s16[3] vector: not a round-timer member. | HAZARDS: Registry-only: delete named_syms.txt:2997. Keep D_800A37EC (undefined_syms_auto.txt:1003; own dlabel asm/data/91C98.data.s D_800A37EC). C: include/code6cac.h:378 extern s16 D_800A37EC (uses code6cac_b.c:675,1433) unchanged. Not sdata. | FINAL REVIEW: [data] RESET: verifier's concrete contradiction reviewed and accepted; retires only the listed alias; no positive row depends on the retired name."
0x800A37E0,g_memcard_event_io_complete_plus_4; D_800A37E0,D_800A37E0,reset,"Offset-derived alias ""+4 from g_memcard_event_io_complete (0x800A37DC)"". The base 0x800A37DC is the 4-byte SwCARD/EvSpIOE event descriptor (CONFIRMed 2026-09-24 as g_memcard_sw_event_ioe: OpenEvent [VERIFIED] $v0 stored by sw %gp_rel in memcard_Init, all 5 word loads feed Enable/Test/CloseEvent [VERIFIED]); the base name itself was retired. A byte at +4 lies outside a 4-byte long. raw-EXE scan tmp/naming_sweep3/data/vscan.py (every .text word decoded; lui/addiu/ori constant propagation, base-register + indexed accesses, gp-relative, plus aligned pointer words in rodata/.data; look.py adds MOVOVL.EXE overlay words): 0x800A37DC only word gp-rel lw/sw by memcard_*; 0x800A37E0 = sb (func_8001B138 @8001B1AC); 0x800A37E1 = lbu/sb in func_8001BE20/func_8001CE60/func_800342A0 (C: code6cac.c:2645-2648 per-frame counter to 0x3C) - independent u8, own dlabel .byte in 91C98.data.s, none of these functions touches an event.",CONFIRM,"[data] own scan verify/xref.py (per-function forward dataflow over raw EXE words, value sets per reg + stack slot, branch/delay slots, jump tables, gp=0x800A30CC [MOVOVL gp=0x801F65D0], base-register + indexed + via-pointer accesses, constants passed as a0-a3 / stored to memory, every aligned EXE + MOVOVL data word); query verify/q.py: base 0x800A37DC (CONFIRMed 09-24 g_memcard_sw_event_ioe; old base name retired) is touched only as a word: sw gp memcard_Init@80037644, lw gp @80037704/80037784/80037804/800378A8/8003791C (all memcard_* CORROBORATED); no address-forming of it. 0x800A37E0: single access sb @8001B1AC (func_8001B138; C code6cac.c:1564 =1); own 1-byte dlabel 91C98.data.s:5220. Nearby indexed bases (D_800A37D2[0/1 or D_800A3748], D_800A37A8) do not reach it. A byte at +4 lies outside the 4-byte event handle. | HAZARDS: Delete named_syms.txt:2379 only. Keep D_800A37E0 (undefined_syms_auto.txt:1001). C: include/code6cac.h:374 extern u8. Not sdata. | FINAL REVIEW: [data] Own scan: single sb @8001B1AC; the base event handle is a word, +4 is outside it."
0x800A37E1,g_memcard_event_io_complete_plus_5; D_800A37E1,D_800A37E1,reset,"Offset-derived alias ""+5 from g_memcard_event_io_complete (0x800A37DC)"". The base 0x800A37DC is the 4-byte SwCARD/EvSpIOE event descriptor (CONFIRMed 2026-09-24 as g_memcard_sw_event_ioe: OpenEvent [VERIFIED] $v0 stored by sw %gp_rel in memcard_Init, all 5 word loads feed Enable/Test/CloseEvent [VERIFIED]); the base name itself was retired. A byte at +5 lies outside a 4-byte long. raw-EXE scan tmp/naming_sweep3/data/vscan.py (every .text word decoded; lui/addiu/ori constant propagation, base-register + indexed accesses, gp-relative, plus aligned pointer words in rodata/.data; look.py adds MOVOVL.EXE overlay words): 0x800A37DC only word gp-rel lw/sw by memcard_*; 0x800A37E0 = sb (func_8001B138 @8001B1AC); 0x800A37E1 = lbu/sb in func_8001BE20/func_8001CE60/func_800342A0 (C: code6cac.c:2645-2648 per-frame counter to 0x3C) - independent u8, own dlabel .byte in 91C98.data.s, none of these functions touches an event.",CONFIRM,"[data] own scan verify/xref.py (per-function forward dataflow over raw EXE words, value sets per reg + stack slot, branch/delay slots, jump tables, gp=0x800A30CC [MOVOVL gp=0x801F65D0], base-register + indexed + via-pointer accesses, constants passed as a0-a3 / stored to memory, every aligned EXE + MOVOVL data word); query verify/q.py: base 0x800A37DC word-only (see 0x800A37E0 row). 0x800A37E1: lbu @8001C2C8 (func_8001BE20), lbu/sb in func_8001CE60 (8001D040/78/90/B8, 8001D554/5C8), sb @8003434C (func_800342A0) - a u8 counter (C code6cac.c:2272-2275 ++ until 0x3C). Own dlabel 91C98.data.s:5226 (7 bytes). None of these functions touches an event. Outside the 4-byte handle. | HAZARDS: Delete named_syms.txt:2380 only. Keep D_800A37E1 (undefined_syms_auto.txt:151). C: include/code6cac.h:375 extern u8. Not sdata. | FINAL REVIEW: [data] Own scan: u8 counter (lbu/sb in func_8001BE20/8001CE60/800342A0); outside the 4-byte handle."
0x80101BD0,g_memcard_slot_plus_4; D_80101BD0,D_80101BD0,reset,"Offset-derived alias ""+4 from g_memcard_slot (0x80101BCC)"". The base is LIBSND _SsVmMaxVoice (libscan data_manifest CONFIRM 2026-09-07; ""g_memcard_slot is WRONG""), a u8: every access is byte-width in VERIFIED libsnd code (SsSetReservedVoice sb @80087F58, _SsVmInit sb/lbu, _SsVmFlush lbu x4, _SsVmSeqKeyOff, vmNoiseOn). +4 is outside a 1-byte object and the ""memcard slot"" meaning is already contradicted. raw-EXE scan tmp/naming_sweep3/data/vscan.py (every .text word decoded; lui/addiu/ori constant propagation, base-register + indexed accesses, gp-relative, plus aligned pointer words in rodata/.data; look.py adds MOVOVL.EXE overlay words): 0x80101BD0 is only formed as an s32* base by game func_80044504 @80044520 (C text1a_c.c:1333 `s32 *s0 = &D_80101BD0`).",CONFIRM,"[data] own scan verify/xref.py (per-function forward dataflow over raw EXE words, value sets per reg + stack slot, branch/delay slots, jump tables, gp=0x800A30CC [MOVOVL gp=0x801F65D0], base-register + indexed + via-pointer accesses, constants passed as a0-a3 / stored to memory, every aligned EXE + MOVOVL data word); query verify/q.py: base 0x80101BCC = LIBSND _SsVmMaxVoice (libscan CONFIRM 09-07; 'memcard slot' retired); all 17 accesses byte-width (sb _SsVmInit/SsSetReservedVoice, lbu _SsVmFlush x4, _SsVmSeqKeyOff, vmNoiseOn, func_800858D0, func_80087770). 0x80101BD0 only: formed in func_80044504 @80044520 (s0) and passed as a1 to math_RotMatrixZXY [CORROBORATED] @80044528, a0 to MulMatrix [VERIFIED] @80044538, a1 to MulMatrix2 [VERIFIED] @8004454C: a MATRIX, 4 bytes past a 1-byte object. | HAZARDS: Delete named_syms.txt:2448. Keep D_80101BD0 (undefined_syms_auto.txt:691). C: src/text1a_c.c:1317 extern s32 (use :1333). BSS, no dlabel. | FINAL REVIEW: [data] Own asm read @8004451C-54: &X passed as the MATRIX to math_RotMatrixZXY/MulMatrix/MulMatrix2; not +4 of the 1-byte _SsVmMaxVoice."
0x800FF6A8,g_voice_state_ptr_plus_8; D_800FF6A8,D_800FF6A8,reset,"Offset-derived alias of g_voice_state_ptr (0x800FF6A0) = LIBSND _svm_pg (libscan data_manifest CONFIRM 2026-09-07), a 4-byte ProgAtr pointer (word lw/sw only: SsUtKeyOnV, _SsVmDoAllocate x2, _SsVmVSetUp sw, func_80087770). +8 is outside a pointer. raw-EXE scan tmp/naming_sweep3/data/vscan.py (every .text word decoded; lui/addiu/ori constant propagation, base-register + indexed accesses, gp-relative, plus aligned pointer words in rodata/.data; look.py adds MOVOVL.EXE overlay words): 0x800FF6A8 is referenced once, as a base address in game func_8001D790 @8001D8CC (C code6cac.c:2425 `s0 = &D_800FF6A8`); no libsnd code touches it.",CONFIRM,"[data] own scan verify/xref.py (per-function forward dataflow over raw EXE words, value sets per reg + stack slot, branch/delay slots, jump tables, gp=0x800A30CC [MOVOVL gp=0x801F65D0], base-register + indexed + via-pointer accesses, constants passed as a0-a3 / stored to memory, every aligned EXE + MOVOVL data word); query verify/q.py: base 0x800FF6A0 = LIBSND _svm_pg (libscan CONFIRM 09-07, old name retired), word-only (lw SsUtKeyOnV, _SsVmDoAllocate x2, func_80087770 x2; sw _SsVmVSetUp). 0x800FF6A8 only: func_8001D790 @8001D8C8-8001D8DC s0=&X; memcpy [VERIFIED](X, s2, s1) with s1<0x2519 (sys_Panic otherwise) then func_8005BD30(X - s2): a >=0x2518-byte copy destination, 8 bytes past a 4-byte pointer. No libsnd code touches it. | HAZARDS: Delete named_syms.txt:2815. Keep D_800FF6A8 (undefined_syms_auto.txt:687). C: src/code6cac.c:2390 extern s32 (use :2425). BSS. | FINAL REVIEW: [data] RESET: verifier's concrete contradiction reviewed and accepted; retires only the listed alias; no positive row depends on the retired name."
0x800A2D1C,g_spu_timer_plus_4; D_800A2D1C,D_800A2D1C,reset,"Offset-derived alias ""+4 from g_spu_timer (0x800A2D18)"". The base is LIBSPU _spu_IRQCallback (libscan data_manifest CONFIRM; ""spu_timer"" retired), a 4-byte function pointer (sw by SpuQuit @80089330 and _spu_init @800889B8). 0x800A2D1C has its own dlabel (91C98.data.s:2169, initial word 0x07070707) and its only reference is _spu_init [VERIFIED] forming it as a0 for _spu_FwriteByIO(&X, 0x10) [VERIFIED] (@800888A0; C main.c:2197) - a 16-byte SPU write source, not part of a callback pointer and not a timer.",CONFIRM,"[data] Own OBJ parse (verify/spudata.py, tools/libscan/psyq_lib.py parser) of LIBSPU.LIB module SPU: .data = 92 bytes, byte-identical to EXE 0x800A2CDC..0x800A2D37; XDEFs only at +0x00.._spu_IRQCallback +0x3C (4-byte fn ptr); NO XDEF and NO LOCAL symbol in .data (locals are .text: _spu_FwriteByIO/_spu_FsetDelayR/W) - so no Sony name exists for .data+0x40 = 0x800A2D1C (lib vein finding reproduced). .data+0x40..+0x4F = 07 x16; its only text reloc is _spu_init +0x15C/+0x160 (hi/lo). own scan verify/xref.py (per-function forward dataflow over raw EXE words, value sets per reg + stack slot, branch/delay slots, jump tables, gp=0x800A30CC [MOVOVL gp=0x801F65D0], base-register + indexed + via-pointer accesses, constants passed as a0-a3 / stored to memory, every aligned EXE + MOVOVL data word); query verify/q.py: only ref = _spu_init [VERIFIED] @800888A0 forming a0 for _spu_FwriteByIO [VERIFIED] @800888D8 (a1=0x10). A 16-byte SPU write source after a 4-byte callback pointer; not a timer, not part of the callback. | HAZARDS: Delete named_syms.txt:2323. Keep D_800A2D1C (undefined_syms_auto.txt:1233). C: src/main.c:90 extern s32 (use :2197 _spu_FwriteByIO((s32)&D_800A2D1C,0x10)). | FINAL REVIEW: [data] RESET: verifier's concrete contradiction reviewed and accepted; retires only the listed alias; no positive row depends on the retired name."
0x80102788,g_practice_lesson_flag_b_plus_1; D_80102788,D_80102788,reset,"Offset-derived alias ""+1 from g_practice_lesson_flag_b (0x80102787)"" (base name removed by 65897593b). 0x80102787 is an odd-address byte: every access is lb/lbu/sb (func_8001C444, func_800343F0, func_80034708) and it is the LAST byte of the 16-byte block 0x80102778..0x80102787 (PracticeParams D_80102778, include/code6cac.h:722-738, object model from base+offset addressing, commit 65897593b). 0x80102788/0x8010278A are halfwords of a different object: sh by func_800194F4 @800194FC/@80019504, 0x80102788 formed as a base by func_8001BE20 @8001BED8 (lw +0/+4) and func_80019568 (sh through base regs at +0/+2/+4/+6) - C: extern PadState D_80102788 (code6cac.h:739). A 1-byte flag has no +1 member.",CONFIRM,"[data] own scan verify/xref.py (per-function forward dataflow over raw EXE words, value sets per reg + stack slot, branch/delay slots, jump tables, gp=0x800A30CC [MOVOVL gp=0x801F65D0], base-register + indexed + via-pointer accesses, constants passed as a0-a3 / stored to memory, every aligned EXE + MOVOVL data word); query verify/q.py: base 0x80102787 (name removed by 65897593b, verified in its diff) is byte-only (lb/lbu/sb). 0x80102788 is word/halfword-accessed as its own object: lw 0(a1) with a1=&0x80102788 in func_8001BE20 @8001BEDC (+lw +4/+8/+0xC), sh 4 @800194FC (func_800194F4), sh via a0 in func_80019568 @8001972C, lhu via s2 in func_80022F34. Scanner hits of byte arrays 0x8010277C/7E/80/82[i] reaching 0x80102788 are loop over-approximation: all those loops run i<2 (func_8001DCB0, func_800342A0 slti 2, func_8003504C slti 2, func_80034708 slti 2) so they stop at 0x80102787. A word-loaded object at 0x80102788 is not byte +1 of a flag. | HAZARDS: Delete named_syms.txt:2454. Keep D_80102788 (undefined_syms_auto.txt:803; C PadState, include/code6cac.h:739). BSS. | FINAL REVIEW: [data] RESET: verifier's concrete contradiction reviewed and accepted; retires only the listed alias; no positive row depends on the retired name."
0x8010278A,g_practice_lesson_flag_b_plus_3,D_8010278A,reset,"Offset-derived alias ""+3 from g_practice_lesson_flag_b (0x80102787)"" (base name removed by 65897593b). 0x80102787 is an odd-address byte: every access is lb/lbu/sb (func_8001C444, func_800343F0, func_80034708) and it is the LAST byte of the 16-byte block 0x80102778..0x80102787 (PracticeParams D_80102778, include/code6cac.h:722-738, object model from base+offset addressing, commit 65897593b). 0x80102788/0x8010278A are halfwords of a different object: sh by func_800194F4 @800194FC/@80019504, 0x80102788 formed as a base by func_8001BE20 @8001BED8 (lw +0/+4) and func_80019568 (sh through base regs at +0/+2/+4/+6) - C: extern PadState D_80102788 (code6cac.h:739). A 1-byte flag has no +3 member.",CONFIRM,"[data] Same base analysis as 0x80102788. 0x8010278A: sh 4 @80019504 (func_800194F4, same value as +0 store to 0x80102788), sh via a0 loop in func_80019568, halfword member of the PadState at 0x80102788 (C unk_00[1]). A 1-byte flag at 0x80102787 has no +3. | HAZARDS: Delete named_syms.txt:2455 only. No D_8010278A in any registry/src/include; only asm/funcs/func_800194F4.s and asm/6CAC.s mention %hi(D_8010278A) - func_800194F4 is decompiled (src/code6cac.c:1341) and neither .s is linked (bb2.ld), so no link symbol is needed. | FINAL REVIEW: [data] RESET: verifier's concrete contradiction reviewed and accepted; retires only the listed alias; no positive row depends on the retired name."
0x80106A78,g_file_flags_plus_5; D_80106A78,D_80106A78,reset,"Offset-derived alias ""+5 from g_file_flags (0x80106A73)"" (base name removed by 65897593b). 0x80106A73 is an odd-address byte (lbu/sb only: file_GetFlag0/1/2 0x800167AC/BC/D4, func_800167EC, func_80034708, func_80034F88, func_80035280) and the last byte (+0x23) of the 0x24-byte FileRecord D_80106A50..0x80106A73 (include/system.h, commit 65897593b; func_80037F40 checksums the block). 0x80106A78 is outside that record: it is the base of a separately addressed record array (formed as a base in func_80030208 @80030214, func_80030580 @8003058C, func_80030D7C @80030D94, func_80031B24 @80031B40, func_80055B60 @80056680, lh/sh at +0 (@80030268, 80030E28..)).",CONFIRM,"[data] own scan verify/xref.py (per-function forward dataflow over raw EXE words, value sets per reg + stack slot, branch/delay slots, jump tables, gp=0x800A30CC [MOVOVL gp=0x801F65D0], base-register + indexed + via-pointer accesses, constants passed as a0-a3 / stored to memory, every aligned EXE + MOVOVL data word); query verify/q.py: base 0x80106A73 (name removed by 65897593b) is byte-only (lbu file_GetFlag0/1/2, sb func_800167EC, func_80034708, func_80034F88, func_80035280) and is the last byte of the 0x24-byte block at 0x80106A50 (func_80037F40 checksums exactly 0x24 bytes: sltiu t0,0x24; and copies 0x50..0x6F in 16-byte steps until a2==0x80106A70 plus one word = 0x24 bytes). 0x80106A78 is the base of a separately addressed record array: s4=&X, s3=X+0xA in func_80030208; a3=&X, v1=X+0xA with lh -8(v1)=X+2 in func_80030580; s6=&X func_80030D7C; t0=&X func_80031B24; s1=s5+&X, lw 0x2C(s1) func_80055B60. Scanner hits of the 3-iteration loops of func_800167EC/func_80035280/func_8003C714 at 0x80106A74..7B are over-approximation (verified bounds: they stop at 0x80106A6F/0x72/0x68). | HAZARDS: Delete named_syms.txt:2467. Keep D_80106A78 (undefined_syms_auto.txt:865). C: src/code6cac_b.c:139 extern u8 (uses 4340/4473/4843) unchanged. | FINAL REVIEW: [data] RESET: verifier's concrete contradiction reviewed and accepted; retires only the listed alias; no positive row depends on the retired name."
0x800A307C,g_snd_callback; D_800A307C,D_800A307C,reset,"EXE word at 0x800A307C = 0x800164A8 (pointer to the in-binary string ""sio"" at 0x800164A8). raw-EXE scan tmp/naming_sweep3/data/vscan.py (every .text word decoded; lui/addiu/ori constant propagation, base-register + indexed accesses, gp-relative, plus aligned pointer words in rodata/.data; look.py adds MOVOVL.EXE overlay words): the only reference is AddCOMB [VERIFIED LIBCOMB/COMB] @8008BE14-8008BE18 forming a0=&X for jal AddDrv [VERIFIED] (between Enter/ExitCriticalSection) - a device-driver descriptor whose first word names the ""sio"" device. Never called through (no jalr/lw of it anywhere), no sound code touches it: ""sound completion callback"" is contradicted.",CONFIRM,"[data] EXE words @0x800A307C: 800164A8 ('sio\0'), 3, 1, 8001649C ('SIO console'), then 8008CD8C.. driver entry points = a BIOS device control block. Own OBJ parse of LIBCOMB.LIB/COMB: .data 144 bytes == EXE 0x800A303C..; X = .data+0x40 (relocs +0x40->rdata+0xC 'sio', +0x4C->rdata+0 'SIO console'); no XDEF/LOCAL symbol in .data (no Sony name). own scan verify/xref.py (per-function forward dataflow over raw EXE words, value sets per reg + stack slot, branch/delay slots, jump tables, gp=0x800A30CC [MOVOVL gp=0x801F65D0], base-register + indexed + via-pointer accesses, constants passed as a0-a3 / stored to memory, every aligned EXE + MOVOVL data word); query verify/q.py: only ref = AddCOMB [VERIFIED] @8008BE14/18 a0=&X -> jal AddDrv [VERIFIED LIBAPI/A71] @8008BE1C. Never loaded, never called through, no pointer word to it. A device-driver descriptor, not a sound completion callback. | HAZARDS: C EDIT: src/main.c:36 `extern s32 g_snd_callback;` -> `extern s32 D_800A307C;` and main.c:4092 AddDrv(&g_snd_callback) -> &D_800A307C (no existing D_800A307C decl in main.c/its headers). Retire g_snd_callback: named_syms.txt:101, symbol_addrs.txt:120, undefined_syms_auto.txt:1453. Keep D_800A307C (undefined_syms_auto.txt:1050; dlabel 91C98.data.s:2467-2488 = the whole 0x50-byte DCB). named_syms.txt:3520 comment already says D_800A307C. | FINAL REVIEW: [data] RESET: verifier's concrete contradiction reviewed and accepted; retires only the listed alias; no positive row depends on the retired name."
0x800EF848,g_snd_ch_data; D_800EF848,D_800EF848,reset,"0x134-byte record (only record 0 is ever used). raw-EXE scan tmp/naming_sweep3/data/vscan.py (every .text word decoded; lui/addiu/ori constant propagation, base-register + indexed accesses, gp-relative, plus aligned pointer words in rodata/.data; look.py adds MOVOVL.EXE overlay words): referenced only by func_80048F58 (@80048F9C; zeroes +0, copies 7 halfwords from 0x80099C34[a0*7] to +0x124) and func_80048FFC (@80049020). func_80048FFC builds 6 DR_MOVE packets at +4+(D_800A36AC&1)*0x90 (0x18 each) with jal SetDrawMove [VERIFIED] x2 per iteration (asm lines 132-194), RECT/x/y built from +0x124..+0x12E, links them into the OT at *(D_800A378C)+0x3FFC (0xFFFFFF/0xFF000000 masks), then +0 += +0x130 mod +0x12A. Callers (func_800474AC/800474D0/80047738/8004775C, stage-table hooks at 0x800948E4/E8/0x8009492C/30) pass record 0. Complete reach = SetDrawMove + func_80052C10 (sw 0 to scratchpad 0x1F800400): no sound call or sound state - VRAM-move (DR_MOVE) records, not sound channel data.",CONFIRM,"[data] own scan verify/xref.py (per-function forward dataflow over raw EXE words, value sets per reg + stack slot, branch/delay slots, jump tables, gp=0x800A30CC [MOVOVL gp=0x801F65D0], base-register + indexed + via-pointer accesses, constants passed as a0-a3 / stored to memory, every aligned EXE + MOVOVL data word); query verify/q.py: record stride a0*0x134 ((((a0*5*4-a0)*4+a0)*4) = 308*a0). Refs: func_80048F58 (@80048F9C; sw 0 to +0, copies 7 halfwords of D_80099C34[a1*7] to +0x124) and func_80048FFC (@80049020; s4 = rec+4+(D_800A36AC&1)*0x90, two SetDrawMove [VERIFIED] per iteration x3 with RECT/x/y built from +0x124..+0x130, addPrim into *(D_800A378C)+0x3FFC via 0xFFFFFF/0xFF000000 masks). Callers func_800474AC/80047738 (a0=0/1,a1=0), func_800474D0/8004775C (a0=0). Reach of both = SetDrawMove [VERIFIED] + func_80052C10 (sw 0 -> 0x1F800400), no sound call. Only other touch: leaf lerp func_80047E5C reads D_800EF804[i] with i<18, i.e. can read 0x800EF848 at i=17 (table-edge read, no calls). DR_MOVE packet buffers, not sound channel data. | HAZARDS: C EDIT: src/text1b.c:747 `extern u8 g_snd_ch_data[];` -> `extern u8 D_800EF848[];` and :758 use; no other D_800EF848 decl in text1b.c or include/. Retire g_snd_ch_data: named_syms.txt:145, symbol_addrs.txt:178, undefined_syms_auto.txt:1454; keep D_800EF848 (undefined_syms_auto.txt:336). BSS. | FINAL REVIEW: [data] RESET: verifier's concrete contradiction reviewed and accepted; retires only the listed alias; no positive row depends on the retired name."
0x80099C34,g_snd_se_bank,D_80099C34,reset,"dlabel D_80099C34 = 28 bytes = 2 x 7 s16 (EXE: 792,384,8,32,744,256,1 / 752,320,16,64,672,384,1). raw-EXE scan tmp/naming_sweep3/data/vscan.py (every .text word decoded; lui/addiu/ori constant propagation, base-register + indexed accesses, gp-relative, plus aligned pointer words in rodata/.data; look.py adds MOVOVL.EXE overlay words): only reference func_80048F58 @80048FB8 (C text1b.c:760) which copies entry a0 (a0 in {0,1} from func_800474AC/func_80047738) into record+0x124 of 0x800EF848; the only reader of those halfwords is func_80048FFC, which turns them into the RECT/x/y arguments of SetDrawMove [VERIFIED] (lhu +0x124/+0x126/+0x12C/+0x12E, lh +0x128/+0x12A/+0x130). Parameters of a VRAM move, not a sound-effect bank.",CONFIRM,"[data] EXE s16 @0x80099C34: (792,384,8,32,744,256,1),(752,320,16,64,672,384,1); dlabel 7D920.data.s:19206 = 28 bytes. own scan verify/xref.py (per-function forward dataflow over raw EXE words, value sets per reg + stack slot, branch/delay slots, jump tables, gp=0x800A30CC [MOVOVL gp=0x801F65D0], base-register + indexed + via-pointer accesses, constants passed as a0-a3 / stored to memory, every aligned EXE + MOVOVL data word); query verify/q.py: only ref func_80048F58 @80048FB8 (copy entry a0*7 halfwords, a0 in {0,1} from func_800474AC/func_80047738) to rec+0x124 of 0x800EF848, consumed only by func_80048FFC as SetDrawMove [VERIFIED] RECT/x/y. The neighbouring walk in func_80048BA4 over D_80099C14 stops at its -1 terminator 0x80099C32. VRAM-move parameters (VRAM coordinates <1024/<512), not a sound-effect bank. | HAZARDS: C EDIT: src/text1b.c:748 `extern u16 g_snd_se_bank[];` -> `extern u16 D_80099C34[];` + :760 use (no other decl anywhere). D_80099C34 is defined only by the global dlabel asm/data/7D920.data.s:19206 (7D920.data.o is linked, bb2.ld:145) - leave it. Retire named_syms.txt:144, symbol_addrs.txt:177, undefined_syms_auto.txt:1460. | FINAL REVIEW: [data] RESET: verifier's concrete contradiction reviewed and accepted; retires only the listed alias; no positive row depends on the retired name."
0x800A3808,g_sound_3d_dma_snapshot; D_800A3808,D_800A3808,reset,"Write-only copy of the OT pointer. raw-EXE scan tmp/naming_sweep3/data/vscan.py (every .text word decoded; lui/addiu/ori constant propagation, base-register + indexed accesses, gp-relative, plus aligned pointer words in rodata/.data; look.py adds MOVOVL.EXE overlay words): exactly 2 accesses, both stores: func_80054F68.s:8-15 and func_80046BF4.s:12-20 `lw v1,%lo(g_gpu_ot_ptr); sw v1,%lo(D_800A3808)` (g_gpu_ot_ptr = CONFIRMed 09-24 data-api-restatement: the ClearOTagR/DrawOTag/AddPrim OT pointer, whose old name g_dma_buf_base was retired as contradicted). No load anywhere, no pointer word. The name (registry comment: ""snapshot of g_dma_buf_base at start of 3D sound batch"") is built on the retired dma name; the value is an OT pointer that nothing reads - nothing sound, nothing DMA.",CONFIRM,"[data] own scan verify/xref.py (per-function forward dataflow over raw EXE words, value sets per reg + stack slot, branch/delay slots, jump tables, gp=0x800A30CC [MOVOVL gp=0x801F65D0], base-register + indexed + via-pointer accesses, constants passed as a0-a3 / stored to memory, every aligned EXE + MOVOVL data word); query verify/q.py: exactly two accesses, both stores of the value just loaded from g_gpu_ot_ptr (CONFIRMed 09-24; its old name g_dma_buf_base retired as contradicted): func_80054F68 @80054F9C and func_80046BF4 @80046C3C (`lw v1,g_gpu_ot_ptr; sw v1,D_800A3808`). No load, no address-forming, no pointer word in EXE/MOVOVL, no base-register reach (only nearby bases 0x800A37E8 obj = 6 bytes). Write-only copy of the OT pointer: the 'dma' premise is the retired name and there is no sound consumer at all (same basis as the 25b CONFIRMed write-only g_snd_3d_angle_* RESETs). | HAZARDS: Delete named_syms.txt:2015. Keep D_800A3808 (undefined_syms_auto.txt:155). C: src/sound.c:88 and src/text1b.c:2199 extern s32 (different TUs, same type). | FINAL REVIEW: [data] RESET: verifier's concrete contradiction reviewed and accepted; retires only the listed alias; no positive row depends on the retired name."
0x80102C00,g_sound_3d_data_buffer; D_80102C00,D_80102C00,reset,"Base of the renderer draw list (see row 0x800A3820): its address is only formed as the list start (func_80054F68 @80054F6C, func_80046BF4 @80046C04, func_80044504 @80044630) and as the walk pointer of func_8004A4E0 (@8004A518 s7, lw 0(s7) -> node, lbu type -> jtbl_8001541C). Contents are transform-node pointers appended through D_800A3820; sole consumer = the GTE renderer whose resolved reach has no sound code.",CONFIRM,"[data] own scan verify/xref.py (per-function forward dataflow over raw EXE words, value sets per reg + stack slot, branch/delay slots, jump tables, gp=0x800A30CC [MOVOVL gp=0x801F65D0], base-register + indexed + via-pointer accesses, constants passed as a0-a3 / stored to memory, every aligned EXE + MOVOVL data word); query verify/q.py: address formed only as the list start stored to D_800A3820 (func_80054F68 @80054F6C, func_80046BF4 @80046C04, func_80044504 @80044630) and as the walk pointer s7 of func_8004A4E0 (@8004A518; lw 0(s7)=node, lbu type -> jtbl_8001541C). Contents are the node pointers appended via D_800A3820; sole consumer is the GTE renderer whose resolved reach has no sound function (see 0x800A3820 row). Nearby form 0x80102BC0 (func_8003AFFC) is loop over-approximation (s1=0x80101EDC, 2 iterations). | HAZARDS: Delete named_syms.txt:2012. Keep D_80102C00 (undefined_syms_auto.txt:850). C: src/sound.c:85 extern s32, src/text1a_c.c:1321 extern s32, src/text1b.c:2196 extern u32 (separate TUs; no in-TU conflict). | FINAL REVIEW: [data] RESET: verifier's concrete contradiction reviewed and accepted; retires only the listed alias; no positive row depends on the retired name."
0x800A33C8,g_sound_3d_angle_h; D_800A33C8,D_800A33C8,reset,"Written only by func_80047384 (camera_CalcAngles, INFERRED; C src/code6cac_c2.c:1818) @8004744C/80047450: sh of a ratan2 [VERIFIED] result; the function returns &D_800A33C8. Its only caller (raw-EXE jal-word scan; no pointer word in EXE/MOVOVL) is func_8003E6D8 @8003E734 `jal camera_CalcAngles`, which DISCARDS the return value (next insns load a0/a1 and jal math_RotMatrixYXZ; C code6cac_c2.c:1867 `camera_CalcAngles();`). Its whole reach is ApplyMatrix [VERIFIED], math_RotMatrixYXZ [CORROBORATED], ratan2 [VERIFIED] x2. raw-EXE scan tmp/naming_sweep3/data/vscan.py (every .text word decoded; lui/addiu/ori constant propagation, base-register + indexed accesses, gp-relative, plus aligned pointer words in rodata/.data; look.py adds MOVOVL.EXE overlay words): no other access to 0x800A33C8..CB. Write-only ratan2 angles from GTE code - no sound call, no reader at all (same basis as the 25b CONFIRMed RESET of g_snd_3d_angle_h_b/_v_b at 0x800EEE00/02).",CONFIRM,"[data] own scan verify/xref.py (per-function forward dataflow over raw EXE words, value sets per reg + stack slot, branch/delay slots, jump tables, gp=0x800A30CC [MOVOVL gp=0x801F65D0], base-register + indexed + via-pointer accesses, constants passed as a0-a3 / stored to memory, every aligned EXE + MOVOVL data word); query verify/q.py: only accesses sh %gp_rel @80047450 (-ratan2 result) and 0x800A33CA sh @80047454, both in func_80047384 (C src/sound.c:521-523), which also returns &D_800A33C8 (form @8004744C). Its only caller (no pointer word, no form of 0x80047384 anywhere) is func_8003E6D8 @8003E734 whose next insns overwrite a0/a1 and jal math_RotMatrixYXZ - v0 discarded. Reach of func_80047384 = ApplyMatrix [VERIFIED], math_RotMatrixYXZ [CORROBORATED], ratan2 [VERIFIED]. Write-only GTE-derived angle, no reader, no sound code (25b precedent g_snd_3d_angle_h_b). | HAZARDS: Delete named_syms.txt:1607. Keep D_800A33C8 (undefined_syms_auto.txt:1052; sdata_syms.txt:89, name unchanged). C: src/sound.c:42 extern s16 (gp-rel stores sound.c:521-523). named_syms.txt:1636 comment on D_800EEE00 cites g_sound_3d_angle_h/v - stale after retirement. | FINAL REVIEW: [data] Accepted on the 25b write-only precedent. Note: the writer is C 'camera_CalcAngles' (sound.c) deriving view-direction angles from D_800A3708+0x10; no code reads the value, so no sound use exists."
0x800A33CA,g_sound_3d_angle_v; D_800A33CA,D_800A33CA,reset,"Written only by func_80047384 (camera_CalcAngles, INFERRED; C src/code6cac_c2.c:1818) @80047454: sh of a ratan2 [VERIFIED] result; the function returns &D_800A33C8. Its only caller (raw-EXE jal-word scan; no pointer word in EXE/MOVOVL) is func_8003E6D8 @8003E734 `jal camera_CalcAngles`, which DISCARDS the return value (next insns load a0/a1 and jal math_RotMatrixYXZ; C code6cac_c2.c:1867 `camera_CalcAngles();`). Its whole reach is ApplyMatrix [VERIFIED], math_RotMatrixYXZ [CORROBORATED], ratan2 [VERIFIED] x2. raw-EXE scan tmp/naming_sweep3/data/vscan.py (every .text word decoded; lui/addiu/ori constant propagation, base-register + indexed accesses, gp-relative, plus aligned pointer words in rodata/.data; look.py adds MOVOVL.EXE overlay words): no other access to 0x800A33C8..CB. Write-only ratan2 angles from GTE code - no sound call, no reader at all (same basis as the 25b CONFIRMed RESET of g_snd_3d_angle_h_b/_v_b at 0x800EEE00/02).",CONFIRM,"[data] Same as 0x800A33C8: single access sh s0 %gp_rel @80047454 in func_80047384 (s0 = the other ratan2 result); no reader; caller discards the returned &D_800A33C8; reach ApplyMatrix/ratan2 [VERIFIED], math_RotMatrixYXZ [CORROBORATED]. | HAZARDS: Delete named_syms.txt:1608. Keep D_800A33CA (undefined_syms_auto.txt:107; sdata_syms.txt:90). C: src/sound.c:43 extern s16. named_syms.txt:1636 stale comment (see 0x800A33C8). | FINAL REVIEW: [data] As 0x800A33C8."
0x8009BBEC,g_str_r_8009BBEC,D_8009BBEC,reset,"Named as the string ""R"" (spimdisasm guessed .asciz). raw-EXE scan tmp/naming_sweep3/data/vscan.py (every .text word decoded; lui/addiu/ori constant propagation, base-register + indexed accesses, gp-relative, plus aligned pointer words in rodata/.data; look.py adds MOVOVL.EXE overlay words): the only reference is func_80063E10 forming the address @800642A4 and loading it with `lwc2 $0,0x0(t) ; lwc2 $1,0x4(t)` @800642B8/800642BC (GTE VXY0/VZ0 = an SVECTOR). EXE halfwords = (82,0,-220,0). C already declares it `extern SVECTOR` (src/text1b.c:6827) and passes it to inline GTE asm. A GTE vector, not a string.",CONFIRM,"[data] own scan verify/xref.py (per-function forward dataflow over raw EXE words, value sets per reg + stack slot, branch/delay slots, jump tables, gp=0x800A30CC [MOVOVL gp=0x801F65D0], base-register + indexed + via-pointer accesses, constants passed as a0-a3 / stored to memory, every aligned EXE + MOVOVL data word); query verify/q.py: only reference func_80063E10: t3=&X @800642A0/A4, then `lwc2 $2,0(t3); lwc2 $3,4(t3)` @800642B8/BC (GTE VXY1/VZ1 - CORRECTION: the miner wrote $0/$1; $0/$1 come from D_8009BBE4, $4/$5 from D_8009BBF4: an RTPT vertex triple). EXE s16 = (82,0,-220,0): 0x52 read as 'R' by spimdisasm. The nearby RotTransPers4 array D_8009BB84[s2*32] in func_8006295C stops at s2<3 (0x8009BBE3). C already `extern SVECTOR D_8009BBEC` (src/text1b.c:6827). A GTE vector, not a string. | HAZARDS: Delete named_syms.txt:730. D_8009BBEC defined by dlabel asm/data/7D920.data.s:23454. C text1b.c:6827/7044 unchanged. | FINAL REVIEW: [data] Own asm read: func_80063E10 lwc2 $2/$3 from &X (GTE VXY1/VZ1); EXE s16 (82,0,-220,0). An SVECTOR, not the string 'R'."
0x8009BBFC,g_str_r_8009BBFC,D_8009BBFC,reset,"Named as the string ""R"" (spimdisasm guessed .asciz). raw-EXE scan tmp/naming_sweep3/data/vscan.py (every .text word decoded; lui/addiu/ori constant propagation, base-register + indexed accesses, gp-relative, plus aligned pointer words in rodata/.data; look.py adds MOVOVL.EXE overlay words): the only reference is func_80063E10 forming the address @80064364 and loading it with `lwc2 $0,0x0(t) ; lwc2 $1,0x4(t)` @80064388/8006438C (GTE VXY0/VZ0 = an SVECTOR). EXE halfwords = (82,0,78,0). C already declares it `extern SVECTOR` (src/text1b.c:6829) and passes it to inline GTE asm. A GTE vector, not a string.",CONFIRM,"[data] own scan verify/xref.py (per-function forward dataflow over raw EXE words, value sets per reg + stack slot, branch/delay slots, jump tables, gp=0x800A30CC [MOVOVL gp=0x801F65D0], base-register + indexed + via-pointer accesses, constants passed as a0-a3 / stored to memory, every aligned EXE + MOVOVL data word); query verify/q.py: only reference func_80063E10: t1=&X @80064360/64, `lwc2 $0,0(t1); lwc2 $1,4(t1)` @80064388/8C (GTE VXY0/VZ0). EXE s16 = (82,0,78,0). C `extern SVECTOR D_8009BBFC` (text1b.c:6829). An 8-byte GTE vector, not the string 'R'. | HAZARDS: Delete named_syms.txt:731. D_8009BBFC defined by dlabel 7D920.data.s:23471. C unchanged. | FINAL REVIEW: [data] Own asm read: lwc2 $0/$1 from &X; EXE s16 (82,0,78,0). SVECTOR."
0x8009BC04,g_str_r_8009BBFC_plus_8; D_8009BC04,D_8009BC04,reset,"Offset-derived from g_str_r_8009BBFC, which is itself not a string (row 0x8009BBFC: an SVECTOR) and whose ""R\0"" would end at +2. EXE/usage at this address: word 0x000000FF; s32 row mask: lw/sw in func_80068ECC, func_80068F70, func_800693CC, func_8006A880 (C text1b.c:8395/9330). Binary data, not part of any string.",CONFIRM,"[data] Base 0x8009BBFC is an 8-byte SVECTOR (row above; lwc2 reads +0..+7), so +8 is outside it (and outside 'R\0'). own scan verify/xref.py (per-function forward dataflow over raw EXE words, value sets per reg + stack slot, branch/delay slots, jump tables, gp=0x800A30CC [MOVOVL gp=0x801F65D0], base-register + indexed + via-pointer accesses, constants passed as a0-a3 / stored to memory, every aligned EXE + MOVOVL data word); query verify/q.py: 0x8009BC04 = word 0x000000FF, own dlabel 7D920.data.s:23483; lw/sw word accesses in func_80068ECC (80068ED4/80068F6C), func_80068F70 (80068FF0), func_800693CC (800694AC/80069510), func_8006A880 (8006A9E4) - a row bitmask (C text1b.c:8395/9330). | HAZARDS: Delete named_syms.txt:2311. Keep D_8009BC04 (undefined_syms_auto.txt:1141; sdata_exclude.txt:108 func_80068F70: D_8009BC04 unchanged). C text1b.c:3251/8363/9272 extern s32 unchanged. | FINAL REVIEW: [data] RESET: verifier's concrete contradiction reviewed and accepted; retires only the listed alias; no positive row depends on the retired name."
0x8009BC08,g_str_r_8009BBFC_plus_8_plus_4; D_8009BC08,D_8009BC08,reset,"Offset-derived from g_str_r_8009BBFC, which is itself not a string (row 0x8009BBFC: an SVECTOR) and whose ""R\0"" would end at +2. EXE/usage at this address: word 0x000000BF; s32 row mask: lw/sw in func_800693CC, func_8006A880 (C text1b.c:9307). Binary data, not part of any string.",CONFIRM,"[data] Outside the 8-byte SVECTOR base. own scan verify/xref.py (per-function forward dataflow over raw EXE words, value sets per reg + stack slot, branch/delay slots, jump tables, gp=0x800A30CC [MOVOVL gp=0x801F65D0], base-register + indexed + via-pointer accesses, constants passed as a0-a3 / stored to memory, every aligned EXE + MOVOVL data word); query verify/q.py: word 0x000000BF, own dlabel 7D920.data.s:23489; lw/sw in func_800693CC (80069648/60/6C) and func_8006A880 (8006A8C0) - s32 row mask (C text1b.c:9307). Binary data, not string. | HAZARDS: Delete named_syms.txt:2610. Keep D_8009BC08 (undefined_syms_auto.txt:1142). C text1b.c:9273 extern s32. | FINAL REVIEW: [data] RESET: verifier's concrete contradiction reviewed and accepted; retires only the listed alias; no positive row depends on the retired name."
0x8009BC0C,g_str_r_8009BBFC_plus_8_plus_8; D_8009BC0C,D_8009BC0C,reset,"Offset-derived from g_str_r_8009BBFC, which is itself not a string (row 0x8009BBFC: an SVECTOR) and whose ""R\0"" would end at +2. EXE/usage at this address: byte 0x00; indexed lbu table base in func_800693CC @80069710/784/7FC/82C. Binary data, not part of any string.",CONFIRM,"[data] Outside the 8-byte SVECTOR base. own scan verify/xref.py (per-function forward dataflow over raw EXE words, value sets per reg + stack slot, branch/delay slots, jump tables, gp=0x800A30CC [MOVOVL gp=0x801F65D0], base-register + indexed + via-pointer accesses, constants passed as a0-a3 / stored to memory, every aligned EXE + MOVOVL data word); query verify/q.py: byte 0x00, own 1-byte dlabel 7D920.data.s:23495; indexed lbu table base in func_800693CC (80069710/784/7FC/82C). Not text. | HAZARDS: Delete named_syms.txt:2611. Keep D_8009BC0C (undefined_syms_auto.txt:1143). No C decl (func_800693CC is asm). | FINAL REVIEW: [data] RESET: verifier's concrete contradiction reviewed and accepted; retires only the listed alias; no positive row depends on the retired name."
0x8009BC0D,g_str_r_8009BBFC_plus_8_plus_9; D_8009BC0D,D_8009BC0D,reset,"Offset-derived from g_str_r_8009BBFC, which is itself not a string (row 0x8009BBFC: an SVECTOR) and whose ""R\0"" would end at +2. EXE/usage at this address: bytes 03 01 03 02 03 04 01 05..; indexed lbu table in func_800693CC @80069574/5D0/698/6BC/6E0. Binary data, not part of any string.",CONFIRM,"[data] Outside the 8-byte SVECTOR base. own scan verify/xref.py (per-function forward dataflow over raw EXE words, value sets per reg + stack slot, branch/delay slots, jump tables, gp=0x800A30CC [MOVOVL gp=0x801F65D0], base-register + indexed + via-pointer accesses, constants passed as a0-a3 / stored to memory, every aligned EXE + MOVOVL data word); query verify/q.py: bytes 03 01 03 02 03 04 01 05 01 06 02 03 03 07 00 (dlabel 7D920.data.s:23501); indexed lbu table in func_800693CC (80069574/5D0/698/6BC/6E0). Not text. | HAZARDS: Delete named_syms.txt:2612. Keep D_8009BC0D (undefined_syms_auto.txt:68). No C decl. | FINAL REVIEW: [data] RESET: verifier's concrete contradiction reviewed and accepted; retires only the listed alias; no positive row depends on the retired name."
0x800A312C,g_str_gn_bbm_800A3124_plus_8; D_800A312C,D_800A312C,reset,"Offset-derived from the string ""GN.BBM"" at 0x800A3124 (7 bytes incl. NUL, ends 0x800A312A). dlabel 91C98.data.s:2597, words 0xFC001000 0x00000000 (halfwords 0x1000, -0x400, 0, 0); only reference func_8003CF84 @8003D124 passes &X as a1 to func_800618B4 (C code6cac_c2.c:943) - a vector/record argument. Non-text binary data outside the string.",CONFIRM,"[data] EXE: 'GN.BBM\0' at 0x800A3124 (7 bytes, dlabel 91C98.data.s:2589 .asciz + align) - the base name itself is true. 0x800A312C own dlabel (:2597) = halfwords (0x1000,-0x400,0,0). own scan verify/xref.py (per-function forward dataflow over raw EXE words, value sets per reg + stack slot, branch/delay slots, jump tables, gp=0x800A30CC [MOVOVL gp=0x801F65D0], base-register + indexed + via-pointer accesses, constants passed as a0-a3 / stored to memory, every aligned EXE + MOVOVL data word); query verify/q.py: only ref = func_8003CF84 forms it @8003D124 and passes a1 to func_800618B4 @8003D160 (C code6cac_c2.c:943). Non-text data past the string's NUL/padding. | HAZARDS: Delete named_syms.txt:2324. Keep D_800A312C (undefined_syms_auto.txt:890). C code6cac_c2.c:901 extern s32. Keep g_str_gn_bbm_800A3124 (true). | FINAL REVIEW: [data] RESET: verifier's concrete contradiction reviewed and accepted; retires only the listed alias; no positive row depends on the retired name."
0x800A3134,g_str_gn_bbm_800A3124_plus_8_plus_8; D_800A3134,D_800A3134,reset,"Offset-derived from the string ""GN.BBM"" at 0x800A3124 (7 bytes incl. NUL, ends 0x800A312A). dlabel 91C98.data.s:2604, word 0x00000BB8 (3000); only reference func_8002872C @8002884C lw, compared with D_800A387C (C code6cac_b.c:1095). Non-text binary data outside the string.",CONFIRM,"[data] Word 0x00000BB8 (3000), own dlabel 91C98.data.s:2604, 16 bytes past a 7-byte string. own scan verify/xref.py (per-function forward dataflow over raw EXE words, value sets per reg + stack slot, branch/delay slots, jump tables, gp=0x800A30CC [MOVOVL gp=0x801F65D0], base-register + indexed + via-pointer accesses, constants passed as a0-a3 / stored to memory, every aligned EXE + MOVOVL data word); query verify/q.py: only access lw @8002884C (func_8002872C; C code6cac_b.c:1095 compared with D_800A387C). Not text. | HAZARDS: Delete named_syms.txt:2774. Keep D_800A3134 (undefined_syms_auto.txt:891). C include/code6cac.h:284 extern s32. | FINAL REVIEW: [data] RESET: verifier's concrete contradiction reviewed and accepted; retires only the listed alias; no positive row depends on the retired name."
0x800A36B8,g_special_cam_win_byte_a; D_800A36B8,D_800A36B8,reset,Same facts as the RESET row: the CdlATV that func_80036140 linearly blends g_cd_atv toward over D_800A3854 CdMix calls and finally copies into g_cd_atv.,CONFIRM,"[data] own scan verify/xref.py (per-function forward dataflow over raw EXE words, value sets per reg + stack slot, branch/delay slots, jump tables, gp=0x800A30CC [MOVOVL gp=0x801F65D0], base-register + indexed + via-pointer accesses, constants passed as a0-a3 / stored to memory, every aligned EXE + MOVOVL data word); query verify/q.py: writes = func_80035F78 sb a1..a4 to +0..+3 (80035F7C/84/8C/9C); reads = func_80036140 lbu +0..+3 (80036154/1B0/20C/268) each interpolated with g_cd_atv+k by D_800A3840/D_800A3854, results sb to sp+0x10..0x13 then CdMix(sp+0x10) [VERIFIED]; at the end lwl/lwr copy X -> g_cd_atv (80036304-80036320). g_cd_atv = the CdMix CdlATV (CONFIRMed 09-24; it was the sibling 'g_special_cam_win_byte_b'). No other access/pointer. A CD-audio attenuation target, nothing camera. | HAZARDS: Delete named_syms.txt:1034 only. Keep D_800A36B8 (undefined_syms_auto.txt:963; sdata_syms.txt:228; maspsx_comm_syms.txt:20-21 name unchanged). C include/code6cac.h:312 extern CdlATV. | FINAL REVIEW: [data] RESET: verifier's concrete contradiction reviewed and accepted; retires only the listed alias; no positive row depends on the retired name."
0x800A3220,g_shadow_tex_state_b_plus_4,D_800A3220,reset,"Offset-derived ""+4 from g_shadow_tex_state_b (0x800A321C)""; the base is a word flag (lw/sw %gp_rel, 0/1 toggled in func_8003D2F4, C code6cac_c2.c:984-989). 0x800A3220 is a RECT {x=1008,y=476,w=16,h=36} (EXE; dlabel 91C98.data.s:2934 covers 8 bytes) whose only reference is func_8003D2C4 @8003D2D0 passing it as a0 of LoadImage [VERIFIED] (C code6cac_c2.c:972 LoadImage(&D_800A3220, &D_80090178)). A LoadImage RECT, not part of a state word.",CONFIRM,"[data] Base 0x800A321C is a 4-byte word (dlabel 91C98.data.s:2928, init 1); its only access is lw %gp_rel in func_8003D2F4 (bnez) - CORRECTION: the miner's '0/1 toggled' is D_800A3218, not 321C. 0x800A3220 own dlabel (:2934, 8 bytes) = RECT {1008,476,16,36}; own scan verify/xref.py (per-function forward dataflow over raw EXE words, value sets per reg + stack slot, branch/delay slots, jump tables, gp=0x800A30CC [MOVOVL gp=0x801F65D0], base-register + indexed + via-pointer accesses, constants passed as a0-a3 / stored to memory, every aligned EXE + MOVOVL data word); query verify/q.py: only ref func_8003D2C4 @8003D2D0 a0 of LoadImage [VERIFIED] @8003D2DC. Outside the state word; a LoadImage RECT. | HAZARDS: Delete named_syms.txt:2329 only (keep g_shadow_tex_state_b). D_800A3220 is defined by its dlabel (no registry line). C include/code6cac.h:287 extern u32; code6cac_c2.c:972. | FINAL REVIEW: [data] Own asm read: func_8003D2C4 LoadImage(&X, &D_80090178) - a RECT."
0x80090178,g_unlock_anim_char_table_plus_12,D_80090178,reset,"Offset-derived ""+12 from g_unlock_anim_char_table (0x8009016C)"", a 12-byte u8 ID table (bytes 00 01 02 03 04 05 0B 0A 0C 0D 00 00, own dlabel 7D920.data.s:4669) read by index in code6cac_c2.c:462. 0x80090178 has its own dlabel (7D920.data.s:4686) and its only reference is func_8003D2C4 @8003D2D8 passing it as the pixel pointer (a1) of LoadImage [VERIFIED] with RECT 16x36 (row 0x800A3220) - 16*36 16-bit pixels = 0x480 bytes of image data, not a char-ID table entry.",CONFIRM,"[data] Base 0x8009016C: 12-byte dlabel (7D920.data.s:4669) 00 01 02 03 04 05 0B 0A 0C 0D 00 00, read only by func_8003C040 @8003C204 lbu [D_800A38A4]; every writer of D_800A38A4 stores a constant 0..9 (func_80033BC0, func_80033FE4 x2, func_8003B5A4, func_8003C2C0, func_8003C560) so +12 is never indexed. 0x80090178: own dlabel 7D920.data.s:4686-4975 = exactly 0x480 bytes = 16*36*2; own scan verify/xref.py (per-function forward dataflow over raw EXE words, value sets per reg + stack slot, branch/delay slots, jump tables, gp=0x800A30CC [MOVOVL gp=0x801F65D0], base-register + indexed + via-pointer accesses, constants passed as a0-a3 / stored to memory, every aligned EXE + MOVOVL data word); query verify/q.py: only ref func_8003D2C4 @8003D2D8 a1 (pixel pointer) of LoadImage [VERIFIED] with RECT 16x36 (row 0x800A3220). Image data, not a char-table entry. | HAZARDS: Delete named_syms.txt:2754 only. D_80090178 defined by its dlabel. C include/code6cac.h:256 extern u32. | FINAL REVIEW: [data] Own asm read: pixel-pointer arg of the same LoadImage; image data."
0x80015620,D_80015620; g_pitch_lookup_table_128,g_sqrt_table,computation-restatement,"Table content read from disc/SLUS_006.63: 256 u16 at 0x80015620, T[i] == floor(512*sqrt(i)) for all i in 0..255, 0 mismatches (tmp/naming_sweep3/data/tabscan.py; also re-derived by the 2026-09-25 followups verifier: 256/256, and T[64..255] == Sony SQRT@0x8009C7A8[0..191]). raw-EXE scan tmp/naming_sweep3/data/vscan.py (every .text word decoded; lui/addiu/ori constant propagation, base-register + indexed accesses, gp-relative, plus aligned pointer words in rodata/.data; look.py adds MOVOVL.EXE overlay words): sole reference = math_SquareRoot0 [CORROBORATED computation-restatement, emulated bit-identical to Sony SquareRoot0 over [0,2^31)] @800526B4. Extent: C definition `const u32 D_80015620[128]` src/text1a_b_pre_rodata.c:175 = exactly the 512 bytes. Old alias ""pitch lookup (pitch/freq curve)"" is contradicted: the only consumer uses it as a square-root table.",CONFIRM,"[data] verify/tables.py (exact integer math.isqrt, own formula): u16 T[i] == floor(512*sqrt(i)) == isqrt(262144*i) for ALL i in 0..255, 0 mismatches; first mismatch i=256 (0x80015820, next object) -> extent exactly 512 bytes = C `const u32 D_80015620[128]` (src/text1a_b_pre_rodata.c:175). T[64..255] == Sony SQRT@0x8009C7A8[0..191] (192/192). own scan verify/xref.py (per-function forward dataflow over raw EXE words, value sets per reg + stack slot, branch/delay slots, jump tables, gp=0x800A30CC [MOVOVL gp=0x801F65D0], base-register + indexed + via-pointer accesses, constants passed as a0-a3 / stored to memory, every aligned EXE + MOVOVL data word); query verify/q.py: sole consumer math_SquareRoot0 [CORROBORATED] (form @800526B4, lh indexed @800526D0/800526F4). Content-name class = g_sin_table precedent (09-24 CONFIRM, computation-restatement). 'pitch lookup' is contradicted by content and consumer. Name claims only 'square-root table'; scale 512 stays in evidence. No collision. | HAZARDS: C DEFINITION rename: src/text1a_b_pre_rodata.c:175 (+comment :174). asm/funcs/math_SquareRoot0.s:6-7 (INCLUDE_ASM text1b.c:1474; inline_asm_canonical.txt:148 key) and asm/text1b.s:11591 reference %hi/%lo(D_80015620) and D_80015620 has NO undefined_syms_auto line (today it resolves from the C definition) -> either rename the asm reference or ADD `D_80015620 = 0x80015620;` alias, else link breaks. Retire g_pitch_lookup_table_128 named_syms.txt:862; named_syms.txt:3059 comment mentions D_80015620. | FINAL REVIEW: [data] Own recompute: u16 T[i]==isqrt(262144*i)=floor(512*sqrt(i)) for i 0..255, 0 mismatches; T[256] breaks; T[64..255]==Sony SQRT@0x8009C7A8[0..191]. Name claims 'sqrt table' only. Do not add _u16: the consumer loads with lh."
0x8008D118,D_8008D118; g_isqrt_lut; g_module_type_tbl,g_sqrt_table_u8,computation-restatement,"Table content read from the EXE: 1024 u8 at 0x8008D118..0x8008D517, T[i] == isqrt(64*i) == floor(8*sqrt(i)) for all i in 0..1023, 0 mismatches (T[1024..] = 00 04 00 00 differs: next object). Extent = 8 bytes emitted by src/main.c:4415-4420 (label g_module_type_tbl, .word 0x0D0B0800 0x15131110) + dlabel D_8008D120 (asm/data/7D920.data.s:9-264, ends exactly at 0x8008D518). Every access is `lbu %lo(D_8008D118)(at+idx)` (~60 C sites, e.g. code6cac.c:459/518, code6cac_b.c:437/464: T[x]>>3 for small x, T[x>>shift] with GTE LZCR shift otherwise) - an integer square root. ""module type indices"" (g_module_type_tbl) is contradicted: no dispatch/mode code reads it; all readers index it by a sum of squares.",CONFIRM,"[data] CONFIRM WITH NAME CORRECTION. verify/tables.py: u8 T[i] == floor(8*sqrt(i)) == isqrt(64*i) for ALL i in 0..1023, 0 mismatches (round variant: 520 mismatches); first mismatch i=1024 (0x8008D518 = next dlabel D_8008D518, bytes 00 04 00 00). Extent = 8 bytes in src/main.c DelDrv inline asm (label g_module_type_tbl, .word 0x0D0B0800 0x15131110 = T[0..7]) + dlabel D_8008D120 (7D920.data.s:9-264, ends 0x8008D517). own scan verify/xref.py (per-function forward dataflow over raw EXE words, value sets per reg + stack slot, branch/delay slots, jump tables, gp=0x800A30CC [MOVOVL gp=0x801F65D0], base-register + indexed + via-pointer accesses, constants passed as a0-a3 / stored to memory, every aligned EXE + MOVOVL data word); query verify/q.py: all 58 accesses are indexed lbu (no other kind, no pointer word). 'module type indices' contradicted by content. WHY NOT g_isqrt_lut: 'isqrt' is read as inverse-sqrt - the repo's own docs/naming/data_evidence/D_8008D118.md says 'This is the inverse-sqrt LUT', which is false (forward sqrt), and the neighbouring 0x800154A0 table is a true reciprocal-sqrt table; a demonstrated misreading = misleading name. g_sqrt_table_u8 claims only 'square-root table, u8 entries'. No collision. | HAZARDS: DOUBLE REGISTRATION today: object-defined `.global g_module_type_tbl` (.type @function) in src/main.c:4415-4418 inside the DelDrv inline asm (main.o .text) + linker-script assignments g_isqrt_lut (named_syms.txt:327) and D_8008D118 (undefined_syms_auto.txt:33) - three names, one address, links today. APPLY: (1) rename the main.c label (4415/4416/4417/4418) and include/code6cac.h:11 `extern u8 g_module_type_tbl` to the final name; (2) remove named_syms.txt:327 g_isqrt_lut (+942 comment) and symbol_addrs.txt:226 g_module_type_tbl; do NOT add a named_syms line for the object-defined name (rsin_tbl/SQRT 09-07 mechanics); (3) KEEP D_8008D118 (undefined_syms_auto.txt:33) unless every user is renamed: 24 asm/funcs/*.s + C externs code6cac.c:20, code6cac_b.c:431/4989 + ~58 C sites (the miner's 'retire undefined_syms_auto.txt:33' would break the link); (4) tools/board_sync.py:61 _MAP_EXCLUDE and inline_asm_canonical.txt:129 (DelDrv prose) name g_module_type_tbl; (5) correct docs/naming/data_evidence/D_8008D118.md ('inverse-sqrt'). Table straddles .text(main.o)/.data(D_8008D120). | FINAL REVIEW: [data] Own recompute: u8 T[i]==isqrt(64*i)=floor(8*sqrt(i)) for i 0..1023, 0 mismatches; T[1024]=0 breaks. Verifier's corrected name g_sqrt_table_u8 kept: 'isqrt' is ambiguous (repo doc reads it as inverse sqrt, which is false); _u8 is true (all accesses lbu) and separates it from g_sqrt_table."
0x800154A0,D_800154A0; g_text1b_addr_800154A0,g_rsqrt_table,computation-restatement,"Table content read from the EXE: 192 s16 at 0x800154A0, T[i] == floor(4096*sqrt(64/(64+i))) (= 4096/sqrt(1+i/64)) for all i in 0..191, 0 mismatches (T[0]=4096, T[1]=4064, T[191]=2052; T[192]=0 is the next object 0x80015620). Extent: C definition `const u32 D_800154A0[96]` src/text1a_b_pre_rodata.c:75 = exactly 384 bytes. raw-EXE scan tmp/naming_sweep3/data/vscan.py (every .text word decoded; lui/addiu/ori constant propagation, base-register + indexed accesses, gp-relative, plus aligned pointer words in rodata/.data; look.py adds MOVOVL.EXE overlay words): sole reference func_800525D8 @80052654.",CONFIRM,"[data] verify/tables.py: s16 T[i] == floor(4096*sqrt(64/(64+i))) == isqrt(4096^2*64 // (64+i)) for ALL i in 0..191, 0 mismatches (round variant 99 mismatches); identically T[i] == floor(32768/sqrt(64+i)) = 2^15 * rsqrt(64+i) -> 'rsqrt' (reciprocal square root) is TRUE of the content (index is the normalised mantissa 64+i; T[0]=4096, T[191]=2052). First mismatch i=192 = 0x80015620 (next table) -> extent 384 bytes = C `const u32 D_800154A0[96]` (text1a_b_pre_rodata.c:75). own scan verify/xref.py (per-function forward dataflow over raw EXE words, value sets per reg + stack slot, branch/delay slots, jump tables, gp=0x800A30CC [MOVOVL gp=0x801F65D0], base-register + indexed + via-pointer accesses, constants passed as a0-a3 / stored to memory, every aligned EXE + MOVOVL data word); query verify/q.py: sole consumer func_800525D8 (form @80052654, lh indexed @8005265C); the func_80049F4C copy near it stops at 0x8001541B. Name claims nothing about func_800525D8 (held gte_NormalizeIR stays unnamed). Old alias is a mechanical label. No collision. | HAZARDS: C DEFINITION rename: src/text1a_b_pre_rodata.c:75 (+comment :74). asm/funcs/func_800525D8.s:34-35 (INCLUDE_ASM text1b.c:1460; inline_asm_canonical.txt:184 key) and asm/text1b.s:11561 reference D_800154A0, which has NO undefined_syms_auto line -> rename the asm reference or add a `D_800154A0 = 0x800154A0;` alias. Retire named_syms.txt:2544. | FINAL REVIEW: [data] Own recompute: s16 T[i]==floor(32768/sqrt(64+i)) for i 0..191, 0 mismatches (exact integer test); T[0]=4096, T[191]=2052, T[192] breaks. Reciprocal sqrt is true of the content; indexing/scale stay in the evidence."
0x800F5370,D_800F5370; g_scratchpad_save,g_scratchpad_save,computation-restatement (upgrade),"Pair-private state of the CONFIRMed computation-restatement pair scratchpad_Save/scratchpad_Restore (census CORROBORATED; owner ruling 2026-09-25 item 4 names this pair as a first use): scratchpad_Save copies ((u32*)0x1F800000)[0..0xF7] to 0x800F5370[i], scratchpad_Restore the inverse (emulated 0 mismatches, 25b). raw-EXE scan tmp/naming_sweep3/data/vscan.py (every .text word decoded; lui/addiu/ori constant propagation, base-register + indexed accesses, gp-relative, plus aligned pointer words in rodata/.data; look.py adds MOVOVL.EXE overlay words) over 0x800F5370..0x800F574F (0x3E0 bytes): only func_80017F28 (@80017F30 addr, @80017F44 sw) and func_80017F5C (@80017F60 addr, @80017F6C lw); no indexed access from a lower base reaches it (previous objects: g_mario_* up to 0x800F5368), next object 0x800F5750 is libsnd (SsUtSetReverbDepth/Type); no pointer word in EXE or MOVOVL.",CONFIRM,"[data] Pair-private state (ruling 2026-09-25 item 4; pair scratchpad_Save/Restore CORROBORATED). Bodies re-read: func_80017F28 copies 0xF8 words 0x1F800000.. -> 0x800F5370.. (sltiu 0xF8), func_80017F5C the inverse: object = 0x3E0 bytes 0x800F5370..0x800F574F; next object _svm_rattr 0x800F5750 (libsnd). own scan verify/xref.py (per-function forward dataflow over raw EXE words, value sets per reg + stack slot, branch/delay slots, jump tables, gp=0x800A30CC [MOVOVL gp=0x801F65D0], base-register + indexed + via-pointer accesses, constants passed as a0-a3 / stored to memory, every aligned EXE + MOVOVL data word); query verify/q.py over 0x800F5170..0x800F574F: accesses/forms only in those two functions; no pointer word (EXE or MOVOVL), no arg, no ptrstore. Lower objects verified not to reach it: _svm_voice[24] x0x36 = 0x800F4E18..0x800F5327 (_SsVmFlush loop bound _SsVmMaxVoice); func_8001E404 copies 0x44 bytes from 0x800F5328 (to 0x800F536B); other scanner hits there are loop over-approximation. Name restates the pair role only. | HAZARDS: C: src/ings.c:43 `extern u32 D_800F5370` -> g_scratchpad_save (uses :935/:942); no other decl/header. named_syms.txt:432 keep line but drop the unproven 'used by IRQ context save/restore' comment (427/428 comments fine). D_800F5370 (undefined_syms_auto.txt:576) referenced only by unlinked asm/funcs/func_80017F28.s / func_80017F5C.s (both decompiled in ings.c) -> may retire. Not sdata. BSS. | FINAL REVIEW: [data] Own raw lui/lo + data-word scan of 0x800F5328..0x800F574F: only 0x80017F30/0x80017F60 (scratchpad_Save/Restore) touch >=0x800F5370. The 0x800F5328 base users (func_8001B478/8001B748/8001E404/8001E6E4) reach at most +0x43 (offsets checked; a0 in 8001B748 is reassigned before its +0x184 loads). Pair-private holds."
0x800A368C,D_800A368C; g_comb_recv_buf_plus_4,g_comb_recv_buf_plus_0x4,api-restatement,"Member of the CONFIRMed 8-byte g_comb_recv_buf (09-24): comb_Read8.s:3-8 `read(g_comb_read_fd, &g_comb_recv_buf, 8)` [read VERIFIED] fills 0x800A3688..0x800A368F, so 0x800A368C is bytes 4..7 of that buffer; read back by comb_WaitRead8 @8003A690 (lw a0; C code6cac_c_mid.c:1797) next to its +0 read. raw-EXE scan tmp/naming_sweep3/data/vscan.py (every .text word decoded; lui/addiu/ori constant propagation, base-register + indexed accesses, gp-relative, plus aligned pointer words in rodata/.data; look.py adds MOVOVL.EXE overlay words): no other access.",CONFIRM,"[data] Base g_comb_recv_buf 0x800A3688 CONFIRMed 09-24 (data-api-restatement). Re-read comb_Read8: a1=&g_comb_recv_buf, a0=g_comb_read_fd, a2=8, jal read [VERIFIED LIBAPI] -> fills 0x800A3688..0x800A368F; 0x800A368C = bytes 4..7 inside the 8-byte object. own scan verify/xref.py (per-function forward dataflow over raw EXE words, value sets per reg + stack slot, branch/delay slots, jump tables, gp=0x800A30CC [MOVOVL gp=0x801F65D0], base-register + indexed + via-pointer accesses, constants passed as a0-a3 / stored to memory, every aligned EXE + MOVOVL data word); query verify/q.py: 0x800A368C only lw base @8003A690 in comb_WaitRead8 [CORROBORATED] next to its gp lw of +0; no other access. Spelling-only rename to the house _plus_0xN member convention (g_pad_buf_plus_0x4, _spu_RQ_plus_0x4). | HAZARDS: Retire named_syms.txt:2361 g_comb_recv_buf_plus_4. C: include/code6cac.h:293 extern s32 D_800A368C (use code6cac_c_mid.c:1797). HAZARD: sdata_exclude.txt:20 `comb_WaitRead8: D_800A368C` must follow the rename if the C symbol is renamed; keep it OUT of sdata_syms (lui-addressed, unlike +0 which is gp-rel). undefined_syms_auto.txt:955 D_800A368C. | FINAL REVIEW: [data] comb_Read8 asm: read(g_comb_read_fd, &g_comb_recv_buf=0x800A3688, 8) -> 0x800A368C is bytes 4..7. Spelling-only change to _plus_0xN."
0x800A369C,D_800A369C; g_pad_rec_current_hash,g_comb_send_buf_plus_0x4,api-restatement,"Member of the CONFIRMed 8-byte g_comb_send_buf (09-24): comb_Write8.s:60-64 `write(g_comb_write_fd, &g_comb_send_buf, 8)` [write VERIFIED] transmits 0x800A3698..0x800A369F, so 0x800A369C is bytes 4..7 of the sent buffer. raw-EXE scan tmp/naming_sweep3/data/vscan.py (every .text word decoded; lui/addiu/ori constant propagation, base-register + indexed accesses, gp-relative, plus aligned pointer words in rodata/.data; look.py adds MOVOVL.EXE overlay words): only func_8003A728 (sw @8003A7B4 before comb_Write8(&g_comb_send_buf); lw @8003AA0C copied to D_800A36D4; C code6cac_c_mid.c:1886/1957).",CONFIRM,"[data] Base g_comb_send_buf 0x800A3698 CONFIRMed 09-24. Re-read comb_Write8: a1=&g_comb_send_buf, a0=g_comb_write_fd, a2=8, jal write [VERIFIED] -> transmits 0x800A3698..0x800A369F; 0x800A369C = bytes 4..7. own scan verify/xref.py (per-function forward dataflow over raw EXE words, value sets per reg + stack slot, branch/delay slots, jump tables, gp=0x800A30CC [MOVOVL gp=0x801F65D0], base-register + indexed + via-pointer accesses, constants passed as a0-a3 / stored to memory, every aligned EXE + MOVOVL data word); query verify/q.py: only func_8003A728: sw @8003A7B4 (a0 = 4|v0) before comb_Write8(&g_comb_send_buf) (a0 forms @8003A7DC/8003A868), lw @8003AA0C copied to D_800A36D4. 'pad-record hash' is unsupported; the member name is API-proven. | HAZARDS: Retire named_syms.txt:1073 g_pad_rec_current_hash (+ stale comment :1069). C: src/code6cac_c_mid.c:1827 and include/code6cac.h:295 both `extern s32 D_800A369C` (same type; rename both or neither); comments code6cac_c_mid.c:1856/1869. Not in sdata_syms/sdata_exclude. undefined_syms_auto.txt:958. | FINAL REVIEW: [data] comb_Write8 asm @8003A524-34: write(g_comb_write_fd, &g_comb_send_buf=0x800A3698, 8) -> 0x800A369C is bytes 4..7. Member name API-proven; old 'pad-rec hash' unsupported."
0x800EEDB0,g_cam_matrix; g_camera_matrix_data,D_800EEDB0,reset,"0x800EEDB0..0x800EEDC1 is one s16 m[3][3] written only by func_80046F24 (camera_InitMatrix, C src/sound.c:398): sh $zero -> +4,+6,+8,+A,+C (@80046FA4/FAC/FB4/FBC/FC4), sh 0x1000 -> +0 and +0x10 (@80046FD0/FD8), sh -(x<<12)/y -> +2 (@80046FEC), sh -(z<<12)/y -> +0xE (@80047000), with x,y,z = lh 0x800F62F8/FA/FC (@80046F28/30/68). So M = [[1,-a,0],[0,0,0],[0,-b,1]] (x4096): row 1 is all zero, the matrix is singular (rank 2). Its only other user is func_8004700C (camera_Transform, C sound.c:417): gte_MulMatrix0ClearTrans(&M, a0, a1) [CORROBORATED] then a1.t.y = a2 and a1.t.x/z = a0.t.x/z + ((a0.t.y - a2)*m[0][1] or m[2][1]) >> 12 (@80047040-80047090): every point is mapped onto the plane y = a2, sheared along the direction (a,1,b) = a planar (shadow) projection. The inputs x,y,z are row 0 of the GTE light matrix (rows 0x800F62F8..FC). raw-EXE scan tmp/naming_sweep3/data/vscan.py (all .text words, lui/addiu constant propagation, base-register and indexed accesses, gp-rel, pointer words in rodata/.data; look.py adds MOVOVL.EXE) over 0x800EEDB0..C1: only func_80046F24 (9 sh) and func_8004700C (addr @8004702C, lh +2 @80047048, lh +0xE @80047074); the IDX hits below it belong to the D_800EED10 10x0x10 table that ends at 0x800EEDB0; no pointer word, not gp-reachable. Caller of func_8004700C is func_8004A940 @8004AE18, which then applies the view (subtracts D_800A3708+0x2C.. and MulMatrix2 [VERIFIED]) as a separate step, exactly as it does for ordinary node world matrices (@8004AAA4) - so this matrix fills a node-world-matrix slot. A singular, y-collapsing projection is not a camera/rotation matrix, and nothing in its writer or reader reads camera data. Re-derived independently of (and in agreement with) tmp/naming_sweep3/inferred/verify/verdicts.csv rows 0x80046F24/0x8004700C.",CONFIRM,"[data] Claims: g_cam_matrix 'camera rotation matrix base' (symbol_addrs.txt:141); g_camera_matrix_data 'base of camera matrix struct ... m[0]=0x1000' (named_syms.txt:556). Own re-derivation (tmp/naming_sweep3/inferred/verify/refscan_v.py + loscan_v.py, raw EXE): func_80046F24 stores 0x800EEDB0 +0=0x1000 @80046FD0, +2=-(lh 800F62F8<<12)/lh 800F62FA @80046FEC, +4/+6/+8/+A/+C=$zero @80046FA4/FAC/FB4/FBC/FC4, +E=-(lh 800F62FC<<12)/lh 800F62FA @80047000, +10=0x1000 @80046FD8 -> [[1,-a,0],[0,0,0],[0,-b,1]], row 1 zero, singular. Only other reader func_8004700C (addr @8004702C as RT source of gte_MulMatrix0ClearTrans [CORROBORATED], lh +2 @80047048, lh +E @80047074): planar projection onto y=a2; its caller func_8004A940 @8004AE18 applies the view afterwards (D_800A3708+0x2C subtract, MulMatrix2(s6,..) [VERIFIED]) exactly as for ordinary node world matrices (@8004AAA4), so this matrix is not the camera/view matrix. 0x800EEDB0-CF: no other lui/lo, gp or data-word reference; the D_800EED10 table (10x0x10) ends at 0x800EEDB0. A rotation matrix has no zero row; this is a singular light-direction projection whose inputs are row 0 of the GTE light matrix (D_800F62E0 rec0+0x18; func_8004A940 ctc2 $8-$12 @8004AD08-18). Both names contradicted. | HAZARDS: C: src/sound.c:52 `extern s16 g_cam_matrix;` + uses :411 (=0x1000) and :420 (&g_cam_matrix to gte_MulMatrix0ClearTrans, void* proto) -> whole-word rename to D_800EEDB0, s16 unchanged, no existing C decl of D_800EEDB0. data_wave (tools/data_wave.py read): olds={g_cam_matrix,g_camera_matrix_data}; named_syms.txt:114 rewritten to `D_800EEDB0 = 0x800EEDB0; /* data-wave: was g_cam_matrix */`, :556 dropped as a same-file duplicate; undefined_syms_auto.txt:1399 rewritten to a SECOND `D_800EEDB0 = 0x800EEDB0;` in that file (:297 is not in code_map so never enters `seen`) - identical re-assignment, same outcome as prior D_ resets (named_syms.txt:128-135), harmless, may be deleted by hand; symbol_addrs.txt:141 keeps its tail `// camera rotation matrix base` (data_wave preserves the trailing comment) -> strip by hand. Prose block comment named_syms.txt:1584-1586 (names g_camera_matrix_data/g_cam_matrix) stays stale -> edit by hand. bb2.map lists D_800EEDB0 only as a script assignment (not object-defined) -> objdef path not taken. Header closure of src/sound.c = common.h, include_asm.h, sound.h, game.h, code6cac.h, gte.h (each includes only common.h): none declares any g_cam_*/g_camera_*/D_800EEDB*/D_800EEDC0/D_800F62F* name -> no dual-alias type conflict; no other src/include/asm/bb2.ld/gate-list reference. Not in sdata_syms.txt/sdata_exclude.txt/volatile_extern_allowlist.txt/maspsx_comm_syms.txt (and not gp-reachable: gp=0x800A30CC). No tools/engine .py string refs. | FINAL REVIEW: [data] Base-matrix contradiction re-derived (see 0x80046F24): singular light-direction projection, not a camera matrix."
0x800EEDB2,g_cam_matrix_m1,D_800EEDB2,reset,"Member alias (+0x2, m[0][1]) of the 0x800EEDB0 matrix; the whole row 0x800EEDB0 applies: the object is a singular planar-projection matrix, not a camera matrix, so every g_cam_matrix_* name is contradicted. Own write: func_80046F24 @80046FEC (-(x<<12)/y).",CONFIRM,"[data] Member alias m[0][1] (offset +0x2; mK = base+2K = LIBGTE MATRIX short m[3][3] row-major) of the 0x800EEDB0 matrix. The name's specific claim is 'element m[0][1] of the camera matrix': the index part is true, the 'cam' part is contradicted. Own write: @80046FEC = -(L11<<12)/L12 (L = light-1 direction components). Its prose 'cos-derived (Y-projection)' is also false: a ratio of two light-direction components, not a cosine; read by func_8004700C @80047048 as the x-shear of the y=a2 projection. Membership: the 9 halfwords 0x800EEDB0..C1 are exactly the 3x3 that gte_MulMatrix0ClearTrans loads into RT from &D_800EEDB0 @80047038. Own re-derivation (tmp/naming_sweep3/inferred/verify/refscan_v.py + loscan_v.py, raw EXE): func_80046F24 stores 0x800EEDB0 +0=0x1000 @80046FD0, +2=-(lh 800F62F8<<12)/lh 800F62FA @80046FEC, +4/+6/+8/+A/+C=$zero @80046FA4/FAC/FB4/FBC/FC4, +E=-(lh 800F62FC<<12)/lh 800F62FA @80047000, +10=0x1000 @80046FD8 -> [[1,-a,0],[0,0,0],[0,-b,1]], row 1 zero, singular. Only other reader func_8004700C (addr @8004702C as RT source of gte_MulMatrix0ClearTrans [CORROBORATED], lh +2 @80047048, lh +E @80047074): planar projection onto y=a2; its caller func_8004A940 @8004AE18 applies the view afterwards (D_800A3708+0x2C subtract, MulMatrix2(s6,..) [VERIFIED]) exactly as for ordinary node world matrices (@8004AAA4), so this matrix is not the camera/view matrix. 0x800EEDB0-CF: no other lui/lo, gp or data-word reference; the D_800EED10 table (10x0x10) ends at 0x800EEDB0. | HAZARDS: Registry-only g_: named_syms.txt:1587 (sole definition; not in symbol_addrs/undefined_syms_auto). C already uses D_800EEDB2 only (src/sound.c:53 `extern s16`), so data_wave's C pass is a no-op; the registry line becomes `D_800EEDB2 = 0x800EEDB2; <old tail> /* data-wave: was g_cam_matrix_m1 */` - the preserved tail comment should be stripped by hand where it asserts 'cos/sin-derived'/'identity'. \b regex: g_cam_matrix does not match inside g_cam_matrix_mN (_ is a word char) and each mN maps to a distinct D_ target -> no 'mapped to two targets' abort. Header closure of src/sound.c = common.h, include_asm.h, sound.h, game.h, code6cac.h, gte.h (each includes only common.h): none declares any g_cam_*/g_camera_*/D_800EEDB*/D_800EEDC0/D_800F62F* name -> no dual-alias type conflict; no other src/include/asm/bb2.ld/gate-list reference. Not in sdata_syms.txt/sdata_exclude.txt/volatile_extern_allowlist.txt/maspsx_comm_syms.txt (and not gp-reachable: gp=0x800A30CC). No tools/engine .py string refs. | FINAL REVIEW: [data] RESET: verifier's concrete contradiction reviewed and accepted; retires only the listed alias; no positive row depends on the retired name. Membership-only contradiction for a matrix-element alias is valid because the base matrix's camera identity is itself contradicted (0x800EEDB0)."
0x800EEDB4,g_cam_matrix_m2,D_800EEDB4,reset,"Member alias (+0x4, m[0][2]) of the 0x800EEDB0 matrix; the whole row 0x800EEDB0 applies: the object is a singular planar-projection matrix, not a camera matrix, so every g_cam_matrix_* name is contradicted. Own write: func_80046F24 @80046FA4 ($zero).",CONFIRM,"[data] Member alias m[0][2] (offset +0x4; mK = base+2K = LIBGTE MATRIX short m[3][3] row-major) of the 0x800EEDB0 matrix. The name's specific claim is 'element m[0][2] of the camera matrix': the index part is true, the 'cam' part is contradicted. Own write: @80046FA4 = 0. Its value alone contradicts nothing; the contradiction is by membership (the name's only claim is 'element of the camera matrix'). Membership: the 9 halfwords 0x800EEDB0..C1 are exactly the 3x3 that gte_MulMatrix0ClearTrans loads into RT from &D_800EEDB0 @80047038. Own re-derivation (tmp/naming_sweep3/inferred/verify/refscan_v.py + loscan_v.py, raw EXE): func_80046F24 stores 0x800EEDB0 +0=0x1000 @80046FD0, +2=-(lh 800F62F8<<12)/lh 800F62FA @80046FEC, +4/+6/+8/+A/+C=$zero @80046FA4/FAC/FB4/FBC/FC4, +E=-(lh 800F62FC<<12)/lh 800F62FA @80047000, +10=0x1000 @80046FD8 -> [[1,-a,0],[0,0,0],[0,-b,1]], row 1 zero, singular. Only other reader func_8004700C (addr @8004702C as RT source of gte_MulMatrix0ClearTrans [CORROBORATED], lh +2 @80047048, lh +E @80047074): planar projection onto y=a2; its caller func_8004A940 @8004AE18 applies the view afterwards (D_800A3708+0x2C subtract, MulMatrix2(s6,..) [VERIFIED]) exactly as for ordinary node world matrices (@8004AAA4), so this matrix is not the camera/view matrix. 0x800EEDB0-CF: no other lui/lo, gp or data-word reference; the D_800EED10 table (10x0x10) ends at 0x800EEDB0. | HAZARDS: Registry-only g_: named_syms.txt:1588 (sole definition; not in symbol_addrs/undefined_syms_auto). C already uses D_800EEDB4 only (src/sound.c:69 `extern s16`), so data_wave's C pass is a no-op; the registry line becomes `D_800EEDB4 = 0x800EEDB4; <old tail> /* data-wave: was g_cam_matrix_m2 */` - the preserved tail comment should be stripped by hand where it asserts 'cos/sin-derived'/'identity'. \b regex: g_cam_matrix does not match inside g_cam_matrix_mN (_ is a word char) and each mN maps to a distinct D_ target -> no 'mapped to two targets' abort. Header closure of src/sound.c = common.h, include_asm.h, sound.h, game.h, code6cac.h, gte.h (each includes only common.h): none declares any g_cam_*/g_camera_*/D_800EEDB*/D_800EEDC0/D_800F62F* name -> no dual-alias type conflict; no other src/include/asm/bb2.ld/gate-list reference. Not in sdata_syms.txt/sdata_exclude.txt/volatile_extern_allowlist.txt/maspsx_comm_syms.txt (and not gp-reachable: gp=0x800A30CC). No tools/engine .py string refs. | FINAL REVIEW: [data] RESET: verifier's concrete contradiction reviewed and accepted; retires only the listed alias; no positive row depends on the retired name. Membership-only contradiction for a matrix-element alias is valid because the base matrix's camera identity is itself contradicted (0x800EEDB0)."
0x800EEDB6,g_cam_matrix_m3,D_800EEDB6,reset,"Member alias (+0x6, m[1][0]) of the 0x800EEDB0 matrix; the whole row 0x800EEDB0 applies: the object is a singular planar-projection matrix, not a camera matrix, so every g_cam_matrix_* name is contradicted. Own write: func_80046F24 @80046FAC ($zero).",CONFIRM,"[data] Member alias m[1][0] (offset +0x6; mK = base+2K = LIBGTE MATRIX short m[3][3] row-major) of the 0x800EEDB0 matrix. The name's specific claim is 'element m[1][0] of the camera matrix': the index part is true, the 'cam' part is contradicted. Own write: @80046FAC = 0; one of the three zeros of row 1 that make the matrix singular - itself incompatible with a camera rotation matrix. Membership: the 9 halfwords 0x800EEDB0..C1 are exactly the 3x3 that gte_MulMatrix0ClearTrans loads into RT from &D_800EEDB0 @80047038. Own re-derivation (tmp/naming_sweep3/inferred/verify/refscan_v.py + loscan_v.py, raw EXE): func_80046F24 stores 0x800EEDB0 +0=0x1000 @80046FD0, +2=-(lh 800F62F8<<12)/lh 800F62FA @80046FEC, +4/+6/+8/+A/+C=$zero @80046FA4/FAC/FB4/FBC/FC4, +E=-(lh 800F62FC<<12)/lh 800F62FA @80047000, +10=0x1000 @80046FD8 -> [[1,-a,0],[0,0,0],[0,-b,1]], row 1 zero, singular. Only other reader func_8004700C (addr @8004702C as RT source of gte_MulMatrix0ClearTrans [CORROBORATED], lh +2 @80047048, lh +E @80047074): planar projection onto y=a2; its caller func_8004A940 @8004AE18 applies the view afterwards (D_800A3708+0x2C subtract, MulMatrix2(s6,..) [VERIFIED]) exactly as for ordinary node world matrices (@8004AAA4), so this matrix is not the camera/view matrix. 0x800EEDB0-CF: no other lui/lo, gp or data-word reference; the D_800EED10 table (10x0x10) ends at 0x800EEDB0. | HAZARDS: Registry-only g_: named_syms.txt:1589 (sole definition; not in symbol_addrs/undefined_syms_auto). C already uses D_800EEDB6 only (src/sound.c:70 `extern s16`), so data_wave's C pass is a no-op; the registry line becomes `D_800EEDB6 = 0x800EEDB6; <old tail> /* data-wave: was g_cam_matrix_m3 */` - the preserved tail comment should be stripped by hand where it asserts 'cos/sin-derived'/'identity'. \b regex: g_cam_matrix does not match inside g_cam_matrix_mN (_ is a word char) and each mN maps to a distinct D_ target -> no 'mapped to two targets' abort. Header closure of src/sound.c = common.h, include_asm.h, sound.h, game.h, code6cac.h, gte.h (each includes only common.h): none declares any g_cam_*/g_camera_*/D_800EEDB*/D_800EEDC0/D_800F62F* name -> no dual-alias type conflict; no other src/include/asm/bb2.ld/gate-list reference. Not in sdata_syms.txt/sdata_exclude.txt/volatile_extern_allowlist.txt/maspsx_comm_syms.txt (and not gp-reachable: gp=0x800A30CC). No tools/engine .py string refs. | FINAL REVIEW: [data] RESET: verifier's concrete contradiction reviewed and accepted; retires only the listed alias; no positive row depends on the retired name. Membership-only contradiction for a matrix-element alias is valid because the base matrix's camera identity is itself contradicted (0x800EEDB0)."
0x800EEDB8,g_cam_matrix_m4,D_800EEDB8,reset,"Member alias (+0x8, m[1][1]) of the 0x800EEDB0 matrix; the whole row 0x800EEDB0 applies: the object is a singular planar-projection matrix, not a camera matrix, so every g_cam_matrix_* name is contradicted. Own write: func_80046F24 @80046FB4 ($zero; m[1][1]=0 makes row 1 zero).",CONFIRM,"[data] Member alias m[1][1] (offset +0x8; mK = base+2K = LIBGTE MATRIX short m[3][3] row-major) of the 0x800EEDB0 matrix. The name's specific claim is 'element m[1][1] of the camera matrix': the index part is true, the 'cam' part is contradicted. Own write: @80046FB4 = 0; the diagonal element the 09-25 KEEP took to be 0x1000 - its own value zeroes row 1, directly contradicting a camera/rotation matrix. Membership: the 9 halfwords 0x800EEDB0..C1 are exactly the 3x3 that gte_MulMatrix0ClearTrans loads into RT from &D_800EEDB0 @80047038. Own re-derivation (tmp/naming_sweep3/inferred/verify/refscan_v.py + loscan_v.py, raw EXE): func_80046F24 stores 0x800EEDB0 +0=0x1000 @80046FD0, +2=-(lh 800F62F8<<12)/lh 800F62FA @80046FEC, +4/+6/+8/+A/+C=$zero @80046FA4/FAC/FB4/FBC/FC4, +E=-(lh 800F62FC<<12)/lh 800F62FA @80047000, +10=0x1000 @80046FD8 -> [[1,-a,0],[0,0,0],[0,-b,1]], row 1 zero, singular. Only other reader func_8004700C (addr @8004702C as RT source of gte_MulMatrix0ClearTrans [CORROBORATED], lh +2 @80047048, lh +E @80047074): planar projection onto y=a2; its caller func_8004A940 @8004AE18 applies the view afterwards (D_800A3708+0x2C subtract, MulMatrix2(s6,..) [VERIFIED]) exactly as for ordinary node world matrices (@8004AAA4), so this matrix is not the camera/view matrix. 0x800EEDB0-CF: no other lui/lo, gp or data-word reference; the D_800EED10 table (10x0x10) ends at 0x800EEDB0. | HAZARDS: Registry-only g_: named_syms.txt:1590 (sole definition; not in symbol_addrs/undefined_syms_auto). C already uses D_800EEDB8 only (src/sound.c:71 `extern s16`), so data_wave's C pass is a no-op; the registry line becomes `D_800EEDB8 = 0x800EEDB8; <old tail> /* data-wave: was g_cam_matrix_m4 */` - the preserved tail comment should be stripped by hand where it asserts 'cos/sin-derived'/'identity'. \b regex: g_cam_matrix does not match inside g_cam_matrix_mN (_ is a word char) and each mN maps to a distinct D_ target -> no 'mapped to two targets' abort. Header closure of src/sound.c = common.h, include_asm.h, sound.h, game.h, code6cac.h, gte.h (each includes only common.h): none declares any g_cam_*/g_camera_*/D_800EEDB*/D_800EEDC0/D_800F62F* name -> no dual-alias type conflict; no other src/include/asm/bb2.ld/gate-list reference. Not in sdata_syms.txt/sdata_exclude.txt/volatile_extern_allowlist.txt/maspsx_comm_syms.txt (and not gp-reachable: gp=0x800A30CC). No tools/engine .py string refs. | FINAL REVIEW: [data] RESET: verifier's concrete contradiction reviewed and accepted; retires only the listed alias; no positive row depends on the retired name. Membership-only contradiction for a matrix-element alias is valid because the base matrix's camera identity is itself contradicted (0x800EEDB0)."
0x800EEDBA,g_cam_matrix_m5,D_800EEDBA,reset,"Member alias (+0xA, m[1][2]) of the 0x800EEDB0 matrix; the whole row 0x800EEDB0 applies: the object is a singular planar-projection matrix, not a camera matrix, so every g_cam_matrix_* name is contradicted. Own write: func_80046F24 @80046FBC ($zero).",CONFIRM,"[data] Member alias m[1][2] (offset +0xa; mK = base+2K = LIBGTE MATRIX short m[3][3] row-major) of the 0x800EEDB0 matrix. The name's specific claim is 'element m[1][2] of the camera matrix': the index part is true, the 'cam' part is contradicted. Own write: @80046FBC = 0; third zero of row 1 - itself incompatible with a camera rotation matrix. Membership: the 9 halfwords 0x800EEDB0..C1 are exactly the 3x3 that gte_MulMatrix0ClearTrans loads into RT from &D_800EEDB0 @80047038. Own re-derivation (tmp/naming_sweep3/inferred/verify/refscan_v.py + loscan_v.py, raw EXE): func_80046F24 stores 0x800EEDB0 +0=0x1000 @80046FD0, +2=-(lh 800F62F8<<12)/lh 800F62FA @80046FEC, +4/+6/+8/+A/+C=$zero @80046FA4/FAC/FB4/FBC/FC4, +E=-(lh 800F62FC<<12)/lh 800F62FA @80047000, +10=0x1000 @80046FD8 -> [[1,-a,0],[0,0,0],[0,-b,1]], row 1 zero, singular. Only other reader func_8004700C (addr @8004702C as RT source of gte_MulMatrix0ClearTrans [CORROBORATED], lh +2 @80047048, lh +E @80047074): planar projection onto y=a2; its caller func_8004A940 @8004AE18 applies the view afterwards (D_800A3708+0x2C subtract, MulMatrix2(s6,..) [VERIFIED]) exactly as for ordinary node world matrices (@8004AAA4), so this matrix is not the camera/view matrix. 0x800EEDB0-CF: no other lui/lo, gp or data-word reference; the D_800EED10 table (10x0x10) ends at 0x800EEDB0. | HAZARDS: Registry-only g_: named_syms.txt:1591 (sole definition; not in symbol_addrs/undefined_syms_auto). C already uses D_800EEDBA only (src/sound.c:72 `extern s16`), so data_wave's C pass is a no-op; the registry line becomes `D_800EEDBA = 0x800EEDBA; <old tail> /* data-wave: was g_cam_matrix_m5 */` - the preserved tail comment should be stripped by hand where it asserts 'cos/sin-derived'/'identity'. \b regex: g_cam_matrix does not match inside g_cam_matrix_mN (_ is a word char) and each mN maps to a distinct D_ target -> no 'mapped to two targets' abort. Header closure of src/sound.c = common.h, include_asm.h, sound.h, game.h, code6cac.h, gte.h (each includes only common.h): none declares any g_cam_*/g_camera_*/D_800EEDB*/D_800EEDC0/D_800F62F* name -> no dual-alias type conflict; no other src/include/asm/bb2.ld/gate-list reference. Not in sdata_syms.txt/sdata_exclude.txt/volatile_extern_allowlist.txt/maspsx_comm_syms.txt (and not gp-reachable: gp=0x800A30CC). No tools/engine .py string refs. | FINAL REVIEW: [data] RESET: verifier's concrete contradiction reviewed and accepted; retires only the listed alias; no positive row depends on the retired name. Membership-only contradiction for a matrix-element alias is valid because the base matrix's camera identity is itself contradicted (0x800EEDB0)."
0x800EEDBC,g_cam_matrix_m6,D_800EEDBC,reset,"Member alias (+0xC, m[2][0]) of the 0x800EEDB0 matrix; the whole row 0x800EEDB0 applies: the object is a singular planar-projection matrix, not a camera matrix, so every g_cam_matrix_* name is contradicted. Own write: func_80046F24 @80046FC4 ($zero).",CONFIRM,"[data] Member alias m[2][0] (offset +0xc; mK = base+2K = LIBGTE MATRIX short m[3][3] row-major) of the 0x800EEDB0 matrix. The name's specific claim is 'element m[2][0] of the camera matrix': the index part is true, the 'cam' part is contradicted. Own write: @80046FC4 = 0 (C sound.c:410 writes `div`, which is 0 there). Value alone contradicts nothing; contradiction is by membership. Membership: the 9 halfwords 0x800EEDB0..C1 are exactly the 3x3 that gte_MulMatrix0ClearTrans loads into RT from &D_800EEDB0 @80047038. Own re-derivation (tmp/naming_sweep3/inferred/verify/refscan_v.py + loscan_v.py, raw EXE): func_80046F24 stores 0x800EEDB0 +0=0x1000 @80046FD0, +2=-(lh 800F62F8<<12)/lh 800F62FA @80046FEC, +4/+6/+8/+A/+C=$zero @80046FA4/FAC/FB4/FBC/FC4, +E=-(lh 800F62FC<<12)/lh 800F62FA @80047000, +10=0x1000 @80046FD8 -> [[1,-a,0],[0,0,0],[0,-b,1]], row 1 zero, singular. Only other reader func_8004700C (addr @8004702C as RT source of gte_MulMatrix0ClearTrans [CORROBORATED], lh +2 @80047048, lh +E @80047074): planar projection onto y=a2; its caller func_8004A940 @8004AE18 applies the view afterwards (D_800A3708+0x2C subtract, MulMatrix2(s6,..) [VERIFIED]) exactly as for ordinary node world matrices (@8004AAA4), so this matrix is not the camera/view matrix. 0x800EEDB0-CF: no other lui/lo, gp or data-word reference; the D_800EED10 table (10x0x10) ends at 0x800EEDB0. | HAZARDS: Registry-only g_: named_syms.txt:1592 (sole definition; not in symbol_addrs/undefined_syms_auto). C already uses D_800EEDBC only (src/sound.c:73 `extern s16`), so data_wave's C pass is a no-op; the registry line becomes `D_800EEDBC = 0x800EEDBC; <old tail> /* data-wave: was g_cam_matrix_m6 */` - the preserved tail comment should be stripped by hand where it asserts 'cos/sin-derived'/'identity'. \b regex: g_cam_matrix does not match inside g_cam_matrix_mN (_ is a word char) and each mN maps to a distinct D_ target -> no 'mapped to two targets' abort. Header closure of src/sound.c = common.h, include_asm.h, sound.h, game.h, code6cac.h, gte.h (each includes only common.h): none declares any g_cam_*/g_camera_*/D_800EEDB*/D_800EEDC0/D_800F62F* name -> no dual-alias type conflict; no other src/include/asm/bb2.ld/gate-list reference. Not in sdata_syms.txt/sdata_exclude.txt/volatile_extern_allowlist.txt/maspsx_comm_syms.txt (and not gp-reachable: gp=0x800A30CC). No tools/engine .py string refs. | FINAL REVIEW: [data] RESET: verifier's concrete contradiction reviewed and accepted; retires only the listed alias; no positive row depends on the retired name. Membership-only contradiction for a matrix-element alias is valid because the base matrix's camera identity is itself contradicted (0x800EEDB0)."
0x800EEDBE,g_cam_matrix_m7,D_800EEDBE,reset,"Member alias (+0xE, m[2][1]) of the 0x800EEDB0 matrix; the whole row 0x800EEDB0 applies: the object is a singular planar-projection matrix, not a camera matrix, so every g_cam_matrix_* name is contradicted. Own write: func_80046F24 @80047000 (-(z<<12)/y).",CONFIRM,"[data] Member alias m[2][1] (offset +0xe; mK = base+2K = LIBGTE MATRIX short m[3][3] row-major) of the 0x800EEDB0 matrix. The name's specific claim is 'element m[2][1] of the camera matrix': the index part is true, the 'cam' part is contradicted. Own write: @80047000 = -(L13<<12)/L12. Its prose 'sin-derived (Z-projection)' is false (ratio of light-direction components); read by func_8004700C @80047074 as the z-shear. Membership: the 9 halfwords 0x800EEDB0..C1 are exactly the 3x3 that gte_MulMatrix0ClearTrans loads into RT from &D_800EEDB0 @80047038. Own re-derivation (tmp/naming_sweep3/inferred/verify/refscan_v.py + loscan_v.py, raw EXE): func_80046F24 stores 0x800EEDB0 +0=0x1000 @80046FD0, +2=-(lh 800F62F8<<12)/lh 800F62FA @80046FEC, +4/+6/+8/+A/+C=$zero @80046FA4/FAC/FB4/FBC/FC4, +E=-(lh 800F62FC<<12)/lh 800F62FA @80047000, +10=0x1000 @80046FD8 -> [[1,-a,0],[0,0,0],[0,-b,1]], row 1 zero, singular. Only other reader func_8004700C (addr @8004702C as RT source of gte_MulMatrix0ClearTrans [CORROBORATED], lh +2 @80047048, lh +E @80047074): planar projection onto y=a2; its caller func_8004A940 @8004AE18 applies the view afterwards (D_800A3708+0x2C subtract, MulMatrix2(s6,..) [VERIFIED]) exactly as for ordinary node world matrices (@8004AAA4), so this matrix is not the camera/view matrix. 0x800EEDB0-CF: no other lui/lo, gp or data-word reference; the D_800EED10 table (10x0x10) ends at 0x800EEDB0. | HAZARDS: Registry-only g_: named_syms.txt:1593 (sole definition; not in symbol_addrs/undefined_syms_auto). C already uses D_800EEDBE only (src/sound.c:54 `extern s16`), so data_wave's C pass is a no-op; the registry line becomes `D_800EEDBE = 0x800EEDBE; <old tail> /* data-wave: was g_cam_matrix_m7 */` - the preserved tail comment should be stripped by hand where it asserts 'cos/sin-derived'/'identity'. \b regex: g_cam_matrix does not match inside g_cam_matrix_mN (_ is a word char) and each mN maps to a distinct D_ target -> no 'mapped to two targets' abort. Header closure of src/sound.c = common.h, include_asm.h, sound.h, game.h, code6cac.h, gte.h (each includes only common.h): none declares any g_cam_*/g_camera_*/D_800EEDB*/D_800EEDC0/D_800F62F* name -> no dual-alias type conflict; no other src/include/asm/bb2.ld/gate-list reference. Not in sdata_syms.txt/sdata_exclude.txt/volatile_extern_allowlist.txt/maspsx_comm_syms.txt (and not gp-reachable: gp=0x800A30CC). No tools/engine .py string refs. | FINAL REVIEW: [data] RESET: verifier's concrete contradiction reviewed and accepted; retires only the listed alias; no positive row depends on the retired name. Membership-only contradiction for a matrix-element alias is valid because the base matrix's camera identity is itself contradicted (0x800EEDB0)."
0x800EEDC0,g_cam_matrix_m8,D_800EEDC0,reset,"Member alias (+0x10, m[2][2]) of the 0x800EEDB0 matrix; the whole row 0x800EEDB0 applies: the object is a singular planar-projection matrix, not a camera matrix, so every g_cam_matrix_* name is contradicted. Own write: func_80046F24 @80046FD8 (0x1000).",CONFIRM,"[data] Member alias m[2][2] (offset +0x10; mK = base+2K = LIBGTE MATRIX short m[3][3] row-major) of the 0x800EEDB0 matrix. The name's specific claim is 'element m[2][2] of the camera matrix': the index part is true, the 'cam' part is contradicted. Own write: @80046FD8 = 0x1000. Value alone contradicts nothing; contradiction is by membership. Membership: the 9 halfwords 0x800EEDB0..C1 are exactly the 3x3 that gte_MulMatrix0ClearTrans loads into RT from &D_800EEDB0 @80047038. Own re-derivation (tmp/naming_sweep3/inferred/verify/refscan_v.py + loscan_v.py, raw EXE): func_80046F24 stores 0x800EEDB0 +0=0x1000 @80046FD0, +2=-(lh 800F62F8<<12)/lh 800F62FA @80046FEC, +4/+6/+8/+A/+C=$zero @80046FA4/FAC/FB4/FBC/FC4, +E=-(lh 800F62FC<<12)/lh 800F62FA @80047000, +10=0x1000 @80046FD8 -> [[1,-a,0],[0,0,0],[0,-b,1]], row 1 zero, singular. Only other reader func_8004700C (addr @8004702C as RT source of gte_MulMatrix0ClearTrans [CORROBORATED], lh +2 @80047048, lh +E @80047074): planar projection onto y=a2; its caller func_8004A940 @8004AE18 applies the view afterwards (D_800A3708+0x2C subtract, MulMatrix2(s6,..) [VERIFIED]) exactly as for ordinary node world matrices (@8004AAA4), so this matrix is not the camera/view matrix. 0x800EEDB0-CF: no other lui/lo, gp or data-word reference; the D_800EED10 table (10x0x10) ends at 0x800EEDB0. | HAZARDS: Registry-only g_: named_syms.txt:1594 (sole definition; not in symbol_addrs/undefined_syms_auto). C already uses D_800EEDC0 only (src/sound.c:74 `extern s16`), so data_wave's C pass is a no-op; the registry line becomes `D_800EEDC0 = 0x800EEDC0; <old tail> /* data-wave: was g_cam_matrix_m8 */` - the preserved tail comment should be stripped by hand where it asserts 'cos/sin-derived'/'identity'. \b regex: g_cam_matrix does not match inside g_cam_matrix_mN (_ is a word char) and each mN maps to a distinct D_ target -> no 'mapped to two targets' abort. Header closure of src/sound.c = common.h, include_asm.h, sound.h, game.h, code6cac.h, gte.h (each includes only common.h): none declares any g_cam_*/g_camera_*/D_800EEDB*/D_800EEDC0/D_800F62F* name -> no dual-alias type conflict; no other src/include/asm/bb2.ld/gate-list reference. Not in sdata_syms.txt/sdata_exclude.txt/volatile_extern_allowlist.txt/maspsx_comm_syms.txt (and not gp-reachable: gp=0x800A30CC). No tools/engine .py string refs. | FINAL REVIEW: [data] RESET: verifier's concrete contradiction reviewed and accepted; retires only the listed alias; no positive row depends on the retired name. Membership-only contradiction for a matrix-element alias is valid because the base matrix's camera identity is itself contradicted (0x800EEDB0)."
0x800F62F8,g_cam_fov_x,D_800F62F8,reset,"0x800F62E0 is an array of 0x60-byte light records (func_80046BF4 @80046D50-80046D6C calls func_8004A1FC(&D_800F62E0), (+0x60), (+0x180); func_800470B0 indexes it by arg0*0x60). func_8004A1FC(rec) for i in 0..2: if rec[8i+4] != 0, with a = rec[8i+0], b = rec[8i+2], k = rec+0x5C: sh -((rcos(a)*rsin(b)>>12)*k>>12) -> rec+0x18+6i (@8004A290), sh (rsin(a)*k>>12) -> +0x1A+6i (@8004A2B4), sh -((rcos(a)*rcos(b)>>12)*k>>12) -> +0x1C+6i (@8004A2E8); else zero (@8004A2F8-A300) [rcos/rsin VERIFIED]. So record 0 +0x18/+0x1A/+0x1C = 0x800F62F8/FA/FC is the (x, y, z) of a direction vector built from two angles. func_8004A940 loads rec+0x18..+0x2B with lw and ctc2 into GTE control regs $8..$12 (@8004ACF4-8004AD18) = the light matrix (L11..L33), and rec+0x38..0x4B into $16..$20 (light colour matrix) (@8004AD1C..). raw-EXE scan tmp/naming_sweep3/data/vscan.py (all .text words, lui/addiu constant propagation, base-register and indexed accesses, gp-rel, pointer words in rodata/.data; look.py adds MOVOVL.EXE): direct refs only func_80046F24 lh x3 (row 0x800EEDB0); indexed: func_800470B0 lh (@800470E4/F0/7148/7154, C sound.c:438/444), func_8004A940 lw (@8004ACF4/F8, @8004B5A4/A8), func_8004C404 lw (@8004C540/44). Nothing is a field of view: ""fov_div"" (+0x1A) is the rsin(a)*k y-component of the light-1 direction, used as a divisor only by the planar projection above.",CONFIRM,"[data] Claim: 'camera FOV X' (symbol_addrs.txt:145). D_800F62E0 is an array of 0x60-byte records; func_8004A1FC(rec) [called on D_800F62E0, +0x60, +0x180 @80046D54-6C and @80054CC4-D8] writes row i at rec+0x18+6i as a direction vector from the angle pair rec[8i],rec[8i+2] via rcos/rsin [VERIFIED] scaled by rec+0x5C. This address is rec0+0x18 = rec0 L11 = -((rcos(a)*rsin(b)>>12)*k>>12) (func_8004A1FC sh @8004A290). func_8004A940 loads rec+0x18..0x28 into ctc2 $8-$12 (GTE LLM, light matrix) @8004ACF4-8004AD18 and via MulMatrix0ClearTrans @8004AA44-78, and rec+0x38.. into $16-$20 (LCM) @8004AD1C (rec0+0x38 is already aliased g_gte_color_matrix_data = 0x800F6318). Direct refs (own scan): func_80046F24 @80046F28/30/68 and func_800470B0 @800470E4/F0/7148/7154 only. A light-direction component loaded into the GTE light matrix is not a field-of-view quantity, and no camera code reads it. | HAZARDS: C: src/sound.c:66 `extern s16 g_cam_fov_x;` used at :399-402 and by address arithmetic at :438/:444 (`(s8 *)&g_cam_fov_x + arg0*0x60`) -> pure whole-word rename, same s16 object and same &-expression, no existing C decl of D_800F62F8. Registries: named_syms.txt:118 and undefined_syms_auto.txt:1396 rewritten to D_800F62F8 (undefined_syms_auto then holds two identical D_800F62F8 assignments, as for 0x800EEDB0 - precedent named_syms.txt:128-135); symbol_addrs.txt:145 keeps the tail `// camera FOV X` -> strip by hand. Only D_800F62F8 appears in build/bb2.map (script assignment, not object-defined). Header closure of src/sound.c = common.h, include_asm.h, sound.h, game.h, code6cac.h, gte.h (each includes only common.h): none declares any g_cam_*/g_camera_*/D_800EEDB*/D_800EEDC0/D_800F62F* name -> no dual-alias type conflict; no other src/include/asm/bb2.ld/gate-list reference. Not in sdata_syms.txt/sdata_exclude.txt/volatile_extern_allowlist.txt/maspsx_comm_syms.txt (and not gp-reachable: gp=0x800A30CC). No tools/engine .py string refs. | FINAL REVIEW: [data] Own asm read: rec0+0x18 of D_800F62E0 goes via func_8004A940 into ctc2 $8 (GTE light matrix L11..): a light-direction component, not FOV."
0x800F62FA,g_cam_fov_div,D_800F62FA,reset,"0x800F62E0 is an array of 0x60-byte light records (func_80046BF4 @80046D50-80046D6C calls func_8004A1FC(&D_800F62E0), (+0x60), (+0x180); func_800470B0 indexes it by arg0*0x60). func_8004A1FC(rec) for i in 0..2: if rec[8i+4] != 0, with a = rec[8i+0], b = rec[8i+2], k = rec+0x5C: sh -((rcos(a)*rsin(b)>>12)*k>>12) -> rec+0x18+6i (@8004A290), sh (rsin(a)*k>>12) -> +0x1A+6i (@8004A2B4), sh -((rcos(a)*rcos(b)>>12)*k>>12) -> +0x1C+6i (@8004A2E8); else zero (@8004A2F8-A300) [rcos/rsin VERIFIED]. So record 0 +0x18/+0x1A/+0x1C = 0x800F62F8/FA/FC is the (x, y, z) of a direction vector built from two angles. func_8004A940 loads rec+0x18..+0x2B with lw and ctc2 into GTE control regs $8..$12 (@8004ACF4-8004AD18) = the light matrix (L11..L33), and rec+0x38..0x4B into $16..$20 (light colour matrix) (@8004AD1C..). raw-EXE scan tmp/naming_sweep3/data/vscan.py (all .text words, lui/addiu constant propagation, base-register and indexed accesses, gp-rel, pointer words in rodata/.data; look.py adds MOVOVL.EXE): direct refs only func_80046F24 lh x3 (row 0x800EEDB0); indexed: func_800470B0 lh (@800470E4/F0/7148/7154, C sound.c:438/444), func_8004A940 lw (@8004ACF4/F8, @8004B5A4/A8), func_8004C404 lw (@8004C540/44). Nothing is a field of view: ""fov_div"" (+0x1A) is the rsin(a)*k y-component of the light-1 direction, used as a divisor only by the planar projection above.",CONFIRM,"[data] Claim: 'camera FOV divisor' (symbol_addrs.txt:146). D_800F62E0 is an array of 0x60-byte records; func_8004A1FC(rec) [called on D_800F62E0, +0x60, +0x180 @80046D54-6C and @80054CC4-D8] writes row i at rec+0x18+6i as a direction vector from the angle pair rec[8i],rec[8i+2] via rcos/rsin [VERIFIED] scaled by rec+0x5C. This address is rec0+0x1A = rec0 L12 = rsin(a)*k>>12 (sh @8004A2B4); its only 'divisor' use is the L11/L12 and L13/L12 ratios of the planar projection. func_8004A940 loads rec+0x18..0x28 into ctc2 $8-$12 (GTE LLM, light matrix) @8004ACF4-8004AD18 and via MulMatrix0ClearTrans @8004AA44-78, and rec+0x38.. into $16-$20 (LCM) @8004AD1C (rec0+0x38 is already aliased g_gte_color_matrix_data = 0x800F6318). Direct refs (own scan): func_80046F24 @80046F28/30/68 and func_800470B0 @800470E4/F0/7148/7154 only. A light-direction component loaded into the GTE light matrix is not a field-of-view quantity, and no camera code reads it. | HAZARDS: C: src/sound.c:67 `extern s16 g_cam_fov_div;` used at :399-402 and by address arithmetic at :438/:444 (`(s8 *)&g_cam_fov_div + arg0*0x60`) -> pure whole-word rename, same s16 object and same &-expression, no existing C decl of D_800F62FA. Registries: named_syms.txt:119 and undefined_syms_auto.txt:1395 rewritten to D_800F62FA (undefined_syms_auto then holds two identical D_800F62FA assignments, as for 0x800EEDB0 - precedent named_syms.txt:128-135); symbol_addrs.txt:146 keeps the tail `// camera FOV divisor` -> strip by hand. Only D_800F62F8 appears in build/bb2.map (script assignment, not object-defined). Header closure of src/sound.c = common.h, include_asm.h, sound.h, game.h, code6cac.h, gte.h (each includes only common.h): none declares any g_cam_*/g_camera_*/D_800EEDB*/D_800EEDC0/D_800F62F* name -> no dual-alias type conflict; no other src/include/asm/bb2.ld/gate-list reference. Not in sdata_syms.txt/sdata_exclude.txt/volatile_extern_allowlist.txt/maspsx_comm_syms.txt (and not gp-reachable: gp=0x800A30CC). No tools/engine .py string refs. | FINAL REVIEW: [data] As 0x800F62F8 (rec0+0x1A -> light matrix); 'divisor' only in the projection ratios."
0x800F62FC,g_cam_fov_z,D_800F62FC,reset,"0x800F62E0 is an array of 0x60-byte light records (func_80046BF4 @80046D50-80046D6C calls func_8004A1FC(&D_800F62E0), (+0x60), (+0x180); func_800470B0 indexes it by arg0*0x60). func_8004A1FC(rec) for i in 0..2: if rec[8i+4] != 0, with a = rec[8i+0], b = rec[8i+2], k = rec+0x5C: sh -((rcos(a)*rsin(b)>>12)*k>>12) -> rec+0x18+6i (@8004A290), sh (rsin(a)*k>>12) -> +0x1A+6i (@8004A2B4), sh -((rcos(a)*rcos(b)>>12)*k>>12) -> +0x1C+6i (@8004A2E8); else zero (@8004A2F8-A300) [rcos/rsin VERIFIED]. So record 0 +0x18/+0x1A/+0x1C = 0x800F62F8/FA/FC is the (x, y, z) of a direction vector built from two angles. func_8004A940 loads rec+0x18..+0x2B with lw and ctc2 into GTE control regs $8..$12 (@8004ACF4-8004AD18) = the light matrix (L11..L33), and rec+0x38..0x4B into $16..$20 (light colour matrix) (@8004AD1C..). raw-EXE scan tmp/naming_sweep3/data/vscan.py (all .text words, lui/addiu constant propagation, base-register and indexed accesses, gp-rel, pointer words in rodata/.data; look.py adds MOVOVL.EXE): direct refs only func_80046F24 lh x3 (row 0x800EEDB0); indexed: func_800470B0 lh (@800470E4/F0/7148/7154, C sound.c:438/444), func_8004A940 lw (@8004ACF4/F8, @8004B5A4/A8), func_8004C404 lw (@8004C540/44). Nothing is a field of view: ""fov_div"" (+0x1A) is the rsin(a)*k y-component of the light-1 direction, used as a divisor only by the planar projection above.",CONFIRM,"[data] Claim: 'camera FOV Z' (symbol_addrs.txt:147). D_800F62E0 is an array of 0x60-byte records; func_8004A1FC(rec) [called on D_800F62E0, +0x60, +0x180 @80046D54-6C and @80054CC4-D8] writes row i at rec+0x18+6i as a direction vector from the angle pair rec[8i],rec[8i+2] via rcos/rsin [VERIFIED] scaled by rec+0x5C. This address is rec0+0x1C = rec0 L13 = -((rcos(a)*rcos(b)>>12)*k>>12) (sh @8004A2E8). func_8004A940 loads rec+0x18..0x28 into ctc2 $8-$12 (GTE LLM, light matrix) @8004ACF4-8004AD18 and via MulMatrix0ClearTrans @8004AA44-78, and rec+0x38.. into $16-$20 (LCM) @8004AD1C (rec0+0x38 is already aliased g_gte_color_matrix_data = 0x800F6318). Direct refs (own scan): func_80046F24 @80046F28/30/68 and func_800470B0 @800470E4/F0/7148/7154 only. A light-direction component loaded into the GTE light matrix is not a field-of-view quantity, and no camera code reads it. | HAZARDS: C: src/sound.c:68 `extern s16 g_cam_fov_z;` used at :399-402 and by address arithmetic at :438/:444 (`(s8 *)&g_cam_fov_z + arg0*0x60`) -> pure whole-word rename, same s16 object and same &-expression, no existing C decl of D_800F62FC. Registries: named_syms.txt:120 and undefined_syms_auto.txt:1397 rewritten to D_800F62FC (undefined_syms_auto then holds two identical D_800F62FC assignments, as for 0x800EEDB0 - precedent named_syms.txt:128-135); symbol_addrs.txt:147 keeps the tail `// camera FOV Z` -> strip by hand. Only D_800F62F8 appears in build/bb2.map (script assignment, not object-defined). Header closure of src/sound.c = common.h, include_asm.h, sound.h, game.h, code6cac.h, gte.h (each includes only common.h): none declares any g_cam_*/g_camera_*/D_800EEDB*/D_800EEDC0/D_800F62F* name -> no dual-alias type conflict; no other src/include/asm/bb2.ld/gate-list reference. Not in sdata_syms.txt/sdata_exclude.txt/volatile_extern_allowlist.txt/maspsx_comm_syms.txt (and not gp-reachable: gp=0x800A30CC). No tools/engine .py string refs. | FINAL REVIEW: [data] As 0x800F62F8 (rec0+0x1C -> light matrix)."
0x800A2CFC,g_spu_state_table_9 (C: D_800A2CFC),_spu_addrMode,libscan-verbatim,"LIBSPU/SPU verbatim at 0x80088740 (docs/naming/libscan/matches.json, single placement). SPU .data section base recovered from the module's own .text HI16/LO16 relocs `(secbase:3+K)` read back from the EXE: 20 distinct expressions, all = 0x800A2CDC (tmp/naming_sweep3/lib/datascan.py). Cross-check: the 8 SPU .data XDEFs already applied from independent XREF resolution sit exactly at base+offset (_spu_RXX +0x0 0x800A2CDC, _spu_tsa +0x18, _spu_transMode +0x1C 0x800A2CF8, _spu_mem_mode_plus +0x28 0x800A2D04, _spu_mem_mode_unitM +0x30 0x800A2D0C, _spu_inTransfer +0x34, _spu_transferCallback +0x38, _spu_IRQCallback +0x3C 0x800A2D18); the 92-byte .data image is byte-identical to the EXE at 0x800A2CDC (databytes.py, 0 differing bytes). XDEF _spu_addrMode = SPU .data+0x20 -> 0x800A2CFC. Own-code ref: EXE 0x8008877C/0x80088780 `lui at,0x800A; sw zero,0x2CFC(at)` (reloc expr secbase:3+0x20, refsites.py LIBSPU SPU 0x80088740 .data 0x20).",CONFIRM,"[lib] Scripts: tmp/naming_sweep3/lib/verify/{vobj,place,midiread,databytes_v,refscan,allbases,regscan}.py (own LNK parser; tools/libscan not imported). LIBSPU/SPU .text placed by own masked scan: 0/741 at 0x80088740, every other offset >370 (place.py). .data base from SPU's own HI16/LO16 relocs read back from the EXE: 20 distinct (sb:3+K) expressions, HI/LO words consistent per expression, all give 0x800A2CDC; cross-module: S_INI's sym:_spu_transMode HI/LO resolves to 0x800A2CF8 = base+0x1C. OBJ .data 92 bytes == EXE @0x800A2CDC (0 diff, databytes_v.py). XDEF _spu_addrMode = .data+0x20 -> 0x800A2CFC, extent 4 (next XDEF _spu_mem_mode +0x24); value 0. Only code ref in the whole EXE (refscan.py): 0x8008877C/80 `lui at,0x800A; sw zero,0x2CFC(at)` inside SPU .text (reloc sb:3+0x20). Old alias claim '9 x 4-byte SPU state cells' is contradicted: the 9 words 0x800A2CFC..0x800A2D1F are 8 separate Sony XDEFs (addrMode, mem_mode, mem_mode_plus, mem_mode_unit, mem_mode_unitM, inTransfer, transferCallback, IRQCallback) + an anonymous word at +0x40, 5 of them already dlabel'd under their Sony names. Type: libspu_40.h:852 extern s32 _spu_addrMode = main.c:86 extern s32. | HAZARDS: src/main.c:86 extern + main.c:2147 use; named_syms.txt:897; undefined_syms_auto.txt:1232; docs/engine/sound.md prose. dlabel D_800A2CFC exactly 1 word (91C98.data.s:2121). No sdata/allowlist entry. | FINAL REVIEW: [lib] Own check: LIBSPU SPU .text 0/741 unmasked at 0x80088740; HI/LO data relocs -> .data base 0x800A2CDC; 92 B .data == EXE; XDEF _spu_addrMode +0x20 -> 0x800A2CFC."
0x800A2D00,g_spu_init_const_a (C: D_800A2D00),_spu_mem_mode,libscan-verbatim,"LIBSPU/SPU verbatim at 0x80088740 (docs/naming/libscan/matches.json, single placement). SPU .data section base recovered from the module's own .text HI16/LO16 relocs `(secbase:3+K)` read back from the EXE: 20 distinct expressions, all = 0x800A2CDC (tmp/naming_sweep3/lib/datascan.py). Cross-check: the 8 SPU .data XDEFs already applied from independent XREF resolution sit exactly at base+offset (_spu_RXX +0x0 0x800A2CDC, _spu_tsa +0x18, _spu_transMode +0x1C 0x800A2CF8, _spu_mem_mode_plus +0x28 0x800A2D04, _spu_mem_mode_unitM +0x30 0x800A2D0C, _spu_inTransfer +0x34, _spu_transferCallback +0x38, _spu_IRQCallback +0x3C 0x800A2D18); the 92-byte .data image is byte-identical to the EXE at 0x800A2CDC (databytes.py, 0 differing bytes). XDEF _spu_mem_mode = SPU .data+0x24 -> 0x800A2D00. Own-code refs: EXE 0x80088828/0x8008882C `sw v0,0x2D00(at)`, 0x800890D4/0x800890D8 `lw v0,0x2D00(v0)` (secbase:3+0x24).",CONFIRM,"[lib] Scripts: tmp/naming_sweep3/lib/verify/{vobj,place,midiread,databytes_v,refscan,allbases,regscan}.py (own LNK parser; tools/libscan not imported). LIBSPU/SPU .text placed by own masked scan: 0/741 at 0x80088740, every other offset >370 (place.py). .data base from SPU's own HI16/LO16 relocs read back from the EXE: 20 distinct (sb:3+K) expressions, HI/LO words consistent per expression, all give 0x800A2CDC; cross-module: S_INI's sym:_spu_transMode HI/LO resolves to 0x800A2CF8 = base+0x1C. OBJ .data 92 bytes == EXE @0x800A2CDC (0 diff, databytes_v.py). XDEF _spu_mem_mode = .data+0x24 -> 0x800A2D00, 4 bytes, value 2. EXE refs (whole image): 0x80088828/2C sw (in _spu_init), 0x800890D4/D8 lw (in _spu_FsetRXXa, SPU+0x994) - both inside SPU .text. Type: libspu_40.h:853 s32 = main.c:70 s32. 'const' in the alias is contradicted (_spu_init stores it). | HAZARDS: src/main.c:70 extern, main.c:2168,2473 uses; named_syms.txt:1166; undefined_syms_auto.txt:1036; docs/engine/sound.md:231. dlabel 1 word. No sdata/allowlist entry. | FINAL REVIEW: [lib] Same SPU placement; XDEF _spu_mem_mode +0x24 -> 0x800A2D00."
0x800A2D08,g_spu_init_const_c (C: D_800A2D08),_spu_mem_mode_unit,libscan-verbatim,"LIBSPU/SPU verbatim at 0x80088740 (docs/naming/libscan/matches.json, single placement). SPU .data section base recovered from the module's own .text HI16/LO16 relocs `(secbase:3+K)` read back from the EXE: 20 distinct expressions, all = 0x800A2CDC (tmp/naming_sweep3/lib/datascan.py). Cross-check: the 8 SPU .data XDEFs already applied from independent XREF resolution sit exactly at base+offset (_spu_RXX +0x0 0x800A2CDC, _spu_tsa +0x18, _spu_transMode +0x1C 0x800A2CF8, _spu_mem_mode_plus +0x28 0x800A2D04, _spu_mem_mode_unitM +0x30 0x800A2D0C, _spu_inTransfer +0x34, _spu_transferCallback +0x38, _spu_IRQCallback +0x3C 0x800A2D18); the 92-byte .data image is byte-identical to the EXE at 0x800A2CDC (databytes.py, 0 differing bytes). XDEF _spu_mem_mode_unit = SPU .data+0x2C -> 0x800A2D08. Own-code refs: EXE 0x80088840/0x80088844 `sw v0,0x2D08(at)`, 0x800890E8/0x800890EC `lw a0,0x2D08(a0)` (secbase:3+0x2C).",CONFIRM,"[lib] Scripts: tmp/naming_sweep3/lib/verify/{vobj,place,midiread,databytes_v,refscan,allbases,regscan}.py (own LNK parser; tools/libscan not imported). LIBSPU/SPU .text placed by own masked scan: 0/741 at 0x80088740, every other offset >370 (place.py). .data base from SPU's own HI16/LO16 relocs read back from the EXE: 20 distinct (sb:3+K) expressions, HI/LO words consistent per expression, all give 0x800A2CDC; cross-module: S_INI's sym:_spu_transMode HI/LO resolves to 0x800A2CF8 = base+0x1C. OBJ .data 92 bytes == EXE @0x800A2CDC (0 diff, databytes_v.py). XDEF _spu_mem_mode_unit = .data+0x2C -> 0x800A2D08, 4 bytes (next _spu_mem_mode_unitM +0x30), value 8. EXE refs: 0x80088840/44 sw, 0x800890E8/EC lw - both inside SPU .text. Type: libspu_40.h:855 s32 = main.c:71 s32. | HAZARDS: src/main.c:71 extern, main.c:2170,2474 uses; named_syms.txt:1167; undefined_syms_auto.txt:1038; docs/engine/sound.md:233. dlabel 1 word. No sdata/allowlist entry. | FINAL REVIEW: [lib] Same SPU placement; XDEF _spu_mem_mode_unit +0x2C -> 0x800A2D08."
0x800A28A4,g_spu_voice_vol_table (C: D_800A28A4[]),_spu_voice_centerNote,libscan-verbatim,"LIBSPU/S_INI verbatim at 0x800885CC (matches.json, single placement). S_INI .data base from the module's own .text HI16/LO16 relocs: 16 distinct expressions, all = 0x800A2868 (datascan.py). Cross-check: every S_INI .data XDEF already applied sits at base+offset (_spu_EVdma +0x8 0x800A2870, _spu_keystat +0xC, _spu_trans_mode +0x10, _spu_rev_flag +0x14, _spu_rev_reserve_wa +0x18, _spu_rev_offsetaddr +0x1C, _spu_rev_attr +0x20 0x800A2888, _spu_RQvoice +0x34 0x800A289C, _spu_RQmask +0x38 0x800A28A0, _spu_zerobuf +0x6C 0x800A28D4, _spu_env +0x46C, _spu_isCalled +0x470 0x800A2CD8). XDEF _spu_voice_centerNote = S_INI .data+0x3C -> 0x800A28A4, extent 0x30 to _spu_zerobuf (+0x6C) = 24 u16. Bytes +0x8..+0x473 identical to the EXE (only +0x3..+0x7, the library version/date stamp words, differ). Own-code ref: EXE 0x800885F4/0x800885F8 `lui v0,0x800A; addiu v0,v0,0x28D2` (expr secbase:3+0x6A = _spu_voice_centerNote+0x2E = &[23], the start of the 24-entry fill loop; refsites.py LIBSPU S_INI 0x800885CC .data 0x3C 0x30).",CONFIRM,"[lib] Scripts: tmp/naming_sweep3/lib/verify/{vobj,place,midiread,databytes_v,refscan,allbases,regscan}.py (own LNK parser; tools/libscan not imported). LIBSPU/S_INI .text 0/93 at 0x800885CC (unique, others >46). .data base from S_INI's own relocs: 16 distinct (sb:3+K) expressions all -> 0x800A2868; S_INI .data (0x474) ends exactly at SPU's independently recovered base 0x800A2CDC. OBJ .data == EXE except bytes +0x3,+0x4,+0x5,+0x7 (inside the anonymous +0x0..+0x7 header words, no XDEF; not in any row). XDEF _spu_voice_centerNote = .data+0x3C -> 0x800A28A4; next XDEF _spu_zerobuf +0x6C (applied, 0x800A28D4) so extent 0x30 = libspu_40.h:765 `u16 _spu_voice_centerNote[24]`. S_INI own code ref: 0x800885F4/F8 lui/addiu (sb:3+0x6A) = &[23], fill loop 24x sh 0xC000 downward (asm/funcs/_SpuInit.s:12-18). Other EXE refs: func_8008B488 0x8008B510/B530 indexed sh/lhu at +0 (AUTO, consistent, not relied on). Old alias 'default-volume' is a guess with no evidence record; Sony identity supersedes. Type u16[] = main.c:3675. | HAZARDS: dlabel D_800A28A4 covers only +0x0..+0x2D (46 B); the last element is the separate dlabel D_800A28D2 (row below) - renamed symbol gets .size 0x2E not 0x30 (under-covers, swallows no neighbour). Merging needs C change main.c:53/2086 (&D_800A28D2) - manual lane. src/main.c:3675/3701/3707; asm/funcs/func_8008B488.s:40-52; named_syms.txt:1475; docs/engine/sound.md:242-244, memory_layout.md:270. | FINAL REVIEW: [lib] Own check: S_INI .text 0/93 at 0x800885CC; data base 0x800A2868 from relocs; .data == EXE except bytes +3,+4,+5,+7 (anonymous header); XDEF _spu_voice_centerNote +0x3C -> 0x800A28A4, next XDEF +0x6C (u16[24])."
0x800A28D2,g_main_u16_base_A28D2 (C: D_800A28D2),_spu_voice_centerNote_plus_0x2E,libscan-verbatim,"LIBSPU/S_INI verbatim at 0x800885CC (matches.json, single placement). S_INI .data base from the module's own .text HI16/LO16 relocs: 16 distinct expressions, all = 0x800A2868 (datascan.py). Cross-check: every S_INI .data XDEF already applied sits at base+offset (_spu_EVdma +0x8 0x800A2870, _spu_keystat +0xC, _spu_trans_mode +0x10, _spu_rev_flag +0x14, _spu_rev_reserve_wa +0x18, _spu_rev_offsetaddr +0x1C, _spu_rev_attr +0x20 0x800A2888, _spu_RQvoice +0x34 0x800A289C, _spu_RQmask +0x38 0x800A28A0, _spu_zerobuf +0x6C 0x800A28D4, _spu_env +0x46C, _spu_isCalled +0x470 0x800A2CD8). XDEF _spu_voice_centerNote = S_INI .data+0x3C -> 0x800A28A4, extent 0x30 to _spu_zerobuf (+0x6C) = 24 u16. Bytes +0x8..+0x473 identical to the EXE (only +0x3..+0x7, the library version/date stamp words, differ). Own-code ref: EXE 0x800885F4/0x800885F8 `lui v0,0x800A; addiu v0,v0,0x28D2` (expr secbase:3+0x6A = _spu_voice_centerNote+0x2E = &[23], the start of the 24-entry fill loop; refsites.py LIBSPU S_INI 0x800885CC .data 0x3C 0x30). 0x800A28D2 = _spu_voice_centerNote+0x2E (element [23]); it is exactly the address S_INI's own code materialises (the reloc expression above).",CONFIRM,"[lib] Scripts: tmp/naming_sweep3/lib/verify/{vobj,place,midiread,databytes_v,refscan,allbases,regscan}.py (own LNK parser; tools/libscan not imported). Same S_INI base 0x800A2868 as the row above. 0x800A28D2 = .data+0x6A = _spu_voice_centerNote(+0x3C)+0x2E = element [23], inside the 0x30 extent; it is the exact address S_INI's own code materialises (reloc (sb:3+0x6A) at EXE 0x800885F4/F8 -> lui 0x800A / addiu 0x28D2), the only EXE ref (refscan.py). SPELLING: `<base>_plus_0xN` is not an invented spelling in the ruling-2026-09-25 section-3 sense (s3 barred non-identifier statics like p0.87 and disambiguating suffixes like memclr_N); it is the applied house convention for directly-addressed interiors of Sony objects (86 in named_syms.txt, e.g. _svm_cur_plus_0x1A, _snd_seq_tick_env_plus_0x12, _ctype__plus_0x1; 2026-09-25 CONFIRM regs_plus_0x8 replacing placeholder g_main_addr_800F1AE0). The _svm_voice_plus_0xN MEDIUM precedent was D_-only churn with no alias to retire; here a live alias exists whose g_ (game data) claim is contradicted by the S_INI .data identity. Base is a usable Sony XDEF (unlike held `rec`). Rename, not RESET-to-D_. | HAZARDS: APPLY ONLY TOGETHER WITH the _spu_voice_centerNote row (base name must exist; cf. rec_plus_0x4 held with its base). src/main.c:53 extern s16 (Sony element is u16 - pre-existing, harmless), main.c:2086 &D_800A28D2; asm/funcs/_SpuInit.s:12-13; named_syms.txt:2772; undefined_syms_auto.txt:96 duplicates a dlabel-defined symbol. dlabel is one .short. | FINAL REVIEW: [lib] 0x800A28D2 = 0x800A2868+0x6A = _spu_voice_centerNote+0x2E = element [23], inside the 0x30 extent. _plus_0xN on a Sony base is established house spelling (47 lines, e.g. _spu_RQ_plus_0x4, _svm_voice_plus_0x6), not an invention. Apply only together with 0x800A28A4."
0x800A1518,g_vsync_counter_snapshot (C: D_800A1518),Hcount,libscan-verbatim,"LIBETC/VSYNC verbatim at 0x800828CC (matches.json, single placement; VSync VERIFIED). VSYNC .data (24 bytes) has one symbol, XDEF Hcount at .data+0x10 (`psyq_lib.py LIBETC.LIB VSYNC`). .data base from VSYNC's own .text relocs: 4 distinct expressions, all = 0x800A1508 (datascan.py); the 24-byte .data image is byte-identical to the EXE at 0x800A1508 (databytes.py). Hcount = 0x800A1518. Own-code refs (expr secbase:3+0x10): EXE 0x800828F4/0x800828F8 `lui v1,0x800A; lw v1,0x1518(v1)`, 0x800829F4/0x800829F8 `sw v1,0x1518(at)` (refsites.py LIBETC VSYNC 0x800828CC .data 0x10 8).",CONFIRM,"[lib] Scripts: tmp/naming_sweep3/lib/verify/{vobj,place,midiread,databytes_v,refscan,allbases,regscan}.py (own LNK parser; tools/libscan not imported). LIBETC/VSYNC .text 0/121 at 0x800828CC (unique, others >60; VSync census VERIFIED). .data base from VSYNC's own relocs: 4 distinct (sb:3+K) expressions (K=8,C,10,14) all -> 0x800A1508; 24-byte OBJ .data == EXE (0 diff). VSYNC .data has one XDEF, Hcount +0x10 -> 0x800A1518, 4 bytes (+0x14 anonymous static). EXE refs: only 0x800828F4/F8 lw and 0x800829F4/F8 sw, both in VSync .text. Old alias is an accurate behavioural description (Sony src: Hcount = *counter) but the Sony-exact-name rule applies (ruling 2026-09-25 s1; data-wave _spu_isCalled precedent). Hcount is an exported, greppable identifier: grep -w Hcount in src/include/registries = 0 (not a s3 case). Type: psyz vsync.c volatile s32 vs ings2.c:55 extern s32 - no conflict. | HAZARDS: src/ings2.c:55 extern, ings2.c:64,102 uses; asm/funcs/VSync.s:12-13,82-83; named_syms.txt:1752; undefined_syms_auto.txt:1199. dlabel 1 word. No sdata/allowlist entry. | FINAL REVIEW: [lib] Own check: VSYNC .text 0/121 at 0x800828CC; data base 0x800A1508; 24 B .data == EXE; XDEF Hcount +0x10 -> 0x800A1518."
0x800A0928,g_display_lookup_a0928 (C: D_800A0928[]),ratan_tbl,libscan-verbatim,"LIBGTE/RATAN verbatim at 0x8007FD5C (matches.json, single placement; ratan2 VERIFIED). RATAN .data (2050 bytes) = one XDEF ratan_tbl at +0x0. Base from the module's .text relocs (expr secbase:3+0x0, 2 HI/LO pairs at EXE 0x8007FE18/0x8007FE20 and 0x8007FEA4/0x8007FEAC: `lui at,0x800A; lh v1,0x0928(at)`) = 0x800A0928, and the full 2050-byte OBJ .data image is byte-identical to the EXE at 0x800A0928 (databytes.py: 0 differing bytes).",CONFIRM,"[lib] Scripts: tmp/naming_sweep3/lib/verify/{vobj,place,midiread,databytes_v,refscan,allbases,regscan}.py (own LNK parser; tools/libscan not imported). LIBGTE/RATAN .text 0/96 at 0x8007FD5C (unique, others >48; ratan2 census VERIFIED). RATAN .data = one XDEF ratan_tbl +0x0, 2050 bytes (0x802 = 1025 s16). Base from its own (sb:3+0x0) HI/LO pairs at 0x8007FE18/20 and 0x8007FEA4/AC (lui at,0x800A; lh v1,0x0928(at)) = 0x800A0928; 2050-byte OBJ .data == EXE (0 diff). PAD: the table ends at 0x800A112A; the next module's .data (LIBCD/SYS, base recovered from its own relocs, allbases.py) starts at 0x800A112C, so 0x800A112A..B (0x0000) is inter-module alignment pad; no code/word ref to it (refscan.py). 'display lookup' is unsupported. Type s16[] = display.c:3441. | HAZARDS: dlabel D_800A0928 spans 0x804 bytes (2 pad bytes) - rename gives .size 0x804 vs Sony 0x802; covers no neighbour symbol, so no split required (optional split D_800A112A for exactness). src/display.c:3441/3474/3481 (ratan2 body); asm/funcs/ratan2.s:58-60,100-102; named_syms.txt:2761. | FINAL REVIEW: [lib] Own check: RATAN .text 0/96 at 0x8007FD5C; data base 0x800A0928 from HI/LO; 2050 B .data == EXE; XDEF ratan_tbl +0."
